/*
  GENERADO por tools/make_splash.py a partir de assets/img/menu/Bang.gif.
  No editar a mano: cambiar el GIF (o el script) y volver a generarlo.

  Pantalla de bienvenida: indices de 8 bits a SPLASH_PALETTE (RGB565).
  SPLASH_BASE es la pantalla entera (cuadro 0); cada cuadro siguiente
  trae solo los rectangulos que cambian respecto del anterior (el ultimo
  vuelve al cuadro 0, asi el bucle cierra).
*/

#pragma once

#include <stdint.h>

struct SplashRect {
  int16_t x, y, w, h;
  uint32_t offset; // en SPLASH_PX: w*h indices, fila por fila
};

struct SplashFrame {
  uint16_t firstRect, rectCount;
  uint16_t durationMs; // cuanto se muestra este cuadro
};

const int16_t SPLASH_W = 320;
const int16_t SPLASH_H = 240;

static const uint16_t SPLASH_PALETTE[256] = {
  0xffff,0xffff,0xffff,0xffff,0xffff,0xffff,0xffff,0xffff,0xffff,0xffff,0xffff,0xffff,
  0xffff,0xffff,0xffff,0xffdf,0xffdf,0xffdf,0xffdf,0xffdf,0xffdf,0xffdf,0xf79f,0xe71d,
  0xde9c,0xce1b,0xbd7a,0xb4ba,0x9c97,0x8c16,0xab1d,0x8355,0x6b33,0x6293,0xb1db,0x81db,
  0x61f7,0x617a,0x41d7,0x41ce,0x3952,0x2955,0x98f8,0x80f7,0x70d8,0x68d3,0x5119,0x40d7,
  0x4912,0x40d4,0x2914,0x30d3,0x18f3,0x18d2,0x290d,0x28ce,0x18ce,0x10ae,0x8096,0x6896,
  0x6094,0x6075,0x5874,0x5890,0x5855,0x5853,0x4872,0x5052,0x4831,0x4832,0x486f,0x484f,
  0x4830,0x402f,0x3894,0x3892,0x3072,0x3070,0x3850,0x3050,0x2851,0x2830,0x306e,0x286e,
  0x304e,0x382d,0x282e,0x382e,0x302d,0x282e,0x208f,0x206f,0x206d,0x204c,0x202f,0x202d,
  0x202c,0x182c,0x108f,0x088d,0x088c,0x006c,0x184d,0x184c,0x084c,0x186a,0x184b,0x182a,
  0x102a,0x086a,0x084a,0x082a,0x0829,0x006b,0x004b,0x004a,0x004a,0x0049,0x0029,0x0029,
  0x0029,0x0029,0x5033,0x4831,0x4031,0x4030,0x3830,0x3830,0x3810,0x382e,0x380f,0x3830,
  0x380f,0x380f,0x380e,0x300e,0x380e,0x382d,0x302c,0x300d,0x282f,0x280e,0x282e,0x300e,
  0x302d,0x282d,0x300d,0x300d,0x302c,0x302c,0x280c,0x280c,0x280b,0x300c,0x280c,0x282f,
  0x282e,0x200e,0x282d,0x202d,0x282c,0x280c,0x202c,0x200c,0x282b,0x280b,0x280b,0x280b,
  0x280b,0x280b,0x200b,0x200b,0x202b,0x200b,0x200b,0x200a,0x200a,0x200a,0x200a,0x202a,
  0x200a,0x200a,0x200a,0x200a,0x180a,0x200a,0x180a,0x2029,0x2009,0x1809,0x2009,0x1809,
  0x182c,0x182b,0x182b,0x180b,0x180a,0x1809,0x1809,0x1808,0x1809,0x1809,0x1808,0x1808,
  0x1808,0x1808,0x1808,0x100b,0x102a,0x100a,0x102a,0x100a,0x1009,0x080b,0x080a,0x0809,
  0x1029,0x1008,0x0828,0x0808,0x0028,0x0808,0x0028,0x0008,0x1808,0x1808,0x1808,0x1007,
  0x1007,0x1007,0x1007,0x1007,0x1007,0x1007,0x1006,0x1006,0x0828,0x0807,0x0807,0x0806,
  0x0806,0x0805,0x0007,0x0007,0x0006,0x0007,0x0007,0x0007,0x0007,0x0006,0x0006,0x0006,
  0x0006,0x0005,0x0004,0x0004,
};

static const uint8_t SPLASH_BASE[76800] = {
  0xff,0xff,0xff,0xff,0xff,0x36,0x1b,0x17,0x19,0x21,0xf4,0x79,0xf2,0xf8,0xde,0xf5,0xdf,0x75,0x79,0x78,0xf8,0xf5,0xfb,0xfb,
  0x73,0xfb,0xff,0xfb,0xfd,0xfb,0xfb,0xfb,0xfd,0xff,0xff,0xfb,0xfd,0xfd,0xfd,0xfd,0xfd,0xfd,0x74,0x79,0xf5,0xf8,0xfb,0xfb,
  0xfb,0xfd,0xfb,0xfb,0xfb,0x37,0xf3,0xfb,0xfb,0xfb,0xf8,0xf8,0xf8,0xf5,0x78,0xfb,0xfd,0xfb,0xf3,0xf3,0xd6,0xd6,0xd6,0xd7,
  0xdc,0xd7,0xd6,0xda,0xda,0xd6,0xd6,0xdb,0xec,0x70,0xda,0xf3,0xfc,0xf7,0xfd,0xfe,0xfe,0xfc,0xf7,0xf7,0xf7,0xda,0xda,0xf9,
  0xfa,0xf3,0xfe,0xff,0xff,0xff,0xec,0xda,0xfe,0x70,0xfa,0xff,0xfc,0xec,0xef,0xfd,0xee,0xd0,0xdb,0x67,0xd1,0xc5,0x5c,0x5b,
  0x5b,0x4d,0x4d,0xd8,0xee,0xd7,0xc3,0x5a,0x6c,0xc1,0x5f,0x5b,0x4d,0x5a,0x5c,0x5c,0xc2,0x67,0x5a,0x5a,0x5a,0x5a,0x4d,0x4c,
  0x37,0x5f,0x37,0x5f,0x53,0x5a,0x5a,0x5c,0x5d,0xc1,0xcf,0xc1,0xc2,0xd0,0xd4,0xcf,0x5a,0xcd,0xe7,0xe2,0xd9,0xc4,0xc1,0xc1,
  0xce,0xe5,0xf0,0xeb,0xe7,0xe9,0xe9,0xf1,0xf1,0xf1,0xfd,0xf0,0xf0,0xfd,0xfd,0xf1,0xf1,0xfd,0xf1,0xf1,0xf1,0xf1,0xf1,0xf1,
  0xf1,0xf1,0xf1,0xf1,0xf1,0xf1,0xeb,0xf1,0xf1,0xf1,0xe9,0xe5,0xe2,0xc8,0xbd,0x97,0xcd,0xc8,0xe2,0xe2,0xe9,0xf1,0xf0,0xf1,
  0xf1,0xf1,0xf1,0xf1,0xe5,0xe5,0xf1,0xf1,0xf1,0xf0,0xf1,0xf0,0xeb,0xf0,0xe9,0xe9,0xe9,0xe9,0xe9,0xe9,0xeb,0xeb,0xe9,0xe9,
  0xe9,0xe9,0xeb,0xe9,0xe9,0xe5,0xe5,0xe5,0xe5,0xe5,0xe5,0xe5,0xe5,0xe9,0xe9,0xe9,0xe5,0xe9,0xe9,0xe5,0xe5,0xe5,0xe5,0xe5,
  0xe2,0xcd,0xcd,0xcd,0xce,0xc5,0xc6,0xcd,0xc6,0xce,0xe2,0xe2,0xe5,0xe5,0xe2,0xcd,0xe2,0xe5,0xe2,0xe2,0xe7,0xe2,0xe2,0xce,
  0xe2,0xe2,0xc6,0xb9,0xaa,0xcd,0xe2,0xe5,0xe9,0xe5,0xe5,0xe5,0xe5,0xe9,0xe5,0xe5,0xe9,0xe9,0xe9,0xe9,0xeb,0xe9,0xe9,0xe9,
  0xeb,0xe9,0xeb,0xe9,0xeb,0xeb,0xeb,0xf0,0xfb,0xff,0xff,0x36,0x1d,0x18,0x18,0x1f,0x69,0xfb,0xf8,0xf5,0xf8,0x78,0xde,0xf8,
  0xf5,0x73,0x78,0xde,0x71,0xf5,0xf8,0xfb,0xfb,0xfb,0xfb,0xfd,0xfd,0xfd,0xf8,0xf8,0xfd,0xff,0xff,0xfb,0xfb,0xfb,0xfd,0xfd,
  0xff,0xfb,0xf5,0xf8,0xf5,0xf8,0xfb,0xf8,0xfb,0xfb,0xfb,0xfb,0xfb,0x75,0xfb,0xfb,0xfb,0xf8,0x78,0xf5,0xdf,0x78,0xde,0xfd,
  0xfb,0xfd,0xf3,0xda,0xd7,0xd1,0xda,0xdc,0xdc,0xd7,0x6f,0xda,0x6e,0xd1,0xd0,0xda,0xf7,0xdb,0x70,0xfc,0xf7,0xfe,0xfe,0xfc,
  0xfd,0xfc,0xfc,0xfc,0xf3,0xed,0xda,0xfc,0xf9,0xf7,0xf2,0xfd,0xfc,0xfd,0xfe,0xfe,0xf3,0xd6,0xfe,0xfe,0xf9,0xda,0xef,0xee,
  0xd2,0x67,0xda,0xd2,0xd2,0x5c,0x5d,0x60,0x5c,0x5c,0x53,0xed,0xec,0xec,0xd4,0xdb,0xd7,0xc0,0x28,0x4d,0x28,0x53,0xc2,0x5d,
  0x61,0x5c,0x5c,0x5f,0x5c,0x5a,0x4c,0x4a,0x5a,0x53,0x5c,0x37,0x5a,0x5b,0x6a,0xc1,0xc2,0x60,0x61,0x61,0xc1,0xd8,0xd2,0xd1,
  0xdb,0xcd,0xce,0xce,0xc5,0x5d,0xc4,0xcd,0xe2,0xe7,0xe7,0xd8,0xe2,0xe9,0xf0,0xf1,0xf0,0xf1,0xfd,0xfd,0xf1,0xfd,0xf1,0xf1,
  0xf1,0xfd,0xf1,0xf1,0xf1,0xf1,0xf1,0xf1,0xf1,0xf1,0xeb,0xf1,0xf1,0xf0,0xf0,0xf1,0xf1,0xf0,0xe5,0xc6,0xcc,0xc8,0xc6,0xb9,
  0xc6,0xa1,0xc8,0xcd,0xf0,0xf1,0xf1,0xf1,0xf1,0xf1,0xe9,0xe9,0xf0,0xf1,0xf1,0xf1,0xf1,0xf1,0xeb,0xf0,0xf0,0xf0,0xe9,0xe5,
  0xe9,0xe9,0xe9,0xe9,0xe9,0xe9,0xe9,0xe9,0xe9,0xe9,0xe9,0xe5,0xe5,0xe5,0xe5,0xe5,0xe9,0xe5,0xe9,0xe5,0xe9,0xe5,0xe5,0xe5,
  0xe5,0xbb,0x8a,0xe9,0xe5,0xe5,0xe5,0xe5,0xe2,0xcd,0xcd,0xe2,0xce,0xc6,0xc8,0xcd,0xbd,0xe2,0xe2,0xe5,0xe5,0xe2,0xcd,0xe2,
  0xcd,0xc8,0xcd,0xe2,0xe2,0xe2,0xe2,0xe2,0xe2,0xe2,0xcd,0xe2,0xd9,0xe7,0xcd,0xe2,0xe5,0xe5,0xe5,0xe5,0xe5,0xe9,0xe9,0xe9,
  0xe9,0xe9,0xe9,0xe9,0xe9,0xe9,0xe9,0xe9,0xe9,0xeb,0xe9,0xe9,0xe9,0xeb,0xeb,0xeb,0xff,0x36,0x1d,0x18,0x18,0x1d,0x69,0xf8,
  0xf8,0xde,0xf5,0xfb,0xdf,0x72,0xde,0x79,0x79,0x38,0x78,0x64,0x64,0xf8,0xf5,0xf8,0xfd,0xfd,0xfd,0xfd,0xfd,0x76,0xdf,0xfb,
  0xfd,0xff,0xfb,0xf8,0xfb,0xfd,0xfb,0xfb,0xfd,0xfb,0xf8,0xf5,0xde,0xfb,0xfb,0xfb,0xfb,0xfb,0xff,0xfd,0xf5,0x78,0xfb,0xf8,
  0xfb,0xfb,0xf2,0xfb,0xf8,0xf8,0xfb,0xed,0xfc,0xfb,0xf7,0xee,0xda,0xda,0xd6,0x77,0xdd,0xdd,0xee,0xf3,0xcf,0x68,0x6f,0xfc,
  0xf7,0xec,0xda,0xec,0xfd,0xfe,0xfe,0xfd,0xf3,0x69,0x36,0xfc,0xda,0xf3,0xdb,0x70,0xfc,0xfe,0xfc,0xfd,0xfc,0xfc,0xfe,0xfe,
  0xfd,0xfd,0xfd,0xf9,0xfe,0xf9,0xf3,0xd1,0xd2,0x70,0xf3,0xec,0xd8,0x67,0xd5,0xcf,0x5d,0x28,0x9e,0xf3,0xda,0xda,0xda,0xda,
  0x6a,0x67,0x4b,0x37,0x6a,0xc2,0xd9,0xc2,0x61,0x5c,0x5c,0x5c,0x5c,0x5a,0x33,0x31,0x33,0x5a,0x5c,0x4d,0x5a,0x67,0x6a,0xd0,
  0xc2,0x5d,0x5c,0xc1,0xd4,0xda,0xe8,0xee,0xe7,0xce,0xc4,0xd2,0xd4,0xc5,0xcd,0xc4,0xad,0xc1,0xd9,0x6b,0xe5,0xf1,0xf1,0xcd,
  0xe5,0xf1,0xfd,0xfd,0xfd,0xf1,0xf1,0xf1,0xf1,0xf1,0xf1,0xf1,0xf1,0xf1,0xf1,0xf1,0xf1,0xf1,0xf1,0xf1,0xf1,0xf1,0xf0,0xf1,
  0xf1,0xeb,0xe9,0xe2,0xe5,0xe5,0xcc,0xbd,0xbd,0xbd,0xbd,0xe9,0xf1,0xf1,0xf1,0xf1,0xf1,0xf0,0xf0,0xf1,0xf1,0xf1,0xf1,0xf1,
  0xf1,0xf1,0xf0,0xf1,0xf1,0xf0,0xeb,0xeb,0xe9,0xf0,0xeb,0xe9,0xe9,0xe9,0xeb,0xe9,0xe9,0xe9,0xe9,0xe5,0xe5,0xe5,0xe5,0xe9,
  0xe5,0xe5,0xe5,0xe9,0xe5,0xe2,0xe2,0xe9,0xe5,0xe2,0xbb,0xe5,0xe5,0xe9,0xe5,0xe2,0xcd,0xcd,0xe5,0xe5,0xcc,0xc8,0xcd,0xcd,
  0xcd,0xa4,0x55,0xe8,0xe2,0xe2,0xe2,0xe2,0xcd,0xcd,0xc8,0xe2,0xe5,0xe2,0xe2,0xe5,0xe5,0xe2,0xe2,0xef,0x21,0x2d,0xe8,0xe2,
  0xe5,0xe5,0xe5,0xe7,0xe9,0xe9,0xeb,0xe9,0xe9,0xe9,0xcc,0xb7,0xeb,0xe9,0xe9,0xe9,0xe9,0xeb,0xe9,0xeb,0xeb,0xe9,0xeb,0xeb,
  0x1d,0x18,0x18,0x1d,0x69,0xff,0xfb,0xde,0x79,0xf8,0xf8,0xfb,0xde,0x75,0x78,0x79,0x78,0x28,0x74,0xde,0xf8,0x79,0xf8,0xde,
  0xfb,0xff,0xff,0xfb,0xf5,0x71,0xdf,0xf8,0xfb,0xfd,0xfd,0xff,0xff,0xff,0xfb,0xfb,0xfb,0xfb,0xff,0xfb,0xfb,0xed,0x36,0xfd,
  0xf8,0xde,0xfb,0xf8,0xfb,0xfb,0xdf,0xf5,0xfb,0xfb,0xde,0x75,0xfb,0xff,0x70,0xdc,0xf3,0xfc,0xff,0xfc,0xec,0xec,0x70,0xdd,
  0xda,0x36,0x6d,0x28,0xd6,0x66,0x70,0xec,0xec,0xf3,0xda,0xf3,0xfc,0xfc,0xfd,0xfc,0x6e,0x6f,0xda,0xf3,0xee,0xf7,0xed,0xf3,
  0xf3,0xdb,0xf7,0xfc,0xfc,0xfa,0xfd,0xfd,0xfa,0xfd,0xf9,0xf9,0xf9,0xee,0xfd,0xdb,0xd6,0xec,0xef,0xec,0xc5,0xd7,0x28,0x28,
  0xcf,0x24,0x24,0x5c,0xf3,0xec,0xec,0x70,0x37,0x4d,0x5d,0xcf,0x6a,0x6a,0x6a,0x5c,0x61,0x61,0x53,0x53,0x5c,0x5a,0x31,0x28,
  0x28,0x4c,0x4c,0x4b,0x5a,0xc2,0x60,0x61,0x5a,0x60,0xc1,0x61,0xd2,0xda,0xe9,0xe9,0xe5,0xd9,0x5c,0x30,0x27,0xee,0xc5,0x61,
  0xc5,0xad,0xd9,0xf0,0xf0,0xf1,0xf1,0xf0,0xf1,0xf1,0xf1,0xf1,0xf1,0xf1,0xf1,0xf1,0xf1,0xf1,0xf1,0xf1,0xf1,0xf1,0xf1,0xf1,
  0xf0,0xf1,0xf1,0xf1,0xf0,0xf1,0xf1,0xf1,0xf0,0xeb,0xeb,0xf0,0xe2,0xe5,0xcd,0xc6,0x82,0xa8,0xcd,0xeb,0xeb,0xf1,0xeb,0xf1,
  0xf1,0xe5,0xf0,0xf1,0xf1,0xf1,0xf1,0xfe,0xa4,0x96,0xf1,0xcc,0xbd,0xe5,0xe2,0xeb,0xeb,0xeb,0xeb,0xe9,0xe9,0xe9,0xe9,0xe5,
  0xe9,0xeb,0xe9,0xe9,0xe5,0xe5,0xe5,0xe5,0xe5,0xe5,0xe5,0xe9,0xe7,0xc6,0xe9,0xe5,0xe5,0xe9,0xe5,0xe2,0xe5,0xe5,0xe5,0xe2,
  0xe2,0xe2,0xe5,0xe2,0xcd,0xc8,0xe2,0xe2,0xcd,0xbd,0xcc,0xcd,0xcd,0xcd,0xe2,0xe2,0xe2,0xe2,0xe2,0xe2,0xc8,0xe2,0xc8,0xe2,
  0xe2,0xcd,0xcd,0xe9,0x36,0x52,0xd9,0xe5,0xe2,0xe5,0xe2,0xcd,0xe5,0xe9,0xe9,0xe9,0xe9,0xe9,0xe9,0xe9,0xe9,0xe9,0xe9,0xe7,
  0xe9,0xeb,0xe9,0xe9,0xe9,0xef,0xeb,0xe9,0x18,0x1d,0x69,0xff,0xff,0xf5,0xf8,0xde,0x79,0xf8,0xf8,0xde,0xf5,0xdf,0x79,0xde,
  0x74,0x72,0xfb,0xfb,0x78,0xf5,0xfb,0xf5,0xf8,0xff,0xfd,0xf8,0x75,0xf5,0xf8,0xfd,0xff,0xfd,0xfb,0xfd,0xff,0xff,0xff,0xfb,
  0xff,0xff,0xfd,0xff,0xff,0xec,0x27,0x6e,0xed,0xdf,0xde,0x78,0xf8,0xfb,0xf5,0xfb,0xf8,0xde,0xfb,0xfb,0xfb,0xfd,0xfd,0xff,
  0xf7,0xfd,0xfd,0xfc,0xf3,0xda,0xd6,0xd6,0x6a,0x6a,0x67,0x26,0xdf,0xda,0xda,0xdb,0xdb,0xec,0xf7,0xfa,0xf9,0xfc,0xf9,0xf3,
  0xff,0xff,0xff,0x68,0x68,0xfe,0xff,0xda,0x6a,0xfa,0xf9,0xf3,0xdb,0xee,0xfa,0xef,0xfc,0xf9,0xf7,0xee,0xd2,0xd7,0xfd,0xf7,
  0xee,0xf3,0xf9,0xd2,0xd8,0xf3,0x24,0x28,0xd7,0x67,0x28,0x5c,0xdb,0xec,0xec,0xdb,0x5f,0x5a,0x5f,0x6a,0x5c,0x5c,0x6a,0x5d,
  0x5c,0x61,0x5c,0x5c,0xc1,0x4d,0x33,0x4d,0x4c,0x5a,0x4d,0x5b,0x5d,0xd0,0x66,0x5d,0x5c,0x5c,0xd0,0xd9,0xd2,0xe8,0x6c,0xe7,
  0xeb,0xe8,0xd9,0x61,0x5c,0xe8,0xe2,0xd9,0xcd,0xe9,0xf1,0xf1,0xf0,0xf1,0xf1,0xf1,0xf1,0xf1,0xf1,0xf1,0xf1,0xf1,0xf1,0xf1,
  0xf1,0xf1,0xf1,0xf1,0xf1,0xf1,0xf1,0xf1,0xf0,0xf1,0xe0,0xf1,0xf1,0xf0,0xf1,0xf1,0xe9,0xeb,0xf0,0xf1,0xeb,0xe2,0xcd,0x58,
  0x49,0xcd,0xe5,0xeb,0xe9,0xf0,0x96,0xf1,0xf1,0xf1,0xf1,0xf1,0xf1,0xf1,0xf0,0xe2,0xcc,0xe5,0xf1,0xeb,0xeb,0xeb,0xe9,0xeb,
  0xf0,0xe9,0xeb,0xeb,0xe5,0xe5,0xe9,0xe9,0xeb,0xeb,0xe9,0xe9,0xe5,0xe2,0xe5,0xe2,0xe5,0xe5,0xe5,0xb7,0xbd,0xe2,0xe5,0xe5,
  0xe5,0xe9,0xe2,0xe2,0xe5,0xe5,0xe2,0xcd,0xa8,0xcd,0xce,0xcd,0xce,0xc8,0xe5,0xe2,0xc8,0xe7,0xe5,0xcd,0xe5,0xe2,0xcd,0xe2,
  0xe2,0xe2,0xe2,0xe2,0xbe,0xbe,0xcd,0xcd,0xe2,0xe2,0xc8,0xcd,0xef,0xe8,0xcd,0xe5,0xe9,0xe5,0xe2,0xe5,0xe9,0xe5,0xe9,0xe5,
  0xe5,0xe5,0xe9,0xeb,0xe9,0xe9,0xeb,0xe2,0xe5,0xe9,0xe9,0xe9,0xef,0xc8,0xe7,0xeb,0x69,0xff,0xff,0xfb,0xfb,0xfb,0xf8,0xf8,
  0xf5,0xf8,0xdf,0xdf,0xf8,0x75,0x79,0x73,0x72,0x69,0xfb,0xf5,0xf5,0xfb,0xf5,0xf8,0xfb,0xf4,0xf8,0xfb,0xfb,0xf8,0xfb,0xfb,
  0xf4,0xf2,0xfb,0xff,0xff,0xfd,0xfb,0xfd,0xff,0xfd,0xff,0xff,0xff,0xfd,0xff,0x6e,0xf5,0xf8,0xde,0x79,0xf8,0xf8,0xf8,0xfb,
  0xf8,0x78,0xf8,0xfb,0xfb,0xf5,0xf7,0xf3,0xf7,0xfb,0xfc,0xfd,0xf7,0xda,0xd6,0xcf,0x6d,0xd7,0xd1,0xd6,0xda,0xec,0xda,0x6a,
  0xd0,0x70,0xf3,0xfc,0xfc,0xfc,0xfe,0xfd,0xfd,0xfd,0xfd,0x64,0x67,0xf7,0xf7,0xda,0xfd,0xfe,0xf7,0xf3,0xda,0xda,0xee,0xda,
  0xed,0xfd,0xf9,0xf7,0xd8,0x6c,0xfa,0xfd,0xda,0xda,0xf9,0xdb,0xee,0x67,0xcf,0xdb,0x6a,0x5b,0x28,0x5a,0xd6,0xda,0xd2,0xc2,
  0x5a,0x5a,0x5d,0x5d,0x5c,0x5c,0x61,0xc1,0x61,0xc2,0x61,0x5c,0x6a,0x5d,0x61,0x4d,0x4d,0x5a,0x5a,0x5c,0x5d,0x61,0xc1,0x5d,
  0x53,0x5d,0xda,0xeb,0xec,0xd8,0xd2,0xd8,0xeb,0xeb,0xe7,0xd9,0xd7,0xc4,0xd9,0xec,0xe9,0xf0,0xf1,0xf1,0xf1,0xf1,0xf1,0xfd,
  0xf1,0xf1,0xf1,0xf1,0xf1,0xf1,0xf1,0xf1,0xf1,0xf1,0xf1,0xf1,0xf1,0xf1,0xf1,0xf1,0xf0,0xf0,0xb3,0xe1,0xf1,0xf1,0xf1,0xf0,
  0xe9,0xeb,0xe9,0xeb,0xf0,0xe9,0xce,0x52,0x8a,0xef,0xe5,0xc6,0xe5,0xeb,0xe5,0xf0,0xf1,0xf0,0xf1,0xf1,0xf1,0xf1,0xf0,0xf0,
  0xf1,0xf1,0xf1,0xf1,0xf0,0xf0,0xf0,0xf0,0xeb,0xeb,0xe9,0xe9,0xe9,0xe5,0xe9,0xe5,0xe5,0xe9,0xe9,0xe5,0xe2,0xcd,0xe2,0xe5,
  0xe5,0xcd,0xe2,0xb7,0xc8,0xe7,0xe5,0xe5,0xe5,0xe5,0xe2,0xcd,0xe5,0xe5,0xe9,0xc6,0xbe,0xc8,0xc6,0xcc,0xce,0xce,0xcd,0xcd,
  0xcd,0xcd,0xcd,0xcd,0xcd,0xcc,0xe7,0xe2,0xe2,0xe5,0xcd,0xc6,0xce,0xcd,0xcd,0xe5,0xbe,0xcd,0xe5,0xe5,0xe5,0xe2,0xe5,0xe9,
  0xe5,0xe5,0xe5,0xe5,0xe5,0xe9,0xe5,0xe5,0xe5,0xe5,0xe9,0xe9,0xe9,0xe9,0xeb,0xcd,0xe9,0xeb,0xe9,0xe9,0xeb,0xc4,0xa7,0xe9,
  0xff,0xfc,0xfb,0xfb,0xfd,0xec,0xf2,0xfb,0xf8,0x72,0x65,0xdf,0x79,0x79,0xde,0x78,0x64,0x21,0xf5,0xf8,0xfb,0xf5,0xde,0x72,
  0x71,0xf8,0xfd,0xfb,0xf8,0xf8,0xfb,0xf8,0x64,0xec,0xff,0xfb,0xf8,0xfb,0xff,0xff,0xff,0xfd,0xfd,0xfd,0xfb,0xfd,0xfb,0xf2,
  0xdc,0xfb,0xf8,0xfd,0xf8,0x75,0xf8,0xfb,0xf7,0xf8,0xfb,0xf7,0xfc,0xdc,0xf3,0xf3,0xfc,0xf7,0xfc,0xff,0xfd,0xf3,0xec,0xdb,
  0xec,0xda,0xec,0xda,0xda,0xec,0xda,0xd2,0xd1,0x6c,0xf3,0xfc,0xfd,0xfe,0xfd,0xfe,0xff,0xff,0xfe,0xfd,0xfc,0xfc,0xec,0x70,
  0xfd,0xf7,0xf3,0xec,0xda,0xd7,0xd6,0xee,0xf9,0xf9,0xfd,0xfd,0xe4,0x36,0xfd,0xfc,0xf9,0xf3,0xed,0xfc,0xd8,0x67,0xe8,0x67,
  0x5c,0x5b,0x28,0x37,0xdb,0xda,0xd1,0x53,0x5c,0x5d,0x6a,0x5a,0x5d,0xd1,0x6a,0x5f,0x5a,0x6a,0x61,0x61,0x67,0x5c,0x5c,0x5c,
  0x4d,0x5a,0x4d,0x5c,0x5a,0x4d,0x60,0xc2,0xc5,0xd8,0xda,0xd8,0xd2,0xd2,0xd2,0xd8,0xeb,0xeb,0xda,0xda,0xd8,0xdb,0xcd,0xe9,
  0xe9,0xe5,0xf0,0xf1,0xf0,0xf1,0xfd,0xf1,0xf1,0xf1,0xf1,0xf1,0xf1,0xf1,0xf1,0xf1,0xf1,0xf1,0xf1,0xf1,0xf1,0xf1,0xf1,0xf1,
  0xf0,0xf0,0xfe,0xe9,0xf1,0xf1,0xf0,0xeb,0xe9,0xe5,0xe9,0xf0,0xf1,0xf1,0xcd,0xc8,0xe8,0xe5,0xe2,0xae,0xad,0xe2,0xcd,0xeb,
  0xf1,0xf0,0xf1,0xf1,0xf1,0xf0,0xf1,0xf1,0xf1,0xf1,0xf1,0xf1,0xf0,0xf0,0xf0,0xf0,0xe9,0xeb,0xeb,0xe9,0xeb,0xeb,0xe2,0xc8,
  0xe5,0xe9,0xe5,0xe2,0xe2,0xe7,0xe2,0xe5,0xe2,0xe7,0xe5,0xcd,0xbe,0xe9,0xe5,0xe5,0xe5,0xe5,0xe5,0xe2,0xc8,0xc7,0x55,0xcd,
  0xc8,0xcd,0xcd,0xcd,0xcd,0xcd,0xce,0xcd,0xcd,0xce,0xc8,0xcd,0xcd,0xcd,0xe2,0xe5,0xe5,0xe5,0xe2,0xc6,0xcc,0xbd,0xcd,0xc6,
  0xbe,0xe2,0xe5,0xe5,0xe9,0xe5,0xe9,0xe9,0xcd,0xe2,0xe9,0xe5,0xe5,0xe9,0xcc,0xe2,0xe2,0xe5,0xe5,0xe5,0xe9,0xe9,0xe9,0xef,
  0x8a,0xcc,0xeb,0xe9,0xf0,0xc5,0x58,0xeb,0xfd,0xfb,0xf8,0xfb,0xf8,0x37,0xec,0xfd,0xfb,0x62,0x64,0x78,0x75,0xf5,0xf8,0xf5,
  0x79,0xdf,0xde,0xf5,0xf5,0x78,0x63,0x62,0x74,0xfb,0xfb,0xfd,0xff,0xff,0xfd,0xfb,0xff,0xfb,0xfb,0xfb,0xfd,0xfb,0xfd,0xfd,
  0xfd,0xfd,0xff,0xfb,0xfb,0xfd,0xde,0x35,0x75,0xff,0xf8,0xfb,0xfd,0xf5,0xf5,0xdf,0xf8,0xf8,0xf8,0xf8,0xf5,0xed,0xf5,0xf5,
  0xfc,0xf4,0xf7,0xfc,0xfb,0xf7,0xf7,0xf3,0xda,0xda,0x6c,0xf3,0xee,0xd2,0x70,0xec,0xd2,0xd6,0xf3,0xfc,0xfe,0xfe,0xfd,0xfe,
  0xfe,0xfe,0xfe,0xf4,0x70,0xff,0xfd,0xfd,0xf7,0xf7,0x70,0xd6,0x68,0x6d,0xd7,0xf7,0xf7,0xf7,0xfa,0xfd,0xff,0xff,0xfd,0xfe,
  0xfd,0xfc,0xf3,0xec,0xd2,0xda,0xd0,0x5d,0x61,0x67,0xdb,0xf3,0xdb,0xda,0x5c,0x1f,0x37,0x67,0x5d,0x5c,0xd1,0xd2,0x6c,0x5b,
  0x4d,0x5c,0x5c,0x67,0x5d,0x4d,0x5a,0x5c,0x4d,0x4d,0x5a,0x5c,0x33,0x4d,0x5d,0xd0,0xc4,0xd8,0xe8,0x6c,0xcf,0xc1,0xd1,0xeb,
  0xf0,0xe9,0xd9,0xd8,0xef,0xe8,0xcd,0xcd,0xe7,0xf0,0xf1,0xe2,0xf0,0xfd,0xf1,0xf1,0xf1,0xf1,0xf1,0xf1,0xf1,0xf1,0xf1,0xf1,
  0xf1,0xf1,0xf1,0xf1,0xf1,0xf1,0xf1,0xf1,0xf1,0xf1,0xf1,0xf1,0xf1,0xf1,0xeb,0xeb,0xe5,0xe5,0xf1,0xf1,0xf1,0xeb,0xe2,0xe2,
  0xcd,0xe2,0xe5,0xe9,0xe5,0xeb,0xeb,0xeb,0xf1,0xf0,0xf1,0xf1,0xcc,0xc8,0xeb,0xe5,0xf1,0xf1,0xf1,0xf0,0xe9,0xeb,0xeb,0xf0,
  0xf0,0xeb,0xe9,0xe5,0xe9,0xe9,0xe5,0xe9,0xe9,0xe2,0xe2,0xe2,0xcd,0xcd,0xe5,0xe5,0xe2,0xe5,0xe7,0xcd,0xc6,0xe5,0xe9,0xe5,
  0xe9,0xe5,0xe5,0xe5,0xe5,0xbb,0x52,0xd9,0xc6,0xcd,0xcd,0xcd,0xcd,0xcd,0xce,0xce,0xbd,0xc8,0xcd,0xcd,0xcd,0xcd,0xcd,0xc8,
  0xcc,0xcd,0xc8,0xc8,0x95,0xa6,0xcd,0xad,0xc8,0xc8,0xc8,0xe2,0xcd,0xcd,0xe2,0xe2,0xe2,0xc8,0xcd,0xcd,0xcd,0xe2,0x94,0xc5,
  0xcd,0xcc,0xcd,0xcd,0xe2,0xe2,0xe2,0xe7,0xa4,0xc8,0xe2,0xe2,0xe2,0xe8,0xe9,0xe2,0xff,0x79,0x75,0xfb,0xfd,0x27,0x27,0xfb,
  0x63,0x65,0xde,0x75,0x78,0xf5,0xf8,0xf8,0xf5,0xde,0xde,0xde,0x78,0x75,0xf5,0xfb,0xfb,0xf8,0xf5,0xfb,0x75,0xfb,0xfd,0xfb,
  0xfb,0xf8,0xfb,0xfd,0xf8,0xfb,0xfd,0xff,0xfd,0xff,0xff,0xfb,0x71,0x73,0x64,0xfb,0xff,0xf5,0xf8,0xfd,0xfb,0xfb,0xf8,0xf7,
  0xf8,0x74,0x71,0xf5,0x79,0xde,0xf5,0xf7,0xf7,0xff,0xfc,0xf7,0xfd,0xf3,0xf3,0xfc,0xf3,0xee,0x6c,0xf7,0xf7,0xda,0xda,0xed,
  0xdb,0xd2,0xed,0xfd,0xfe,0xfe,0xfc,0xfd,0xfe,0xfc,0xfc,0xf5,0x67,0xfd,0xf3,0xf7,0xfd,0xf3,0x76,0x32,0x1d,0x32,0x78,0xf3,
  0xf7,0xfc,0x36,0xf1,0xff,0xfd,0xfe,0xfe,0xfe,0xfd,0xf9,0x6a,0x61,0xd0,0x67,0x6a,0x70,0xec,0xef,0xed,0x36,0xec,0xc1,0x28,
  0x5d,0x6a,0x5d,0xc1,0xda,0xd8,0xdb,0x4d,0x31,0x5a,0x5d,0x60,0x5a,0x4d,0x4d,0x5b,0x4d,0x5c,0xc1,0x5b,0x5a,0x5a,0x5d,0xc4,
  0xc2,0xd8,0xe5,0xda,0x5c,0xd2,0xef,0xf0,0xe9,0xd2,0xd2,0xe7,0xf0,0xf1,0xc5,0xc4,0xe9,0xf1,0xeb,0xe9,0xf1,0xfd,0xfd,0xf1,
  0xf1,0xf1,0xf1,0xf1,0xf1,0xf1,0xf1,0xf1,0xf1,0xf1,0xf1,0xf1,0xf1,0xf1,0xf1,0xf1,0xf0,0xf1,0xf1,0xf1,0xf0,0xe9,0xf0,0xeb,
  0xe9,0xeb,0xf1,0xf1,0xf1,0xcc,0xb7,0xe2,0xe9,0xe2,0xeb,0xe5,0xe5,0xf0,0xf0,0xeb,0xf0,0xf1,0xf1,0xf1,0xe9,0xe5,0xe2,0xe2,
  0xf1,0xf1,0xf1,0xf1,0xeb,0xe9,0xeb,0xf0,0xeb,0xe9,0xe9,0xe9,0xe9,0xe9,0xe9,0xeb,0xe5,0xe5,0xe5,0xe2,0xcd,0xe5,0xe5,0xe5,
  0xcd,0xcd,0xe5,0xe5,0xf0,0xe9,0xe5,0xe5,0xe2,0xe5,0xe5,0xe5,0xcd,0xe7,0xef,0xb5,0xa8,0xe7,0xcd,0xcd,0xcd,0xe2,0xcd,0xbd,
  0xa8,0xbd,0xcd,0xe2,0xcd,0xe2,0xcd,0xa4,0xb1,0xbd,0xc4,0xbe,0xbe,0xbe,0xbe,0xbe,0xb5,0xb7,0xbe,0xb9,0xc4,0xbe,0xbe,0xbe,
  0xbe,0xbe,0xbe,0xb9,0xbe,0xc5,0xbe,0xbe,0xc5,0xb9,0xbe,0xbe,0xb9,0xb9,0xbe,0xbe,0xc8,0xbe,0xb7,0xb7,0xbe,0xc6,0xc6,0xce,
  0xff,0xff,0xf8,0xfd,0xfb,0x70,0x69,0x74,0x62,0x68,0x64,0x78,0xde,0xf8,0xf5,0x79,0x79,0x79,0x78,0x75,0x78,0xdf,0xf8,0xfb,
  0xfd,0xfb,0xfd,0xff,0xf2,0xe8,0xfe,0xfb,0xf8,0xfd,0x5c,0x39,0xfd,0xfd,0xfb,0xfb,0xfd,0xfd,0xfd,0xff,0xed,0xfd,0xff,0xff,
  0xfd,0xf8,0xde,0xf7,0xfb,0x74,0x79,0xfb,0xf8,0x78,0x64,0x6d,0xf5,0xf7,0xf2,0xf3,0xf7,0xfc,0xff,0xfd,0xfd,0xfd,0xf7,0xf7,
  0xff,0xfd,0xfc,0xfc,0xfc,0xec,0xda,0xec,0xec,0xda,0xec,0xfc,0xfe,0xfd,0xf7,0xf7,0xf7,0xec,0xfc,0xf9,0x39,0xfc,0xf3,0xf3,
  0xee,0xf7,0x78,0x26,0x17,0x26,0xd5,0xda,0xf7,0xfe,0xfd,0xff,0xff,0xfe,0xfe,0xfe,0xff,0xed,0xda,0xee,0x70,0xda,0xda,0xc4,
  0x6c,0x70,0xf9,0xe8,0x21,0x37,0xc1,0x4d,0xd1,0xdb,0x6a,0x5c,0xd2,0xd2,0x61,0x5d,0x5a,0x31,0x61,0x5a,0x33,0x37,0x5a,0x5b,
  0x5c,0xd2,0xd2,0x67,0x5c,0x5a,0x5c,0xd2,0x5d,0x6a,0xd2,0xc4,0xda,0xf1,0xf0,0xe8,0xe8,0xec,0xe7,0xeb,0xf0,0xf1,0xd9,0xce,
  0xe5,0xeb,0xe7,0xf1,0xf0,0xe9,0xf1,0xf1,0xf1,0xf1,0xf1,0xf1,0xf1,0xf0,0xf1,0xf1,0xf1,0xf1,0xeb,0xeb,0xf1,0xf1,0xf0,0xf1,
  0xf1,0xf1,0xf1,0xf1,0xf1,0xf1,0xeb,0xeb,0xf0,0xf1,0xf1,0xf0,0xeb,0xe9,0xbd,0xcd,0xe5,0xe9,0xeb,0xeb,0xeb,0xf0,0xeb,0xf0,
  0xf1,0xf1,0xf1,0xf1,0xf1,0xeb,0xeb,0xf1,0xf0,0xf1,0xf1,0xf1,0xf1,0xeb,0xeb,0xe9,0xeb,0xe5,0xe5,0xe5,0xe5,0xe9,0xe9,0xe5,
  0xcd,0xcd,0xe2,0xe2,0xe2,0xe2,0xe2,0xc8,0xcd,0xe7,0xe5,0xe9,0x94,0xbb,0xe9,0xe5,0xe5,0xe2,0xe2,0xcd,0xe7,0xb3,0x96,0xe5,
  0xcd,0xe2,0xe5,0xe2,0xcd,0xcd,0xcc,0xbd,0xc8,0x98,0xcd,0xe9,0xe2,0xe5,0xcd,0xb9,0xc6,0xbe,0xbe,0xbe,0xbe,0xbe,0xbe,0xc6,
  0xbe,0xb7,0xbe,0xbe,0xbe,0xbd,0xbe,0xbd,0xb1,0xa4,0xbd,0xb5,0xbe,0xb7,0xb5,0xc5,0xc5,0xbe,0xbd,0xbd,0xb7,0xc5,0xbe,0xb5,
  0xbe,0xbe,0xb7,0xbe,0xbe,0xce,0xc5,0xc8,0xff,0xff,0xff,0xfb,0xf8,0xfb,0xf5,0x75,0x78,0x73,0x65,0xf5,0x75,0x79,0xf5,0x78,
  0x74,0x74,0x78,0x75,0xdf,0xde,0xf8,0xfd,0xfd,0xfb,0xff,0xfd,0xfd,0x28,0xed,0xfd,0xfb,0xfd,0x6f,0x73,0xfd,0xfd,0xfd,0xfb,
  0xfd,0xfb,0xf5,0x79,0xff,0xff,0xfc,0x69,0xff,0xfd,0xfb,0xf5,0xf8,0x6d,0xde,0xf5,0xf5,0xfc,0xfb,0xf2,0xf3,0xdc,0x77,0xfc,
  0xfc,0xfc,0xfd,0xff,0xfb,0xff,0xfc,0xfd,0xda,0x6e,0xfc,0xfc,0xda,0x70,0xda,0xec,0x69,0x36,0xf7,0xec,0xf7,0xf7,0xf9,0xda,
  0xda,0xe8,0xf9,0xfe,0xef,0x69,0xfc,0xf9,0xfc,0xfc,0xdc,0x63,0x29,0x62,0xd6,0xf3,0xf7,0xf9,0xfd,0xfe,0xff,0xfe,0xf9,0xee,
  0xfe,0xf9,0xee,0xd7,0xfc,0xf7,0xf9,0xee,0x61,0x5c,0xda,0xda,0xd7,0x37,0x6a,0x5d,0x5d,0xd9,0xda,0x6a,0x61,0x5c,0x5c,0x5c,
  0x5b,0x4b,0x4b,0x33,0x4c,0x53,0x5a,0x61,0xd4,0x61,0xc1,0x6b,0x5c,0xd0,0x5f,0x6a,0x5c,0x5d,0x6c,0x5c,0xea,0xf1,0xe8,0xda,
  0xd8,0xe9,0xf0,0xeb,0xf0,0xe9,0xe9,0xe7,0xeb,0xeb,0xe9,0xeb,0xeb,0xe9,0xc8,0xf1,0xf1,0xf1,0xf1,0xf1,0xf1,0xf1,0xf1,0xf1,
  0xf1,0xf1,0xe7,0xcd,0xf0,0xf1,0xf1,0xf1,0xf1,0xf1,0xf1,0xf1,0xf1,0xf1,0xf0,0xf0,0xf1,0xf1,0xf1,0xf1,0xeb,0xeb,0xeb,0xe5,
  0xeb,0xf0,0xeb,0xe9,0xe2,0xe9,0xf0,0xf1,0xf1,0xf1,0xe9,0xf0,0xf1,0xf0,0xf0,0xf1,0xf0,0xf1,0xf1,0xf1,0xf1,0xf1,0xe9,0xe5,
  0xe5,0xe5,0xe2,0xe2,0xe2,0xe9,0xe5,0xe2,0xcd,0xcd,0xe2,0xe2,0xcd,0xcd,0xc6,0xcd,0xcd,0xe2,0xe5,0xce,0x8a,0xc7,0xe5,0xe2,
  0xcd,0xe2,0xe7,0xcd,0xcd,0xcd,0xcd,0xe2,0xe5,0xe2,0xcd,0xcd,0xcd,0xc8,0xc8,0xc8,0xc8,0xc8,0xbd,0xbd,0xe2,0xe2,0xc6,0xb7,
  0xbe,0xbe,0xbe,0xb5,0xbd,0xbd,0xbe,0xbe,0xc5,0xbe,0xc5,0xbe,0xbe,0xbe,0xba,0xbe,0xbe,0xc5,0xbe,0xbe,0xc5,0xbe,0xbd,0xb9,
  0xbd,0xb5,0xb7,0xb7,0xb9,0xb9,0xb7,0xb7,0xbe,0xbe,0xbe,0xbe,0xbe,0xc5,0xce,0xce,0xff,0xff,0xff,0xfb,0xf8,0xf8,0xf8,0xde,
  0x79,0xdf,0x73,0x75,0x72,0x72,0x74,0x38,0x28,0x35,0x64,0x74,0xde,0xfb,0xf8,0xfd,0xf6,0xff,0xf8,0xfb,0xf8,0xdf,0xfb,0xfb,
  0xfb,0xfb,0xff,0xfd,0xfb,0xfb,0xfd,0xfb,0xfb,0xfb,0xf8,0xf8,0xfb,0xfd,0xff,0xfb,0xfb,0xff,0xfd,0x73,0x74,0xf5,0xde,0x79,
  0x79,0xf5,0xfb,0xfd,0xf7,0x70,0xf7,0xfc,0xfc,0xfc,0xfb,0xfd,0xfc,0xfc,0xfd,0xfd,0xf5,0xf2,0xfd,0xfe,0x6f,0x70,0xec,0xec,
  0xec,0xec,0xee,0xda,0x6a,0xf7,0xf7,0xda,0x6c,0xec,0xec,0xfd,0xda,0x69,0xfc,0xfc,0xfc,0xf3,0xd7,0xed,0x71,0xdc,0xda,0xdc,
  0xee,0xf3,0xf9,0xfd,0xfe,0xff,0xfc,0xf7,0xff,0xfd,0xfd,0x69,0xe0,0xfe,0xfa,0xfa,0xe8,0x4d,0x5a,0xdb,0xd2,0xd0,0x53,0x6b,
  0x6a,0xc2,0xd2,0x5d,0x4d,0x37,0x5c,0x5c,0x5c,0x5a,0x31,0x31,0x37,0x5a,0x5b,0x61,0x61,0x60,0x5c,0x6a,0xd2,0x60,0x5c,0xd2,
  0x61,0x5f,0xd2,0xd2,0xe5,0xe9,0xd8,0xe7,0xd4,0xe9,0xe9,0xf0,0xcd,0xe9,0xf1,0xeb,0xf1,0xe5,0xe5,0xe5,0xf0,0xce,0xe5,0xeb,
  0xeb,0xf1,0xfe,0xfe,0xf1,0xf1,0xf1,0xf1,0xf1,0xf1,0xeb,0xee,0xeb,0xf1,0xf1,0xf1,0xf1,0xf1,0xf1,0xf1,0xf1,0xf1,0xf1,0xf1,
  0xf1,0xf1,0xf0,0xf1,0xf0,0xeb,0xf0,0xeb,0xeb,0xf0,0xe9,0xe5,0xe9,0xe0,0x55,0xf1,0xeb,0xe9,0xe2,0xeb,0xe9,0xf0,0xf1,0xf1,
  0xeb,0xeb,0xf1,0xf0,0xf1,0xe9,0xe9,0xe2,0xcd,0xe5,0xe2,0xe2,0xe5,0xe5,0xe5,0xe2,0xcd,0xcd,0xcd,0xcd,0xc8,0xc8,0xce,0xcd,
  0xc4,0xcd,0xe2,0xcc,0xe7,0xa7,0xc6,0xe2,0xe2,0xe2,0xcd,0xcd,0xe5,0xe2,0xe7,0xe5,0xe2,0xe7,0xcd,0xcd,0xc8,0xc6,0xcd,0xc8,
  0xc8,0xcd,0xbe,0xbd,0xcd,0xc8,0xc6,0xc5,0xbd,0xbe,0xb7,0xbe,0xc5,0xc5,0xb5,0xbe,0xbd,0xc6,0xbe,0xbd,0xc6,0xbe,0xb5,0xbe,
  0xb7,0xc5,0xbe,0xc6,0xbe,0xbe,0xbe,0xbe,0xb5,0xb5,0xb7,0xbe,0xbe,0xc6,0xb7,0xbe,0xbd,0xb7,0xbe,0xbd,0xbe,0xc5,0xc6,0xd4,
  0xff,0xff,0xf5,0x68,0xfd,0xfb,0xf5,0x75,0x78,0x78,0x79,0x76,0xde,0x79,0xdf,0x36,0x21,0x1f,0x38,0xdf,0xf8,0xf8,0xf5,0xfb,
  0xfc,0xfd,0xfb,0xfb,0xfb,0xfb,0xfb,0xfb,0xfb,0xfb,0xfb,0xfb,0xfb,0xde,0xfb,0xf8,0xfb,0xfb,0xf5,0xf8,0xf8,0xfb,0xff,0xf5,
  0xfb,0xfd,0xde,0xf8,0xfb,0xfd,0xfb,0xf5,0xfb,0xfb,0xdc,0x36,0xf3,0xda,0xfc,0xfc,0xfd,0xfb,0xfb,0xfc,0xfc,0xf3,0xfc,0xfc,
  0xf3,0xfc,0xfc,0xfd,0xf7,0xec,0xec,0xfc,0xfe,0xf7,0xdb,0xd1,0xd6,0xec,0xdb,0xda,0xda,0xf3,0xfc,0xff,0xfd,0x69,0xdd,0xf7,
  0xfc,0xed,0xf7,0xfc,0x78,0xf3,0xfc,0xee,0xf7,0xfa,0xf9,0xf9,0xfe,0xff,0x36,0x69,0xed,0xf9,0xff,0xef,0xd8,0xff,0xfe,0xfd,
  0xee,0x67,0xda,0xe9,0xda,0xc4,0x5a,0x5b,0xd2,0xd0,0x5c,0x4d,0x4d,0x5a,0x5c,0x5c,0x53,0x4d,0x4d,0x37,0x37,0x5a,0x5c,0x5c,
  0x5c,0x6a,0xc1,0x6a,0x61,0x5c,0x5d,0xd1,0xd2,0xd2,0xd8,0xd2,0xe8,0xe8,0xda,0xd8,0xda,0xef,0xe9,0xeb,0xd8,0xf1,0xf1,0xf0,
  0xf1,0xe8,0xf0,0xf1,0xe5,0xe9,0xf0,0xeb,0xf1,0xf1,0xf0,0xe5,0xf1,0xf1,0xf1,0xf1,0xf1,0xf1,0xcd,0x21,0xbb,0xf1,0xf1,0xf1,
  0xf1,0xf1,0xf1,0xf1,0xf1,0xf1,0xf1,0xf1,0xf1,0xf0,0xf0,0xf0,0xeb,0xeb,0xeb,0xf1,0xeb,0xe9,0xe7,0xe5,0xf1,0xeb,0xca,0xf1,
  0xeb,0xf0,0xf1,0xeb,0xf0,0xf1,0xf1,0xf0,0xeb,0xeb,0xe9,0xe9,0xe9,0xeb,0xe9,0xe5,0xe2,0xcd,0xe5,0xe5,0xe5,0xe2,0xe2,0xcd,
  0xcd,0xcd,0xcd,0xcd,0xcd,0xe2,0xc6,0xc8,0xcd,0xcd,0xcd,0xe5,0xcd,0xb9,0x9a,0xc8,0xcd,0xce,0xcd,0xe5,0xe5,0xe5,0xe2,0xe2,
  0xe2,0xe7,0xe2,0xbe,0xcc,0xe2,0xcd,0xcc,0xcd,0xc8,0xcd,0xcc,0xbd,0xcd,0xc6,0xbe,0xbe,0xbe,0xbe,0xbd,0xb9,0xbe,0xc4,0xb7,
  0xbe,0xbe,0xb5,0xc5,0xc5,0xbd,0xbe,0xbe,0xbe,0xbe,0xbd,0xb5,0xbe,0xb5,0xb5,0xbe,0xc5,0xbe,0xbe,0xb5,0xbe,0xbe,0xbe,0xbe,
  0xbe,0xbe,0xa4,0xbe,0xb9,0xc5,0xce,0xc8,0x79,0xfb,0xfb,0xfb,0xf8,0xfb,0xf5,0x78,0x74,0x78,0x75,0x72,0xde,0x71,0x74,0xdf,
  0xdf,0x78,0x73,0x74,0xde,0xf5,0x78,0xf8,0xfb,0xf8,0xfb,0xfb,0xf8,0xfb,0xf5,0xf5,0xff,0xfb,0xfb,0xfb,0xfb,0xde,0xf8,0xde,
  0xf8,0xf8,0xf8,0xfb,0xfb,0xfb,0xfb,0xfb,0xfb,0xfb,0xf8,0xfd,0xfb,0xfb,0xfb,0xfd,0xec,0x69,0x6f,0x27,0xf8,0xf8,0xfb,0xfd,
  0xff,0xff,0xfd,0xfd,0xfb,0xfc,0xfd,0xfc,0xfd,0xfc,0xfc,0xfc,0xfc,0xf9,0xf3,0xfc,0xfc,0xee,0x70,0x6a,0x6a,0x6c,0xd7,0xed,
  0xdb,0xdb,0xec,0xfc,0xf9,0xd8,0xf3,0xfc,0xfe,0xfc,0xfe,0xfc,0xed,0xdc,0xfd,0xfc,0xfa,0xec,0xf3,0xfc,0xfd,0xfe,0xf9,0x70,
  0x5a,0xfd,0xff,0xff,0xff,0xd2,0x5c,0xd8,0x70,0xee,0xee,0xe9,0xda,0x6a,0x5f,0x5b,0xcf,0x5d,0x6a,0x5c,0x26,0x32,0x5a,0x61,
  0x36,0x36,0x61,0x5c,0x53,0x5c,0x53,0x33,0x5f,0x5b,0x5a,0x5c,0x67,0xcf,0x67,0xc2,0xd8,0xd2,0xda,0xdb,0xc4,0xd2,0xda,0x6c,
  0xda,0xef,0xeb,0xf0,0xf1,0xf1,0x6c,0xeb,0xf0,0xeb,0xe9,0xeb,0xe9,0xe2,0xeb,0xf1,0xfd,0xf1,0xf1,0xe6,0xcd,0xf1,0xf0,0xf0,
  0xf0,0xf1,0xec,0x21,0xc7,0xe5,0xe5,0xf1,0xf1,0xf0,0xf1,0xf1,0xf1,0xf1,0xf1,0xf1,0xf1,0xf0,0xf0,0xeb,0xf0,0xf0,0xf0,0xf1,
  0xf1,0xeb,0xeb,0xf0,0xf1,0xf1,0xf1,0xe1,0xe5,0xe9,0xf0,0xf0,0xf0,0xf0,0xf0,0xf0,0xeb,0xe9,0xe5,0xe9,0xe9,0xe9,0xe9,0xe2,
  0xe2,0xe2,0xcd,0xcd,0xe2,0xe5,0xe2,0xcd,0xe2,0xcd,0xcd,0xcd,0xcd,0xcd,0xc8,0xc8,0xcd,0xcd,0xc8,0x95,0xc6,0xcd,0xc8,0xce,
  0xc8,0xcd,0xcd,0xcd,0xe2,0xcd,0xcd,0xcd,0xcd,0xcd,0xe2,0xc8,0xcd,0xe2,0xe2,0xc8,0x95,0xb5,0xc8,0xc8,0xbe,0xcd,0xc8,0xbd,
  0xbe,0xbe,0xb7,0xc6,0xbd,0xb9,0xbe,0xbe,0xb7,0xbe,0xbe,0xbe,0xbe,0xb5,0xbe,0xbe,0xbd,0xbe,0xbe,0xbe,0xb8,0xb9,0xbe,0xbe,
  0xbe,0xc5,0xbe,0xb9,0xc5,0xb5,0xb5,0xb9,0xb9,0xbe,0xb1,0xc5,0xbd,0xce,0xc8,0xc8,0x78,0xf8,0xf8,0xfb,0xfb,0xf8,0xf8,0x79,
  0x65,0x71,0x79,0x75,0x75,0x65,0x74,0x78,0x75,0x74,0x74,0x78,0x79,0xdf,0xde,0xdf,0xf8,0xfb,0xdf,0xf8,0xfb,0xfb,0xf5,0xf8,
  0xfb,0xfb,0xfb,0xfb,0xf8,0xf8,0xf8,0x65,0x63,0xdf,0xf8,0xfb,0xfb,0xfb,0xfb,0xfb,0xf5,0xfb,0xfd,0xfb,0xfb,0xfb,0xfb,0xf3,
  0x69,0x69,0xf7,0xf8,0x78,0xfc,0xfb,0xfd,0xfb,0xfb,0xfd,0xfd,0xfd,0xda,0xf3,0xfb,0xfd,0xfd,0xfc,0xfc,0xfc,0xf7,0xfc,0xfc,
  0xf7,0xf3,0xcf,0x5c,0x67,0xd1,0xda,0xf7,0x6a,0x6a,0xec,0xfc,0xec,0xf7,0xf9,0xfc,0xff,0xfe,0xfe,0xfc,0xf7,0xf7,0xfc,0xf3,
  0xf7,0xf9,0xee,0xec,0xfa,0xfd,0xff,0xfd,0xfe,0xd8,0x36,0xff,0xfe,0xf4,0x5c,0x5c,0xec,0xfe,0xf0,0xe8,0xdb,0x5d,0x5c,0x4d,
  0x4b,0xd0,0x6a,0x37,0x28,0x5a,0x5a,0x4d,0x36,0x5d,0x5a,0x61,0x5c,0x5b,0x5a,0x37,0x5b,0x4c,0x4d,0x5a,0x67,0x5d,0x67,0xd2,
  0xd2,0xda,0xd8,0xc5,0xc2,0xd2,0xd9,0xd2,0x70,0xef,0xef,0xf0,0xeb,0xf0,0xe9,0xf0,0xe8,0xf0,0xc4,0xeb,0xf1,0xc4,0xfd,0xf1,
  0xeb,0xe9,0xf1,0xf0,0xbb,0xf0,0xe5,0xeb,0xf1,0xf0,0xe2,0xee,0xf1,0xf0,0xf0,0xf1,0xeb,0xf0,0xf1,0xf0,0xf1,0xe9,0xeb,0xf1,
  0xf1,0xf0,0xeb,0xeb,0xf0,0xf1,0xf1,0xf1,0xf1,0xf0,0xf0,0xe9,0xf0,0xf0,0xeb,0xb5,0xe5,0xf0,0xeb,0xf0,0xeb,0xe5,0xf0,0xeb,
  0xe9,0xe9,0xe9,0xeb,0xe9,0xe9,0xe5,0xe5,0xe5,0xe5,0xcc,0xc8,0xc8,0xcd,0xe2,0xe2,0xcd,0xcd,0xcd,0xcd,0xcd,0xc8,0xc5,0xce,
  0xc8,0xcd,0xbe,0x81,0xcd,0xcd,0xe5,0xe5,0xcd,0xce,0xce,0xcd,0xcd,0xcd,0xcd,0xcd,0xcd,0xcd,0xcd,0xe2,0xe2,0xe2,0xc8,0xc8,
  0xbd,0xb5,0xc8,0xc8,0xbd,0xb7,0xbd,0xbe,0xbe,0xb5,0xb9,0xbe,0xbe,0xb7,0xb7,0xbe,0xc5,0xbe,0xbe,0xb7,0xbe,0xbe,0xbe,0xb1,
  0xb3,0xb5,0xbe,0xbe,0xb5,0xbe,0xbd,0xb7,0xb5,0xbd,0xbd,0xbe,0xc5,0xbe,0xb7,0xc5,0xc6,0xbe,0xa8,0xbe,0xbe,0xc5,0xc5,0xcd,
  0x36,0xfc,0xf8,0xf8,0xfb,0xf8,0xde,0xde,0x78,0x75,0x78,0x75,0x71,0x65,0x65,0x63,0x64,0x78,0xdf,0x65,0x75,0x78,0x78,0x75,
  0xf8,0xfb,0xfb,0xfb,0xfb,0xfb,0xfb,0xf8,0xf8,0xfb,0xfb,0xfb,0xf8,0xf5,0x78,0x1d,0x1c,0x65,0xde,0xf8,0xfb,0xfb,0x76,0x74,
  0xf8,0xf8,0xf5,0xf8,0xf8,0xfb,0xf5,0x64,0x36,0xdf,0xde,0xf7,0xf8,0xfd,0xf3,0xf7,0xf7,0xfb,0xfd,0xfc,0xfd,0xfc,0xfc,0xfb,
  0xfd,0xfd,0xfc,0xfc,0xfc,0xfc,0xf3,0x70,0xfc,0xf7,0xd6,0xd6,0xd6,0xd6,0xda,0xee,0x6c,0x6d,0xd6,0xda,0x70,0xed,0xfc,0xfe,
  0xfc,0xfc,0xfd,0xfe,0xfd,0xfd,0xfd,0xf3,0xf9,0xfa,0xec,0xda,0xd2,0xed,0xfa,0xfd,0xff,0x69,0x36,0xfc,0xfd,0xfd,0xfc,0x67,
  0x6a,0xfd,0xf9,0xf0,0x69,0x5c,0x4d,0x4b,0x28,0xcf,0x5f,0x5a,0xc2,0x5c,0x5c,0x5c,0xd4,0x37,0x4d,0x37,0x5c,0x5c,0x37,0x37,
  0x5c,0x5c,0x5c,0x5b,0x5a,0x39,0x66,0xd8,0xda,0x6c,0xd1,0xdb,0x69,0x69,0x70,0xd2,0xe9,0xef,0xe8,0xe7,0xe5,0xf0,0xe9,0xef,
  0xf1,0xef,0xe4,0xf0,0x69,0xfd,0xfe,0xf0,0xf1,0xf0,0xf1,0xf1,0xe9,0xe9,0xe9,0xeb,0xf0,0xf0,0xf0,0xeb,0xf0,0xf1,0xf1,0xf1,
  0xf1,0xf1,0xf0,0xf1,0xe9,0xeb,0xf1,0xeb,0xf0,0xeb,0xeb,0xf0,0xf0,0xf1,0xf1,0xf0,0xf1,0xf0,0xf0,0xf0,0xf0,0xeb,0xe5,0xe5,
  0xb7,0xe2,0xe5,0xe2,0xe5,0xe5,0xe9,0xeb,0xe9,0xe5,0xe9,0xe9,0xe5,0xe2,0xe2,0xe9,0xe9,0xe9,0xcd,0xc8,0xce,0xcd,0xcd,0xcd,
  0xe2,0xcd,0xce,0xc8,0xc8,0xc8,0xc5,0xc5,0xc8,0xc8,0xe7,0x52,0x58,0xe5,0xcd,0xcd,0xcd,0xce,0xc8,0xcd,0xcd,0xcd,0xe2,0xe2,
  0xcd,0xc8,0xce,0xcd,0xc8,0xae,0xbd,0xe5,0xe5,0xb7,0xc6,0xbe,0xc8,0xbd,0xbe,0xb5,0xbe,0xc5,0xc5,0xc5,0xb7,0xb7,0xb8,0xbe,
  0xc5,0xbe,0xbe,0xbe,0xbe,0xbd,0xbe,0xb7,0xb7,0xb9,0xbe,0xbe,0xbe,0xbe,0xb9,0xb7,0xc6,0xc5,0xbe,0xbe,0xbe,0xbe,0xbe,0xc5,
  0xbe,0xbe,0xbe,0xbe,0xbe,0xc5,0xce,0xc5,0x36,0x38,0xfd,0xf8,0xde,0xde,0xdf,0x79,0xf5,0xde,0x75,0x73,0x72,0x73,0x71,0x63,
  0x64,0xfb,0xf8,0x75,0x63,0x74,0x74,0x79,0xfb,0xfb,0xf5,0xf8,0xfb,0xfb,0xf8,0xfb,0xf8,0xf8,0xfb,0xfb,0xf8,0xf8,0xdf,0x24,
  0x1f,0x71,0xf6,0xfb,0xfb,0xfb,0xfb,0xfb,0xf8,0xfb,0xfb,0xde,0xde,0xde,0x71,0xde,0xf8,0x78,0xf5,0xfb,0xf3,0xf7,0xfc,0xf7,
  0xf7,0xfd,0xfc,0xfc,0xff,0xfd,0xfc,0xfe,0xfd,0xfb,0xfd,0xfc,0xfd,0xfc,0xec,0xf7,0xfc,0xf9,0xda,0xd7,0xec,0xdb,0xd6,0xda,
  0xfc,0x36,0x36,0xdb,0xf3,0x69,0x36,0xfd,0xf7,0xf7,0xfc,0xfd,0xfe,0xfd,0xfc,0xf9,0xec,0xf3,0xfc,0xf3,0xda,0xda,0xfd,0xfe,
  0xfe,0xf7,0xd7,0x4d,0xf4,0xfd,0xf9,0xee,0xd6,0xd2,0xe8,0xee,0x37,0x33,0x5a,0xda,0x6a,0x5c,0x5c,0x5c,0x6e,0x37,0x30,0x5c,
  0x5a,0x33,0x4d,0x4d,0x5a,0x5b,0x5b,0x4d,0x5d,0x6a,0x6a,0x6c,0x39,0x5c,0xcf,0xd2,0xd9,0x6a,0x28,0xf3,0xa4,0x69,0xe8,0xeb,
  0xe8,0xe8,0xe7,0xec,0xe8,0xef,0xee,0xee,0xf0,0xf0,0xf1,0xeb,0xe0,0xfd,0xf1,0xcd,0xf0,0xe9,0xe5,0xf1,0xeb,0xeb,0xf0,0xf1,
  0xe5,0xf1,0xf1,0xe5,0xf0,0xf1,0xf1,0xf1,0xf1,0xf0,0xf1,0xf1,0xeb,0xe9,0xf1,0xeb,0xf0,0xf0,0xf0,0xf0,0xf1,0xf1,0xf0,0xeb,
  0xf0,0xeb,0xeb,0xf1,0xf0,0xeb,0xf0,0xcd,0x8a,0xe5,0xe5,0xeb,0xe5,0xe9,0xe9,0xe9,0xe2,0xe5,0xcc,0xe2,0xe2,0xe2,0xcd,0xe5,
  0xe9,0xe5,0xe5,0xe2,0xcd,0xcd,0xc8,0xcd,0xcd,0xcd,0xc8,0xc8,0xc6,0xc5,0xc5,0xc4,0xc6,0xc5,0xce,0xab,0xb7,0xc5,0xc8,0xcd,
  0xcc,0xc8,0xc8,0xc8,0xc8,0xe2,0xe2,0xe5,0xe2,0xcd,0xcd,0xcd,0xbe,0x9a,0xcd,0xcd,0xcd,0xe5,0xe2,0xb5,0xb5,0xbe,0xbe,0xbe,
  0xbd,0xbe,0xb5,0xbe,0xbe,0xbd,0xbd,0xbe,0xb5,0xbe,0xbe,0xb7,0xb7,0xb7,0xbe,0xb7,0xb5,0xbe,0xbe,0xb5,0xb7,0xbe,0xb9,0xc5,
  0xbe,0xb9,0xb5,0xb7,0xbe,0xbd,0xc5,0xc4,0xbd,0xc5,0xc5,0xc5,0xbd,0xc8,0xc5,0xce,0xfb,0x70,0x6d,0x6a,0xf8,0x72,0x73,0x75,
  0xdf,0x78,0x73,0x74,0x73,0x74,0x63,0x35,0x75,0xde,0xde,0xde,0x64,0x29,0x35,0xdf,0xfb,0xfb,0xf5,0xf8,0xf8,0xf8,0x78,0xf5,
  0xfb,0xf8,0xfb,0xf8,0xfb,0xfb,0xfb,0xdf,0x78,0xf8,0xf8,0xf8,0xfb,0xfb,0xfd,0xfd,0xfd,0xfd,0xfb,0xdf,0xf8,0xf8,0xf8,0xfc,
  0xf3,0xde,0xfc,0xfd,0xfc,0xfc,0xfd,0xfc,0xf7,0xf3,0xfc,0xfb,0xfb,0xfc,0xfd,0xff,0xfc,0xfc,0xfd,0xfd,0xfc,0xed,0xda,0xf9,
  0xf7,0xf7,0xd7,0xda,0xf7,0x27,0x24,0xd5,0xd6,0xda,0xec,0xf7,0xee,0xda,0x69,0xed,0xda,0xf9,0xf7,0xfd,0xfe,0xfe,0xfc,0x6f,
  0xfd,0xf7,0xfc,0xee,0xf3,0x69,0x36,0xfa,0xfe,0xfd,0xda,0x37,0xd8,0xf9,0xfa,0xec,0xec,0xd6,0x6a,0x70,0x28,0x24,0x5a,0xe8,
  0xdb,0x53,0x37,0xdb,0x37,0x28,0x5a,0x5d,0x4d,0x5a,0x33,0x5a,0x5a,0x5c,0x67,0x5c,0x61,0x6c,0xc4,0xd4,0x6a,0xc1,0xd0,0x6d,
  0xd4,0xd1,0x37,0x70,0xf7,0xe8,0xec,0xef,0xef,0xee,0xd8,0xd8,0xe8,0xee,0xe8,0xe9,0xf0,0xfd,0xfd,0xf0,0xeb,0xf1,0xf0,0xe7,
  0xe5,0xe9,0xe5,0xe9,0xeb,0xf0,0xf0,0xf0,0xf1,0xf1,0xe2,0xe6,0xf1,0xeb,0xeb,0xe2,0xf1,0xf1,0xf1,0xf1,0xf1,0xf1,0xf1,0xf0,
  0xf0,0xeb,0xc6,0xe9,0xf1,0xf1,0xf1,0xf1,0xeb,0xe9,0xe9,0xe9,0xeb,0xe9,0xf1,0xeb,0xf0,0xf1,0xf1,0xf0,0xeb,0xeb,0xeb,0xeb,
  0xe2,0xbd,0xcc,0xe2,0xe5,0xe9,0xe5,0xe5,0xe5,0xe5,0xe2,0xcd,0xc8,0xc8,0xc8,0xcd,0xcd,0xcd,0xc8,0xc6,0xc8,0xc6,0xc6,0xc5,
  0xc4,0xad,0xc6,0xcd,0xe2,0xc8,0xce,0xcd,0xc8,0xcd,0xc8,0xc8,0xcd,0xe2,0xe5,0xe2,0xe2,0xe2,0xcd,0xcd,0xc8,0xae,0xcd,0xe5,
  0xe2,0xe7,0xbf,0x98,0xb0,0xa8,0xa8,0xc5,0xb5,0xb5,0xbe,0xbe,0xbe,0xbe,0xc4,0xb9,0xb5,0xbe,0xbe,0xb9,0xb5,0xb5,0xb7,0xbe,
  0xa6,0xa4,0xbe,0xb8,0xb9,0xc5,0xc4,0xbe,0xb5,0xbe,0xbe,0xbe,0xbd,0xb7,0xb9,0xbe,0xc5,0xbe,0xbd,0xbe,0xc5,0xc5,0xc5,0xd4,
  0xfb,0xff,0xed,0xfa,0x36,0x28,0x38,0x63,0x71,0x74,0x34,0x65,0xf5,0x78,0x65,0x63,0x74,0xde,0xde,0xf5,0x35,0x28,0x79,0xde,
  0xf8,0xde,0x74,0xde,0xf3,0xde,0xf5,0x79,0xfd,0xfb,0xfb,0xfd,0xfd,0xfd,0xfd,0xf6,0xf5,0xf8,0xf8,0x78,0xf5,0xf8,0xfd,0xfb,
  0xfb,0xfb,0xf5,0x63,0xf8,0xfb,0xfb,0xfb,0xfb,0x78,0xde,0xf3,0xfd,0xfc,0xdc,0xf3,0xfc,0xf3,0xfc,0xfc,0xf7,0xff,0xfd,0xfc,
  0xfd,0xfc,0xfc,0xfc,0xf7,0xf3,0xf7,0xec,0x70,0xda,0x27,0x6c,0xec,0x37,0x28,0xd5,0xd1,0xd6,0x70,0xda,0xee,0xda,0xec,0xec,
  0x6a,0xf7,0xda,0xfe,0xda,0xf3,0xda,0xfd,0xfc,0xfc,0xfc,0xda,0xec,0xda,0x27,0xe9,0xfe,0xfe,0xf9,0xf9,0xee,0xef,0xff,0x5c,
  0x70,0xfa,0xd2,0xd2,0xcf,0x26,0x37,0xec,0x6c,0x5c,0x37,0x67,0x28,0x4b,0x5d,0x37,0x33,0x5a,0x4c,0x4d,0x5a,0x5d,0x6a,0x67,
  0xd2,0xd8,0xda,0xd2,0x5d,0x6a,0x67,0x6a,0xd1,0x6a,0x67,0x69,0x27,0xd4,0xe7,0xf0,0xee,0xda,0xd8,0xd8,0xe8,0xe8,0xee,0xc5,
  0xf0,0xfd,0xf0,0xf0,0xf1,0xf1,0xe9,0x95,0xc5,0xe7,0xf1,0xe9,0xeb,0xf1,0xf1,0xf1,0xf1,0xf1,0xe2,0xe5,0xe9,0xf0,0xcc,0xc8,
  0xf1,0xeb,0xf1,0xf1,0xeb,0xeb,0xf1,0xeb,0xe2,0xe5,0xcc,0xe5,0xf0,0xf1,0xf1,0xf1,0xeb,0xe9,0xe5,0xe5,0xe9,0xe9,0xeb,0xe2,
  0xe9,0xf0,0xf0,0xf0,0xf0,0xf0,0xf0,0xf0,0xe9,0xcd,0x97,0xbd,0xe5,0xe5,0xe9,0xe5,0xce,0xc8,0xcd,0xcd,0xbe,0xbe,0xc6,0xcd,
  0xcd,0xcd,0xc6,0xad,0xc6,0xc6,0xc6,0xc4,0xaa,0x59,0xc5,0xc6,0xc8,0xcd,0xc5,0xc4,0xce,0xc5,0xc1,0xcd,0xcd,0xcd,0xcd,0xcd,
  0xcd,0xcd,0xcd,0xc8,0xc8,0xcc,0xc8,0xcd,0xc8,0xbd,0xbd,0xb5,0xa9,0x97,0xbe,0xbd,0xbe,0xbe,0xc5,0xbe,0xb7,0xb5,0xbe,0xbe,
  0xc5,0xbe,0xbe,0xb5,0xbe,0xc5,0xbe,0xbe,0xbe,0xc5,0xc4,0xbe,0xc5,0xbe,0xbe,0xbe,0xbe,0xb5,0xb7,0xbe,0xb5,0xbe,0xbd,0xbe,
  0xbe,0xb9,0xbe,0xbd,0xbe,0xce,0xce,0xce,0xfb,0xf8,0xfb,0xff,0xc7,0x69,0x34,0x62,0x63,0x74,0x35,0x64,0x78,0x75,0x74,0x73,
  0x73,0x74,0x74,0x72,0xfb,0xff,0xfb,0x63,0x72,0x78,0xfb,0xf8,0xf5,0x78,0xfb,0xfb,0xf5,0xf2,0xfb,0xfb,0xf8,0xf8,0xfb,0xfb,
  0xfb,0xfb,0xfb,0xf8,0xf5,0xfb,0xfb,0xfd,0xfb,0xf7,0xfd,0xf4,0xfb,0xf8,0xf8,0xfd,0xf5,0xf3,0xde,0x78,0xf7,0xf7,0xed,0xf3,
  0xed,0xf7,0xf7,0xed,0xed,0xfc,0xf7,0xfc,0xff,0xff,0xfc,0xfc,0xfc,0xed,0xf3,0xf7,0x70,0x6a,0x5c,0xda,0xd8,0xd7,0x5c,0x6a,
  0xd2,0xda,0xda,0x70,0x6a,0x67,0x6a,0xee,0xd7,0x6f,0xf7,0xfc,0xed,0xf3,0xdc,0xf7,0xf9,0xfd,0xfd,0xf7,0xf9,0xee,0xff,0xff,
  0xfd,0xf9,0xfc,0xfa,0xf7,0xee,0xec,0x70,0xfa,0xef,0xda,0xec,0xda,0xd2,0xec,0x6c,0xc2,0x5c,0x24,0x4c,0x4a,0x4b,0x53,0x37,
  0x5a,0x4d,0x5a,0x32,0x5a,0x5c,0x67,0x6a,0xd9,0xec,0xe8,0xd8,0x6a,0x4d,0x5c,0xd0,0x67,0x67,0xdb,0xb3,0x27,0xd4,0xe8,0xe9,
  0xda,0xd8,0xd9,0xd2,0xd8,0xe8,0xf0,0xe8,0xfd,0xf0,0xf1,0xe5,0xf1,0xf1,0xc7,0x3f,0xc5,0x60,0xad,0xe7,0xe9,0xf1,0xf1,0xf0,
  0xf1,0xf1,0xf0,0xf1,0xf0,0xf1,0xe2,0xe2,0xf1,0xf0,0xf1,0xf1,0xf1,0xe9,0xcd,0xc8,0xcd,0xe9,0xe7,0xe9,0xeb,0xf0,0xf0,0xe9,
  0xe5,0xe5,0xe2,0xe7,0xe9,0xeb,0xe9,0xeb,0xe9,0xe9,0xe9,0xe5,0xe2,0xcc,0xe5,0xeb,0xf0,0xf0,0xbe,0xc8,0xe5,0xcd,0xe5,0xe7,
  0xcd,0xc6,0xb7,0xb9,0xb9,0xad,0xbe,0xbe,0xc8,0xc6,0xbe,0xc5,0xc5,0xc6,0xc6,0xaa,0x60,0xc1,0xc4,0xc5,0xc5,0xc5,0xc6,0xc6,
  0xc5,0xac,0xc6,0xce,0xcd,0xcd,0xc8,0xc6,0xc6,0xc8,0xc8,0xcd,0xcc,0xcd,0xcd,0xe2,0xe2,0xb5,0x96,0x96,0xa8,0xb7,0xbe,0xbe,
  0xc5,0xb7,0xb7,0xbe,0xbe,0xbe,0xbe,0xc6,0xb9,0xbe,0xc5,0xbe,0xb5,0xbe,0xbe,0xb5,0xc6,0xbe,0xb5,0xbe,0xbe,0xbe,0xb5,0xb5,
  0xbe,0xb5,0xbe,0xb9,0xc4,0xbe,0xbe,0xbe,0xbd,0xbd,0xbe,0xbe,0xb7,0xce,0xc5,0xce,0xf8,0xf8,0xf8,0xfb,0xf8,0xdf,0x35,0x63,
  0x71,0x74,0x74,0x75,0x75,0x79,0x75,0x75,0x72,0x72,0x73,0xde,0xf6,0xfb,0xfb,0xf6,0x76,0xf2,0xfb,0xf8,0xf8,0xfb,0xde,0xde,
  0xf8,0xfb,0xfb,0xf8,0xf8,0xf8,0xfb,0xfb,0xfb,0xf8,0xfb,0xfb,0xfb,0xfb,0xfb,0xfb,0xfb,0xf8,0xfb,0xfd,0xfb,0xfd,0xff,0xfc,
  0xf8,0xfb,0xfc,0xf8,0xf3,0xf5,0xdc,0xf3,0xda,0xec,0xf3,0x6e,0x75,0xda,0xfc,0xfc,0xfd,0xfd,0xfc,0xfc,0xfc,0xfc,0xf7,0xda,
  0x70,0xd6,0x70,0xec,0xec,0xda,0x6c,0xda,0x6e,0xcf,0x6c,0xd2,0xf3,0xec,0x67,0xd6,0xd0,0x6a,0xec,0xda,0xdb,0xd6,0xda,0xfc,
  0xfe,0xfd,0xfc,0xf3,0xec,0xf9,0xfd,0xf9,0xfa,0xee,0xfa,0xfa,0xfa,0xd8,0xd8,0x67,0xfe,0xfe,0xd8,0xd2,0xd4,0xd2,0x6c,0x67,
  0xd2,0x6a,0x28,0x24,0x32,0x4d,0x5a,0x37,0x37,0x5a,0x4d,0x35,0x32,0x5a,0x5c,0x67,0xd8,0xec,0xe9,0x67,0x5a,0x67,0x70,0xcf,
  0x6c,0xd1,0xda,0xf9,0xf7,0xd8,0xda,0xda,0xd9,0xd2,0xd0,0xd0,0xdb,0xfe,0xfa,0xef,0xfd,0xf0,0xf0,0xfe,0xe0,0xe0,0xfd,0xfa,
  0xe9,0xe5,0xc2,0xce,0xeb,0xf0,0xe9,0xf0,0xf1,0xf1,0xf1,0xf1,0xf1,0xeb,0xf1,0xf1,0xe9,0xf0,0xf1,0xf0,0xeb,0xe5,0xe2,0xe9,
  0xeb,0xf0,0xf0,0xf0,0xe9,0xe9,0xe2,0xe2,0xcd,0xcd,0xc8,0xe2,0xe5,0xe7,0xeb,0xf0,0xeb,0xe9,0xe5,0xcd,0xae,0xa9,0xc8,0xe5,
  0xe9,0xe9,0xeb,0xe5,0xc8,0xc8,0xc8,0xc8,0xc8,0xc8,0xaa,0xa2,0xae,0xac,0xb9,0xb9,0xbe,0xc6,0xc6,0xc6,0xc6,0xbe,0xad,0xc5,
  0xc3,0xc1,0xc3,0xc5,0xc8,0xc4,0xc6,0xcd,0xc5,0xce,0xc8,0xc8,0xcd,0xc6,0xc8,0xbe,0xbe,0xc8,0xc8,0xc6,0xc8,0xcd,0xc8,0xc8,
  0xc8,0x95,0x94,0xb7,0xb5,0xb7,0xb5,0xc5,0xb7,0xb5,0xbe,0xbe,0xbe,0xc4,0xb7,0xbe,0xbe,0xb9,0xc5,0xbe,0xbd,0xbe,0xbd,0xbe,
  0xbe,0xb9,0xbd,0xb8,0xbe,0xb7,0xbe,0xbd,0xb5,0xbe,0xc6,0xb9,0xbe,0xbe,0xb5,0xb5,0xbe,0xbe,0xbd,0xbe,0xbe,0xc5,0xc5,0xc5,
  0x79,0xf5,0xde,0xde,0x75,0x71,0x74,0x29,0x64,0x78,0xde,0x79,0x71,0x75,0x71,0x63,0x65,0x75,0x75,0xf5,0xfb,0xfb,0xfb,0xfb,
  0xfb,0xf8,0xf8,0xfb,0xfb,0xf5,0xf8,0xfb,0xfb,0xfb,0xf8,0xf8,0xf8,0xfb,0xfb,0xfb,0xfb,0xfb,0xfb,0xfb,0xfb,0xfb,0xfb,0xf8,
  0xfb,0xfb,0xfb,0xfd,0xfb,0xfb,0xfd,0xfb,0xfd,0xf8,0xf5,0xf7,0xfc,0xed,0xf7,0xed,0xda,0xee,0xec,0x70,0xdb,0xf3,0xfc,0xfe,
  0xfc,0xfc,0xfe,0xfc,0xf9,0xfc,0xfc,0xda,0x70,0xd7,0xd6,0xf3,0xf3,0xd6,0xf7,0xfb,0xda,0xd2,0xd0,0x6c,0xf3,0xec,0xdb,0x67,
  0x5c,0x70,0xf3,0xdb,0xda,0x6c,0x6a,0x70,0xfd,0xfe,0xf9,0xda,0xf7,0xfc,0xf9,0xf7,0xf7,0xf7,0xfe,0xfa,0xf9,0xef,0xe8,0xd9,
  0xfd,0xfd,0xdb,0x37,0x36,0xd0,0x37,0x5d,0xd0,0x6a,0x61,0x28,0x5a,0x5a,0x35,0x5a,0xc2,0x5c,0x5a,0x4d,0x32,0x5a,0x5c,0x6a,
  0xda,0xe8,0x6c,0x5c,0x5a,0xda,0xd2,0x6a,0xda,0x67,0x70,0xee,0x6c,0x6a,0xda,0xd2,0xd2,0x6a,0x6a,0x70,0xee,0xfd,0xfa,0xf9,
  0xfe,0xf1,0xf1,0xf1,0xe0,0xe4,0xeb,0xeb,0xe5,0xe9,0xe9,0xe9,0xe5,0x5c,0xf0,0xf0,0xe5,0xf1,0xf1,0xf1,0xf1,0xeb,0xf0,0xf1,
  0xeb,0xeb,0xeb,0xeb,0x57,0xb5,0xeb,0xeb,0xf0,0xf1,0xf1,0xe9,0xeb,0xe9,0xe5,0xc6,0xc8,0xc6,0xcd,0xeb,0xe5,0xbd,0xe5,0xe9,
  0xe5,0xe9,0xe5,0xcd,0xcd,0xc8,0xb7,0xe5,0xe5,0xe9,0xe9,0xe5,0xc6,0xc8,0xc5,0xac,0xc8,0xbe,0xae,0xb9,0xb9,0xbe,0xbe,0xc5,
  0xad,0xc5,0xc5,0xc5,0xc6,0xc3,0xac,0xc5,0xc3,0xc1,0xac,0xc4,0xc6,0xc8,0xcd,0xb9,0xc4,0xce,0xce,0xc6,0xc8,0xc6,0xc6,0xbe,
  0xc8,0xc8,0xc8,0xc6,0xbd,0xbd,0xc8,0xc8,0xc6,0xa9,0x98,0xa8,0xb7,0x94,0xa9,0xbd,0xb5,0xb5,0xbe,0xbe,0xbd,0xbe,0xbe,0xbe,
  0xbe,0xb9,0xc4,0xb5,0xbe,0xb5,0xc5,0xc6,0xbe,0xb7,0xbe,0xbd,0xc5,0xb5,0xb7,0xbd,0xbe,0xbe,0xbe,0xbe,0xbe,0xbe,0xc6,0xc6,
  0xbe,0xb7,0xbe,0xc6,0xc5,0xc5,0xc5,0xc8,0xde,0x78,0x72,0x75,0x65,0x65,0x38,0x28,0x78,0x75,0x74,0x78,0x75,0xf5,0x75,0x74,
  0xf5,0x72,0xde,0x6f,0x38,0xde,0xfb,0xf8,0xfb,0xf8,0xfb,0xfb,0xf8,0xfb,0xfb,0xfb,0xf8,0xf8,0xfb,0xf8,0xf8,0xfb,0xfd,0xfb,
  0xfb,0xfb,0xfb,0xfb,0xf8,0xfb,0xfb,0xf8,0xfb,0xfb,0xfb,0xfb,0xfb,0xfb,0xfb,0xf5,0xfb,0xfc,0xf8,0xf3,0xf5,0xda,0xf3,0xda,
  0xda,0xda,0x6e,0x73,0x6e,0xfc,0xfc,0xfc,0xfc,0xfc,0xfd,0xfd,0xfc,0xf7,0xec,0xec,0x70,0xd6,0xd6,0xec,0xda,0xed,0xfc,0xf9,
  0xec,0xda,0xdb,0xda,0xe8,0xee,0xfc,0x6a,0xcf,0xda,0xf3,0xda,0x6a,0xd2,0xcf,0xd0,0xf9,0xfd,0x6c,0xec,0xec,0xed,0xfc,0xf3,
  0xf3,0xfa,0xfa,0xf0,0xf9,0xfd,0xee,0xda,0xef,0xd8,0xdb,0x69,0x37,0x5d,0x5c,0x61,0x67,0x5d,0x6a,0x5d,0x28,0x4d,0x5a,0x5a,
  0x37,0x5a,0x5c,0x5c,0x5c,0x37,0x37,0xc1,0x6a,0x67,0x6a,0xda,0x68,0x70,0xee,0xda,0xda,0xd0,0xd7,0x67,0x5a,0x67,0xee,0xc2,
  0x6a,0xd4,0xd2,0xf0,0xf0,0xfd,0xfa,0xf0,0xf1,0xfd,0xfd,0xda,0xe9,0xf0,0xeb,0xeb,0xd2,0xe9,0xe9,0xe5,0xe5,0xc4,0xe7,0xe5,
  0xcd,0xeb,0xf1,0xf0,0xf1,0xf0,0xf0,0xeb,0xf0,0xeb,0xe9,0xc8,0xbd,0xcc,0xf0,0xf1,0xeb,0xe9,0xf0,0xeb,0xe9,0xe9,0xe5,0xc6,
  0xbe,0xb9,0xcd,0xe2,0xbd,0x82,0xbd,0xe2,0xcd,0xcd,0xcd,0xe5,0xe5,0xe5,0xc8,0xc6,0xe5,0xe5,0xe9,0xe9,0xce,0xc5,0xad,0xc2,
  0xc5,0xac,0xad,0xbd,0xb9,0xae,0xad,0xa3,0x9c,0xc2,0xc4,0xc5,0xc5,0xc2,0xc1,0xc4,0xc5,0xc4,0xc3,0xc3,0xc4,0xc6,0xc5,0xc3,
  0xc5,0xc5,0xce,0xce,0xcd,0xae,0xc5,0xbe,0xc8,0xc6,0xbe,0xbd,0xbd,0xbe,0xc8,0xc8,0xbd,0xa9,0xa8,0xb5,0x96,0x96,0xb9,0xc5,
  0xb7,0xb5,0xbe,0xbe,0xbe,0xb8,0xb5,0xbe,0xbe,0xbe,0xbe,0xbe,0xc4,0xbe,0xb5,0xb9,0xbd,0xb5,0xbe,0xb5,0xbe,0xb9,0xbe,0xbe,
  0xb5,0xb5,0xbe,0xbe,0xa7,0xc5,0xc4,0xbe,0xb5,0xbe,0xbe,0xbe,0xb5,0xc8,0xc8,0xc5,0xf8,0x78,0x73,0x71,0x65,0x74,0x63,0x65,
  0x72,0x65,0x75,0xf5,0x79,0x79,0xf8,0xf5,0xf5,0xf8,0x38,0x21,0x6d,0xdf,0xf8,0xf8,0xf8,0xfb,0xfd,0xfb,0xfb,0xfb,0xfb,0xfb,
  0xfb,0xf8,0xf8,0xf8,0xf8,0xfb,0xfb,0xf8,0xfb,0xf8,0xf8,0xf8,0xfd,0xf5,0xf5,0xfb,0xfb,0xfb,0xfb,0xf8,0xf8,0xfb,0xfb,0xfb,
  0xf8,0xfb,0xfb,0xfb,0xf3,0xf7,0xec,0xd6,0x6d,0x68,0x68,0x6f,0x76,0xfc,0xf7,0xfc,0xfb,0xf3,0xfc,0xfc,0xfd,0xdc,0xd7,0xda,
  0xd7,0x6a,0xda,0x70,0xda,0xf7,0xdd,0xda,0xf7,0xf3,0xda,0xee,0xfc,0xd8,0x69,0xdf,0xd6,0xdc,0xee,0xda,0xd5,0xd6,0x6c,0xec,
  0xfc,0xfd,0xfa,0xfc,0xf7,0xf9,0xf7,0xda,0xf9,0xee,0xee,0xef,0xe8,0xee,0xfa,0xda,0x6c,0xc4,0xd8,0xd9,0x67,0x5c,0x67,0x67,
  0x5d,0x5c,0x67,0x26,0x23,0x26,0x5a,0x37,0x5c,0x67,0x67,0x5c,0xc1,0x37,0x6a,0x5c,0x5c,0xd2,0x70,0xda,0xd0,0xed,0xda,0xec,
  0xe9,0x6c,0xd1,0x67,0xd1,0xd0,0x69,0xd2,0x5c,0xd1,0x67,0xe9,0xee,0xf0,0xef,0xe8,0xfd,0xfd,0xf1,0xda,0xf0,0xeb,0xe9,0xeb,
  0xe7,0xe7,0xc2,0xd9,0xc5,0xce,0xb9,0xce,0xe5,0xf1,0xf1,0xf1,0xf0,0xf1,0xf1,0xf1,0xf1,0xf0,0xe5,0xe2,0xe5,0xe9,0xe5,0xe2,
  0xe9,0xeb,0xe9,0xe9,0xcd,0xc8,0xe2,0xc8,0xb5,0xbd,0xbe,0xc6,0xbe,0xbd,0xe2,0xbe,0xcd,0xcc,0xe2,0xe9,0xe9,0xe5,0xcd,0xc6,
  0xcd,0xcc,0xe9,0xe9,0xcd,0xb9,0xad,0xc5,0xbe,0xc4,0xad,0xc6,0xc4,0xac,0xac,0xac,0x60,0xc2,0xc2,0xc3,0xbe,0xc3,0xc2,0xd0,
  0xc4,0xc5,0xc5,0xc5,0xc5,0xc8,0xc5,0xc6,0xce,0xce,0xcd,0xe2,0xa9,0xaa,0xc8,0xbe,0xc6,0xc6,0xad,0xa9,0x98,0xa8,0xbe,0xc8,
  0xbd,0xb7,0xb7,0xbd,0x94,0x94,0xbe,0xbe,0xb7,0xbd,0xbe,0xbe,0xbd,0xbe,0xbe,0xbd,0xbe,0xbe,0xb5,0xbe,0xb9,0xb7,0xbe,0xbe,
  0xbe,0xbd,0xc5,0xbe,0xbe,0xb5,0xbd,0xc6,0xbe,0xb5,0xbd,0xbe,0xba,0xbe,0xbe,0xbe,0xbe,0xbe,0xbe,0xbe,0xbd,0xce,0xc5,0xce,
  0xde,0xde,0x72,0x65,0x78,0x73,0x71,0x71,0x65,0x71,0x78,0x79,0x74,0x75,0xfb,0xf8,0xf8,0xf8,0x38,0x79,0xf8,0xf8,0xf5,0xf8,
  0xde,0xfb,0xde,0x74,0xfb,0xfb,0xfb,0xfb,0xf8,0xf8,0xf8,0xfb,0xfb,0xf8,0xfb,0xfb,0xfb,0xf8,0xfb,0xfb,0xfd,0xf5,0xf8,0xf8,
  0xfb,0xfb,0x78,0xf8,0xfb,0xf8,0xf8,0xfb,0xf8,0xfc,0xfb,0xf3,0xf7,0xfb,0xf7,0xda,0x63,0x63,0xd6,0xed,0xf3,0xed,0xf3,0x76,
  0xdc,0xf3,0xf7,0xf7,0xfc,0xfc,0xf7,0xec,0xda,0x70,0x67,0x6d,0x70,0x6f,0xd6,0xda,0xdc,0xed,0xf9,0xf7,0xe8,0xd8,0x69,0xf7,
  0x70,0x6a,0xda,0xda,0xda,0xec,0xdb,0xee,0xee,0xf9,0xfc,0xfd,0xfc,0xf7,0x70,0xd2,0xdb,0xda,0xfa,0xfa,0xec,0xda,0x70,0xda,
  0x69,0x6c,0x6c,0x67,0x27,0x37,0x5c,0x37,0x5c,0x5c,0x33,0x32,0x28,0x32,0x32,0x5a,0x6a,0x67,0x5a,0x5a,0x5c,0x5c,0xd2,0x5c,
  0xd2,0xd2,0xd2,0xd6,0xda,0xf3,0xd6,0xf7,0xec,0x6a,0xd2,0x67,0x5b,0x28,0x36,0xfd,0x70,0xd2,0xda,0xd2,0xd8,0xda,0xfa,0xe8,
  0xef,0xfd,0xe8,0xe8,0xe9,0xe5,0xe7,0xe9,0xe9,0xd0,0x60,0xd2,0xc4,0xc4,0xce,0xe5,0xc4,0xf1,0xeb,0xf1,0xf1,0xf1,0xf1,0xf1,
  0xf0,0xe7,0xe7,0xe2,0xc6,0xe2,0xef,0xc8,0xe9,0xe9,0xeb,0xe5,0xc8,0xbe,0xae,0xb7,0xae,0xb9,0xbe,0xc8,0xc6,0xe9,0xe5,0xc8,
  0xc8,0xcc,0xe5,0xe9,0xe5,0xe2,0xcd,0xcd,0xb7,0xcd,0xcd,0xe5,0xe2,0xc6,0xc4,0xc4,0xc2,0xc5,0x8c,0x8c,0xc4,0xa2,0x9f,0xc1,
  0xac,0xc4,0xc5,0xc3,0xc1,0xac,0xc0,0xc1,0xc3,0xad,0xad,0xc6,0xc8,0xc5,0xc4,0xc5,0xce,0xcd,0xcd,0xd9,0x86,0xaa,0xce,0xc5,
  0xc5,0xcd,0xc6,0xb7,0x9a,0xb7,0xc8,0xcd,0xbe,0x98,0xbe,0x98,0x47,0xa8,0xb7,0xbe,0xc5,0xc6,0xbe,0xbe,0xb5,0xbe,0xbe,0xb5,
  0xbe,0xbe,0xb9,0xbd,0xc5,0xbe,0xbe,0xb5,0xbe,0xc6,0xb3,0xab,0xbe,0xb9,0xbd,0xbe,0xb5,0xbe,0xbe,0xbe,0xbe,0xbe,0xbd,0xbe,
  0xbe,0xc5,0xb5,0xbe,0xbd,0xc5,0xc6,0xce,0x78,0x75,0x68,0x68,0x63,0x71,0x65,0x75,0x63,0x63,0xf8,0xf8,0xf8,0xf5,0xf5,0xf8,
  0xfb,0x75,0xdf,0xf8,0xf8,0xf8,0xf8,0xf8,0xf8,0xf8,0x79,0xf5,0xfb,0xf8,0xf8,0xf8,0xde,0xfb,0xfb,0xfb,0xfb,0xfb,0xfb,0xfb,
  0xfb,0xfb,0xfb,0xfd,0xf8,0xf8,0xfb,0xf8,0xf8,0xfb,0xde,0x78,0xf8,0xf8,0xf5,0xfb,0xfc,0xf8,0xf8,0xfb,0xf8,0xf3,0xda,0xdf,
  0x1d,0x1f,0xdf,0x76,0xf5,0xde,0xde,0x6e,0xdc,0xfc,0xf7,0xf3,0xf3,0xf7,0xf3,0xec,0xd7,0xdc,0x6e,0x6d,0xd6,0x76,0xda,0xdb,
  0xdc,0xf3,0xf9,0xec,0xf9,0xf3,0xf7,0xf3,0xda,0xda,0x6a,0xda,0xf7,0xec,0xec,0xdd,0xda,0xf3,0xf3,0xf9,0xfa,0xf9,0xed,0xd2,
  0xd6,0xf3,0xf9,0xef,0xf9,0xda,0x69,0xec,0x6a,0x67,0x5c,0x5c,0x28,0x28,0x5a,0x37,0x5d,0x5a,0x33,0x4d,0x4d,0x28,0x33,0x37,
  0x67,0x5a,0x4c,0x5a,0x5c,0x67,0xd2,0x5d,0xda,0xda,0xda,0x6a,0x70,0x37,0x67,0xdb,0xda,0xdb,0x70,0xda,0xcf,0x66,0xfd,0xfa,
  0xe8,0xd8,0xda,0x6a,0xda,0xf9,0xef,0xf1,0xfd,0xef,0xe8,0xdb,0xd4,0xe9,0xe5,0xd0,0xd4,0xd9,0xc2,0xc3,0xc5,0xc4,0xc3,0xe9,
  0xf1,0xf1,0xeb,0xf0,0xf0,0xf1,0xf1,0xf0,0xe9,0xe9,0xe9,0xc8,0xce,0xcd,0x47,0xe2,0xe9,0xe2,0xe9,0xe5,0xc8,0xb9,0x9a,0x9a,
  0x9a,0xae,0xbe,0xc8,0xcd,0xcd,0xc8,0xae,0xb7,0xe2,0xe5,0xe5,0xe5,0xe2,0xcd,0xc6,0xc6,0xc8,0xb9,0xcd,0xc8,0xc6,0xc6,0xb9,
  0xc4,0xad,0xaa,0x9e,0xad,0xad,0xc0,0xc4,0xc2,0xc3,0xc3,0xc1,0x9f,0x9f,0x9d,0x60,0x60,0xc1,0xc5,0xc6,0xc6,0xc4,0xc2,0xce,
  0xce,0xcd,0xcd,0xcd,0xc6,0xbe,0xcc,0xc8,0xc8,0xc8,0xc8,0xc8,0xb7,0xbe,0xc8,0xcd,0xb7,0x8a,0x96,0x8a,0x47,0xa8,0xa6,0xbe,
  0xbe,0xc5,0xbe,0xbe,0xb7,0xbe,0xbe,0xbe,0xbd,0xbe,0xb9,0xbd,0xc5,0xbe,0xc4,0xbe,0xbd,0xc5,0xba,0xb5,0xbe,0xbe,0xbe,0xbe,
  0xbe,0xc4,0xc5,0xbe,0xbe,0xbd,0xc6,0xbe,0xc6,0xbe,0xb7,0xb5,0xc6,0xc6,0xc5,0xc5,0x65,0x71,0x28,0x26,0x63,0x75,0x78,0xdf,
  0x38,0x39,0xf5,0xf5,0xf5,0xde,0xf8,0xf5,0xdf,0x72,0x79,0xde,0xf8,0xde,0xf8,0xf5,0xf5,0xde,0xf5,0xf8,0xf5,0xfb,0xf8,0xf8,
  0xfb,0xfb,0xf8,0xfb,0xfb,0xfb,0xfb,0xfb,0xfb,0xfb,0xfb,0xfb,0x75,0xf5,0xf8,0xf8,0xf8,0xf8,0xf3,0x79,0xf8,0xf8,0xf8,0xf8,
  0xfb,0xf7,0xfb,0xda,0xf3,0xf3,0xdc,0xdf,0x21,0x28,0x76,0xf5,0xf3,0xf5,0xf3,0xf3,0xf3,0xf3,0xf7,0xf3,0xf7,0xf3,0xda,0xda,
  0x6e,0x78,0x6d,0x74,0xdf,0x77,0x6d,0xdc,0xfc,0xfc,0xf3,0xec,0xf3,0xdb,0xec,0xed,0xda,0xda,0xec,0xda,0xda,0xda,0x6d,0x1c,
  0x5c,0x6e,0x5c,0xf7,0xec,0xee,0xee,0xf9,0xf3,0xf7,0xec,0xec,0xef,0xf9,0xec,0xd2,0x6c,0xd2,0xd2,0xc1,0x5c,0x4d,0x5a,0x5a,
  0x5c,0x5a,0x26,0x5a,0x37,0x28,0x4d,0x37,0x37,0x4d,0x5a,0x5a,0x6a,0xd2,0xd6,0xdb,0xec,0xec,0xda,0xed,0xda,0x37,0x67,0x66,
  0xd2,0x6c,0xda,0xee,0xee,0xda,0xee,0xee,0xd2,0x67,0xd6,0xdb,0xed,0xec,0xee,0xfd,0xe8,0x70,0xd2,0x6a,0xd7,0xe8,0xd2,0xd0,
  0xc4,0xe8,0xe8,0xc5,0xd9,0xd9,0xeb,0xf0,0xf0,0xc7,0xe7,0xae,0xe9,0xf1,0xf1,0xf0,0xf0,0xe9,0xe9,0xe9,0xe5,0x94,0x47,0xe2,
  0xbe,0xc8,0xe5,0xe5,0xc8,0xc5,0xa1,0xae,0xb9,0xc6,0xc8,0xc8,0xc8,0xc5,0xae,0xa7,0xbe,0xc8,0xc6,0xc8,0xe2,0xcc,0xce,0xcd,
  0xc8,0xc8,0xce,0xcd,0xc6,0xb9,0xb9,0xc6,0xcd,0xae,0xa9,0xaa,0xad,0xc1,0xc1,0xc1,0xc2,0xc1,0xc1,0x9f,0x9d,0x4f,0x51,0x9d,
  0x60,0xc4,0xc6,0xc5,0xc5,0xc4,0xd0,0xce,0xc5,0xc5,0xc6,0xc4,0xc5,0xc5,0xe2,0xe5,0xcd,0xc8,0xc8,0xc6,0xb5,0xbe,0xb7,0xb7,
  0x98,0x8a,0x8a,0x94,0xb7,0xa8,0xa8,0xc6,0xb5,0xb5,0xb7,0xbe,0xbe,0xc5,0xbe,0xc6,0xc6,0xbe,0xb5,0xb5,0xbd,0xbd,0xbe,0xb5,
  0xbe,0xc5,0xbd,0xbe,0xb9,0xb5,0xbe,0xbe,0xb5,0xbe,0xc5,0xc5,0xbe,0xb7,0xb7,0xb5,0xc6,0xb9,0xbe,0xbd,0xbe,0xc5,0xce,0xce,
  0x65,0x74,0x38,0x34,0x65,0x75,0xde,0xdf,0x78,0xf5,0xde,0xdf,0xdf,0xf5,0xf8,0xde,0x78,0xfb,0x79,0x65,0xfb,0xde,0xf8,0xf8,
  0xf5,0xf8,0xf8,0xf8,0xfb,0xf8,0xf8,0xfb,0xf5,0x70,0xf8,0xde,0xf8,0xf5,0xfb,0xfd,0xfb,0xfb,0xf8,0xfb,0xf8,0xfb,0xfb,0xf8,
  0xf8,0xf8,0xf8,0xf8,0xf8,0xf8,0xf8,0xf8,0xf8,0xfb,0xf8,0x64,0xf3,0xf8,0x79,0xd6,0x77,0xdf,0x79,0xf7,0xed,0xf5,0xde,0xf7,
  0x72,0x6d,0xf7,0xf3,0xfc,0xed,0xdc,0xed,0xdc,0xdf,0x36,0x21,0x6d,0x6a,0xd7,0xf3,0xf3,0xf7,0xf7,0xf3,0x6e,0x6a,0xf3,0xfb,
  0xda,0xec,0xec,0xee,0xda,0xda,0xd6,0x24,0x69,0xec,0xda,0xec,0xda,0xec,0xec,0xf9,0xf9,0x69,0xda,0xec,0x70,0xfe,0xed,0xda,
  0xe8,0x67,0xd8,0xda,0x6a,0x5c,0x37,0x61,0x5d,0x4d,0x5a,0xd8,0x5a,0x33,0x5a,0x67,0x5d,0x5c,0x67,0x5a,0x67,0xd6,0x69,0x27,
  0x70,0xda,0xda,0xf7,0xec,0xdb,0xd2,0x66,0x6a,0x6e,0x70,0xed,0xf0,0xef,0xec,0xdb,0xcf,0x66,0xd6,0xe8,0xef,0xf7,0xfe,0xfe,
  0x67,0x5c,0x67,0xdb,0xdb,0xd2,0x6a,0xc3,0xdb,0xe8,0xd8,0xd0,0xe7,0xeb,0xf1,0xeb,0xeb,0xc5,0xcd,0xe9,0xeb,0xf1,0xf1,0xf1,
  0xf1,0xf0,0xeb,0xf1,0xe9,0xb7,0xef,0xe2,0xae,0xc5,0xc5,0xc5,0xbd,0xb9,0xad,0xad,0xaa,0xc6,0xbe,0xb9,0xc8,0xc8,0xc6,0xc6,
  0xc6,0xcc,0xcd,0x97,0x99,0xae,0xce,0xbd,0xbd,0xcd,0xe2,0xaa,0xa0,0xae,0xbe,0xc8,0xc8,0xbe,0xc5,0xc5,0xb9,0xc3,0xc4,0xc1,
  0xc1,0xc1,0xc0,0x9f,0x50,0x4a,0x4a,0x50,0xc0,0xc2,0xc5,0xc5,0xc5,0xc3,0xac,0xc4,0xc5,0xc5,0xc5,0xc8,0xce,0xc6,0xc8,0xe5,
  0xe2,0xe5,0xe2,0xb7,0xb7,0xae,0xa9,0x9a,0x98,0xa8,0x57,0x94,0xa8,0xa8,0xb7,0xb9,0xbe,0xbe,0xc5,0xc5,0xc5,0xbe,0xbe,0xbe,
  0xbe,0xbe,0xc5,0xbe,0xbe,0xbe,0xc5,0xbd,0xbe,0xbe,0xb5,0xbe,0xc5,0xbe,0xc4,0xb5,0xbe,0xb5,0xb5,0xbe,0xc5,0xc5,0xb9,0xb7,
  0xb7,0xbd,0xbd,0xbe,0xbe,0xce,0xce,0xce,0x35,0x63,0x74,0x73,0x62,0x75,0xf5,0x75,0x79,0xde,0x79,0xde,0x78,0xdf,0xf8,0xf8,
  0xf8,0xfb,0xf8,0xf8,0xf8,0xf5,0xf8,0x79,0x6d,0xfb,0xf8,0xf8,0xf8,0xf8,0xf8,0xfb,0x75,0x78,0xde,0x75,0xf5,0xf5,0xfb,0xf8,
  0xfb,0xf8,0xf8,0xf8,0xfb,0xf8,0x75,0xf8,0xf8,0xf8,0xf8,0xf8,0xf8,0xf8,0xf8,0xf8,0xf8,0x78,0xf5,0xf8,0xf8,0xdf,0x79,0x79,
  0x6d,0x74,0xf8,0xf3,0xf5,0xf3,0xde,0xf5,0x77,0x75,0xf7,0xed,0xf5,0x79,0xed,0xf7,0xd7,0x78,0x6d,0x5c,0x71,0x75,0x6e,0x79,
  0xf7,0xf3,0xf7,0xed,0xf3,0xda,0x70,0x69,0xf7,0xf7,0xf3,0xf3,0xda,0xec,0x6c,0xdd,0xda,0xec,0xec,0xd6,0xda,0xf7,0xec,0xf3,
  0xf7,0x69,0xec,0xc7,0x69,0xf9,0xee,0xda,0x6c,0x5a,0x5c,0x70,0x67,0x4d,0x4d,0x5a,0x4d,0x5d,0xe8,0xe9,0x5c,0x4d,0x5c,0x67,
  0x6a,0x5c,0x61,0x5c,0x6a,0xd6,0x67,0x28,0xd6,0xd2,0xec,0xec,0xec,0xda,0xda,0xe8,0xec,0xee,0xed,0xda,0xee,0xef,0xda,0x6a,
  0x66,0x66,0x67,0xee,0xda,0xee,0xfd,0xec,0x5b,0x5a,0x70,0x36,0x70,0x66,0x5d,0xcf,0xdb,0x70,0xda,0xe8,0xda,0xf0,0xf1,0xf0,
  0xeb,0xf0,0xe9,0xeb,0xf0,0xf0,0xeb,0xf0,0xf1,0xf1,0xf1,0xf1,0xf0,0xef,0xe2,0xc8,0xc5,0xc8,0xc5,0xc5,0xc4,0xc5,0xc5,0xb9,
  0xae,0xa7,0xa0,0xad,0xe2,0xc8,0xc6,0xc5,0xc5,0xc6,0xcd,0x94,0x46,0xc5,0xb7,0xb7,0xae,0xc5,0xc8,0xc5,0xc4,0xc6,0xc8,0xc8,
  0xc6,0xc5,0xc4,0xb9,0xc2,0xc4,0xc5,0xc4,0xc3,0xc3,0x9f,0x9b,0x4a,0x1e,0x23,0x4a,0x9b,0xc0,0xc2,0xc4,0xcf,0xc1,0xc3,0xc5,
  0xce,0xc4,0xcd,0xcd,0xcd,0xc6,0xcd,0xe5,0xe2,0xcc,0xbe,0x98,0xbd,0xa8,0xa9,0x94,0xae,0x21,0x24,0xbe,0x98,0xb0,0xb5,0xb5,
  0xb5,0xbe,0xbd,0xc5,0xbe,0xbe,0xbe,0xb9,0xc5,0xb5,0xbe,0xbe,0xbe,0xb5,0xb9,0xbe,0xbe,0xbe,0xc5,0xbe,0xbe,0xbe,0xb9,0xbe,
  0xc5,0xc4,0xbe,0xbd,0xbd,0xbe,0xbe,0xc5,0xbe,0xb5,0xbe,0xc5,0xbe,0xc8,0xc5,0xc5,0x63,0x65,0x71,0x72,0x65,0xde,0xde,0x78,
  0x79,0x78,0x78,0x75,0x73,0x79,0xf5,0xf8,0xfb,0xfb,0xf8,0x71,0x78,0xde,0xdf,0x78,0x76,0xf8,0xf8,0xf3,0xf8,0xf8,0xf8,0xfb,
  0x79,0xf8,0x79,0x74,0xf8,0xfb,0xf5,0x79,0xf5,0xde,0xf8,0xf5,0xf8,0x79,0x68,0xde,0xf5,0xf8,0xf8,0xf8,0xf8,0xf8,0xf8,0xf5,
  0xde,0xdf,0xf8,0xf8,0xde,0x78,0xde,0xf3,0x78,0x75,0xf3,0xf5,0xf8,0xf3,0xde,0xf5,0xf5,0xdf,0xf5,0xde,0xdf,0xdf,0x79,0xd6,
  0x78,0x76,0x76,0x6d,0x6e,0x77,0x77,0x79,0xed,0xf7,0xf7,0xfc,0xfc,0xfc,0xd8,0x27,0xf9,0xda,0xda,0x6e,0xd2,0xec,0x70,0xf7,
  0xda,0xec,0xdb,0x67,0x6c,0xda,0xec,0xda,0xdb,0xda,0x27,0xda,0xe8,0xda,0xd2,0x6a,0x5d,0x6a,0x37,0x5d,0xc1,0x28,0x28,0x32,
  0xc1,0x6a,0x5c,0xd2,0x67,0x61,0x67,0x5c,0x5c,0x6a,0x67,0x5c,0xd6,0x28,0x5c,0xd6,0x67,0xda,0xec,0xda,0x6a,0xd4,0xda,0xec,
  0xee,0xf7,0xf7,0xda,0xda,0xe8,0x6a,0x67,0x6a,0x5a,0x34,0xdb,0xda,0xfd,0xee,0xd9,0xda,0xdb,0xda,0x27,0x70,0x5a,0x5a,0xcf,
  0xdb,0xda,0xee,0xe8,0xe8,0xeb,0xe9,0xe7,0xe5,0xe9,0xeb,0xf0,0xf0,0xe9,0xe9,0xeb,0xf0,0xf1,0xf1,0xe2,0xe5,0xe9,0xcd,0xc4,
  0xac,0xac,0x60,0xa2,0x5d,0xc4,0xc5,0xad,0xad,0xa0,0x8e,0xac,0xce,0xc8,0xbe,0xb7,0xad,0xbe,0xad,0xa7,0x53,0xac,0xa7,0xb5,
  0xb9,0xb9,0xc5,0xc6,0xc8,0xc5,0xc6,0xc5,0xc5,0xc5,0xc5,0xc5,0xc5,0xc2,0xc2,0xc5,0xc1,0x60,0x9d,0x4c,0x2f,0x1b,0x1b,0x29,
  0x51,0xc0,0xc1,0xc4,0xc4,0xc5,0xce,0xce,0xce,0xc5,0xc8,0xcd,0xe2,0xe2,0xcd,0xe2,0xe2,0xe2,0xbe,0xa8,0xa8,0xb7,0xb7,0xa6,
  0xa9,0x3f,0x46,0xa8,0x98,0x98,0xbe,0xc6,0xbe,0xbe,0xbd,0xb9,0xbe,0xbd,0xbe,0xbe,0xbd,0xbe,0xbd,0xbe,0xc6,0xbe,0xb9,0xbd,
  0xb9,0xbe,0xc6,0xbe,0xbd,0xbe,0xb5,0xb9,0xbe,0xbe,0xb9,0xb9,0xbe,0xbe,0xaf,0xb7,0xbe,0xbd,0xc5,0xbe,0xbe,0xc6,0xc5,0xce,
  0x34,0x71,0x73,0x65,0x71,0xf5,0xdf,0xde,0x75,0x75,0x75,0x78,0xde,0x74,0x75,0x78,0xfb,0xfd,0xfb,0x79,0xde,0x78,0x75,0xf5,
  0xf5,0xf8,0xf5,0x67,0xf8,0xf8,0xf8,0xf8,0xf8,0xf8,0xfb,0xf8,0xf8,0x78,0x78,0xf5,0xf5,0xf8,0xf5,0xf5,0xf5,0xf5,0xf8,0xf5,
  0xf5,0x6f,0x78,0xde,0xf8,0xf5,0xf5,0xf8,0x78,0xdf,0xf8,0xf8,0xf7,0xf7,0xf5,0xde,0xde,0xde,0xf5,0xde,0xf5,0xde,0xf5,0xde,
  0xde,0xde,0xde,0xf5,0x79,0xde,0xde,0x79,0x78,0x6d,0x5c,0x6e,0x75,0x6e,0xd6,0xed,0x77,0xf7,0xf7,0xfc,0xfd,0xfc,0xf3,0xdb,
  0xda,0xda,0x6c,0xd6,0xda,0xec,0x70,0xf3,0xda,0xdb,0xed,0x27,0x67,0xdb,0x69,0x70,0xd6,0x67,0x5c,0xd4,0xd8,0x6c,0x5c,0x6a,
  0x6a,0xd8,0x67,0x5a,0x5a,0x24,0x21,0x5a,0x5c,0x5c,0x5c,0x5a,0x4d,0x5a,0x5a,0x5c,0x5a,0x6c,0x6c,0xd2,0xd2,0x5c,0x5c,0x38,
  0xd2,0xef,0xda,0xda,0xd2,0x6c,0xd8,0xec,0xf0,0xfa,0xee,0xda,0xda,0xda,0xd2,0x5c,0x5c,0xcf,0x68,0x66,0xda,0xef,0xf9,0xfa,
  0xfd,0xfd,0xfa,0xd6,0x66,0x66,0x67,0xd6,0xd2,0xec,0xda,0xdb,0xd4,0xd9,0xce,0xe7,0xe5,0xe9,0xe9,0xf0,0xe9,0xe5,0xcd,0xe7,
  0xe9,0xeb,0xe7,0xce,0xce,0xe8,0xe5,0xc2,0xc2,0xc1,0xc1,0xc1,0xc1,0xc4,0xc4,0xc1,0xc3,0xc1,0xa0,0xa0,0xce,0xc6,0xbe,0xc4,
  0xae,0xb7,0xaa,0xaa,0xaa,0xae,0xbe,0xae,0xb9,0xc6,0xbe,0xc4,0xb9,0xac,0xc3,0xc3,0xc4,0xc5,0xc5,0xc5,0xc5,0xc4,0xc5,0xc5,
  0xc4,0xc1,0x60,0x9b,0x4c,0x2f,0x29,0x50,0x9f,0xc1,0xc5,0xc5,0xc5,0xc5,0xce,0xce,0xce,0xcc,0xcd,0xcd,0xcd,0xc8,0x9a,0xcc,
  0xce,0xe2,0xcd,0xb7,0xa9,0xbe,0xbd,0xa8,0xa9,0xa7,0x8b,0x92,0xa8,0xc6,0xbe,0xbe,0xbd,0xbe,0xc5,0xc5,0xbe,0xc6,0xb9,0xbe,
  0xbd,0xbe,0xbe,0xbe,0xbd,0xc6,0xc5,0xbd,0xb7,0xbe,0xbe,0xbe,0xc6,0xc4,0xb5,0xbe,0xb5,0xbe,0xbe,0xbe,0xbe,0xbe,0xab,0xc4,
  0xbe,0xb5,0xbe,0xbe,0xbe,0xc5,0xce,0xcd,0x62,0x73,0x65,0x65,0xf5,0x78,0x65,0x64,0x71,0x78,0x64,0x78,0xde,0xdf,0xde,0xf8,
  0xf5,0xf5,0xf8,0xf8,0xf5,0x79,0xf5,0xf5,0xde,0xf8,0x68,0x39,0xf5,0xde,0xf8,0xde,0xde,0xf8,0xf8,0xf8,0xf8,0x75,0x78,0xf5,
  0xf5,0xf5,0xf5,0xf5,0xde,0xde,0xf5,0xf5,0xde,0x67,0xf5,0xf5,0xde,0xde,0xf5,0x78,0x78,0xde,0xf8,0xfb,0xfc,0xf8,0xf5,0xde,
  0xde,0xde,0xde,0xde,0xde,0xdf,0xde,0xdf,0x78,0x79,0x79,0x79,0x79,0x78,0x77,0xde,0x78,0x64,0x39,0x6d,0x6e,0x6d,0x70,0xdc,
  0x78,0xdb,0xf7,0xfc,0xfc,0xf7,0xda,0xd6,0x5c,0x67,0xf3,0xf3,0xf3,0xdb,0xec,0x6c,0xda,0x67,0xd2,0xec,0xed,0xdb,0x69,0x36,
  0xd0,0x67,0x5d,0x67,0xd2,0xc4,0x5a,0x5a,0x67,0xd2,0x5d,0x26,0x26,0x28,0x5a,0x37,0x28,0x4d,0x67,0x5a,0x4d,0x4d,0x5a,0x5c,
  0x6a,0xd1,0x6a,0x6c,0x6c,0xda,0xdb,0x67,0x70,0xee,0xee,0xee,0xec,0xd2,0xda,0xe8,0xee,0xf7,0xda,0xda,0xf9,0xdb,0xd6,0x6a,
  0x6a,0xd6,0x68,0x67,0xda,0xda,0xe8,0xee,0xf9,0xee,0xef,0xd8,0xd1,0x6a,0xd7,0xd1,0xcf,0xdb,0xd4,0xd2,0xd4,0xc4,0xe2,0xd9,
  0xe7,0xe9,0xe9,0xe9,0xe7,0xce,0xe2,0xd8,0xe5,0xe9,0xe7,0xe2,0xd9,0x46,0xa0,0xd4,0xc4,0xc2,0xc3,0xac,0xc3,0xc3,0xc1,0xac,
  0xc1,0xad,0xad,0x9a,0xa0,0xb9,0xb9,0xae,0xa0,0xb9,0xad,0x59,0xa0,0x99,0xb7,0xb9,0xae,0xac,0xad,0xb9,0xc3,0xad,0xac,0xad,
  0xad,0xc6,0xc6,0xc8,0xc8,0xc6,0xd0,0xc5,0xc5,0xc2,0x60,0x9f,0x9d,0x51,0x51,0x60,0x60,0xc1,0xc4,0xc5,0xc4,0xc5,0xce,0xce,
  0xcd,0xe2,0xc8,0xc8,0xc6,0xc8,0xcd,0xe2,0xc6,0xc6,0xcd,0xc6,0xb7,0x8b,0xbe,0xbd,0x94,0x97,0x94,0x98,0xbe,0x46,0xa4,0xbd,
  0xb9,0xbe,0xbe,0xbe,0xbe,0xbe,0xb7,0xc5,0xc5,0xb9,0xbe,0xbe,0xbe,0xbe,0xb9,0xc5,0xbe,0xb9,0xb5,0xbe,0xbe,0xbe,0xb9,0xbe,
  0xb9,0xc5,0xb9,0xc5,0xbe,0xc5,0xbe,0xaf,0xc6,0xbe,0xbd,0xbe,0xbe,0xcd,0xce,0xce,0x71,0x72,0x65,0x78,0x36,0x6d,0x74,0x65,
  0x63,0x65,0x74,0x79,0xdf,0x68,0x71,0x71,0x74,0xf5,0xf8,0xf8,0xf5,0xf5,0xf8,0x65,0x79,0xf5,0x71,0x39,0x79,0x79,0xf8,0x73,
  0x74,0xf8,0xf8,0xf5,0xf5,0xf8,0xdf,0x79,0xde,0xf5,0xf5,0xf5,0xf5,0xf5,0xf5,0xf5,0xde,0xf5,0x79,0xde,0xde,0xde,0x65,0x71,
  0xf5,0xde,0xde,0xf3,0xf8,0xde,0xde,0xde,0xde,0xde,0x79,0x79,0x79,0xde,0x79,0x79,0x79,0x78,0x78,0x79,0xdf,0x76,0x74,0xdf,
  0x75,0x73,0x74,0x6d,0x6d,0xdc,0xec,0xd6,0xdc,0xed,0xf7,0xf3,0xf3,0xf3,0xdb,0xdd,0x36,0x5c,0x6a,0xee,0xf3,0xec,0xec,0xd6,
  0x67,0x5c,0xda,0xf7,0xda,0xd8,0xdb,0x5d,0xc4,0xc5,0x5c,0x5a,0x37,0x5c,0x33,0x33,0x5a,0x6a,0x5d,0x29,0x26,0x5a,0x5a,0x5c,
  0x5a,0x32,0x5c,0x5a,0x32,0x4d,0x5c,0x67,0xda,0x70,0x5c,0x5c,0xd2,0xda,0xda,0xec,0xda,0xd2,0xf7,0xe9,0xe9,0xe8,0xda,0xd2,
  0xda,0xda,0xec,0xec,0xf7,0xee,0xf7,0xda,0x70,0xd4,0xd2,0xda,0xd2,0x6a,0x70,0xe8,0xda,0xec,0xda,0xd4,0xd6,0xd6,0xd7,0xd4,
  0xd1,0xd4,0xd4,0xd4,0xc4,0xd4,0xe8,0xe5,0xe5,0xe9,0xe5,0xcd,0xcd,0xe7,0xe7,0xd4,0xc4,0xe4,0xd9,0xc5,0xc1,0x5c,0x61,0x60,
  0x8c,0x9f,0x9f,0x60,0xc1,0xa3,0xaa,0x60,0xa2,0xc3,0xac,0xc1,0xa2,0x91,0x9a,0xa0,0xae,0xbe,0xae,0xa0,0xaa,0x8e,0xac,0xad,
  0xa2,0xa0,0xac,0xad,0xae,0xb9,0xb9,0xc5,0xc5,0xad,0xc8,0xc6,0xc5,0xc5,0xc3,0xc4,0xc5,0xc4,0xc1,0x61,0x61,0x9f,0x9f,0xc1,
  0xc1,0xc1,0xc4,0xc5,0xc5,0xce,0xc6,0xc4,0xc8,0xc8,0xce,0xe2,0xe2,0xcd,0xe2,0xc8,0xb9,0xbe,0xc8,0xbe,0xb9,0x97,0xb9,0xa4,
  0x8a,0xbe,0xb7,0xa8,0xa8,0x55,0x9a,0xc6,0xbe,0xbe,0xb9,0xc5,0xbe,0xbe,0xbe,0xc6,0xb5,0xbe,0xbe,0xbd,0xbe,0xb7,0xb9,0xbe,
  0xbe,0xbd,0xb7,0xbe,0xbe,0xbe,0xbe,0xbe,0xbe,0xbe,0xb5,0xbe,0xb9,0xc6,0xbd,0xb7,0xc5,0xbd,0xbe,0xc4,0xbe,0xc8,0xc8,0xce,
  0xde,0x78,0x75,0x68,0x28,0x63,0x65,0x73,0x65,0x64,0x64,0x72,0x73,0x65,0x76,0x74,0x78,0x75,0xf5,0xde,0xf5,0xf8,0x73,0x65,
  0xf8,0x78,0xdf,0xde,0xde,0x78,0x79,0xdf,0x78,0x78,0xde,0xde,0xde,0xde,0xde,0xde,0x78,0xdf,0xf5,0xf5,0xf5,0xf5,0xde,0xde,
  0x74,0xdf,0x78,0x78,0x79,0xde,0x79,0xde,0xde,0xde,0xde,0xde,0xde,0xf5,0xde,0xde,0xf5,0xde,0x79,0x79,0x79,0x79,0x79,0x79,
  0x79,0x78,0x75,0x75,0x78,0x76,0x6d,0x75,0xd6,0xd6,0xd6,0x74,0x6e,0x75,0xed,0xda,0xec,0xf3,0xfc,0xf7,0xed,0xdc,0xf3,0xec,
  0xf7,0x69,0x69,0xee,0xda,0xda,0xec,0xec,0x6c,0xd2,0xee,0xda,0xda,0xe8,0x5d,0x5a,0xc2,0xd0,0x6a,0x5a,0x37,0x37,0x37,0x4d,
  0x5c,0x5c,0x5a,0x29,0x26,0x32,0x4d,0x5c,0x5a,0x4d,0x37,0x5a,0x33,0x67,0xda,0xd8,0xe8,0x70,0x5c,0x5d,0xd2,0xe9,0xe9,0xec,
  0xda,0xec,0xec,0xda,0xee,0x69,0x70,0xd2,0xda,0xd6,0xec,0xee,0xf3,0xee,0xee,0xdb,0xda,0xec,0xec,0xda,0xd2,0x6c,0xda,0xcf,
  0xda,0xda,0x67,0xd0,0xd4,0xd7,0x6a,0xd0,0xd4,0xd2,0xda,0xd1,0xd1,0xd9,0xe9,0xe9,0xeb,0xd8,0xe7,0xe7,0xdb,0xec,0xdb,0xd4,
  0x5c,0xd2,0xe8,0xe8,0xd4,0xd1,0xc4,0x8e,0x8c,0x9b,0x51,0xa3,0x60,0xa2,0xa3,0xa3,0xc1,0xb9,0xc1,0xc2,0xc4,0x9e,0xa3,0xc5,
  0xc8,0xc6,0xaa,0xac,0xae,0xac,0xac,0x91,0xac,0xaa,0xaa,0xad,0xc4,0xc4,0xb9,0xaa,0xc3,0x60,0xc4,0xc6,0xc5,0xc5,0xad,0xc6,
  0xc5,0xc6,0xc6,0xc5,0xc3,0xc1,0xc1,0xc3,0xc4,0xc5,0xc5,0xc4,0xc5,0xc5,0xc5,0xc4,0xcd,0xc8,0xe2,0xe2,0xe2,0xcd,0xcd,0xcd,
  0xcd,0xc6,0xc8,0xc8,0xbe,0xb7,0xb7,0xbe,0xbe,0xbe,0xbe,0xb7,0xa8,0x98,0xa9,0xbe,0xbd,0xc5,0xc5,0xc5,0xc5,0xc4,0xc6,0xbe,
  0xbe,0xb9,0xc4,0xc5,0xb5,0xbe,0xbe,0xbe,0xbe,0xc5,0xbe,0xbe,0xbe,0xb9,0xbd,0xc6,0xbe,0xb7,0xb5,0xbe,0xbe,0xbd,0xb5,0xb7,
  0xbd,0xc6,0xbe,0xc6,0xbe,0xc8,0xce,0xce,0x71,0x75,0x73,0x65,0x35,0x62,0x63,0x73,0x73,0xf5,0x34,0x38,0x63,0x73,0x74,0x79,
  0x79,0xdf,0xf5,0x78,0xde,0xde,0x65,0x64,0xf5,0x79,0x79,0x75,0xde,0x79,0x79,0x75,0x75,0x78,0x79,0x79,0x79,0x79,0x79,0xde,
  0xde,0x79,0xde,0xf5,0xf5,0xf5,0xf5,0xde,0xde,0x78,0x79,0x79,0x76,0x79,0xde,0xde,0x79,0xde,0xde,0xde,0xde,0xde,0x79,0x79,
  0x79,0x79,0x78,0x79,0x79,0x79,0x78,0x79,0x79,0x78,0x78,0x73,0x75,0x78,0x75,0x6d,0x74,0x76,0x73,0x76,0x78,0x6d,0xdc,0xed,
  0xec,0xf3,0xfc,0xfc,0xf7,0xed,0xed,0xec,0x70,0xf7,0xfc,0xda,0xda,0xf3,0xf3,0xec,0xee,0xda,0xcf,0xd6,0xda,0x6c,0x6c,0xd8,
  0x69,0x67,0x67,0x5a,0x34,0x5a,0x5c,0x5c,0x5b,0x37,0x35,0x1c,0x18,0x26,0x28,0x5a,0x37,0x5c,0x5c,0x5c,0x5d,0x6a,0xe8,0x6a,
  0x67,0x6a,0xd8,0xe8,0xda,0xd2,0xe8,0xec,0xee,0xee,0xda,0xee,0xec,0x70,0xda,0xd8,0xd8,0xd6,0xec,0xef,0xee,0xee,0xda,0xed,
  0xec,0x6f,0xd2,0xcf,0xdb,0xe8,0xda,0xda,0xda,0x5d,0xcf,0xd6,0xd6,0xd6,0xd1,0xd1,0xd1,0xd1,0xdb,0x70,0xd7,0xe8,0xe8,0xdb,
  0xe8,0xda,0xe8,0xe8,0xdb,0xda,0xdb,0xdb,0xd6,0xd4,0xe8,0xdb,0xc3,0x60,0xaa,0x9f,0x9d,0x9b,0x8d,0x9b,0x59,0xac,0xac,0xac,
  0xac,0xaa,0xad,0xc2,0xc4,0xc6,0xae,0xbd,0xce,0xb5,0xae,0xc4,0xbe,0xc5,0xc4,0x7f,0x8e,0xa2,0xad,0xb9,0xad,0xac,0xb9,0xc4,
  0xc5,0xd0,0xc1,0xc6,0xc8,0xc6,0xc5,0xcd,0xce,0xc8,0xc6,0xc5,0xc5,0xc4,0xc4,0xb9,0xc5,0xc6,0xce,0xc2,0xab,0xce,0xd9,0xcd,
  0xab,0xc8,0xe2,0xe2,0xe2,0xe2,0xe2,0xcd,0xce,0xce,0xe2,0xc6,0xa8,0x99,0xc8,0xce,0xc6,0xbd,0xc8,0xc6,0xa9,0x3f,0x58,0xc6,
  0xc5,0xbe,0xbe,0xc5,0xbe,0xb9,0xbe,0xbd,0xbe,0xbe,0xc5,0xbe,0xbe,0xbd,0xb5,0xbe,0xbe,0xc5,0xc5,0xbe,0xbe,0xbe,0xb8,0xbd,
  0xbe,0xbe,0xbe,0xbe,0xbe,0xbe,0xae,0xbe,0xbe,0xbe,0xbe,0xbd,0xbe,0xc6,0xcd,0x36,0x64,0x75,0x74,0x74,0x62,0x62,0x63,0x63,
  0x71,0x74,0x63,0x62,0x62,0x62,0x68,0x78,0x74,0x75,0xdf,0x79,0xdf,0x64,0x38,0x73,0xde,0xde,0xf5,0xde,0x72,0x78,0x79,0x74,
  0x75,0x79,0x79,0x79,0x78,0x79,0xdf,0xde,0xde,0x79,0x79,0xde,0xf5,0xf5,0xf5,0xdf,0xde,0x79,0x79,0xde,0x79,0x78,0x79,0x79,
  0xde,0x79,0xde,0xde,0x79,0x79,0x78,0x79,0x79,0x79,0x79,0x79,0x79,0x79,0x78,0x79,0x79,0x79,0x79,0x76,0x78,0x75,0x78,0x73,
  0x72,0x67,0x6d,0x75,0x78,0x74,0x79,0xde,0xdc,0xf7,0xf7,0xf3,0xed,0xf3,0xf7,0xf3,0xda,0xec,0xf7,0xec,0xee,0xee,0xed,0xec,
  0xf3,0x6e,0x6a,0xd6,0xd2,0x6c,0x67,0xd0,0x67,0x67,0x6a,0x37,0x5c,0x5a,0x32,0x5c,0x5c,0x5c,0x35,0x1d,0x19,0x26,0x28,0x5a,
  0x37,0x5d,0x67,0x6c,0x67,0xd2,0xda,0x5c,0x67,0x6c,0xda,0xd8,0xd2,0x6a,0xd2,0xda,0xda,0xe9,0xe8,0xef,0xee,0x6c,0xd2,0xda,
  0xd2,0xd2,0xda,0xec,0xef,0xfe,0xda,0xef,0xee,0xda,0xda,0xda,0x6e,0x67,0xd2,0xfa,0x6a,0x67,0xd7,0x5c,0x67,0xd6,0xd0,0xcf,
  0xd1,0xd6,0xd1,0xd7,0xec,0xf7,0xda,0xd0,0x70,0xda,0xda,0x70,0xd2,0xdb,0xf3,0xdb,0xd4,0xd4,0xd8,0xd9,0xd0,0x9f,0x9d,0x51,
  0x9d,0x9b,0x8c,0x4f,0x8c,0x9f,0x60,0xac,0xc1,0xa2,0xac,0xc4,0xc6,0xb9,0x9a,0xc8,0xa7,0xa7,0xae,0xc5,0xc5,0xc6,0xbe,0xae,
  0x9a,0xaa,0xc4,0xad,0xa2,0xad,0xc5,0xc5,0xbe,0xb9,0xc5,0xc5,0xcd,0xcd,0xc8,0xce,0xce,0xcd,0xc8,0xce,0xce,0xc5,0xc5,0xc8,
  0xce,0xc8,0xd4,0xac,0x41,0xc5,0xce,0xe2,0xc8,0xe8,0xce,0xe2,0xe2,0xe2,0xc8,0xcd,0xcd,0xe2,0xcd,0xc8,0xce,0xcd,0xaf,0xb3,
  0xe2,0xcd,0xcc,0xc6,0xa7,0x81,0x89,0xbd,0xbe,0xbe,0xc5,0xbe,0xc5,0xbd,0xb5,0xb7,0xbe,0xc6,0xb7,0xbe,0xc5,0xbe,0xbe,0xbe,
  0xbe,0xbe,0xbe,0xb7,0xbe,0xb9,0xbe,0xbe,0xb5,0xbe,0xbe,0xbe,0xbe,0xbe,0xb9,0xbe,0xbe,0xbe,0xbe,0xbe,0xbd,0xc5,0xce,0xb3,
  0x73,0x78,0x71,0x74,0x73,0x63,0x64,0x62,0x62,0x64,0x63,0x64,0x65,0x71,0x74,0x71,0x65,0x73,0x78,0x78,0x74,0x78,0x78,0x78,
  0x78,0xde,0xde,0x73,0x75,0x78,0x75,0x79,0x78,0x78,0x78,0x78,0x79,0x79,0x79,0xdf,0xdf,0x79,0x79,0x79,0x78,0xdf,0xde,0xde,
  0x79,0x79,0x79,0xde,0xde,0x79,0x79,0x79,0x79,0x79,0x79,0x79,0x79,0x79,0x79,0x78,0x79,0x79,0x79,0x79,0x79,0x79,0x79,0x79,
  0x79,0x78,0x78,0xdf,0x75,0x74,0x78,0x75,0x63,0x27,0x63,0x68,0x78,0x75,0x79,0xdc,0xed,0x6e,0x6f,0x77,0xf3,0xf3,0xf3,0xde,
  0xda,0xda,0xec,0xed,0xda,0xdb,0xda,0xda,0xda,0x6e,0xd7,0x6a,0x6a,0xd1,0x67,0xd2,0x6c,0x5c,0x67,0x6a,0x6a,0x5c,0x5a,0x5c,
  0x67,0x67,0x53,0x32,0x26,0x32,0x37,0x5c,0x5d,0xc1,0x67,0xc1,0x37,0x69,0xec,0x6a,0x5c,0x5c,0x5c,0x6a,0xda,0xe8,0xda,0xd2,
  0xda,0xda,0xda,0xda,0xd9,0xc1,0xd8,0xda,0xd2,0xd2,0xda,0xf7,0xf7,0xfa,0xfc,0xf7,0xf3,0xf3,0xec,0xda,0x6f,0xd2,0xd2,0xdd,
  0x28,0x1f,0xd7,0x36,0x5c,0xd7,0xd1,0xd4,0xd6,0xd0,0x6a,0xd7,0xec,0xda,0xd6,0xd0,0xdb,0xdb,0xd4,0xdb,0xd4,0xda,0xec,0xd7,
  0xc4,0xc5,0xd4,0xd4,0xc2,0x9f,0x8e,0x9b,0x60,0x9d,0x51,0x9b,0x9c,0x9e,0xa2,0xc2,0xa0,0xa0,0xc2,0xc1,0xc6,0xc8,0xe7,0xbe,
  0x90,0xa7,0xc5,0xc8,0xb9,0xc1,0xad,0xae,0xa1,0xa1,0xac,0xa2,0xa0,0xc2,0xc3,0xc5,0xc5,0xc8,0xc6,0xc8,0xc6,0xac,0xc5,0xce,
  0xc5,0xc5,0xce,0xce,0xc5,0xc5,0xc5,0xce,0xce,0xcd,0xcd,0xd4,0xc3,0xc4,0xcd,0xcd,0xc8,0x47,0xce,0xcd,0xe7,0xa7,0xab,0xe7,
  0xe5,0xe5,0xe2,0xe9,0xe1,0xcd,0x8a,0x98,0xcd,0xcc,0xc8,0xc5,0xa8,0x47,0x30,0xce,0xb7,0xbd,0xbe,0xbe,0xbe,0xbe,0xc5,0xbe,
  0xb5,0xb8,0xb5,0xbe,0xc5,0xb9,0xb9,0xbe,0xbe,0xb5,0xbe,0xbe,0xb9,0xc4,0xbe,0xbe,0xb5,0xb9,0xb8,0xb1,0xc6,0xb9,0xc5,0xbe,
  0xbd,0xc6,0xb5,0xbd,0xbe,0xc5,0xce,0xce,0x71,0x78,0x75,0x75,0xdf,0x71,0x62,0x62,0x1c,0x28,0x74,0x73,0x73,0x74,0x73,0x74,
  0x78,0x65,0x74,0x78,0x75,0x79,0x75,0x75,0x78,0x78,0x79,0x75,0x79,0x75,0x75,0x78,0x73,0x75,0x78,0x78,0x78,0x79,0x78,0x78,
  0x79,0x78,0x78,0x78,0x79,0x75,0x78,0xdf,0x79,0x78,0x79,0x79,0x79,0x79,0x79,0x79,0x79,0x79,0x79,0x79,0x78,0x79,0x78,0x79,
  0x79,0x79,0x78,0x79,0x78,0x79,0x79,0x79,0x78,0x78,0x78,0x78,0x74,0x73,0x71,0x74,0x74,0x78,0x72,0x74,0xde,0x79,0x6d,0xde,
  0xdf,0x75,0x78,0x79,0xf3,0xed,0xed,0xdc,0x6d,0x6e,0xde,0xda,0xda,0xda,0x6f,0x70,0xda,0x70,0x70,0xda,0xd2,0xcf,0xd6,0xcf,
  0x67,0x37,0x67,0x6a,0xcf,0x6a,0x5a,0x33,0x5c,0xcf,0x61,0x37,0x28,0x5a,0x5a,0x37,0x37,0x5c,0x4d,0x32,0x4b,0x67,0x70,0xd1,
  0x6a,0xcf,0x5a,0x5c,0xd6,0xe8,0xda,0xd2,0xda,0xd2,0xd6,0xd0,0x5c,0x6a,0x70,0xd2,0xd2,0xda,0xee,0xf9,0xf7,0xf7,0xda,0x70,
  0xda,0xda,0xec,0xec,0xee,0xda,0xcf,0x68,0x66,0x5a,0x63,0x6e,0xd5,0xd0,0xd6,0xdb,0xd1,0xd6,0xd6,0xd1,0xd7,0xd6,0xd6,0xd6,
  0xdb,0xd7,0xdb,0xda,0xd7,0xd7,0xdb,0xd2,0xcf,0xc1,0xcf,0xc5,0xc3,0x9c,0x9f,0xc1,0x60,0x9c,0x9d,0x8d,0x8e,0x9c,0x61,0x61,
  0x60,0xc3,0xc2,0xc6,0xc6,0xad,0xc6,0xae,0xb9,0xaa,0xc5,0x9a,0x8e,0xa0,0xc1,0xad,0xac,0xac,0x60,0x9f,0xa2,0x87,0xac,0xc8,
  0xce,0xc6,0xc5,0xc5,0xc5,0xc6,0xcd,0xc8,0xc6,0xc5,0xcd,0xc5,0xc6,0xce,0xc5,0xc5,0xc6,0xcd,0xcd,0xce,0xce,0xe2,0xe2,0xe7,
  0xc8,0x58,0xc5,0xc8,0xcd,0xc5,0xc6,0xe2,0xe2,0xe5,0xe2,0xe5,0x98,0x97,0xc6,0xa8,0xb5,0xcd,0xc6,0xa9,0xb9,0x3f,0x47,0xc4,
  0xb9,0xbe,0xbe,0xbe,0xb7,0xb7,0xbe,0xb9,0xbd,0xb3,0xbe,0xb7,0xbe,0xbe,0xbe,0xbe,0xc5,0xbe,0xbe,0xbe,0xbe,0xbd,0xbe,0xb5,
  0xc5,0xc5,0xb3,0xb1,0xbe,0xb5,0xc5,0xb5,0xbe,0xbe,0xbd,0xbe,0xb5,0xc5,0xce,0xc8,0x65,0x74,0x78,0x65,0x74,0x78,0x63,0x73,
  0x28,0x63,0x65,0x65,0x73,0x65,0x64,0x63,0x38,0x65,0x75,0x64,0x63,0x75,0x74,0x75,0x74,0x75,0x78,0x79,0x74,0x71,0x78,0x78,
  0x78,0x78,0x78,0x79,0x78,0x78,0x79,0x79,0x78,0x78,0x75,0x78,0x75,0x71,0x75,0x78,0xdf,0x78,0x79,0x79,0x79,0x79,0x79,0x79,
  0x78,0x76,0x78,0x79,0x79,0x79,0x79,0x79,0x79,0x78,0x78,0x78,0x78,0x78,0x75,0x79,0x78,0x75,0x78,0x78,0x75,0x75,0x75,0x68,
  0x73,0x75,0x75,0x79,0x79,0x79,0xdf,0xdf,0x79,0xf5,0xde,0xdc,0xdc,0xdc,0xd7,0xdc,0xec,0xf3,0xda,0xed,0xec,0xf3,0x38,0x5c,
  0xdd,0xdc,0xda,0xec,0x70,0x6c,0xd6,0x5c,0x67,0x5c,0x67,0x6a,0x6a,0x6a,0x67,0x67,0x5d,0x67,0x6a,0x5c,0x32,0x37,0x5a,0x37,
  0x5c,0x5a,0x28,0x28,0x37,0x5c,0x70,0xd2,0xe8,0x6c,0x37,0x67,0x67,0x67,0xc2,0x5c,0xd2,0xc4,0xd2,0x6a,0x6c,0xec,0xec,0xd2,
  0xd2,0xda,0xed,0xf3,0xf3,0xec,0x6c,0x67,0xdb,0xda,0xdc,0xda,0x70,0x5d,0xd6,0x6d,0xd6,0xd7,0x64,0x6e,0xcf,0x68,0xd6,0xd6,
  0x6c,0xdb,0xd6,0xd6,0xd6,0xd6,0xd6,0xd7,0xda,0xda,0xec,0xda,0xd7,0xd4,0xd1,0xc1,0x60,0x9f,0xc2,0xd4,0xc3,0x8e,0x9f,0x9f,
  0xa2,0x8e,0x8c,0x8c,0x9d,0x9d,0xa2,0xc1,0xc4,0xc5,0xc5,0xc5,0xc5,0xc4,0xad,0xae,0xbe,0xcd,0xbe,0x8e,0xa0,0xaa,0xa2,0x9e,
  0xa3,0xc1,0xac,0xa2,0xc3,0xad,0xc4,0xad,0xad,0xc5,0xc8,0xc8,0xc5,0xc6,0xc8,0xc6,0xc8,0xce,0xcd,0xc8,0xc6,0xc6,0xc5,0xe2,
  0xc4,0xc6,0xe2,0xc8,0xc8,0xe2,0xe5,0xe9,0xc6,0xc5,0xcd,0xe2,0xcd,0xc6,0xbe,0xcd,0xce,0xce,0xe2,0xcc,0xcd,0xc6,0xd9,0x3f,
  0x54,0x94,0xa6,0xa9,0xc5,0x46,0x57,0xc5,0xbe,0xbe,0xb5,0xbd,0xbe,0xbe,0xbe,0xbe,0xc5,0xbd,0xb7,0xbe,0xc5,0xbe,0xbe,0xbe,
  0xb9,0xbe,0xbe,0xbe,0xbe,0xbe,0xb7,0xbe,0xbe,0xc6,0xb9,0xc6,0xbe,0xbd,0xb9,0xc4,0xbe,0xbe,0xc4,0xbe,0xbe,0xce,0xce,0xc8,
  0x75,0x75,0x71,0x73,0x79,0x78,0xf8,0xf5,0xfb,0x78,0x75,0x74,0x65,0x64,0x65,0x39,0x34,0x38,0x78,0x72,0x73,0x71,0xdf,0x64,
  0x39,0xdf,0x79,0x79,0x74,0x64,0xdf,0x78,0x78,0x78,0x78,0x78,0x78,0x78,0x78,0x78,0xde,0x72,0x63,0xdf,0x65,0x75,0x75,0x78,
  0xdf,0x63,0x68,0x78,0x75,0x78,0x78,0x78,0x78,0x78,0x78,0x78,0x78,0x78,0x78,0x78,0x75,0x73,0x75,0xdf,0xdf,0xdf,0xdf,0xdf,
  0x78,0x75,0x75,0x78,0x75,0x78,0x78,0x65,0x71,0x78,0x75,0x76,0x78,0x78,0x78,0x79,0xf5,0x79,0xed,0xdc,0x79,0xda,0xda,0xec,
  0xdc,0xdc,0x79,0xec,0xec,0xdc,0x79,0x77,0x78,0x77,0xd7,0xda,0xda,0x70,0x6a,0x6c,0x67,0x5c,0x67,0x67,0xcf,0x6a,0xd1,0x6a,
  0x67,0x67,0xd0,0x37,0x37,0x5a,0x5c,0x61,0x37,0x26,0x33,0x37,0x5c,0x67,0x6a,0x5c,0x6c,0x67,0x67,0x5d,0x37,0x37,0x37,0x37,
  0x5c,0x53,0xec,0xd8,0xdb,0xdb,0xda,0xd6,0x6a,0x70,0xec,0xf3,0xed,0xee,0x70,0xd7,0xec,0xee,0x6d,0x6a,0x68,0x67,0x6e,0x74,
  0xd7,0xd7,0x6d,0xd6,0x6d,0xd0,0xd1,0xd6,0xd7,0xd6,0xcf,0xd6,0xd0,0xd6,0xd7,0x70,0xf3,0xfb,0xf8,0xdb,0xd4,0xd0,0xc3,0x9f,
  0x9b,0x60,0xd4,0xc5,0xc1,0x9f,0x9f,0x8c,0x9b,0x8c,0x9c,0x9e,0x9f,0x9c,0x9f,0xc2,0xc3,0xc2,0xc1,0xc2,0xc4,0xc5,0xaa,0xaa,
  0xc8,0xcd,0xad,0xa0,0xa1,0xaa,0xaa,0x8c,0x9b,0xac,0xc3,0xc3,0xc5,0xc5,0xc6,0xaa,0xaa,0xaa,0xb9,0xcd,0xc6,0xc5,0xc5,0xc5,
  0xce,0xce,0xe2,0xcd,0xc6,0xcd,0xe2,0xe5,0xe2,0xcd,0xe2,0xcd,0xe2,0xe5,0xe9,0xe5,0xe2,0xcd,0xe2,0xe2,0xce,0xcd,0xcd,0xcd,
  0xc8,0xce,0xc8,0xc8,0xcc,0xc6,0xc5,0xb9,0xbe,0x94,0xbb,0xce,0xc6,0xc5,0xb9,0xbd,0xbe,0xbe,0xc5,0xc5,0xc5,0xbe,0xc6,0xbd,
  0xbe,0xbe,0xbe,0xbe,0xbe,0xbe,0xbe,0xb9,0xc5,0xbe,0xbe,0xb9,0xb7,0xb7,0xb5,0xbe,0xbe,0xbe,0xb9,0xbe,0xbe,0xb5,0xbe,0xb9,
  0xbd,0xbe,0xb9,0xbe,0xbe,0xc6,0xc8,0xc8,0x73,0x74,0x74,0xde,0x78,0x78,0x79,0xde,0xf5,0x78,0x78,0x74,0x74,0x72,0x65,0x63,
  0x68,0x74,0x74,0x78,0xdf,0x79,0x65,0x72,0x78,0x78,0x78,0x79,0x75,0x74,0x73,0x76,0x79,0x75,0x74,0x73,0x75,0x78,0x78,0x78,
  0x78,0x75,0x78,0x79,0x78,0x78,0x78,0x78,0x79,0x74,0x74,0x73,0x74,0x74,0x75,0x78,0x79,0x78,0x78,0x79,0x78,0x76,0x78,0xdf,
  0xf8,0xdf,0xdf,0x69,0x36,0x36,0x36,0x5c,0x6f,0xdf,0x74,0x72,0x75,0x75,0x78,0x72,0x73,0x79,0x75,0x71,0x79,0x79,0x79,0x79,
  0xde,0x78,0x78,0xde,0x70,0x6f,0xdc,0xdc,0x6f,0x76,0x79,0x79,0xda,0xee,0xde,0x76,0xd6,0xd6,0xd7,0xda,0x70,0x6a,0xd1,0xd7,
  0xd2,0xd6,0xd7,0x5a,0x37,0x6a,0x5c,0xd6,0xd1,0x6a,0x6a,0x5a,0x5a,0x5c,0x67,0xd0,0x38,0x4d,0x5d,0x5c,0x5d,0x67,0x5a,0x5c,
  0x67,0x67,0x5d,0x37,0x5c,0x5c,0x5a,0x67,0x37,0x28,0xdb,0x6c,0x70,0x67,0x67,0x67,0xd6,0x6a,0xda,0xda,0xda,0xda,0xda,0xda,
  0xf3,0x6a,0x67,0x68,0x6d,0x75,0x77,0x78,0xd7,0xd6,0x6d,0xd6,0xd6,0xd6,0xd6,0xd0,0xd0,0xd6,0x6a,0xcf,0xd6,0xda,0xda,0xdb,
  0xd8,0x1d,0x1c,0x36,0xd6,0xd0,0xd4,0xc2,0x9f,0xd1,0xc5,0xc4,0x9f,0x9b,0x9f,0x9f,0x9f,0x9f,0x9d,0xa2,0x9e,0x9c,0x60,0xc1,
  0xc1,0xc1,0xc2,0xc5,0xc5,0xc5,0xc6,0xc5,0xad,0xaa,0xaa,0xaa,0xac,0xc1,0xa2,0x8c,0x8c,0x9c,0xaa,0xc4,0xc5,0xc5,0xc5,0xc6,
  0xce,0xaa,0xad,0xb9,0xce,0xc5,0xce,0xcd,0xcd,0xcd,0xe2,0xcd,0xcd,0xc8,0xc8,0xcd,0xcd,0xcd,0xe2,0xcd,0xe5,0xe2,0xe2,0xe2,
  0xe2,0xcd,0xe2,0xcd,0xc6,0xcd,0xcd,0xb9,0xc8,0xcd,0xad,0xc5,0xc6,0xc8,0xc8,0xcd,0xcd,0xe7,0xce,0xc6,0xa7,0xae,0xb7,0xb9,
  0xbe,0xb5,0xb7,0xbe,0xbe,0xbe,0xbe,0xb5,0xc6,0xbd,0xb9,0xb9,0xb5,0xbe,0xb9,0xb5,0xbe,0xbd,0xc5,0xb9,0xbe,0xc5,0xbe,0xbd,
  0xc5,0xc5,0xbd,0xb7,0xbe,0xc5,0xbe,0xb7,0xbe,0xbe,0xbe,0xbe,0xbe,0xc6,0xc8,0xc8,0x74,0x79,0x78,0x75,0x75,0x75,0x74,0x71,
  0x74,0x75,0x78,0x75,0x78,0x78,0x71,0x64,0x63,0x62,0x65,0x38,0x39,0x78,0x72,0x71,0x65,0x74,0x74,0x78,0x74,0x71,0x63,0x73,
  0xdf,0x75,0x75,0x75,0x74,0x78,0x78,0x78,0x78,0x78,0x78,0x78,0x78,0x75,0x75,0x79,0x75,0x74,0x75,0x75,0x74,0x75,0x74,0x74,
  0x76,0x78,0xdf,0xf5,0xf5,0xf5,0xdf,0x69,0x27,0x1d,0x1a,0x18,0x17,0x16,0x16,0x17,0x19,0x1c,0x36,0x74,0x74,0x75,0x78,0x78,
  0x78,0x78,0x78,0x78,0x79,0x79,0x79,0x79,0x79,0x78,0x79,0xdf,0xdc,0x77,0xdc,0xdc,0x68,0x6e,0x76,0x79,0xed,0xdc,0xdd,0x76,
  0x76,0xda,0xda,0xd6,0x70,0xd2,0x6a,0xcf,0xd1,0xd7,0x37,0x5a,0x5a,0x6a,0x5d,0x6a,0x6a,0xd1,0x67,0x5c,0x5c,0xd6,0x6c,0xda,
  0x6c,0xcf,0x6a,0x5c,0x67,0x67,0x5a,0x37,0x5d,0x67,0x6a,0x6a,0x5c,0x5c,0x5c,0x6a,0x6a,0x6a,0x6a,0x6a,0xd6,0x5c,0x37,0x6a,
  0xd6,0x70,0x6a,0xd6,0xd6,0xd6,0x6d,0x75,0xdb,0x5c,0x67,0x75,0x77,0x74,0x74,0x76,0x65,0x68,0x64,0xd6,0xd7,0xda,0xdb,0xd1,
  0xc0,0xcf,0xd6,0x6a,0xd7,0xec,0xec,0xfd,0x1f,0x0d,0x0d,0x1a,0xd6,0xd4,0xd4,0xc4,0xc2,0xd4,0xd4,0xc3,0xac,0x9e,0x9d,0x9d,
  0x60,0xa2,0x9f,0x61,0x60,0x9e,0x9f,0xc1,0xc3,0xc3,0xc5,0xc6,0xc5,0xc6,0xcd,0xc2,0xac,0x9a,0x91,0xa7,0xac,0xac,0x9f,0x60,
  0x60,0x60,0xad,0xc4,0xc5,0xc5,0xc5,0xc6,0xc5,0xc6,0xc8,0xc8,0xcd,0xa7,0xcd,0xe2,0xcc,0xcd,0xe2,0xcd,0xce,0xc6,0xce,0xe2,
  0xcd,0xcd,0xe2,0xcd,0xe2,0xcd,0xe2,0xcd,0xce,0xce,0xcd,0xcd,0xcd,0xc8,0xce,0xaa,0xae,0xbd,0xc6,0xc5,0xc6,0xc8,0xc6,0xc8,
  0xcd,0xcd,0xcd,0xc8,0x9a,0x9a,0xae,0xbe,0xbe,0xb5,0xb7,0xbe,0xbd,0xbe,0xbe,0xb5,0xbe,0xbe,0xbe,0xc4,0xb7,0xb5,0xb5,0xbe,
  0xb5,0xbe,0xbe,0xbe,0xbe,0xbe,0xbe,0xbe,0xbe,0xbe,0xb7,0xb5,0xc5,0xbe,0xbe,0xbe,0xbe,0xbe,0xc6,0xaf,0xba,0xce,0xc5,0xc8,
  0x75,0x74,0x65,0x78,0x75,0x65,0x63,0x63,0x74,0x63,0x64,0xdf,0xdf,0x78,0x79,0xdf,0x71,0x63,0x62,0x65,0x75,0x74,0x73,0x73,
  0x68,0x73,0x75,0x73,0x72,0x73,0x63,0x71,0xdf,0x78,0x79,0x78,0x78,0x75,0x75,0x78,0x78,0x78,0x78,0x75,0x78,0x78,0x75,0x79,
  0x65,0x62,0x63,0x34,0x73,0x79,0x78,0x74,0x72,0xdf,0x27,0x1a,0x21,0x21,0x1a,0x17,0x0d,0x0d,0x0d,0x0d,0x0d,0x0d,0x0d,0x0d,
  0x0d,0x0d,0x17,0x27,0x78,0x72,0x74,0x78,0x75,0x75,0x78,0x75,0x76,0x78,0x79,0xde,0x78,0x79,0x79,0x79,0x78,0x79,0x79,0x79,
  0x74,0x68,0x78,0x79,0xde,0xde,0x77,0xda,0xda,0x79,0xda,0x76,0xd7,0xd6,0xd6,0x5c,0x5c,0xdb,0x5c,0x5c,0x6a,0x6a,0x70,0xda,
  0x70,0xdb,0x5c,0x69,0xd1,0x6c,0xda,0x70,0x6a,0xcf,0x6a,0x67,0x67,0x67,0x39,0x39,0x67,0x6a,0xd6,0xd5,0x5c,0x5c,0x39,0x67,
  0x6a,0x67,0x5c,0x6a,0x6a,0x6a,0xd2,0xd1,0xdb,0xda,0xd0,0x6a,0x6d,0x6d,0xda,0xda,0xda,0xd7,0xed,0xec,0xdc,0x77,0x6f,0x72,
  0x63,0x65,0x65,0x68,0xd6,0xd7,0xd6,0xd6,0xcf,0xc0,0xcf,0x68,0xd6,0xda,0xec,0xf7,0x1a,0x0d,0x0d,0x18,0xd1,0xd4,0xd1,0xd4,
  0xd4,0xd4,0xd4,0xd4,0xc1,0x9f,0x9f,0x9f,0x9f,0xac,0xac,0xc1,0xc1,0xc1,0xc1,0xc1,0xcf,0xc2,0xc5,0xc5,0xc6,0xc8,0xae,0xaa,
  0xc1,0xaa,0xa2,0xaa,0x97,0x91,0xa3,0x53,0x53,0xd0,0xc5,0xc3,0xc5,0xc5,0xc5,0xc8,0xc5,0xce,0xe2,0xcd,0xe2,0xcd,0xc5,0xce,
  0xcd,0xcd,0xe2,0xe2,0xcd,0xe2,0xe2,0xe2,0xe2,0xe2,0xe2,0xe2,0xcd,0xe2,0xe2,0xcd,0xcd,0xcd,0xce,0xcd,0xcd,0xcd,0xe2,0xc6,
  0xad,0xc6,0xbd,0xc6,0xe2,0xe2,0xcd,0xc8,0xcd,0xcd,0xcc,0xe5,0x93,0x8e,0xaa,0xc6,0xbe,0xbd,0xbe,0xbd,0xbd,0xbd,0xbe,0xbe,
  0xc6,0xbe,0xb7,0xbe,0xb9,0xb7,0xbd,0xbd,0xb5,0xbe,0xbe,0xbe,0xbe,0xbd,0xb9,0xc5,0xb5,0xbe,0xc5,0xc5,0xbe,0xb5,0xbe,0xbd,
  0xbe,0xbd,0xc5,0xbe,0xbd,0xce,0xc5,0xc5,0x63,0x65,0xdf,0x65,0x64,0x64,0x71,0x71,0x73,0x63,0x72,0x38,0x6d,0x78,0xde,0x79,
  0x75,0x71,0x63,0x65,0x65,0x65,0x65,0x71,0x74,0x74,0x75,0x72,0x71,0x74,0x63,0x68,0xde,0x78,0x79,0x79,0x78,0x78,0x78,0x78,
  0x78,0x75,0x78,0x75,0x74,0x75,0x75,0x78,0x73,0x73,0x63,0x34,0x75,0x78,0x75,0x75,0xdf,0xdf,0x19,0x0d,0x0d,0x0d,0x0d,0x0d,
  0x0d,0x16,0x18,0x1a,0x1c,0x1c,0x1c,0x19,0x0d,0x16,0x0d,0x19,0x68,0x65,0x74,0x75,0x75,0x78,0x78,0xf5,0xf5,0xdf,0x79,0x79,
  0x78,0xde,0x79,0x78,0x79,0x78,0x75,0x6f,0x78,0x75,0x78,0x78,0xde,0xde,0x77,0xd6,0x76,0xd6,0x76,0xd7,0xd7,0xd7,0xd6,0x70,
  0xd2,0xd6,0xd7,0xd6,0xd6,0x67,0x67,0xd6,0xda,0xda,0xee,0xee,0xec,0xec,0xda,0xd2,0xda,0x6a,0x6a,0x6a,0x67,0x67,0x5a,0x38,
  0x6d,0x77,0xd6,0x64,0x63,0x39,0x5c,0x68,0x64,0x39,0x39,0x67,0x6a,0x6d,0x63,0x63,0x74,0x6e,0x6e,0x6d,0x6d,0x6d,0x6d,0x76,
  0xd7,0xd6,0xec,0xda,0xdc,0xda,0xdf,0xdf,0x73,0x65,0x6d,0xd6,0xd6,0xd6,0xd4,0xd6,0xd7,0xd7,0xd0,0x6d,0xd0,0x70,0xed,0xd8,
  0x18,0x0d,0x0d,0x1a,0xdd,0xd2,0xd4,0xd4,0xd4,0xd4,0xd4,0xc5,0xc2,0xc0,0x9f,0xa2,0x9f,0x9f,0x9c,0xc3,0xcf,0xc1,0xcf,0xc2,
  0xc4,0xc4,0xc5,0xc5,0xc5,0xc6,0xc3,0xac,0xaa,0xc5,0xad,0xa0,0x86,0x59,0xa2,0x60,0xc1,0xc4,0xc2,0xc4,0xc5,0xc4,0xc5,0xce,
  0xcd,0xcd,0xe2,0xe2,0xe2,0xe2,0xc8,0xc8,0xc6,0xcd,0xcd,0xe2,0xcd,0xae,0xce,0xcd,0xcd,0xe2,0xe2,0xe2,0xe2,0xcd,0xcd,0xcd,
  0xce,0xce,0xc8,0xcd,0xcd,0xcd,0xe2,0xe2,0xc5,0xc6,0xc6,0xce,0xe2,0xe2,0xe5,0xcd,0xe2,0xcd,0xbe,0xc6,0xae,0xa2,0xc4,0xbe,
  0xbe,0xbe,0xb7,0xc5,0xbe,0xbe,0xbd,0xbe,0xbe,0xc5,0xbe,0xbe,0xb9,0xbe,0xb5,0xb7,0xbe,0xb5,0xc5,0xbd,0xbe,0xbe,0xbd,0xbe,
  0xb9,0xb5,0xc5,0xc4,0xbe,0xc5,0xa6,0xa6,0xb9,0xbe,0xc5,0xbe,0xc5,0xc5,0xc5,0xc5,0x62,0x78,0x21,0x38,0x74,0x75,0x74,0x74,
  0x71,0x75,0x78,0x38,0x75,0xde,0x79,0x78,0x73,0x71,0x65,0x65,0x62,0x35,0x68,0x63,0x74,0x74,0xdf,0xdf,0x78,0x73,0x73,0x65,
  0x78,0x78,0x75,0x74,0x74,0x73,0x74,0x74,0x75,0x75,0x78,0x78,0x75,0x75,0x74,0x75,0x75,0x78,0x79,0xdf,0x79,0x78,0xdf,0xf8,
  0x27,0x1a,0x15,0x15,0x15,0x0d,0x17,0x1a,0x20,0x27,0x6e,0xdf,0xdf,0xd5,0xc0,0x9b,0x1b,0x0d,0x0d,0x17,0x39,0x74,0x75,0x78,
  0xde,0xf5,0xf5,0x21,0x21,0xdc,0xdf,0x78,0x79,0xdf,0x79,0x79,0x78,0x75,0x6e,0x75,0x78,0x78,0x78,0xde,0xf5,0xf5,0x79,0x75,
  0x74,0x75,0xd6,0x6d,0x6f,0xdc,0xd7,0x70,0xdb,0xd6,0x70,0xd7,0x70,0xd6,0xcf,0x5c,0xda,0xd6,0x70,0xda,0xda,0xf3,0xda,0x6c,
  0xec,0xd6,0x6d,0x6d,0x66,0x63,0x24,0x28,0xdf,0x74,0x74,0x6d,0x63,0x5a,0x39,0x62,0x62,0x62,0x63,0x63,0x64,0x64,0x68,0x65,
  0x65,0x65,0x71,0x71,0x75,0x74,0x74,0x76,0x76,0xd6,0xdb,0xdc,0xda,0xf5,0x27,0x20,0x69,0xdf,0x6f,0xd6,0xd6,0xd6,0xd6,0xd4,
  0xd6,0xd7,0xdb,0xd7,0xdb,0xec,0xf3,0x69,0x17,0x0d,0x0d,0x1c,0xf3,0xd2,0xd4,0xd4,0xd4,0xc4,0xc4,0xc3,0x61,0x9f,0x9f,0x60,
  0x8d,0x9c,0x9c,0xc4,0xc3,0xc1,0xc4,0xc4,0xc4,0xc5,0xc5,0xc5,0xc5,0xc5,0xc5,0xc5,0xc5,0xc5,0xad,0xad,0xac,0xa2,0x9c,0x9e,
  0xc5,0xc5,0x9e,0xad,0xc4,0xc5,0xc8,0xc5,0xc5,0xcd,0xc8,0xc8,0xe2,0xce,0xe2,0xc8,0xce,0xcd,0xcd,0xe5,0xce,0xbe,0xe2,0xcd,
  0xcd,0xcd,0xe2,0xe2,0xe2,0xcd,0xe2,0xc8,0xc8,0xcd,0xcd,0xcd,0xce,0xcd,0xcd,0xe2,0xce,0xc8,0xcd,0xc8,0xe2,0xe7,0xe2,0xcd,
  0xe2,0xcd,0xc5,0xc5,0xc5,0xb9,0xbe,0xbe,0xb7,0xbe,0xbe,0xc6,0xbe,0xbe,0xbe,0xc8,0xbe,0xb7,0xb5,0xbe,0xb5,0xc5,0xbe,0xbe,
  0xc5,0xbe,0xbe,0xbd,0xc4,0xbe,0xbe,0xc6,0xbd,0xbe,0xbe,0xbd,0xbe,0xbe,0xb3,0xb3,0xbe,0xc5,0xc5,0xbe,0xc6,0xd9,0xce,0xce,
  0x71,0x65,0x21,0x38,0x74,0x78,0x78,0x79,0xde,0x75,0x63,0x65,0xdf,0x74,0x75,0x74,0x71,0x73,0x73,0x75,0x62,0x34,0x65,0x65,
  0x65,0xdf,0x36,0x21,0x27,0xdf,0x63,0x65,0x78,0x78,0x78,0x75,0x74,0x74,0x71,0x74,0x75,0x78,0x78,0x79,0x78,0x78,0x75,0x79,
  0x75,0x78,0x75,0x75,0x75,0xdf,0x69,0x1c,0x11,0x0d,0x0d,0x15,0x0d,0x1d,0x69,0xfb,0xfb,0xf8,0xf8,0xde,0x75,0x66,0x56,0xc0,
  0x1d,0x0d,0x0d,0x18,0x6e,0xdf,0x78,0x78,0x78,0xfb,0x21,0x0d,0x0d,0x1d,0xdf,0x78,0x78,0x78,0x78,0x78,0x78,0x73,0x6d,0x6d,
  0x78,0x78,0x79,0x79,0xdf,0xde,0xde,0xd6,0x77,0x76,0x68,0xcf,0xd6,0x78,0xda,0x70,0x76,0xd7,0x6e,0x6e,0x76,0x6e,0xd6,0x6e,
  0x77,0x70,0x70,0xd7,0xda,0xec,0x6a,0x5c,0x6a,0xda,0x76,0x6d,0x63,0x62,0x35,0x63,0x78,0x75,0x65,0x68,0x64,0x63,0x63,0x64,
  0x64,0x65,0x65,0x64,0x63,0x63,0x68,0x71,0x64,0x71,0x73,0x74,0x73,0x73,0x74,0xd6,0xd6,0xd6,0xd7,0xd6,0xdf,0x36,0x17,0x0d,
  0x19,0x70,0xd6,0x6d,0xd6,0xd6,0xd6,0xd6,0xd1,0xd6,0xd7,0xda,0xec,0xec,0xf7,0x36,0x16,0x15,0x0d,0x1d,0xf5,0xc4,0xd4,0xd4,
  0xd4,0xc3,0xc4,0xcf,0xc1,0xc1,0xc2,0x9f,0x9c,0xc1,0xc2,0xc3,0xc4,0xc3,0xc2,0xc4,0xc5,0xc5,0xc5,0xc6,0xc5,0xc6,0xc4,0xbe,
  0xc6,0xb9,0xc4,0xad,0xa0,0xaa,0x9f,0xa0,0xc4,0xc5,0xc2,0xc4,0xad,0xb9,0xce,0xe2,0xcd,0xe2,0xa7,0xbe,0xcd,0xcd,0xce,0xcd,
  0xcd,0xcd,0xcd,0xe2,0xe2,0xe5,0xcd,0xe2,0xe2,0xcd,0xcd,0xcd,0xcd,0xe2,0xe2,0xcd,0xc8,0xcd,0xcd,0xcd,0xc8,0xc6,0xce,0xe2,
  0xc8,0xbe,0xc6,0xc8,0xe2,0xe5,0xe2,0xe2,0xcd,0xcd,0xce,0xc8,0xc6,0xc5,0xbe,0xbe,0xbe,0xb7,0xbe,0xbe,0xb9,0xbe,0xbe,0xbe,
  0xc6,0xb9,0xbe,0xbe,0xc6,0xbe,0xbe,0xb9,0xc5,0xb9,0xbe,0xb9,0xc5,0xc6,0xb9,0xad,0xb9,0xb1,0xc5,0xb5,0xbe,0xad,0xb7,0xc5,
  0xb9,0xbe,0xbe,0xb7,0xc6,0xc6,0xc5,0xce,0x73,0x71,0x74,0x71,0x74,0x79,0x78,0xf5,0xde,0x71,0x71,0x65,0x75,0x75,0x73,0x72,
  0x71,0x73,0x71,0x64,0x65,0x71,0x63,0x65,0x73,0x21,0x16,0x0d,0x15,0x20,0x68,0x63,0x73,0x75,0x78,0x75,0x71,0x73,0x75,0x74,
  0x75,0x75,0x78,0x78,0x78,0x78,0x62,0x68,0x78,0x78,0x78,0x74,0xdf,0x36,0x18,0x0d,0x0d,0x16,0x17,0x0d,0x15,0x36,0xff,0xf2,
  0xf2,0xf2,0xf8,0xf8,0xf5,0xdc,0xdb,0x36,0x17,0x15,0x0d,0x1c,0xdf,0x75,0x78,0x78,0x73,0xdf,0x1d,0x0d,0x0d,0x1a,0xf5,0x76,
  0x78,0x78,0x78,0x78,0x74,0x72,0x71,0x74,0x78,0x78,0x79,0x79,0x79,0x79,0xdf,0x75,0x6e,0x74,0x68,0xcf,0x6a,0x76,0xd6,0x76,
  0xd6,0x76,0xd6,0x6e,0x76,0x6d,0x6d,0xd6,0xd6,0x77,0xd7,0x6f,0xec,0xda,0x6d,0x6d,0x67,0xda,0x76,0x64,0x63,0x64,0x65,0x71,
  0x71,0x65,0x65,0x63,0x64,0x63,0x65,0x6d,0x71,0x64,0x65,0x62,0x29,0x34,0x63,0x38,0x34,0x65,0x78,0x75,0x71,0x73,0x76,0xd6,
  0xd6,0xd6,0xd6,0x6a,0xdf,0x21,0x0d,0x0d,0x15,0x36,0xd6,0xd0,0x68,0xcf,0xd1,0xc3,0xd4,0xd7,0xdb,0xec,0xf3,0xec,0xfc,0x27,
  0x0d,0x15,0x0d,0x20,0xf5,0xd2,0xd4,0xd4,0xc5,0xc3,0xc3,0xc1,0xc1,0xc3,0xc3,0xc1,0x60,0xc1,0xc1,0xc4,0xc5,0xc4,0xc3,0xc4,
  0xc5,0xc5,0xc6,0xc6,0xc6,0xc6,0xc6,0xc8,0xc6,0xc4,0xac,0xaa,0xaa,0x91,0xa1,0xb9,0xc5,0xc4,0xc5,0xc5,0xc5,0xc5,0xc6,0xe2,
  0xe5,0xe2,0xc6,0xbe,0xcd,0xc8,0xcd,0xcd,0xcd,0xcd,0xcd,0xcd,0xe2,0xcd,0xe2,0xcd,0xe2,0xe2,0xcd,0xcd,0xe2,0xcd,0xcd,0xcd,
  0xcd,0xcd,0xcd,0xc8,0xcd,0xcd,0xcd,0xe5,0xcd,0xc8,0xcd,0xc8,0xcd,0xe2,0xe5,0xcd,0xc8,0xc8,0xc8,0xcd,0xc8,0xc6,0xc6,0xc6,
  0xbe,0xc5,0xc5,0xc4,0xad,0xad,0xb9,0x56,0x9a,0x9e,0xaa,0xb9,0xa7,0xaa,0xae,0xa2,0xaa,0xaa,0xaa,0xaa,0xc4,0xc4,0xac,0x9e,
  0x9c,0x8e,0xa0,0xa2,0x9e,0x56,0xa7,0xaa,0xad,0xad,0xaa,0xae,0xc5,0xc6,0xc8,0xbd,0x71,0x78,0x78,0x74,0x78,0xdf,0xf5,0xf8,
  0x78,0x73,0x78,0x78,0x75,0x75,0x74,0x65,0x65,0x72,0x71,0x65,0x65,0x65,0x71,0x76,0x6a,0x18,0x0d,0x16,0x0d,0x15,0x27,0x68,
  0x64,0x74,0x74,0x73,0x65,0x73,0x75,0x75,0x74,0x75,0x78,0x78,0x78,0x75,0x65,0x65,0x71,0x75,0x78,0xde,0x69,0x18,0x0d,0x0d,
  0x19,0x27,0x1a,0x0d,0x16,0x36,0xfb,0xf2,0xf5,0xf5,0xf8,0xf8,0xf8,0xf6,0xfb,0x1a,0x0d,0x15,0x16,0x27,0xdf,0x75,0x78,0x78,
  0x75,0x78,0x36,0x1a,0x19,0x27,0xf5,0x75,0x78,0x77,0x79,0x74,0x65,0x75,0x78,0x76,0x78,0x78,0x78,0x78,0xde,0x79,0x79,0x75,
  0x74,0x78,0xd7,0x6e,0x6e,0x76,0xd7,0x76,0x6d,0x6e,0x77,0x76,0xd6,0x6a,0xcf,0x6d,0x76,0x76,0x76,0x79,0xdc,0xd6,0x77,0x75,
  0x74,0x79,0x73,0x63,0x65,0x71,0x72,0x73,0x63,0x62,0x63,0x63,0x65,0x63,0x75,0x74,0x65,0x65,0x65,0x62,0x29,0x29,0x63,0x63,
  0x34,0x65,0x73,0x73,0x71,0x75,0x77,0x6e,0xd6,0xd6,0xd6,0xd6,0xd7,0x6e,0x1c,0x18,0x20,0xdf,0xd6,0xd7,0xd6,0xc0,0xcf,0xcf,
  0xcf,0xd1,0xd4,0xda,0xec,0xec,0xfc,0x27,0x0d,0x15,0x0d,0x27,0xdf,0xc4,0xd4,0xc4,0xc4,0xc2,0xcf,0x9f,0xcf,0xc1,0xc1,0xc1,
  0xc1,0xc1,0xc1,0xc2,0xc5,0xc2,0xd0,0xc5,0xc6,0xc6,0xc6,0xc6,0xc6,0xc5,0xc6,0xc6,0xc6,0xc5,0xad,0x91,0x8b,0xa3,0xc3,0xc2,
  0xad,0xce,0xe2,0xcd,0xc8,0xcd,0xce,0xcd,0xe2,0xe7,0xc5,0xc8,0xcd,0xcd,0xcd,0xcd,0xcd,0xcd,0xcc,0xcd,0xcd,0xcd,0xcd,0xcd,
  0xcd,0xcd,0xe2,0xcd,0xcd,0xe2,0xe2,0xcd,0xe2,0xcd,0xe2,0xcd,0xc8,0xe2,0xe2,0xe5,0xe5,0xe5,0xcd,0xcc,0xcd,0xcd,0xc8,0xbd,
  0xc8,0xc8,0xcd,0xcd,0xcd,0xc6,0xc6,0xc5,0xc5,0xc8,0xc5,0xad,0xc5,0xb7,0xb9,0xad,0x8e,0x90,0xad,0xb9,0xad,0xaa,0xac,0xaa,
  0xaa,0xaa,0xae,0xad,0xb9,0xad,0xa2,0xaa,0x59,0x8e,0xa0,0x59,0x9e,0xaa,0xad,0xac,0xaa,0xb9,0xad,0xae,0xc6,0xac,0xab,0xce,
  0x75,0x64,0x74,0xf8,0xde,0xde,0x78,0xdf,0x72,0x65,0x74,0xde,0x75,0x75,0x75,0x71,0x65,0x74,0x74,0x74,0x71,0x64,0x72,0xdf,
  0x36,0x16,0x15,0x0d,0x15,0x0d,0x1a,0x74,0x65,0x73,0x74,0x73,0x72,0x74,0x75,0x73,0x74,0x74,0x75,0x78,0x78,0x78,0x79,0x63,
  0x68,0x74,0x73,0xf8,0x20,0x0d,0x0d,0x1c,0xf2,0xff,0x1a,0x0d,0x17,0x69,0xfb,0xde,0xde,0xde,0xde,0xde,0x79,0xf8,0x1d,0x0d,
  0x16,0x0d,0x1d,0xdf,0x76,0x78,0x78,0x78,0x78,0x78,0xf8,0xf8,0xf5,0xf8,0x78,0x78,0x76,0x78,0x77,0x65,0x71,0x75,0x77,0x78,
  0x78,0x78,0x78,0x78,0x78,0xdf,0x77,0x76,0xd6,0x78,0x79,0x78,0x76,0x77,0x77,0xd6,0xcf,0xd5,0x76,0xd6,0x65,0x65,0x6d,0x6d,
  0x76,0x77,0x74,0x75,0x74,0x74,0x75,0x74,0x73,0x73,0x65,0x65,0x65,0x71,0x74,0x65,0x63,0x62,0x62,0x63,0x71,0x65,0x74,0x65,
  0x65,0x63,0x63,0x63,0x35,0x29,0x62,0x62,0x64,0x65,0x63,0x64,0x65,0x74,0x77,0xd6,0xd6,0xd6,0x6e,0x6e,0xd7,0xdb,0xf3,0xda,
  0xdd,0xd6,0xd4,0xd7,0xd6,0xd6,0xcf,0xc3,0xcf,0xd0,0xd4,0xda,0xda,0xda,0xfc,0x21,0x0d,0x15,0x16,0x36,0xdb,0xd1,0xd1,0xc3,
  0xcf,0xc3,0x9f,0xc1,0xc1,0xc1,0xc1,0xc1,0xc1,0xcf,0xc1,0xc2,0xc4,0xc4,0xc4,0xc6,0xc6,0xc6,0xc6,0xc6,0xc6,0xc5,0xc6,0xc6,
  0xc6,0xbe,0xa7,0x59,0x8e,0xad,0xc5,0xae,0x97,0xcd,0xcd,0xce,0xc6,0xc8,0xc6,0xcd,0xcc,0xae,0xc6,0xcd,0xcd,0xcd,0xcd,0xcd,
  0xcd,0xcd,0xcd,0xcd,0xcd,0xcd,0xcd,0xcd,0xcd,0xcd,0xe2,0xe2,0xe2,0xe2,0xe2,0xe2,0xe2,0xe2,0xe2,0xcd,0xc6,0xc8,0xcc,0xe5,
  0xe5,0xe2,0xcd,0xe2,0xc6,0xb7,0xc6,0xbe,0xc6,0xc6,0xce,0xe2,0xe7,0xcd,0xcd,0xc5,0xc8,0xc6,0xc5,0xc4,0xb9,0xaa,0xae,0xae,
  0xae,0xa1,0x8b,0x90,0xc1,0xaa,0xaa,0xa2,0xaa,0xa0,0xa0,0xa2,0xac,0xac,0xa2,0xaa,0xa0,0x9b,0x8c,0x91,0xaa,0xac,0xaa,0xa0,
  0xa3,0xb9,0xad,0xb9,0xba,0xa7,0xd9,0x5c,0xdf,0x65,0x73,0x36,0x74,0xde,0xde,0x78,0x78,0x74,0x74,0x79,0x75,0x78,0x79,0x78,
  0x73,0x65,0x72,0x73,0x74,0x73,0x65,0x71,0x76,0x19,0x0d,0x15,0x0d,0x15,0x0d,0x20,0xd5,0x64,0x63,0x74,0x65,0x65,0x74,0x65,
  0x65,0x74,0x73,0x75,0x78,0x78,0x78,0x35,0x63,0x75,0x74,0xdf,0x36,0x19,0x1c,0xdf,0xde,0xf5,0x1a,0x0d,0x17,0x69,0xf8,0x79,
  0x79,0x78,0x78,0x79,0xf8,0x20,0x0d,0x16,0x0d,0x19,0xda,0xdc,0x79,0x78,0x78,0x79,0x78,0x79,0xf5,0xf5,0xf5,0x79,0x78,0x78,
  0x74,0x71,0x75,0x65,0x71,0x76,0x78,0x78,0x78,0x78,0x78,0x78,0x78,0x78,0x78,0x76,0x76,0xd6,0x78,0x78,0x77,0x76,0x76,0x75,
  0xd6,0xd6,0xd6,0x6e,0x74,0x74,0x6e,0x6e,0x78,0x78,0x78,0x78,0x74,0x74,0x74,0x73,0x72,0x65,0x65,0x65,0x65,0x74,0x75,0x71,
  0x63,0x63,0x63,0x65,0x64,0x72,0x72,0x64,0x63,0x63,0x63,0x64,0x63,0x35,0x62,0x63,0x63,0x63,0x63,0x65,0x65,0x71,0x74,0xd6,
  0xd6,0xd6,0xd6,0xd6,0xd7,0xed,0xed,0xf3,0xda,0xd6,0xd6,0xd6,0xd6,0xd1,0xc3,0xcf,0xd1,0xd1,0xd4,0xd4,0xda,0xd8,0xfc,0x20,
  0x0d,0x0d,0x18,0x69,0xd7,0xd1,0xd1,0xd0,0xd1,0xc2,0xc1,0xc3,0xcf,0x60,0x60,0xc1,0xcf,0xc3,0xc3,0xc4,0xc4,0xc5,0xc5,0xc6,
  0xc8,0xc6,0xc6,0xc6,0xc6,0xc6,0xbd,0xbe,0xad,0xa1,0xa0,0xaa,0xaa,0xbe,0xc6,0xc6,0xcd,0xc8,0xce,0xc8,0xc8,0xcd,0xcd,0xcc,
  0xc6,0x93,0xcd,0xcd,0xcd,0xcd,0xcd,0xcd,0xcd,0xcd,0xcd,0xcd,0xcd,0xcd,0xcd,0xcd,0xcd,0xcd,0xcd,0xe2,0xe5,0xe5,0xe2,0xe2,
  0xe2,0xe2,0xe5,0xe2,0xcd,0xcd,0xcd,0xe2,0xe2,0xe2,0xe2,0xbd,0x48,0xbe,0xc8,0xc6,0xc8,0xcd,0xbe,0xcd,0xe5,0xe2,0xe2,0xc8,
  0xc8,0xc8,0xc6,0xc5,0xb9,0xaa,0xa0,0xa0,0xae,0xad,0x8f,0x91,0xa2,0xaa,0xac,0xaa,0xa0,0xa0,0xa0,0xa0,0xaa,0xaa,0xad,0xa2,
  0xa2,0xa0,0x8c,0x60,0xaa,0xa2,0x91,0xa1,0xaa,0xad,0xa9,0xa6,0xd9,0xe8,0x20,0x16,0xde,0xf5,0x78,0x39,0x74,0x74,0xde,0xde,
  0x79,0x79,0x75,0x78,0x78,0x78,0x78,0x79,0x78,0x73,0x75,0x74,0x78,0x62,0x34,0x63,0xdf,0x27,0x0d,0x15,0x0d,0x0d,0x0d,0x17,
  0x38,0x65,0x63,0x71,0x65,0x63,0x75,0x74,0x74,0x74,0x74,0x74,0x75,0x74,0x75,0x75,0x74,0x74,0x75,0x78,0xdf,0xde,0xf8,0xde,
  0x79,0xf8,0x1a,0x0d,0x17,0x69,0xdf,0x78,0x78,0x78,0x76,0xf5,0x21,0x0d,0x16,0x0d,0x18,0x69,0xf5,0xde,0x78,0x78,0x78,0x78,
  0x78,0x79,0xde,0xde,0x79,0x79,0x78,0x78,0x74,0x74,0x74,0x6d,0x71,0x75,0x78,0x75,0x75,0x75,0x78,0x78,0x77,0x78,0x78,0x78,
  0x75,0x75,0x74,0x75,0x78,0x77,0x77,0x78,0x78,0x76,0x6e,0x6e,0x6e,0x6e,0xd6,0x77,0x76,0x78,0x75,0x72,0x72,0x74,0x71,0x71,
  0x72,0x71,0x72,0x73,0x71,0x74,0x74,0x65,0x63,0x63,0x64,0x64,0x71,0x65,0x73,0x71,0x63,0x39,0x63,0x65,0x63,0x62,0x62,0x64,
  0x63,0x63,0x65,0x65,0x65,0x65,0x73,0x6d,0x6d,0xd6,0xd6,0xd6,0xed,0xf3,0xf3,0xf3,0xec,0xd4,0xcf,0xd6,0xd1,0xd6,0xd1,0xd0,
  0xcf,0xd4,0xd4,0xd7,0xd8,0xc7,0xf7,0x20,0x0d,0x0d,0x19,0xda,0xc5,0xd4,0xd1,0xc3,0xd4,0xc4,0xc1,0xcf,0xc1,0xc1,0x60,0x61,
  0xc1,0xc1,0xc1,0xc4,0xc5,0xc5,0xc5,0xc8,0xc6,0xc6,0xc6,0xbb,0xbb,0xb9,0xae,0xae,0x94,0x9a,0xa0,0xa1,0xb9,0xc6,0xc6,0xc8,
  0xcd,0xc6,0xb9,0xc6,0xce,0xcd,0xcd,0xc8,0xc8,0xcd,0xcd,0xcd,0xc8,0xcd,0xcd,0xce,0xcd,0xcd,0xcd,0xcd,0xcd,0xc8,0xbb,0xbb,
  0xb3,0xba,0xc7,0xc8,0xe2,0xe2,0xe2,0xe2,0xe2,0xe2,0xe2,0xe2,0xe2,0xe2,0xe2,0xe2,0xcd,0xcd,0xe2,0xcc,0x96,0xc6,0xb9,0xcd,
  0xcd,0xcd,0xbd,0xc8,0xcd,0xcd,0xcd,0xc8,0xc6,0xc8,0xc5,0xce,0xc6,0xad,0xa7,0xa0,0xac,0xb9,0xa2,0x59,0x91,0xa1,0xaa,0xaa,
  0x9e,0xa0,0xa0,0xa0,0xa0,0xa0,0xa0,0xa2,0xa2,0xa2,0x9e,0xad,0xac,0xa7,0xaa,0xaa,0xa1,0xaa,0xaa,0xd4,0x27,0x1a,0x0d,0x1c,
  0x73,0x74,0xdf,0x78,0x38,0x65,0x73,0x78,0xf5,0xf5,0xde,0x79,0xf5,0x78,0x79,0x79,0x78,0x78,0x79,0x75,0x75,0x74,0x73,0x35,
  0x35,0xdf,0x1a,0x0d,0x15,0x0d,0x15,0x0d,0x1d,0x74,0x34,0x35,0x63,0x63,0x73,0x74,0x74,0x74,0x73,0x74,0x74,0x75,0x75,0x74,
  0x73,0x75,0x75,0x79,0xde,0xf8,0xfb,0xf5,0xf5,0xf8,0x19,0x0d,0x17,0x69,0xdf,0x78,0x78,0x76,0xf8,0x27,0x15,0x15,0x0d,0x17,
  0x36,0xf5,0xdc,0xde,0x79,0x76,0x75,0x75,0x78,0x79,0x78,0xf5,0xf8,0xdf,0x75,0x76,0x75,0x75,0x76,0x6d,0x72,0x74,0xdf,0xdf,
  0xf5,0xf5,0xdf,0x75,0x78,0x78,0x78,0x77,0x78,0xdf,0xf5,0xdf,0x76,0x75,0x78,0x76,0x75,0x78,0xdf,0xdf,0xdf,0xdf,0x75,0x78,
  0x75,0x74,0x78,0xdf,0x74,0x71,0x71,0x73,0x71,0x71,0x72,0x74,0x71,0x71,0x78,0x71,0x71,0x68,0x63,0x65,0x65,0x65,0x65,0x74,
  0x74,0xd5,0x71,0x63,0x62,0x62,0x63,0x64,0x64,0x78,0xdf,0x71,0x71,0x71,0x6d,0x6d,0xd5,0x6e,0xcf,0xd7,0xed,0xf7,0xfb,0xfb,
  0xdd,0xd1,0xd0,0xcf,0xcf,0xd1,0xd1,0xc3,0xd1,0xd4,0xd4,0xd4,0xd2,0xc4,0xee,0x20,0x0d,0x0d,0x1c,0xf7,0xc4,0xd4,0xc3,0xd1,
  0xd4,0xd0,0xd7,0xd1,0xcf,0xd6,0xd6,0xac,0xc1,0xcf,0xc2,0xc4,0xc5,0xc5,0xc6,0xc8,0xc6,0xba,0xbe,0xd9,0xc5,0xaf,0x36,0x97,
  0xad,0xaa,0xa7,0xae,0xbe,0xc6,0xbd,0xcc,0xcd,0xc6,0x9a,0xa9,0xc8,0xcd,0xcd,0xcd,0xcc,0xcd,0xcd,0xcd,0xe2,0xcd,0xcd,0xcd,
  0xcd,0xcd,0xc8,0xc8,0xbb,0xc8,0xd9,0xd9,0xe8,0xe8,0xe7,0xcd,0xcc,0xe5,0xe2,0xe2,0xe2,0xe5,0xcd,0xe2,0xe2,0xe2,0xcd,0xcd,
  0xcd,0xcd,0xcd,0xce,0xcd,0xc6,0xcc,0xe2,0xe2,0xcd,0xcd,0xc6,0xce,0xcd,0xce,0xc8,0xc5,0xc3,0xc2,0xcc,0xe7,0xbd,0xae,0xaa,
  0xa0,0xa1,0x59,0x9b,0x59,0x9e,0xa0,0xaa,0x8e,0x59,0x59,0x9b,0x9e,0x9b,0x9b,0xa0,0xa0,0x59,0xa2,0xae,0xa0,0x90,0x84,0x8c,
  0xa0,0xaa,0x36,0x1c,0x0d,0x18,0x27,0xdb,0x65,0x74,0x75,0x72,0x72,0xde,0x78,0x74,0x74,0x74,0xf5,0xf5,0xde,0x79,0x78,0x79,
  0x79,0x73,0x63,0x39,0x78,0x75,0x74,0x73,0x71,0x78,0x36,0x17,0x0d,0x0d,0x0d,0x15,0x16,0x36,0x74,0x65,0x65,0x64,0x73,0x73,
  0x74,0x73,0x73,0x73,0x74,0x73,0x75,0x75,0x75,0x75,0x75,0x79,0xf5,0xf8,0xfb,0xf8,0xf5,0xdf,0x19,0x0d,0x17,0x69,0xdf,0x75,
  0x73,0xf5,0x27,0x16,0x15,0x0d,0x17,0x36,0xf5,0xd7,0xde,0x79,0x78,0x75,0x78,0x78,0x78,0x79,0xdf,0x21,0x1d,0x67,0x78,0x74,
  0x75,0x75,0x76,0x75,0x68,0xdf,0x69,0x21,0x1d,0x20,0x36,0xdf,0x78,0x78,0x79,0x75,0xdf,0x27,0x1c,0x21,0xdf,0x75,0x78,0x6e,
  0x78,0x79,0x20,0x1a,0x1c,0x27,0xf5,0x78,0x74,0x77,0x69,0x20,0x36,0x78,0x74,0x73,0x71,0x65,0x72,0x74,0x72,0x73,0x36,0x19,
  0x1c,0x64,0x65,0x71,0x63,0x72,0x74,0x36,0x20,0x20,0x27,0x68,0x62,0x39,0x65,0x71,0x78,0x20,0x1f,0x76,0x76,0xd6,0xf5,0xd7,
  0x36,0xd5,0xcf,0xd6,0xd6,0xdf,0x27,0x1d,0x27,0xd6,0xd0,0xd0,0xd1,0xd0,0xcf,0xcf,0xd1,0xd0,0xc4,0xd2,0xdb,0xdb,0xfc,0x20,
  0x0d,0x0d,0x1d,0xf3,0xc4,0xd4,0xcf,0xc4,0xc5,0xdb,0x21,0x1a,0x19,0x1a,0x21,0xc5,0xc5,0xc3,0xbe,0xc5,0xc5,0xc5,0xc5,0xc8,
  0xbb,0xe7,0xe8,0x27,0x1c,0x18,0x17,0x17,0x1c,0xb3,0xbd,0xbe,0xbe,0xb9,0xbd,0xe2,0xcd,0xcd,0xc6,0xbe,0xc8,0xcd,0xe2,0xcd,
  0xcd,0xe2,0xe2,0xe2,0xcd,0xcd,0xcd,0xcd,0xcd,0xcd,0xc8,0xb3,0xd9,0xaf,0x21,0x1c,0x1c,0x27,0x27,0x69,0xe9,0xe5,0xe5,0xe7,
  0xe2,0xe2,0xcd,0xcd,0xe2,0xcd,0xcd,0xcd,0xcd,0xc6,0xc5,0xcd,0xc8,0xc8,0xe2,0xc8,0xc6,0xc8,0xc8,0xc6,0xc5,0xce,0xc8,0xcd,
  0xc5,0xc4,0xae,0xcc,0xce,0xae,0xa1,0xa9,0xaa,0x9c,0x59,0x59,0x8e,0xa0,0x8e,0x8f,0x9c,0x59,0x9c,0x56,0x8c,0x9c,0x4f,0xa2,
  0x9c,0x4f,0xa0,0xa0,0x4b,0x7c,0x7c,0x8e,0x9a,0xc5,0x1f,0x17,0x20,0xc4,0xc4,0xa5,0x65,0x75,0x74,0x78,0xde,0x79,0xde,0x79,
  0x78,0x75,0x79,0xde,0xde,0x78,0x78,0x78,0x75,0x71,0x64,0x62,0x72,0x74,0x71,0x64,0x74,0x75,0xdf,0x20,0x0d,0x15,0x0d,0x15,
  0x0d,0x1a,0x74,0x65,0x71,0x74,0x73,0x74,0x74,0x71,0x71,0x74,0x74,0x74,0x75,0x78,0x78,0x75,0x75,0x79,0xf5,0xf8,0xf5,0xf5,
  0xde,0xdf,0x19,0x0d,0x18,0x69,0xdf,0x75,0xdf,0x27,0x16,0x15,0x0d,0x18,0x36,0xfb,0xda,0x79,0x76,0x75,0x75,0x78,0x78,0x78,
  0x78,0xdf,0x36,0x11,0x0d,0x1c,0xdf,0x73,0x74,0x74,0x74,0x74,0x78,0x20,0x17,0x0d,0x0d,0x0d,0x16,0x20,0xf5,0x75,0x79,0xda,
  0x77,0x19,0x0d,0x17,0x69,0x76,0x6f,0x78,0x70,0x1a,0x0d,0x0d,0x0d,0x16,0x27,0xdf,0x72,0x69,0x18,0x0d,0x19,0x6d,0x74,0x73,
  0x71,0x73,0x71,0x74,0x72,0xdf,0x1c,0x0d,0x0d,0x21,0x74,0x71,0x73,0x69,0x1c,0x16,0x0d,0x0d,0x11,0x1a,0x38,0x62,0x63,0x73,
  0x36,0x15,0x0d,0x27,0x77,0xdf,0x27,0x19,0x17,0x1d,0xdf,0xd6,0xd7,0x69,0x17,0x0d,0x19,0xd6,0xd6,0xd6,0xd6,0xd0,0xcf,0xd1,
  0xd1,0xc2,0xd4,0xdd,0x36,0x27,0x36,0x1d,0x0d,0x0d,0x20,0xdd,0xd1,0xd4,0xd1,0xd0,0xd6,0x1c,0x0d,0x0d,0x0d,0x0d,0x0d,0x19,
  0x36,0xc3,0xb8,0xc5,0xc6,0xc6,0xc6,0xc6,0xe8,0x36,0x1a,0x15,0x0d,0x0d,0x0d,0x0d,0x0d,0x20,0xee,0xba,0xbe,0xb7,0xbd,0xcd,
  0xcd,0xcd,0xce,0xce,0xc8,0xcc,0xbd,0xe5,0xe2,0xe2,0xe2,0xcc,0xbd,0xcd,0xcd,0xcd,0xcd,0xc8,0xbb,0xe8,0x27,0x18,0x0d,0x0d,
  0x0d,0x0d,0x15,0x1a,0xe0,0xe5,0xe5,0xe2,0xe2,0xe5,0xe2,0xe2,0xe2,0xcd,0xcd,0xcd,0xc8,0xc8,0xcd,0xcd,0xcc,0xc8,0xcd,0xc8,
  0xbe,0xb9,0xbe,0xbe,0xb9,0xbe,0xcd,0xc8,0xc6,0xc6,0xbe,0xbd,0xbe,0xa1,0xa0,0xa0,0x9d,0x91,0xa0,0x9b,0x56,0x91,0x8e,0x8d,
  0x9b,0x8c,0x59,0x59,0x59,0xa0,0xa2,0xa0,0x59,0x9d,0xc1,0xcf,0x4f,0x4d,0x8e,0x59,0xa7,0xaa,0xa0,0xaa,0xd9,0xa9,0xaa,0xae,
  0x71,0x75,0x75,0x75,0x78,0x78,0x78,0xde,0x79,0x78,0x78,0x78,0x78,0x78,0x78,0x79,0x78,0x78,0x71,0x72,0x73,0x73,0x65,0x65,
  0x74,0x79,0x78,0x75,0x19,0x0d,0x15,0x0d,0x15,0x0d,0x21,0x74,0x65,0x65,0x65,0x68,0x65,0x65,0x73,0x72,0x74,0x75,0x75,0x75,
  0x78,0x75,0x78,0x79,0xde,0xde,0xde,0xde,0x79,0xdf,0x19,0x0d,0x18,0x69,0xdf,0xf8,0x27,0x16,0x0d,0x0d,0x18,0x69,0xfb,0xfb,
  0xfb,0xf8,0xf8,0xf5,0xdf,0x78,0x74,0x75,0x73,0xdf,0x27,0x11,0x15,0x1a,0x78,0x75,0x76,0x75,0x72,0xdf,0x1d,0x0d,0x0d,0x0d,
  0x15,0x0d,0x0d,0x0d,0x27,0xf5,0x78,0xdf,0x6e,0x18,0x0d,0x17,0x5c,0x74,0x6d,0xdf,0x1c,0x0d,0x15,0x0d,0x15,0x0d,0x18,0x67,
  0xdf,0x36,0x11,0x15,0x0d,0x27,0x74,0x71,0x73,0x73,0x72,0x71,0x74,0x69,0x17,0x0d,0x17,0x36,0x65,0x65,0x69,0x19,0x0d,0x0d,
  0x0d,0x0d,0x0d,0x0d,0x1c,0x63,0x63,0x72,0x27,0x16,0x0d,0x27,0xdf,0x69,0x17,0x0d,0x0d,0x0d,0x27,0xdd,0xd6,0x36,0x17,0x15,
  0x18,0xd1,0xd4,0xd2,0xd1,0xd0,0xc3,0xd4,0xc4,0xdb,0x5c,0x1c,0x17,0x0d,0x16,0x17,0x15,0x0d,0x27,0xf5,0xd8,0xd4,0xc4,0xdd,
  0x1d,0x0d,0x16,0x0d,0x0d,0x0d,0x15,0x0d,0x19,0x5c,0xaa,0xb9,0xbe,0xb5,0xc8,0xe8,0x1f,0x16,0x0d,0x0d,0x0d,0x18,0x19,0x16,
  0x0d,0x20,0xe8,0xbb,0xbd,0x97,0xa9,0xc8,0xc8,0xc8,0xcd,0xce,0xe2,0xb9,0x9a,0xe5,0xe2,0xcd,0xe2,0xc8,0xcd,0xcd,0xcd,0xcd,
  0xcd,0xbb,0xe7,0x20,0x0d,0x0d,0x0d,0x0d,0x0d,0x0d,0x14,0x0d,0x36,0xe9,0xe2,0xcd,0xcd,0xcd,0xe2,0xe2,0xcd,0xcd,0xce,0xcd,
  0xcd,0xcd,0xcd,0xc8,0xcc,0xc8,0xe2,0xc8,0xc6,0xbe,0xb9,0xb7,0xae,0xa9,0xc8,0xc6,0xce,0xc6,0xad,0xad,0xa2,0xaa,0xa0,0x59,
  0x59,0xa0,0x8c,0x8e,0x93,0x9f,0x9f,0x9d,0x9d,0x9f,0xa3,0x8e,0x59,0xa0,0xa0,0xa1,0x9f,0x36,0x21,0x1d,0x17,0x19,0x9c,0xa0,
  0xa1,0xa0,0xa1,0xad,0xab,0xae,0xad,0xae,0x71,0x74,0x74,0x74,0x74,0x75,0x78,0x74,0x75,0x74,0x74,0x78,0x75,0x78,0x79,0xdf,
  0x79,0x74,0x71,0x27,0x73,0x78,0x78,0x75,0x74,0x75,0x76,0xdf,0x27,0x15,0x15,0x0d,0x11,0x0d,0x18,0x6a,0x73,0x71,0x63,0x62,
  0x65,0x5a,0x39,0x78,0x74,0x75,0x75,0x75,0x75,0x78,0x78,0xdf,0x79,0xdf,0xde,0x79,0x79,0x76,0x19,0x0d,0x17,0x69,0xdf,0x21,
  0x16,0x16,0x0d,0x19,0x69,0x6c,0x27,0x21,0x20,0x20,0x20,0x21,0x27,0x69,0xdf,0x73,0x64,0xdf,0x27,0x15,0x0d,0x1a,0x78,0x75,
  0x79,0x75,0xdf,0x20,0x0d,0x15,0x16,0x20,0x36,0x1d,0x15,0x0d,0x1c,0xf5,0x75,0x78,0xd6,0x18,0x0d,0x17,0x69,0x74,0x78,0x20,
  0x0d,0x0d,0x17,0x21,0x19,0x0d,0x0d,0x21,0xf5,0x6e,0x19,0x0d,0x0d,0x20,0x78,0x72,0x73,0x73,0x71,0x65,0x78,0x21,0x0d,0x0d,
  0x1a,0xdf,0x71,0x74,0x1a,0x0d,0x0d,0x1a,0x27,0x21,0x17,0x0d,0x17,0x63,0x65,0x71,0x36,0x16,0x0d,0x27,0xf8,0x1c,0x0d,0x17,
  0x18,0x0d,0x1c,0x77,0xd0,0x5c,0x17,0x0d,0x19,0xd6,0xd1,0xd1,0xc2,0xc3,0xd0,0xc2,0xdd,0x27,0x18,0x0d,0x0d,0x0d,0x0d,0x0d,
  0x15,0x16,0x36,0xf7,0xda,0xc4,0xd6,0x27,0x15,0x15,0x0d,0x1a,0x21,0x1d,0x16,0x15,0x0d,0x1d,0xd1,0xab,0xb8,0xb9,0xbb,0x1c,
  0x0d,0x0d,0x0d,0x19,0x21,0x58,0xc6,0x21,0x1f,0xa9,0xc8,0xbd,0xbe,0xa8,0xa9,0xa9,0xbd,0xc8,0xc6,0xc6,0xce,0xc6,0xcd,0xcd,
  0xc8,0xc8,0xcd,0xcd,0xcd,0xcd,0xe2,0xe2,0xc7,0xe8,0x21,0x0d,0x15,0x0d,0x19,0x21,0x1d,0x15,0x15,0x0d,0x21,0xee,0xc7,0xcd,
  0xcd,0xcd,0xcd,0xcd,0xcd,0xcd,0xcd,0xe2,0xc6,0xb9,0xcd,0xce,0xcd,0xcd,0xc6,0xb9,0xbe,0xcc,0xbe,0xa9,0x91,0xaa,0xc6,0xbe,
  0xc6,0xc5,0xb7,0xad,0xae,0xaa,0xa0,0x9e,0xa0,0x9e,0x51,0x4f,0x54,0x19,0x18,0x1b,0x1c,0x1d,0x1f,0x4f,0x8e,0x91,0xa3,0x27,
  0x18,0x16,0x16,0x18,0x1c,0x21,0xa3,0x91,0x59,0x9e,0xa0,0xa9,0xbe,0xb7,0xad,0xa1,0x64,0x64,0x71,0x71,0x65,0x65,0x65,0x74,
  0x78,0x78,0x73,0x75,0x75,0x78,0x78,0x74,0x73,0xdf,0x79,0x75,0x74,0x74,0x74,0x73,0x73,0x71,0x74,0x74,0xfb,0x1c,0x0d,0x15,
  0x0d,0x15,0x0d,0x1d,0x78,0x65,0x65,0x65,0x73,0x39,0x63,0x75,0x74,0x74,0x75,0x73,0x73,0x74,0x75,0x78,0x78,0x79,0xde,0x79,
  0xde,0x76,0x18,0x0d,0x17,0x69,0x20,0x0d,0x15,0x15,0x16,0x1c,0x1a,0x17,0x16,0x0d,0x0d,0x0d,0x0d,0x0d,0x15,0x17,0x1c,0x69,
  0x75,0xdf,0x27,0x11,0x0d,0x1a,0x78,0x78,0x75,0xdf,0x36,0x16,0x15,0x15,0x27,0xff,0xf8,0xcf,0x17,0x0d,0x1a,0xdf,0x74,0x77,
  0xd6,0x19,0x0d,0x17,0x69,0xdf,0x69,0x18,0x0d,0x17,0x36,0xfb,0x27,0x11,0x0d,0x1c,0xdf,0xdf,0x1d,0x0d,0x0d,0x1c,0xdf,0x73,
  0x74,0x74,0x74,0x71,0xdf,0x1c,0x0d,0x0d,0x21,0xdf,0xdf,0x21,0x0d,0x0d,0x1a,0x74,0xdf,0x74,0x1d,0x0d,0x17,0x38,0x65,0x71,
  0x36,0x16,0x0d,0x21,0x5c,0x16,0x15,0x21,0x6a,0x17,0x17,0x69,0xd6,0x5c,0x17,0x0d,0x19,0xd6,0xd4,0xd2,0xd1,0xd4,0xc2,0xd6,
  0x27,0x16,0x0d,0x0d,0x19,0x20,0x18,0x0d,0x0d,0x17,0x36,0xdb,0xd2,0xc4,0xdb,0x1a,0x0d,0x0d,0x1a,0xb9,0x92,0xd7,0x21,0x15,
  0x0d,0x18,0xc4,0xc6,0xc4,0xc4,0x1a,0x0d,0x15,0x16,0x20,0x97,0x99,0x96,0xb5,0x97,0xb7,0xcc,0xcd,0xbd,0xbd,0xbe,0xa8,0x9a,
  0xa7,0xb7,0xb9,0xc6,0xc6,0xc8,0xcd,0xcd,0xc6,0xbd,0xe2,0xe2,0xe2,0xcd,0xcd,0xcc,0xe7,0x36,0x17,0x15,0x0d,0x1a,0x97,0xb9,
  0x89,0x17,0x0d,0x0d,0x21,0xe7,0xc7,0xcd,0xcd,0xcd,0xcd,0xcd,0xcd,0xcd,0xcd,0xcd,0xc8,0xce,0xcd,0xce,0xcd,0xce,0xc8,0xbe,
  0xae,0xbd,0xb9,0xae,0xaa,0xad,0xc5,0xc5,0xc5,0xc4,0xa7,0xa0,0xaa,0xaa,0x9c,0x9e,0xa0,0x9c,0x8c,0x31,0x4e,0x1c,0x1a,0x19,
  0x18,0x18,0x19,0x53,0x91,0x91,0xa0,0x36,0x1d,0x1f,0x30,0x59,0xc0,0xac,0xa1,0xa1,0x91,0xa2,0xa7,0xa0,0xa9,0xae,0xa9,0xae,
  0x68,0x26,0x34,0x34,0x65,0x65,0x71,0x65,0x71,0x75,0x78,0x75,0x78,0x75,0x74,0x73,0x73,0xde,0x79,0x75,0x71,0x74,0x74,0x74,
  0x65,0x68,0x74,0x79,0xf8,0x69,0x17,0x0d,0x15,0x0d,0x15,0x16,0x27,0x73,0x71,0x71,0x73,0x75,0x74,0x65,0x71,0x73,0x74,0x74,
  0x74,0x73,0x74,0x75,0x78,0x78,0xdf,0xde,0xde,0x76,0x18,0x0d,0x17,0x1c,0x0d,0x0d,0x15,0x15,0x15,0x0d,0x0d,0x0d,0x0d,0x0d,
  0x16,0x16,0x16,0x0d,0x0d,0x0d,0x0d,0x19,0x69,0xf8,0x27,0x11,0x0d,0x1a,0x74,0x76,0x75,0xdf,0x1a,0x0d,0x0d,0x1f,0xfd,0x70,
  0xf5,0x36,0x16,0x0d,0x1d,0xf5,0x75,0x75,0xd6,0x19,0x0d,0x17,0x36,0xf8,0x20,0x0d,0x0d,0x20,0xf8,0x6a,0x5c,0x17,0x0d,0x18,
  0x6e,0xf5,0x21,0x0d,0x0d,0x18,0x73,0x74,0x75,0x74,0x74,0x74,0x6d,0x18,0x0d,0x17,0x36,0xdf,0x76,0x19,0x0d,0x17,0x36,0x78,
  0x6d,0xdf,0x1a,0x0d,0x18,0x39,0x65,0x73,0x36,0x17,0x0d,0x21,0x20,0x0d,0x1a,0xdf,0xdf,0x1c,0x0d,0x27,0xdd,0x5c,0x17,0x0d,
  0x19,0xd6,0xd4,0xd4,0xd4,0xd0,0xd1,0x36,0x17,0x0d,0x0d,0x1d,0xc5,0xfc,0x20,0x0d,0x15,0x17,0x36,0xd7,0xd0,0xdb,0x27,0x15,
  0x0d,0x18,0xe0,0xcd,0x96,0xa6,0xd9,0x1a,0x0d,0x15,0x27,0xcd,0xd9,0x1d,0x0d,0x15,0x17,0x27,0xe8,0xb5,0xbb,0xe2,0xe9,0xc7,
  0xe8,0xe9,0xcd,0xc6,0xb7,0xa9,0xae,0xa1,0x99,0x9a,0xae,0xc6,0xbe,0xc8,0xcd,0xcd,0xc8,0xc8,0xcd,0xe2,0xe2,0xe2,0xcd,0xc8,
  0xc7,0x19,0x0d,0x0d,0x19,0x98,0xcc,0xe0,0x27,0x16,0x0d,0x0d,0x21,0xe8,0xc7,0xcd,0xcd,0xce,0xcd,0xcd,0xcd,0xcd,0xcd,0xcc,
  0xcc,0xcd,0xc6,0xce,0xcd,0xc8,0xc6,0xbd,0xae,0xae,0xc5,0xb9,0xb9,0xa9,0xae,0xb9,0xb9,0xa3,0x9e,0xac,0xae,0x9c,0x4f,0x9d,
  0x9e,0x8e,0xa0,0x8e,0x9b,0x9d,0x51,0x9f,0xa3,0x59,0x9d,0x8e,0x91,0x9e,0x91,0xa1,0xc3,0x9c,0xa0,0x91,0x91,0x9a,0xa1,0xa1,
  0xa1,0xaa,0xaa,0xaa,0xa9,0xa7,0xaa,0xad,0x35,0x32,0x62,0x63,0x64,0x65,0x71,0x65,0x71,0x65,0x72,0x78,0x79,0x78,0x74,0x73,
  0x65,0x72,0x75,0x74,0x74,0x75,0x75,0x74,0x63,0x63,0x75,0xde,0xf5,0xf8,0x20,0x0d,0x15,0x0d,0x15,0x0d,0x1a,0xdf,0x73,0x75,
  0x63,0x62,0x72,0x71,0x73,0x74,0x72,0x72,0x73,0x74,0x75,0x74,0x78,0x78,0x79,0xde,0xde,0x76,0x18,0x0d,0x0e,0x0d,0x0d,0x15,
  0x15,0x0d,0x0d,0x15,0x19,0x1c,0x21,0x27,0x36,0x36,0x27,0x21,0x1a,0x0d,0x16,0x0d,0x1d,0xf8,0x27,0x15,0x0d,0x1a,0x78,0x75,
  0xdf,0x36,0x16,0x0d,0x18,0xda,0xed,0xf4,0xfb,0x1a,0x0d,0x16,0x27,0xdf,0x75,0xd6,0xd6,0x19,0x0d,0x17,0x69,0xda,0x18,0x0d,
  0x18,0x70,0xd7,0xd6,0xcf,0x1a,0x0d,0x17,0x36,0xf8,0x5c,0x17,0x0d,0x16,0x36,0x78,0x74,0x75,0x74,0xdf,0x27,0x11,0x0d,0x1a,
  0xcf,0x77,0x27,0x0d,0x0d,0x1d,0xf5,0x64,0xdf,0x27,0x16,0x0d,0x1c,0x74,0x63,0x71,0x36,0x17,0x0d,0x21,0x1a,0x0d,0x27,0xdd,
  0xdd,0x1f,0x0d,0x21,0xdf,0x36,0x17,0x0d,0x19,0xd7,0xc5,0xd4,0xd4,0xc2,0xd1,0x1a,0x0d,0x0d,0x1d,0xec,0xb3,0xd9,0x1d,0x0d,
  0x15,0x17,0x5c,0xd1,0xc2,0xdb,0x1c,0x0d,0x0d,0x20,0xfd,0xe4,0xe5,0xbb,0xd9,0x1d,0x0d,0x0d,0x20,0xc5,0x27,0x15,0x15,0x16,
  0x27,0xe8,0xe0,0xef,0xeb,0xeb,0xe9,0xeb,0xeb,0xe5,0xcd,0xc8,0xb5,0x9a,0x58,0x96,0xa9,0xae,0xa9,0xa8,0xbd,0xc8,0xcd,0xc8,
  0xc8,0xcd,0xcd,0xe2,0xe2,0xcd,0xbb,0xe8,0x20,0x0d,0x15,0x17,0x55,0xcd,0xbb,0xc6,0x21,0x0d,0x15,0x0d,0x20,0xe8,0xc7,0xcd,
  0xce,0xcd,0xcd,0xcd,0xe2,0xe2,0xcd,0xcd,0xcd,0xcd,0xcd,0xbe,0xb7,0xc6,0xbd,0xb5,0xb7,0xa8,0xbe,0xa7,0xa9,0xa1,0xa0,0x59,
  0x9f,0x8e,0x9c,0xa2,0xa0,0x8c,0x4c,0x8c,0x9b,0x8e,0x9b,0x9e,0xa7,0x59,0x4e,0x84,0x91,0x8f,0x91,0x8e,0x59,0xa0,0xa1,0xa7,
  0x9a,0x94,0xa5,0xaa,0xaa,0xa2,0xa7,0xa0,0xa1,0xaa,0xaa,0xad,0xaa,0x9e,0xa0,0xa0,0x29,0x29,0x63,0x71,0x65,0x71,0x65,0x71,
  0x74,0x65,0x64,0x73,0x75,0x74,0x65,0x65,0x73,0x65,0x74,0x75,0x75,0x75,0x74,0x74,0x73,0x63,0x63,0x72,0xde,0x75,0x74,0x19,
  0x0d,0x15,0x0d,0x15,0x0d,0x21,0x63,0x64,0x63,0x63,0x65,0x71,0x73,0x74,0x73,0x74,0x74,0x75,0x74,0x75,0x78,0x78,0x78,0x78,
  0xde,0xdf,0x18,0x0d,0x15,0x16,0x15,0x0d,0x0d,0x18,0x1d,0x36,0xef,0xfb,0xf8,0xdf,0xdd,0xd7,0xd7,0xdd,0xd7,0x19,0x0d,0x0d,
  0x1a,0xdf,0x27,0x16,0x0d,0x1a,0x78,0x71,0xdf,0x1d,0x0d,0x0d,0x1f,0xf8,0x79,0xfb,0x20,0x0d,0x0d,0x1c,0xdf,0x75,0x76,0x75,
  0xdd,0x1a,0x0d,0x17,0x70,0x27,0x0d,0x0d,0x20,0xf8,0xdc,0xec,0xdd,0x1c,0x0d,0x15,0x27,0xf8,0xd6,0x1a,0x0d,0x0d,0x21,0xdf,
  0x73,0x74,0x75,0xdf,0x1c,0x0d,0x0d,0x20,0xd5,0xd5,0x1c,0x0d,0x16,0x36,0xde,0xdf,0x36,0x17,0x0d,0x16,0x36,0x73,0x63,0x73,
  0x36,0x17,0x0d,0x20,0x18,0x17,0x69,0xd2,0xdd,0x20,0x0d,0x1d,0xdf,0x5c,0x17,0x0d,0x19,0xdb,0xc4,0xc2,0xc1,0xd6,0x20,0x0d,
  0x0d,0x1a,0xc4,0xb8,0xd9,0xbb,0x18,0x0d,0x0d,0x18,0x69,0xc4,0xd0,0x36,0x17,0x0d,0x16,0x36,0xe9,0xcd,0xcd,0xc7,0xae,0x1f,
  0x0d,0x0d,0x20,0xdb,0x1b,0x0d,0x0d,0x1f,0xd9,0xe0,0xe9,0xe5,0xe9,0xe5,0xe5,0xe5,0xe5,0xe2,0xcd,0xc8,0xbd,0x97,0x82,0x48,
  0x9a,0xb0,0x98,0xa8,0xc8,0xcd,0xc8,0xce,0xcd,0xcd,0xcd,0xcd,0xcd,0xce,0xcd,0xa4,0x17,0x15,0x0d,0x21,0xce,0xe4,0xbb,0xb7,
  0x1d,0x0d,0x16,0x0d,0x20,0xe7,0xc7,0xcd,0xcd,0xcd,0xe2,0xcd,0xe2,0xe2,0xcd,0xcd,0xcd,0xcd,0xe2,0xbe,0xa0,0x9a,0xa9,0xb7,
  0xb7,0xa7,0xa7,0xa7,0xa7,0xa0,0xa0,0x8e,0x91,0xa0,0x9c,0x8e,0x9c,0x8c,0x50,0x9f,0xa0,0xa7,0x59,0x8c,0x9e,0x9e,0x8d,0x4f,
  0x9b,0x8f,0x59,0x9e,0x8e,0x91,0xa1,0xaa,0x87,0x93,0xb9,0xbe,0xad,0xa2,0x9a,0x91,0xaa,0xaa,0xac,0xaa,0xad,0xaa,0xaa,0xaa,
  0x34,0x62,0x63,0x71,0x65,0x74,0x72,0x71,0x71,0x78,0x39,0x38,0x65,0x62,0x73,0x65,0x64,0x71,0x72,0x75,0x75,0x74,0x73,0x74,
  0x78,0x78,0x74,0x71,0x71,0x74,0xdf,0x36,0x16,0x15,0x15,0x15,0x0d,0x17,0x39,0x65,0x64,0x71,0x65,0x71,0x73,0x73,0x74,0x74,
  0x74,0x75,0x75,0x75,0x75,0x75,0x78,0x78,0xf5,0x1c,0x11,0x15,0x15,0x0d,0x0d,0x1a,0x21,0xe4,0xff,0xfb,0xfb,0xec,0xd7,0x77,
  0xdc,0x77,0xd6,0x6a,0xd0,0x19,0x0d,0x0d,0x1d,0xfd,0x27,0x16,0x0d,0x1a,0x78,0x72,0xcf,0x1a,0x0d,0x15,0x27,0xf5,0x76,0x1d,
  0x0d,0x0d,0x18,0x69,0xd6,0x75,0x76,0x75,0xdf,0x1a,0x0d,0x17,0x69,0x1c,0x0d,0x17,0x69,0xf7,0xed,0xda,0xed,0x20,0x0d,0x0d,
  0x21,0xf8,0xd7,0x1d,0x0d,0x0d,0x1c,0x78,0x73,0x73,0x74,0x6d,0x18,0x0d,0x17,0x36,0xd5,0x5c,0x18,0x0d,0x19,0xf5,0xfb,0x27,
  0x17,0x0d,0x0d,0x21,0xdf,0x71,0x65,0x73,0x5c,0x17,0x15,0x1a,0x11,0x1c,0xf5,0xda,0xdd,0x21,0x0d,0x1c,0xdf,0x69,0x17,0x0d,
  0x19,0xd7,0xd1,0xc2,0xd0,0x36,0x17,0x0d,0x17,0x36,0xdb,0xd2,0xed,0x21,0x0d,0x16,0x0d,0x18,0xbb,0xc5,0xdd,0x21,0x0d,0x0d,
  0x19,0xcd,0xcc,0xc8,0xcd,0xc7,0xbe,0x1f,0x0d,0x0d,0x20,0xf7,0x18,0x0d,0x17,0x95,0xbb,0xc7,0xbb,0xc7,0xe4,0xe0,0xe0,0xe0,
  0xcd,0xcd,0xce,0xc6,0xbe,0xa8,0x98,0x94,0x98,0xae,0xae,0xa9,0xc8,0xb5,0xb0,0xc8,0xcd,0xcd,0xe2,0xcd,0xcd,0xc7,0xf9,0x1d,
  0x0d,0x0d,0x19,0x94,0xc8,0xe9,0xe5,0xcd,0x19,0x0d,0x15,0x0d,0x20,0xce,0xc7,0xcd,0xcd,0xcd,0xcd,0xe2,0xe5,0xbe,0xc8,0xcd,
  0xc8,0xc8,0xce,0xc6,0xbe,0xa9,0xa1,0xa9,0x9a,0xa7,0x91,0xa0,0x9c,0x91,0xa0,0xaa,0xa0,0x9c,0x9b,0x9d,0x59,0x8c,0x9b,0x30,
  0x8c,0x8e,0x9b,0x8e,0x9e,0xa0,0x9e,0x8c,0x4e,0x8c,0x8e,0xa0,0xa0,0xa0,0xa7,0xa1,0xa0,0xaa,0xae,0xac,0xad,0xb9,0xae,0xa2,
  0xa7,0xaa,0xa1,0xaa,0xb7,0xb9,0xae,0xb7,0x35,0x35,0x63,0x65,0x65,0x71,0x71,0x71,0x71,0x73,0x63,0x64,0x63,0x62,0x63,0x72,
  0x71,0x65,0x74,0x75,0x75,0x71,0x71,0x63,0x65,0x75,0x74,0x72,0x72,0x74,0x73,0xf8,0x1d,0x0d,0x15,0x0d,0x15,0x0d,0x1d,0x78,
  0x65,0x71,0x65,0x71,0x65,0x73,0x75,0x74,0x74,0x75,0x74,0x75,0x74,0x75,0x75,0x78,0x6f,0x19,0x0d,0x16,0x0d,0x18,0x27,0xfe,
  0xff,0xfb,0xf4,0xf7,0xf8,0xde,0xde,0xf5,0xf5,0xf5,0x79,0xf8,0x20,0x0d,0x16,0x16,0x36,0xff,0x36,0x16,0x0d,0x19,0x78,0x78,
  0x36,0x17,0x0d,0x18,0xdf,0x27,0x19,0x0d,0x0d,0x18,0x36,0xf3,0x79,0x77,0xd6,0x75,0xdf,0x1a,0x0d,0x18,0x27,0x17,0x0d,0x1d,
  0xf8,0xda,0xdc,0xda,0xf5,0x21,0x0d,0x0d,0x1d,0xf8,0xf3,0x27,0x0d,0x0d,0x18,0x6d,0x74,0x72,0xdf,0x21,0x0d,0x0d,0x1a,0xf3,
  0xed,0x27,0x15,0x0d,0x1d,0xdc,0x1d,0x16,0x0d,0x0d,0x20,0x77,0x6d,0x65,0x72,0x78,0x69,0x17,0x0d,0x16,0x0d,0x21,0xf8,0xdc,
  0xdb,0x27,0x0d,0x19,0xdf,0x69,0x17,0x0d,0x19,0xd4,0xd4,0xd0,0xdd,0x1c,0x0d,0x0d,0x1f,0xf7,0xec,0xe4,0xdb,0x1a,0x0d,0x16,
  0x0d,0x18,0xbb,0xd8,0xf7,0x1d,0x0d,0x0d,0x1d,0xe8,0xbb,0xc6,0xc6,0xba,0xd9,0x1d,0x0d,0x0d,0x21,0x69,0x16,0x0d,0x18,0x69,
  0xfd,0xe8,0xd9,0xe8,0xef,0xf9,0xf9,0xf9,0xe7,0xbd,0xbd,0xbd,0xb5,0xbe,0xc8,0xbd,0xb7,0x97,0x48,0xa8,0xc8,0xb5,0xb5,0xcd,
  0xcd,0xcd,0xe2,0xe2,0xcd,0xe5,0xbb,0x17,0x0d,0x15,0x21,0xc6,0xe8,0xe9,0xfd,0x27,0x15,0x0d,0x15,0x0d,0x1d,0xce,0xc7,0xcd,
  0xc8,0xc8,0xcd,0xe7,0xcd,0xbe,0xc8,0xc8,0xbd,0xce,0xc8,0xc8,0xc8,0xb7,0xa9,0xa7,0xa1,0xa0,0x90,0x8e,0x59,0xa0,0xa0,0xa1,
  0xa2,0x9f,0x9e,0x56,0x59,0x9e,0x9b,0x31,0x4d,0x4f,0x8c,0x9b,0xa0,0xa0,0x59,0xa0,0x8e,0x8c,0x8d,0x91,0xa1,0xa1,0x9a,0xa1,
  0xaa,0xae,0xad,0xac,0xb9,0xc5,0xb9,0xae,0xae,0xac,0x9a,0xa1,0xae,0xae,0xad,0xae,0x62,0x62,0x63,0x63,0x65,0x65,0x65,0x71,
  0x63,0x35,0x71,0x65,0x63,0x62,0x63,0x72,0x74,0x74,0x71,0x71,0x71,0x65,0x71,0x63,0x63,0x74,0x72,0x74,0x75,0x75,0x74,0x76,
  0x5c,0x17,0x0d,0x0d,0x0d,0x15,0x16,0x36,0x73,0x65,0x74,0x71,0x71,0x71,0x73,0x75,0x75,0x75,0x78,0x75,0x73,0x74,0x75,0x74,
  0x74,0x5c,0x18,0x0d,0x17,0x69,0xff,0xfa,0xfa,0xfb,0xfb,0xf8,0xde,0xdf,0x79,0xf5,0xde,0x79,0xfb,0x27,0x16,0x15,0x0d,0x1c,
  0xf5,0xf8,0x36,0x16,0x0d,0x19,0xdd,0xf8,0x27,0x11,0x0d,0x19,0x1d,0x16,0x0d,0x0d,0x19,0x5c,0xdd,0xdc,0xdf,0x78,0x75,0x75,
  0xd6,0x1a,0x0d,0x18,0x20,0x0d,0x11,0x27,0xdf,0xdc,0xda,0xda,0xf5,0x27,0x0d,0x0d,0x1c,0xfb,0xf3,0xa4,0x17,0x0d,0x16,0x36,
  0xdd,0x6d,0xdf,0x1c,0x0d,0x0d,0x21,0xfd,0xfd,0x21,0x0d,0x0d,0x1a,0x19,0x0d,0x0d,0x16,0x21,0xd7,0x6a,0x72,0x71,0x74,0x79,
  0x69,0x17,0x0d,0x15,0x15,0x27,0xfb,0xed,0xec,0x36,0x16,0x18,0xd6,0x69,0x17,0x0d,0x19,0xc4,0xd4,0xdb,0x36,0x16,0x0d,0x17,
  0xa4,0xe8,0xec,0xf9,0x27,0x15,0x15,0x0d,0x0d,0x18,0xe0,0xe8,0xee,0x1a,0x0d,0x0d,0x20,0xe8,0xbb,0xc6,0xc6,0xbb,0xd9,0x1c,
  0x0d,0x0d,0x21,0xbb,0x17,0x15,0x0d,0x1a,0x27,0x27,0x27,0x21,0x21,0x20,0x20,0x20,0x27,0xcd,0xc6,0xc6,0xc6,0xc8,0xc6,0xb7,
  0xae,0x98,0x47,0xa9,0x96,0xa8,0xce,0xcd,0xc8,0xc8,0xcd,0xcd,0xc7,0xef,0x20,0x0d,0x0d,0x19,0x96,0xe5,0xf0,0xe9,0xf9,0x1c,
  0x0d,0x15,0x15,0x0d,0x1d,0xd9,0xc7,0xcd,0xcd,0xcd,0xcd,0xcd,0xce,0xce,0xcd,0xc6,0xbd,0xc6,0xbd,0xce,0xc8,0xbd,0xbd,0xa9,
  0xa7,0xa0,0x8e,0x9c,0x59,0x9c,0x59,0xa0,0xac,0xaa,0x9e,0x8e,0x80,0x59,0x8e,0x9d,0xa3,0x9e,0x9d,0x8c,0xa0,0x9e,0x9e,0xad,
  0xb9,0xad,0x9a,0x91,0xa0,0xa0,0x82,0xa0,0xae,0xad,0xac,0xae,0xad,0xad,0xb9,0xbe,0xb9,0xad,0xa7,0xa1,0xa0,0xa0,0xa0,0xa1,
  0x35,0x62,0x62,0x63,0x65,0x65,0x65,0x63,0x62,0x62,0x65,0x39,0x39,0x62,0x63,0x78,0x74,0x74,0x73,0x63,0x64,0x71,0x72,0x73,
  0x73,0x74,0x75,0x75,0x75,0x75,0x75,0x72,0xd5,0x20,0x0d,0x15,0x0d,0x15,0x0d,0x1a,0x74,0x71,0x73,0x73,0x74,0x73,0x72,0x74,
  0x74,0x75,0x75,0x74,0x74,0x74,0x74,0x74,0x74,0x76,0x19,0x0d,0x18,0xe0,0xfb,0xfb,0xfb,0xf8,0xf5,0xde,0x79,0x78,0x78,0x78,
  0x76,0xf8,0x27,0x17,0x0d,0x0d,0x17,0x5c,0x78,0xdf,0x36,0x17,0x0d,0x19,0xda,0xfb,0x20,0x0d,0x15,0x0d,0x0d,0x0d,0x15,0x1d,
  0x70,0xd7,0xd6,0xdf,0x78,0x75,0xdf,0x79,0xdf,0x1a,0x0d,0x18,0x19,0x0d,0x18,0x70,0xf5,0xed,0xda,0xda,0xf5,0x36,0x15,0x0d,
  0x1c,0xf3,0xed,0xf3,0x1a,0x0d,0x0d,0x21,0xdf,0xd6,0x69,0x18,0x0d,0x17,0x69,0xfb,0xfa,0x1d,0x0d,0x15,0x0d,0x0d,0x0d,0x18,
  0x27,0xdf,0xd1,0x78,0x74,0x72,0x74,0xdf,0x6f,0x17,0x0d,0x0d,0x18,0xd8,0xf3,0xf3,0xec,0x69,0x17,0x17,0x69,0x5d,0x17,0x0d,
  0x18,0xad,0xc4,0xdd,0x1d,0x0d,0x0d,0x1d,0xdb,0xd2,0xc7,0xf7,0x1c,0x0d,0x16,0x1a,0x0d,0x18,0xe0,0xe9,0xe5,0x19,0x0d,0x0d,
  0x27,0xd9,0xbb,0xc6,0xbd,0xcd,0xce,0x19,0x0d,0x16,0x36,0xf7,0x1d,0x0d,0x0d,0x0d,0x0d,0x15,0x15,0x0d,0x0d,0x0d,0x0d,0x0d,
  0x16,0x1d,0xe8,0xc6,0xc8,0xc6,0xbe,0xa8,0xb7,0xb7,0xbd,0xc6,0x97,0x94,0xc8,0xce,0xc8,0xcd,0xcd,0xcd,0xcd,0xe8,0x1a,0x0d,
  0x0d,0x1f,0xc6,0xe9,0xe5,0xe9,0x36,0x16,0x0d,0x0d,0x15,0x0d,0x1d,0xd9,0xc7,0xe2,0xc8,0xcd,0xe2,0xcd,0xc8,0xc8,0xc8,0xc8,
  0xbd,0xbe,0xc6,0xcd,0xc6,0xbe,0xb9,0xb9,0xb7,0x9a,0x8e,0x8e,0x9c,0x8e,0x8e,0x9b,0xa0,0x8e,0x8e,0x8c,0x4b,0x59,0x91,0x91,
  0xaa,0xae,0xa0,0x9b,0x59,0x8e,0xa0,0xae,0xbe,0xad,0xae,0xa1,0xa0,0x59,0x91,0xa7,0xa9,0xaa,0xad,0xb7,0xb9,0xb9,0xc5,0xbe,
  0xc5,0xb7,0xae,0xae,0xa1,0xa0,0xa0,0xa1,0x62,0x63,0x63,0x64,0x63,0x62,0x62,0x34,0x32,0x65,0x63,0x63,0x63,0x63,0x63,0x71,
  0x75,0x75,0x71,0x62,0x63,0x75,0x74,0x73,0x73,0x74,0x74,0x74,0x74,0x74,0x75,0x75,0xcf,0x68,0x1a,0x0d,0x15,0x0d,0x15,0x0d,
  0x21,0xdf,0x72,0x73,0x73,0x73,0x74,0x71,0x73,0x74,0x74,0x74,0x74,0x74,0x75,0x75,0xdf,0x76,0x18,0x0d,0x18,0xc7,0xf8,0xf5,
  0xde,0x79,0x79,0x79,0x78,0x78,0x78,0x75,0xf5,0x27,0x17,0x0d,0x15,0x16,0x27,0xdf,0xdc,0xf5,0x36,0x17,0x0d,0x18,0xf7,0x21,
  0x16,0x15,0x15,0x0d,0x0d,0x19,0x27,0xdf,0xd6,0xd7,0xde,0xdf,0x74,0xdf,0x21,0x19,0x69,0x1a,0x0d,0x16,0x15,0x0d,0x1c,0xf5,
  0xda,0xdc,0xdc,0xdc,0xdf,0x36,0x17,0x0d,0x1a,0xf3,0xed,0xf8,0x1f,0x0d,0x0d,0x1d,0xdf,0xdf,0x27,0x15,0x0d,0x1a,0xfb,0xfb,
  0x1c,0x0d,0x15,0x15,0x0d,0x17,0x1d,0x5d,0xd6,0xd0,0x79,0xdf,0x78,0xdf,0x27,0x1a,0x36,0x17,0x0d,0x0d,0x1a,0xf8,0xf3,0xed,
  0xdb,0x69,0x17,0x16,0x36,0x6b,0x17,0x0d,0x18,0xc3,0xc5,0x59,0x18,0x0d,0x17,0x36,0xdb,0xd0,0xd7,0x27,0x15,0x0d,0x1a,0x20,
  0x0d,0x18,0xbb,0xe8,0xc5,0x19,0x0d,0x15,0x27,0xd9,0xbb,0xc6,0xba,0xd9,0x27,0x16,0x0d,0x19,0xcd,0x98,0x89,0x1f,0x18,0x15,
  0x0d,0x0d,0x0d,0x0d,0x0e,0x17,0x16,0x0d,0x15,0x0d,0x21,0xd9,0xbb,0xc6,0xb7,0xbe,0xb7,0xa8,0xbe,0xc8,0xbe,0xbe,0xc6,0xc8,
  0xc8,0xcc,0xcd,0xe2,0xe8,0x36,0x17,0x0d,0x17,0x46,0xc8,0xe5,0xc7,0xe8,0x1d,0x0d,0x15,0x17,0x16,0x0d,0x1b,0xd9,0xe0,0xe2,
  0xcd,0xcd,0xcd,0xcd,0xcd,0xc8,0xbd,0xbe,0xbd,0xbe,0xc6,0xcd,0xbd,0xc6,0xc5,0xb9,0xb7,0xae,0x8e,0x4b,0x4c,0x8c,0x8e,0x8c,
  0x8e,0x8e,0x56,0x8c,0x4f,0x59,0xa0,0x9c,0xa2,0xa2,0x59,0x59,0x8d,0x9b,0xa2,0xa1,0xa0,0xa0,0xa0,0xaa,0xa1,0xa0,0x9a,0xa0,
  0xa1,0x9a,0x9a,0xb7,0xb9,0xbe,0xc5,0xc6,0xc4,0xb9,0xae,0xa9,0xa7,0xa9,0xa7,0x93,0x65,0x63,0x63,0x64,0x64,0x68,0x26,0x1f,
  0x62,0x63,0x63,0x64,0x64,0x39,0x64,0x63,0x65,0x71,0x71,0x72,0x65,0x71,0x71,0x65,0x71,0x74,0x74,0x73,0x74,0x75,0x75,0x75,
  0x73,0xd5,0x36,0x16,0x15,0x0d,0x15,0x0d,0x18,0x6d,0x74,0x72,0x74,0x73,0x73,0x73,0x73,0x74,0x73,0x74,0x74,0x74,0x75,0x78,
  0x78,0x75,0x18,0x0d,0x18,0x69,0xdf,0x78,0x78,0x78,0x75,0x76,0x78,0x75,0x78,0xf5,0x21,0x16,0x0d,0x0d,0x15,0x27,0xdf,0xda,
  0xf5,0xdf,0x36,0x17,0x0d,0x18,0xf3,0x20,0x0d,0x16,0x0d,0x18,0x21,0xd6,0xdd,0xd1,0xd7,0x79,0xde,0x79,0xdf,0x5c,0x17,0x0d,
  0x21,0x1a,0x0d,0x15,0x15,0x0d,0x21,0xf5,0xdc,0xdc,0xd7,0x77,0xdf,0x36,0x17,0x0d,0x19,0xf3,0xed,0xf8,0x27,0x15,0x0d,0x1a,
  0xd6,0xdf,0x1c,0x0d,0x0d,0x20,0xfb,0xdf,0x1d,0x16,0x16,0x0d,0x1c,0x69,0xdd,0xd0,0xd0,0x78,0x78,0x75,0x6f,0xdf,0x19,0x0d,
  0x20,0x18,0x0d,0x0d,0x1d,0xfb,0xec,0xda,0xd6,0x5c,0x17,0x16,0x36,0x6b,0x18,0x0d,0x18,0xac,0xd4,0x21,0x15,0x0d,0x1a,0xbe,
  0xc7,0xac,0xd1,0x1a,0x0d,0x0d,0x27,0x20,0x0d,0x18,0x69,0xd9,0x69,0x19,0x0d,0x16,0x27,0xe7,0xbb,0xc8,0xb3,0xe8,0x1d,0x0d,
  0x0d,0x1d,0xd9,0x55,0x44,0x82,0x47,0x21,0x20,0x1f,0x1f,0x20,0x21,0x27,0x27,0x1c,0x0d,0x0d,0x1a,0xd9,0xb3,0xbe,0xb7,0xbe,
  0xb0,0xa8,0xc6,0xc6,0xc8,0xcd,0xc8,0xc6,0xc6,0xcd,0xcd,0xc7,0xef,0x21,0x0d,0x0d,0x1a,0x97,0xe2,0xe2,0xcd,0x36,0x17,0x0d,
  0x16,0x1f,0x17,0x0d,0x19,0xce,0xcd,0xcd,0xcd,0xcd,0xcd,0xce,0xcd,0xcd,0xcd,0xbe,0xb7,0xb9,0xb7,0xcc,0xc6,0x90,0x9a,0xc6,
  0xae,0xa0,0x83,0x4b,0x2f,0x50,0x8e,0x8c,0x8c,0x9b,0x51,0x51,0x8e,0x9c,0x9e,0x9d,0x9e,0x91,0x9c,0x4e,0x51,0x9e,0xaa,0x9e,
  0x87,0xa7,0xa2,0xaa,0xa1,0xaa,0xaa,0xa1,0x9a,0x59,0xa0,0xa8,0xae,0xa9,0xa9,0xae,0xae,0xb7,0xae,0xa7,0xa7,0xa9,0xa1,0x91,
  0x65,0x65,0x64,0x63,0x62,0x68,0x28,0x26,0x63,0x63,0x63,0x62,0x62,0x62,0x62,0x35,0x38,0x62,0x65,0x63,0x71,0x72,0x65,0x65,
  0x65,0x72,0x74,0x74,0x75,0x75,0x78,0x75,0x74,0x72,0x78,0x1d,0x0d,0x15,0x0d,0x15,0x0d,0x1d,0xdf,0x65,0x73,0x73,0x73,0x73,
  0x74,0x73,0x73,0x74,0x74,0x74,0x75,0x75,0x78,0x6f,0x18,0x0d,0x17,0x69,0xdf,0x75,0x75,0x75,0x74,0x75,0x75,0x78,0xdf,0x1d,
  0x0d,0x15,0x0d,0x17,0x27,0xdd,0xd6,0xf5,0xde,0xdf,0x5c,0x17,0x0d,0x18,0x69,0xdf,0x1d,0x0d,0x0d,0x1c,0xfb,0xda,0x70,0xdd,
  0xdf,0x78,0x77,0x76,0xf8,0x1c,0x0d,0x17,0x69,0x1a,0x0d,0x15,0x0d,0x17,0x5c,0xed,0xdc,0xdc,0xdc,0xd7,0xdf,0x5c,0x18,0x0d,
  0x19,0xec,0xf3,0xf7,0xb3,0x18,0x0d,0x17,0x5c,0x67,0x18,0x0d,0x17,0x5c,0xdd,0xda,0xfb,0x1f,0x0d,0x0d,0x20,0xdf,0xac,0xd6,
  0x78,0x77,0x74,0x68,0x74,0x20,0x0d,0x17,0x36,0x18,0x0d,0x0d,0x20,0xf8,0xda,0xd7,0xd7,0x5c,0x18,0x0d,0x27,0xb8,0x18,0x0d,
  0x18,0x60,0xdb,0x1d,0x0d,0x0d,0x1f,0xd9,0xb3,0xad,0x20,0x0d,0x0d,0x1a,0xc5,0x1f,0x0d,0x18,0x69,0xce,0xc5,0x19,0x0d,0x15,
  0x27,0xd9,0xb3,0xb3,0xbd,0x95,0x17,0x0d,0x16,0x27,0xd9,0xbb,0x94,0x55,0x8a,0x97,0xae,0xb9,0xb9,0xae,0xa9,0x89,0xb9,0x21,
  0x0d,0x0d,0x1c,0xe7,0xb1,0xa8,0xb7,0xbe,0xb7,0xb5,0xbd,0xc8,0xcd,0xa8,0xbe,0xc8,0xcc,0xcd,0xe2,0xc7,0xf9,0x1d,0x0d,0x0d,
  0x1f,0xce,0xe9,0xc7,0xce,0x1d,0x0d,0x0d,0x1a,0x46,0x17,0x0d,0x19,0xbb,0xcd,0xcd,0xc8,0xc6,0xc8,0xc8,0xcd,0xcd,0xc8,0xc6,
  0xc8,0xc6,0xbe,0xc6,0xad,0x3e,0x59,0xa2,0x90,0x9c,0x8f,0x91,0x4b,0x31,0x8c,0x8c,0x8c,0x9b,0x51,0x8c,0x8e,0x9e,0x9c,0x8d,
  0x8e,0x91,0x9e,0x4e,0x91,0xaa,0xa2,0x9c,0x8e,0xa7,0xae,0xae,0xaa,0xaa,0xa0,0xa1,0xa7,0xa7,0xaa,0xaa,0xa0,0xa0,0xa2,0xae,
  0xa7,0xa8,0xa8,0xae,0xa7,0xa9,0xa7,0x9a,0x63,0x65,0x65,0x62,0x34,0x62,0x62,0x34,0x63,0x38,0x35,0x35,0x35,0x29,0x35,0x64,
  0x65,0x65,0x68,0x62,0x65,0x72,0x71,0x71,0x71,0x74,0x73,0x73,0x75,0x74,0x75,0x74,0x72,0x72,0x73,0x64,0x17,0x0d,0x15,0x0d,
  0x0e,0x16,0x36,0x78,0x71,0x73,0x71,0x73,0x71,0x73,0x73,0x75,0x74,0x74,0x75,0x74,0x75,0x6d,0x18,0x0d,0x17,0x69,0x78,0x74,
  0x75,0x76,0x75,0x6d,0xdf,0x6c,0x1a,0x0d,0x16,0x0d,0x18,0x36,0xdd,0x70,0xf5,0xde,0xde,0xf5,0x69,0x17,0x0d,0x18,0x69,0xdf,
  0x27,0x15,0x0d,0x19,0xda,0xed,0xf5,0xf5,0xdf,0x76,0x67,0xdf,0x20,0x0d,0x0d,0x1f,0xff,0x1a,0x0d,0x15,0x0d,0x1a,0xdd,0xdc,
  0xda,0x77,0xd7,0xd7,0xd7,0x5d,0x18,0x0d,0x18,0xda,0xf3,0xed,0xdb,0x1a,0x0d,0x0d,0x27,0x27,0x0d,0x0d,0x1a,0xf3,0xf3,0xf3,
  0xfd,0x27,0x0d,0x0d,0x1c,0xd7,0xd1,0xd6,0xd6,0xd6,0x6a,0xd5,0x27,0x16,0x0d,0x20,0xdd,0x17,0x0d,0x0d,0x27,0xf5,0xd6,0xd6,
  0xd6,0x67,0x18,0x0d,0x27,0xba,0x18,0x0d,0x17,0x5c,0xc5,0x1a,0x0d,0x15,0x2d,0xc5,0xae,0x36,0x17,0x0d,0x17,0x27,0xb9,0x1f,
  0x0d,0x17,0x36,0xcd,0xe8,0x1c,0x0d,0x0d,0x21,0xd9,0x98,0x94,0xc5,0x1c,0x0d,0x0d,0x1a,0xe7,0xe2,0xe9,0xe7,0xc8,0xbd,0xb1,
  0xaf,0xa6,0xaf,0xaf,0xa4,0x94,0x47,0x18,0x15,0x0d,0x21,0xe8,0xb3,0xbe,0xb7,0xa8,0xb7,0xbe,0xbe,0xc6,0xc8,0xbd,0xc8,0xcd,
  0xe2,0xe2,0xe2,0xe0,0xee,0x1c,0x0d,0x16,0x21,0xd9,0xc7,0xbe,0x27,0x16,0x15,0x0d,0x21,0x57,0x17,0x0d,0x18,0xb3,0xe2,0xcd,
  0xc8,0xc8,0xc8,0xc8,0xc8,0xcd,0xc8,0xc8,0xbd,0xae,0xae,0xbe,0xae,0x8e,0x7e,0x8c,0x87,0x83,0xa0,0x59,0x91,0x8c,0x83,0x83,
  0x8c,0x9b,0x51,0x8e,0x59,0x59,0x8e,0x8e,0x9e,0x9b,0x9e,0x56,0xa2,0xa2,0x9e,0x91,0x59,0xa0,0xae,0xae,0xae,0xa2,0x91,0xa0,
  0xa1,0xa0,0xa1,0xae,0xaa,0xa0,0xac,0x86,0x87,0x9a,0xa9,0xae,0xaa,0xa1,0xa1,0x8b,0x71,0x74,0x71,0x65,0x63,0x62,0x62,0x62,
  0x35,0x35,0x34,0x34,0x34,0x25,0x34,0x65,0x65,0x65,0x65,0x63,0x71,0x72,0x73,0x71,0x65,0x73,0x71,0x71,0x74,0x74,0x74,0x74,
  0x71,0x65,0x65,0x74,0x20,0x0d,0x15,0x0d,0x15,0x0d,0x1c,0xdf,0x65,0x71,0x71,0x71,0x73,0x71,0x73,0x75,0x74,0x74,0x74,0x74,
  0x74,0x6d,0x18,0x0d,0x18,0x69,0x78,0x73,0x74,0x75,0x73,0xdf,0x27,0x18,0x0d,0x16,0x0d,0x19,0x5c,0xdb,0xd2,0xde,0xde,0xde,
  0xde,0xf5,0x69,0x17,0x0d,0x18,0x69,0xf8,0x69,0x17,0x0d,0x16,0x36,0xf8,0xde,0xdf,0x77,0x67,0xdf,0x21,0x15,0x0d,0x18,0xda,
  0xfc,0x1a,0x0d,0x16,0x0d,0x1d,0xdf,0xd7,0xdd,0xd7,0xd7,0xd7,0xd7,0xc1,0x19,0x0d,0x18,0xd8,0xf3,0xec,0xf8,0x1f,0x0d,0x0d,
  0x1f,0x1d,0x0d,0x0d,0x21,0xfd,0xf3,0xed,0xf3,0x36,0x16,0x0d,0x19,0xdb,0xd2,0xd0,0x6a,0x6a,0xd6,0x69,0x19,0x0d,0x19,0x60,
  0x6b,0x17,0x0d,0x16,0x36,0xed,0xd6,0xd6,0xd6,0x61,0x18,0x0d,0x27,0xae,0x18,0x0d,0x17,0x5d,0x94,0x17,0x0d,0x17,0x49,0xb5,
  0xa3,0x1a,0x0d,0x0d,0x1f,0xb9,0xbe,0x1f,0x0d,0x17,0x36,0xce,0xee,0x1f,0x0d,0x0d,0x1c,0xf7,0xb7,0xd9,0x21,0x0d,0x15,0x15,
  0x27,0xe7,0xc7,0xcd,0xe2,0xe5,0xe7,0xc8,0xbe,0xcd,0xe2,0xe0,0xfd,0x8a,0x18,0x0d,0x0d,0x1a,0xcd,0xc8,0xc6,0xc6,0xb5,0x94,
  0x96,0xb7,0xb7,0xbd,0xc6,0xc8,0xc8,0xc8,0xcd,0xcd,0xe2,0xcd,0xe5,0x19,0x0d,0x17,0x27,0xc8,0x98,0x96,0x1a,0x0d,0x0d,0x1b,
  0x99,0x89,0x18,0x0d,0x16,0x36,0xe7,0xcd,0xcd,0xcd,0xcd,0xc8,0xc8,0xcc,0xc8,0xc8,0xbd,0xb5,0xb7,0xae,0xa7,0x59,0x8d,0x4b,
  0x54,0x8d,0x9c,0x59,0x91,0x91,0x9e,0x8c,0x8c,0x8d,0x51,0x9b,0x8c,0x8c,0x4f,0x8c,0x59,0x8c,0x8e,0xa0,0xa0,0x9e,0x8e,0x8f,
  0x59,0x91,0xa0,0xa0,0xaa,0xaa,0xa9,0xa0,0xa0,0xa0,0x59,0xaa,0xae,0xa1,0xa0,0x87,0x91,0xae,0xb7,0xae,0xa1,0xa1,0xa1,0x9a,
  0x65,0x74,0x65,0x73,0x73,0x65,0x35,0x35,0x29,0x26,0x26,0x35,0x35,0x35,0x32,0x39,0x65,0x73,0x64,0x62,0x71,0x71,0x71,0x65,
  0x64,0x65,0x65,0x65,0x73,0x74,0x73,0x71,0x72,0x65,0x65,0x71,0xd5,0x1a,0x0d,0x15,0x0d,0x15,0x16,0x36,0x73,0x65,0x71,0x71,
  0x71,0x72,0x73,0x74,0x75,0x74,0x74,0x74,0x73,0x6d,0x18,0x0d,0x18,0x67,0x74,0x72,0x71,0x78,0xdf,0x20,0x16,0x0d,0x15,0x0d,
  0x1c,0xc4,0xd6,0xd2,0xdf,0x79,0x79,0xdf,0xde,0xdf,0x69,0x17,0x0d,0x17,0x69,0xf5,0xed,0x1a,0x0d,0x0d,0x1f,0xfb,0x75,0x78,
  0xd6,0xdf,0x27,0x16,0x0d,0x16,0x27,0xdd,0xed,0x1a,0x0d,0x16,0x0d,0x21,0xf5,0xd7,0xd7,0xd7,0xd7,0xd6,0xd7,0xc4,0x19,0x0d,
  0x17,0x69,0xf3,0xec,0xfb,0x27,0x16,0x0d,0x18,0x17,0x0d,0x17,0x5c,0xf3,0xec,0xec,0xe8,0xa2,0x19,0x0d,0x16,0x27,0xdf,0x67,
  0x61,0xd5,0x5c,0x19,0x0d,0x16,0x27,0xc4,0x5d,0x17,0x0d,0x17,0x69,0xdb,0xd2,0xd6,0xd1,0xc2,0x19,0x0d,0x21,0xaa,0x18,0x0d,
  0x17,0xa4,0x36,0x17,0x0d,0x19,0x9a,0xc4,0x1c,0x0d,0x0d,0x1a,0xb9,0x96,0xd9,0x1f,0x0d,0x17,0x36,0xcd,0xce,0x27,0x15,0x15,
  0x16,0x27,0xa4,0x1f,0x16,0x15,0x0d,0x1d,0xc5,0xc8,0xcd,0xcd,0xe2,0xcd,0xc7,0xb5,0x95,0xa6,0xcd,0xfa,0x27,0x18,0x0d,0x0d,
  0x18,0x36,0xc8,0xc8,0xc8,0xbd,0xb7,0x98,0x8a,0x47,0x55,0xb5,0xbe,0xbd,0xbe,0xbd,0xcd,0xe2,0xe2,0xe2,0xe7,0x19,0x0d,0x17,
  0x36,0xcd,0xe8,0x1d,0x0d,0x15,0x17,0x46,0xa8,0x8a,0x19,0x0d,0x0d,0x27,0xe8,0xc7,0xcd,0xcd,0xe5,0xe2,0xc8,0xc8,0xc6,0xbd,
  0xbe,0xa9,0x91,0xa1,0xa1,0x9a,0xa0,0x8d,0x4f,0x9b,0x8e,0x8d,0x8c,0x83,0x4b,0x4f,0x4f,0x4f,0x9d,0x8c,0x8d,0x9b,0x8c,0x8c,
  0x4f,0x8c,0x8e,0x59,0x9b,0x8d,0x8c,0x91,0xa1,0x59,0x91,0xa0,0xa7,0xaa,0xad,0x8e,0x91,0xa0,0x9e,0xa0,0x91,0x91,0x90,0xa1,
  0xae,0xb7,0xae,0xa9,0xa7,0xa7,0xa9,0xa1,0x65,0x74,0x72,0x71,0x74,0x68,0x34,0x26,0x26,0x1b,0x1d,0x34,0x35,0x62,0x35,0x63,
  0x65,0x65,0x62,0x63,0x64,0x63,0x71,0x65,0x65,0x63,0x63,0x65,0x72,0x74,0x72,0x65,0x71,0x71,0x65,0x68,0x74,0x27,0x16,0x15,
  0x15,0x16,0x0d,0x21,0x74,0x65,0x71,0x71,0x65,0x72,0x73,0x74,0x74,0x74,0x74,0x74,0x73,0x6d,0x18,0x0d,0x18,0x67,0x74,0x72,
  0xdf,0x36,0x1a,0x0d,0x15,0x0d,0x17,0x21,0xdd,0xc5,0xd6,0xdf,0x79,0x78,0x78,0x78,0x79,0xdf,0x69,0x17,0x0d,0x17,0x5c,0xdf,
  0xdf,0x21,0x0d,0x15,0x16,0x27,0xdf,0xdf,0xd7,0x20,0x16,0x0d,0x0d,0x21,0xd6,0x70,0xed,0x1a,0x0d,0x15,0x16,0x36,0xdf,0xd6,
  0xd4,0xd6,0xd6,0xd6,0xd6,0xc2,0x19,0x0d,0x17,0x69,0xf7,0xec,0xf7,0xc4,0x18,0x0d,0x0d,0x0d,0x0d,0x1c,0xdd,0xec,0xec,0xec,
  0xda,0xcf,0x1f,0x0d,0x0e,0x19,0x5c,0xd5,0xd5,0x27,0x18,0x0d,0x0d,0x20,0xdb,0xda,0x69,0x17,0x0d,0x18,0xd2,0xd4,0xd1,0xd1,
  0xd1,0xcf,0x19,0x0d,0x21,0xae,0x18,0x0d,0x17,0x6b,0x95,0x17,0x0d,0x16,0x21,0x1b,0x0d,0x0d,0x18,0xa4,0xa8,0xa4,0xe8,0x1f,
  0x0d,0x16,0x27,0xee,0xbb,0x94,0x1a,0x0d,0x15,0x15,0x17,0x0d,0x0d,0x0d,0x1b,0x8a,0xaf,0xcd,0xc8,0xcd,0xe5,0xe2,0xee,0xc8,
  0xb0,0xce,0xa4,0x1d,0x15,0x0d,0x0d,0x19,0x36,0xb7,0xc8,0xc8,0xc6,0xbe,0xb5,0xa8,0x98,0x49,0x81,0xb7,0xb5,0xbe,0xbd,0xcd,
  0xcd,0xe2,0xe5,0xe2,0xee,0x1a,0x0d,0x15,0x27,0xff,0x20,0x15,0x15,0x0d,0x1f,0x8b,0xc7,0xa9,0x1a,0x0d,0x0d,0x21,0xee,0xc7,
  0xc8,0xc8,0xcd,0xcd,0xcd,0xa8,0xbe,0xbd,0xbe,0xae,0xa0,0xa7,0xae,0xae,0xa1,0x59,0x9b,0x4b,0x31,0x4f,0x4f,0x8c,0x7e,0x7e,
  0x83,0x83,0x4f,0x51,0x51,0x51,0x8d,0x8e,0x51,0x4f,0x9b,0x8e,0x8c,0x8c,0x8c,0x59,0x8e,0x59,0x8f,0xa1,0xa7,0xa2,0xa1,0x91,
  0x8e,0x59,0x91,0x59,0x90,0x59,0x91,0xa9,0xb7,0xae,0xae,0xa8,0xae,0xa8,0xae,0xa1,0x73,0x71,0x63,0x63,0x75,0x35,0x34,0x35,
  0x35,0x29,0x26,0x35,0x62,0x62,0x62,0x62,0x63,0x65,0x65,0x63,0x65,0x65,0x65,0x65,0x65,0x71,0x71,0x71,0x72,0x71,0x65,0x71,
  0x71,0x71,0x74,0x65,0x63,0x74,0x1f,0x0d,0x0d,0x0d,0x19,0x64,0x71,0x65,0x71,0x65,0x71,0x73,0x73,0x74,0x74,0x74,0x74,0x74,
  0x73,0x6d,0x18,0x0d,0x18,0x69,0xdf,0xdf,0x20,0x17,0x0d,0x15,0x0d,0x19,0x36,0xd6,0xc1,0xd6,0x79,0x77,0x76,0x76,0x78,0x78,
  0x78,0xdf,0x69,0x18,0x0d,0x17,0x69,0xf8,0xd6,0xa2,0x1a,0x0d,0x15,0x11,0x1a,0x1d,0x19,0x0d,0x0d,0x15,0x21,0xdb,0xc4,0xdc,
  0xdb,0x1a,0x0d,0x0d,0x18,0x69,0xdd,0xd2,0xd6,0xd6,0xd6,0xd6,0xd1,0xc4,0x19,0x0d,0x17,0x69,0xf7,0xda,0xec,0xdd,0x1c,0x0d,
  0x15,0x15,0x0d,0x21,0xf3,0xda,0xec,0xda,0xed,0xac,0x54,0x19,0x0d,0x0d,0x18,0x1c,0x1a,0x15,0x0d,0x0d,0x1d,0xc4,0xc4,0xf7,
  0x69,0x17,0x0d,0x1a,0xdb,0xd1,0xd0,0xd0,0xc1,0xd0,0x1a,0x15,0x20,0xae,0x18,0x0d,0x17,0x5c,0x99,0x19,0x0d,0x16,0x0d,0x0d,
  0x0d,0x17,0x36,0xce,0xb3,0xba,0xe8,0x1f,0x0d,0x15,0x27,0xe7,0xbb,0x96,0x30,0x17,0x0d,0x0d,0x0d,0x0d,0x0d,0x1c,0x57,0x8a,
  0xbe,0xc8,0xcd,0xcd,0xe5,0xee,0x21,0x1a,0x27,0x20,0x17,0x0d,0x0d,0x0d,0x1a,0x94,0xa8,0xbb,0xce,0xc6,0xbe,0xbe,0xb7,0xa8,
  0x98,0xa8,0xb7,0xa8,0xb7,0xb7,0xc8,0xcd,0xe2,0xe2,0xe5,0xe0,0xf9,0x1d,0x0d,0x15,0x19,0x1c,0x0d,0x15,0x0d,0x1c,0x8b,0x8a,
  0xe0,0xce,0x1c,0x0d,0x0d,0x1f,0xfa,0xcd,0xcd,0xce,0xcd,0xcd,0xcd,0x81,0xb5,0xb7,0xae,0xa7,0x91,0xa7,0xae,0xa7,0xa7,0xa0,
  0x59,0x2f,0x4b,0xa0,0x59,0x8f,0x83,0x87,0x87,0x7f,0x4f,0x8c,0x4d,0x4f,0x4f,0x8e,0x9b,0x8c,0x8e,0x8c,0x8c,0x9b,0x8c,0x87,
  0x87,0x8f,0x87,0x8e,0x91,0x91,0xa0,0xa1,0x87,0x8d,0x85,0x90,0x87,0x91,0xae,0xb7,0xa8,0xa8,0xb7,0xae,0xa9,0xa7,0xa7,0xa7,
  0x73,0x73,0x64,0x63,0x65,0x62,0x62,0x62,0x62,0x35,0x26,0x35,0x62,0x63,0x62,0x62,0x63,0x63,0x62,0x63,0x71,0x63,0x65,0x71,
  0x65,0x72,0x65,0x65,0x65,0x65,0x65,0x71,0x65,0x65,0x71,0x73,0x64,0x64,0x73,0x21,0x1a,0x1c,0x38,0x71,0x65,0x71,0x71,0x65,
  0x71,0x71,0x73,0x73,0x74,0x74,0x74,0x74,0x74,0x6d,0x18,0x0d,0x18,0x6e,0x36,0x1a,0x0d,0x15,0x0d,0x15,0x1d,0x5d,0xcf,0x61,
  0xd6,0x75,0x75,0x76,0x6e,0x6e,0x75,0x76,0x75,0x78,0x69,0x17,0x0d,0x16,0x36,0xf8,0xda,0xad,0x53,0x19,0x0d,0x0d,0x0d,0x0d,
  0x0d,0x0d,0x18,0x21,0xd6,0xc2,0xdc,0xec,0xed,0x1a,0x0d,0x0d,0x19,0xd6,0xd7,0xd6,0x6e,0xd6,0xd6,0xd1,0xd6,0xd1,0x19,0x0d,
  0x16,0x36,0xf5,0xd8,0xda,0xdd,0x21,0x0d,0x15,0x0d,0x18,0x6b,0xee,0xec,0xec,0xec,0xec,0xc4,0x91,0x30,0x18,0x0d,0x0d,0x0d,
  0x0d,0x0d,0x16,0x1f,0xc1,0xa2,0xda,0xed,0x5c,0x17,0x0d,0x1a,0xdf,0x6a,0xc2,0xcf,0xc1,0xd6,0x1c,0x0d,0x20,0xbe,0x17,0x0d,
  0x16,0x27,0x57,0x1f,0x0d,0x0d,0x0d,0x0d,0x19,0x36,0xbe,0xbb,0xcd,0xc7,0xd9,0x1f,0x0d,0x0d,0x21,0xd9,0xbb,0x98,0x8b,0x46,
  0x1b,0x18,0x18,0x1b,0x21,0x99,0x89,0xb0,0xc8,0xc6,0xc8,0xc7,0xe8,0x20,0x0d,0x0d,0x17,0x0d,0x0d,0x0d,0x17,0x20,0xa9,0x96,
  0xb3,0xc8,0xbd,0xbe,0xbe,0xa8,0xa8,0xb7,0xa8,0xb0,0xb7,0xb7,0xa8,0xa8,0xc8,0xcd,0xe2,0xe2,0xe2,0xe2,0xe7,0x46,0x16,0x0d,
  0x0d,0x0d,0x0d,0x0d,0x1c,0x57,0xaf,0xe9,0xe8,0xc6,0x1f,0x0d,0x0d,0x1a,0xee,0xcc,0xc8,0xc8,0xcc,0xcc,0xc6,0xa7,0xb7,0xa9,
  0xb7,0xae,0x7c,0x84,0xaa,0xa7,0xaa,0x56,0x31,0x50,0x4c,0x8d,0x8c,0x87,0x59,0x8d,0x4e,0x4e,0x51,0x51,0x8c,0x51,0x8c,0x51,
  0x8c,0x8e,0x8e,0x51,0x4f,0x51,0x87,0x90,0x59,0x87,0x87,0x8f,0x8f,0x8f,0x59,0x87,0x8b,0x9a,0x84,0x7e,0x85,0x9a,0xae,0xa8,
  0xa8,0xb7,0xa9,0x9a,0xa7,0x99,0xa1,0xa9,0x68,0x65,0x71,0x64,0x63,0x65,0x65,0x63,0x62,0x34,0x29,0x62,0x62,0x35,0x35,0x35,
  0x62,0x62,0x35,0x63,0x64,0x63,0x64,0x65,0x63,0x65,0x65,0x64,0x64,0x65,0x65,0x64,0x65,0x65,0x65,0x74,0x74,0x73,0x71,0x78,
  0x78,0x74,0x65,0x65,0x65,0x65,0x64,0x65,0x65,0x65,0x71,0x73,0x72,0x72,0x74,0x74,0x74,0x67,0x18,0x0d,0x18,0x27,0x17,0x0d,
  0x15,0x0d,0x19,0x27,0xd5,0xc0,0x61,0xd6,0x74,0x74,0x73,0x73,0x72,0x73,0x74,0x74,0x75,0x76,0xd6,0x1a,0x0d,0x18,0x69,0xed,
  0xed,0xc2,0xa0,0xa0,0x1d,0x18,0x15,0x16,0x18,0x1d,0x52,0xcf,0xc1,0xd7,0xda,0xec,0xf7,0x1f,0x0d,0x0d,0x1f,0xdf,0xd7,0xd6,
  0xd6,0xd1,0x6a,0x6a,0x6a,0xd1,0x1d,0x0d,0x18,0x69,0xed,0xda,0xda,0xec,0x6b,0x1a,0x0d,0x16,0x20,0xdb,0xec,0xda,0xda,0xda,
  0xda,0xdb,0x9a,0x87,0x4e,0x1c,0x18,0x16,0x18,0x1c,0x30,0xcf,0xc1,0x70,0xec,0xec,0xd8,0x19,0x0d,0x1d,0xd7,0xc1,0xcf,0xc1,
  0xc1,0xd4,0x36,0x1d,0x36,0xad,0x1a,0x0d,0x18,0x95,0x89,0x99,0x21,0x19,0x1a,0x20,0xa9,0xb5,0xb3,0xc8,0xc6,0xc7,0xd9,0x1f,
  0x0d,0x0d,0x1c,0xd9,0xbb,0xbd,0x94,0x8a,0x8a,0x47,0x47,0x94,0x97,0x96,0xbe,0xce,0xbd,0xbe,0xbe,0xaf,0xc5,0x1a,0x0d,0x15,
  0x0d,0x0d,0x17,0x1c,0x47,0x97,0x95,0xbd,0xcd,0xc6,0xc6,0xbe,0xb7,0x98,0xa8,0xb7,0xb7,0xbe,0xbd,0xbd,0xb0,0xa8,0xc8,0xcd,
  0xe2,0xe2,0xe2,0xe5,0xcc,0x94,0x21,0x18,0x15,0x15,0x18,0x21,0xe8,0xbd,0xf0,0xeb,0xe9,0xb5,0x21,0x0d,0x0d,0x1a,0xe8,0xc8,
  0xc8,0xc8,0xc8,0xc8,0xbd,0xb5,0xae,0xae,0xbe,0xbd,0x54,0x90,0xa7,0xa0,0x87,0x83,0x4f,0x4f,0x4b,0x8c,0x8c,0x8c,0x8c,0x7f,
  0x4f,0x51,0x4f,0x8c,0x51,0x4f,0x4f,0x4d,0x9b,0x8e,0x9b,0x51,0x83,0x83,0x59,0x59,0x91,0x8f,0x8f,0x8f,0x8f,0x93,0x87,0x9a,
  0xae,0xa7,0xa7,0x87,0x9a,0xa7,0xa9,0xa9,0xae,0xa7,0x9a,0x9a,0xa7,0x9a,0x9a,0x97,0x71,0x65,0x63,0x62,0x35,0x63,0x65,0x65,
  0x64,0x34,0x29,0x62,0x35,0x35,0x35,0x62,0x35,0x62,0x62,0x63,0x62,0x65,0x63,0x62,0x63,0x64,0x64,0x65,0x64,0x64,0x65,0x65,
  0x72,0x63,0x62,0x74,0x73,0x73,0x71,0x65,0x65,0x64,0x62,0x63,0x65,0x64,0x65,0x65,0x65,0x65,0x71,0x71,0x72,0x73,0x73,0x74,
  0x74,0x6f,0x18,0x0d,0x18,0x21,0x0d,0x0d,0x17,0x1f,0xc0,0xc0,0xa2,0xcf,0x74,0x73,0x72,0x73,0x6d,0x6d,0x6d,0x73,0x74,0x75,
  0x74,0x78,0xd6,0x52,0x20,0x36,0xdb,0xec,0xf3,0xec,0xaa,0xaa,0xcf,0x52,0x27,0x27,0x9e,0xc1,0xa3,0xac,0x77,0xda,0xda,0xed,
  0xda,0xa3,0x21,0x21,0xcf,0x70,0xd7,0xd1,0xd6,0x6a,0x6a,0x6a,0x6e,0xc2,0xa2,0x21,0x36,0xdd,0xda,0xda,0xec,0xec,0xc5,0x53,
  0x21,0x27,0xc3,0xd8,0xec,0xdb,0xd7,0xdb,0xd7,0xd7,0xc4,0x58,0x87,0x8c,0x7b,0x42,0x52,0xc0,0xac,0xac,0xd4,0xda,0xda,0xda,
  0xd6,0x36,0x21,0x61,0xd0,0xc2,0xc1,0xc1,0xc1,0xc4,0xdb,0xdf,0xd1,0x9e,0x7b,0x20,0x30,0xc5,0xe2,0xb7,0xc3,0xa1,0xa0,0xac,
  0x9a,0xab,0xc5,0xc5,0xbe,0xba,0xbe,0x1f,0x0d,0x0d,0x1c,0xee,0xbb,0xce,0xbd,0x98,0x8a,0x8a,0x8a,0x8a,0x96,0xbe,0xc8,0xc8,
  0xbd,0xb7,0xb7,0xaf,0xc5,0x20,0x16,0x17,0x19,0x1d,0x46,0xa8,0x96,0x96,0xbd,0xcd,0xc8,0xc6,0xbd,0xb7,0x96,0xb7,0xb7,0xa8,
  0x94,0xa8,0xbd,0xbd,0xbd,0xbd,0xbe,0xcd,0xe2,0xe2,0xe5,0xe5,0xcd,0x94,0x99,0x47,0x21,0x27,0xa6,0xe8,0xbd,0xe5,0xe9,0xe5,
  0xe5,0xbd,0x89,0x1d,0x19,0x27,0xe9,0xcc,0xc8,0xc8,0xc8,0xbd,0xbd,0xb7,0xa8,0xae,0xae,0xae,0xae,0xa7,0xa1,0xa0,0x83,0x4f,
  0x8c,0x4f,0x4e,0x8d,0x8f,0x59,0x8f,0x8c,0x8c,0x83,0x83,0x8e,0x9b,0x8c,0x8c,0x8c,0x8e,0x9c,0x9b,0x51,0x4f,0x83,0x8f,0x88,
  0x83,0x8f,0x91,0x86,0x7e,0x85,0x91,0xa7,0xae,0xa7,0xa7,0xa1,0xa1,0xa1,0xa7,0x9a,0xa7,0x9a,0x9a,0x9a,0x9a,0xa7,0x9a,0x97,
  0x65,0x62,0x62,0x62,0x62,0x35,0x39,0x63,0x62,0x26,0x29,0x35,0x34,0x62,0x62,0x35,0x35,0x35,0x35,0x62,0x35,0x63,0x65,0x64,
  0x62,0x62,0x63,0x65,0x64,0x63,0x63,0x65,0x65,0x65,0x63,0x62,0x71,0x71,0x65,0x65,0x65,0x73,0x63,0x62,0x65,0x64,0x64,0x65,
  0x65,0x65,0x73,0x73,0x73,0x74,0x71,0x72,0xdf,0x36,0x17,0x15,0x17,0x36,0x1d,0x1c,0x36,0xd5,0xc0,0x60,0xcf,0x72,0x73,0x73,
  0x73,0x6d,0x6d,0x6d,0x73,0x73,0x73,0x74,0x74,0x76,0xd5,0x8e,0x9f,0xaa,0xda,0xed,0xec,0xf3,0xd7,0xaa,0xa0,0xa3,0xc3,0xc3,
  0xa3,0x60,0xc2,0xd6,0xd7,0xd6,0xd7,0xda,0xda,0xac,0xd1,0xd6,0xc1,0xd6,0xd2,0xd6,0xd6,0xd6,0x6a,0x6a,0xd6,0xd2,0xac,0xcf,
  0xcf,0xd1,0xd7,0xda,0xda,0xec,0xd2,0xac,0xc3,0xc3,0xc4,0xda,0xda,0xdb,0xd7,0xd7,0xd7,0xd4,0xd4,0xc3,0x91,0x87,0x8b,0xa0,
  0xa0,0xa0,0xac,0xd1,0xd4,0xd4,0xd6,0xd6,0xc1,0xa3,0xcf,0xcf,0xc2,0xcf,0xc1,0xc1,0xc1,0xc3,0xc4,0xc4,0xd0,0xac,0x87,0x9c,
  0xa0,0xbe,0xce,0xc5,0xa5,0x9a,0x99,0x9a,0xae,0xb9,0xae,0xae,0xae,0xbe,0xa9,0x46,0x19,0x18,0x36,0xe7,0xc6,0xc8,0xc8,0xbd,
  0xb0,0xa8,0xb0,0xb0,0xb7,0xbe,0xbe,0xb5,0xb7,0xae,0xb5,0xb5,0xbd,0x8a,0x2d,0x3f,0x8a,0xa9,0x98,0x98,0xb1,0xc8,0xc8,0xbd,
  0xbd,0xbd,0xb5,0xb7,0xb7,0xb7,0x96,0x49,0x96,0xb5,0xbd,0xbd,0xc6,0xc8,0xc8,0xcd,0xe2,0xe2,0xe5,0xe2,0xe5,0xb7,0x8a,0x8a,
  0x96,0xa9,0xa8,0xb3,0xcc,0xe5,0xe5,0xe2,0xe5,0xe5,0x96,0x94,0x94,0xc6,0xe2,0xcd,0xc8,0xc6,0xbd,0xb9,0xb7,0xae,0xa1,0xa7,
  0xa7,0xa7,0xae,0x84,0x3d,0x42,0x80,0x83,0x8d,0x9b,0x8c,0x8f,0x59,0x59,0x87,0x7e,0x83,0x87,0x83,0x9b,0x91,0xa0,0xa0,0x91,
  0x8d,0x83,0x59,0x4f,0x4e,0x85,0x8b,0x85,0x83,0x87,0x88,0x85,0x85,0x8f,0xa0,0xa7,0xa7,0xa7,0x9a,0x87,0x87,0x99,0x9a,0x9a,
  0x93,0x93,0x9a,0x9a,0x99,0x98,0xa8,0x98,0x63,0x35,0x62,0x62,0x39,0x35,0x63,0x63,0x29,0x26,0x62,0x62,0x35,0x62,0x62,0x35,
  0x35,0x34,0x62,0x62,0x62,0x62,0x62,0x63,0x62,0x62,0x62,0x65,0x63,0x63,0x63,0x64,0x65,0x71,0x63,0x35,0x65,0x65,0x73,0x73,
  0x73,0x74,0x65,0x63,0x65,0x64,0x63,0x65,0x65,0x65,0x65,0x72,0x73,0x73,0x65,0x74,0x36,0x16,0x0d,0x0d,0x17,0x5c,0xd5,0xd5,
  0xcf,0x61,0xcf,0x6e,0x6d,0x72,0x72,0x72,0x6d,0x72,0x68,0x6d,0x72,0x72,0x72,0x73,0x74,0xd6,0x75,0x60,0x59,0xc2,0xdc,0xd7,
  0xda,0xda,0xdb,0xd7,0xd1,0xc1,0xac,0x61,0xcf,0xc2,0xd6,0xd1,0xd0,0xd6,0xd6,0xd7,0xda,0xc4,0x61,0xc1,0xd1,0xd6,0xd6,0xd6,
  0xd6,0xd6,0xd6,0x6a,0x6a,0xd1,0xd0,0xc1,0xc2,0xd6,0xd6,0xd6,0xdb,0xec,0xec,0xd2,0xc2,0xc2,0xda,0xda,0xd7,0xd4,0xd6,0xd7,
  0xd7,0xd4,0xd4,0xd4,0xc5,0xac,0xa2,0xaa,0xac,0xc1,0xc1,0xc2,0xd0,0xd1,0xd4,0xd6,0xd1,0x60,0xc1,0xd0,0xcf,0xc1,0xc1,0x60,
  0xc0,0x9f,0xc1,0xc1,0xc3,0xc4,0xac,0xa0,0xad,0xc5,0xc4,0xc5,0xb9,0xae,0xae,0xb9,0xb9,0xae,0xa9,0xa7,0xa8,0xb7,0xa8,0x49,
  0x43,0x48,0x99,0xb5,0xbe,0xbe,0xbd,0xbd,0xbd,0xc6,0xbe,0xb7,0xb7,0xb7,0xb7,0xb7,0x98,0x96,0xa8,0xa8,0xbd,0x94,0x8b,0x99,
  0x94,0x96,0xb3,0xe2,0xe5,0xc8,0xbe,0xb5,0xb7,0xa8,0xb7,0xbe,0xb7,0xa8,0x96,0x96,0xb5,0xbe,0xbe,0xc8,0xc8,0xc8,0xc8,0xcd,
  0xcd,0xcd,0xe2,0xe2,0xe9,0xe2,0xa8,0x94,0x94,0x98,0xb5,0xcd,0xe5,0xe5,0xe5,0xe5,0xe9,0xeb,0xb5,0x8a,0x94,0xbd,0xe2,0xc8,
  0xc8,0xc6,0xbe,0xbe,0xb7,0xae,0x7c,0x87,0xa7,0xa1,0xa8,0xa1,0x3e,0x2c,0x7c,0x4e,0x51,0x7e,0x4e,0x8e,0x9e,0x8e,0x8c,0x88,
  0x84,0x87,0x8d,0x8e,0x87,0x8f,0x8e,0x87,0x4e,0x4e,0x4f,0x80,0x85,0xa0,0x91,0x7f,0x8b,0xa0,0x93,0x87,0x7f,0x87,0x9a,0xae,
  0xa7,0x9a,0x86,0x7f,0x82,0x87,0x93,0x93,0x9a,0x93,0x99,0xa8,0xa9,0xa9,0xae,0x98,0x34,0x62,0x35,0x62,0x39,0x68,0x21,0x19,
  0x17,0x19,0x1d,0x28,0x62,0x65,0x35,0x35,0x34,0x34,0x62,0x62,0x62,0x62,0x62,0x62,0x35,0x62,0x62,0x62,0x62,0x63,0x63,0x65,
  0x71,0x71,0x65,0x35,0x68,0x73,0x72,0x72,0x72,0x73,0x71,0x65,0x65,0x65,0x65,0x65,0x71,0x65,0x65,0x65,0x71,0x71,0x71,0x74,
  0x38,0x19,0x15,0x17,0x1f,0xc0,0x66,0x9f,0x9f,0xd0,0xd6,0x68,0x64,0x68,0x6d,0x71,0x6d,0x68,0x68,0x68,0x6d,0x6d,0x6d,0x6d,
  0xd6,0xd6,0xd6,0xd6,0xd6,0x76,0xd6,0xd6,0xd6,0xd7,0xd6,0xda,0xdc,0x77,0xd6,0xd6,0xd6,0xd6,0x6a,0x6a,0x6a,0xd1,0xd6,0xd7,
  0xdb,0xda,0xd7,0xd7,0xd7,0xd1,0xd1,0xd6,0xd0,0xd1,0xcf,0xcf,0x6a,0xd1,0xd6,0xd6,0xd4,0xd1,0xd4,0xd6,0xd7,0xda,0xda,0xda,
  0xdb,0xd1,0xd6,0xd6,0xd4,0xd4,0xd4,0xd4,0xd4,0xd4,0xc4,0xc2,0xc4,0xc2,0xc2,0xd0,0xcf,0xc1,0x61,0x66,0x6a,0xd0,0xd1,0xd1,
  0xd1,0xd1,0xc2,0xcf,0xc1,0xc1,0xc0,0x9f,0x60,0x60,0xc0,0xa2,0xac,0xc3,0xc5,0xc5,0xc3,0xac,0xc3,0xb9,0xb9,0xb9,0xbe,0xae,
  0xae,0xa9,0xa7,0xa7,0xa7,0xa9,0xb7,0x8a,0x48,0x81,0x97,0xb7,0xb7,0xb5,0xbe,0xbd,0xbe,0xbe,0xb7,0xb5,0xb7,0xb7,0xb7,0xb7,
  0x98,0x96,0x94,0x98,0xbe,0xc6,0xaf,0xb1,0xbd,0xc8,0xe2,0xe2,0xcd,0xbe,0xb7,0xa8,0x98,0x98,0x98,0xa8,0xb0,0xa8,0xb7,0xb7,
  0xbe,0xbe,0xbe,0xc8,0xc8,0xc8,0xcd,0xcd,0xcd,0xcd,0xe2,0xe5,0xe5,0xe5,0xe5,0xcc,0xc8,0xcd,0xe5,0xe5,0xe2,0xe2,0xe5,0xe5,
  0xe9,0xe9,0xe5,0xbd,0xbf,0xe7,0xcc,0xc8,0xbd,0xbe,0xb5,0xb7,0xb7,0xa7,0x8b,0x9a,0xa0,0x8e,0x87,0x93,0x8f,0x7c,0x7f,0x7b,
  0x7c,0x7e,0x8c,0x8f,0x91,0x90,0x9c,0x8f,0x8c,0x83,0x7f,0x91,0x87,0x80,0x7f,0x7f,0x7e,0x80,0x80,0x83,0x91,0xa7,0x91,0x90,
  0x9a,0xa1,0xa9,0x9a,0x8b,0x9a,0xa1,0xa7,0x9a,0x88,0x85,0x87,0x85,0x88,0x8b,0x87,0x93,0x93,0x99,0x98,0x98,0xa8,0xa8,0xa8,
  0x29,0x34,0x62,0x62,0x63,0x36,0x17,0x0d,0x0d,0x0d,0x0d,0x13,0x18,0x1d,0x26,0x62,0x62,0x35,0x35,0x35,0x62,0x62,0x62,0x62,
  0x62,0x62,0x63,0x64,0x63,0x63,0x62,0x63,0x63,0x65,0x64,0x29,0x35,0x65,0x71,0x71,0x71,0x73,0x71,0x65,0x39,0x63,0x65,0x65,
  0x65,0x65,0x65,0x65,0x65,0x65,0x71,0x72,0xc0,0x4c,0x30,0x4d,0x8c,0x61,0xd5,0xc1,0xd6,0x75,0x6d,0x63,0x63,0x68,0x68,0x5b,
  0x5b,0x68,0x68,0x68,0x68,0xcf,0x68,0xcf,0x6a,0xd6,0xd6,0xd6,0xd6,0xd6,0xd1,0xd1,0x6e,0xd6,0xd6,0xd6,0xd6,0xd6,0xd6,0xd6,
  0xd0,0x6a,0x67,0x6a,0x6a,0x6a,0xd6,0xd7,0xdb,0xda,0xda,0xd7,0xd6,0x6a,0x6a,0xcf,0x6a,0x6a,0x6a,0x6a,0x6a,0xd6,0xd6,0xd4,
  0xd1,0xd0,0xd0,0xd1,0xd4,0xd6,0xd6,0xd6,0xd6,0xd0,0xd4,0xd4,0xd4,0xd4,0xd4,0xd4,0xd4,0xd4,0xac,0x87,0xa2,0xc1,0xc1,0xc2,
  0xc1,0xc0,0x5c,0x66,0xc0,0xc1,0xcf,0xd1,0xd1,0xd1,0xc2,0xc1,0xc0,0x9f,0x9f,0x9d,0x9f,0xc0,0x60,0xac,0xb9,0xc5,0xc3,0xac,
  0xaa,0xa1,0xa2,0xaa,0xb7,0xae,0xae,0xa7,0xa1,0xa1,0xa1,0xa0,0xa0,0xa7,0xa7,0xa7,0x9a,0x97,0xb0,0xb7,0xb5,0xbe,0xbe,0xbe,
  0xbe,0xb7,0xb7,0xb7,0xa8,0x8b,0x9a,0xa8,0xa8,0x98,0x96,0xb0,0xbd,0xcd,0xe2,0xe2,0xe2,0xcd,0xcd,0xc8,0xc6,0xa8,0x96,0x94,
  0x8a,0xa8,0x98,0x96,0x94,0x98,0xbd,0xbe,0xbd,0xc6,0xc6,0xc6,0xc6,0xc8,0xce,0xcc,0xc8,0xcd,0xe2,0xe5,0xe5,0xe5,0xe5,0xe5,
  0xe5,0xe5,0xe5,0xe2,0xcd,0xcd,0xe2,0xe2,0xe5,0xe9,0xe9,0xe9,0xe5,0xe2,0xc6,0xbe,0xbe,0xb7,0xb7,0xa8,0xa7,0x9a,0x9a,0x93,
  0x90,0x8f,0x8f,0x8c,0x7c,0x45,0x45,0x85,0x88,0x59,0x91,0x7f,0x90,0x9a,0x8b,0x85,0x7c,0x45,0x7b,0x93,0x9a,0x7f,0x7f,0x83,
  0x7c,0x7e,0x7c,0x8e,0x9a,0x90,0x87,0x9a,0x9a,0xa7,0xa7,0x9a,0x9a,0xa1,0xa1,0x82,0x7c,0x85,0x8b,0x93,0x87,0x88,0x87,0x7f,
  0x85,0x99,0xa7,0x99,0x8a,0x98,0xa8,0xa8,0x34,0x35,0x35,0x62,0x62,0x1f,0x0d,0x16,0x0d,0x15,0x15,0x0d,0x0d,0x0d,0x13,0x18,
  0x1d,0x26,0x35,0x35,0x62,0x35,0x35,0x62,0x63,0x63,0x62,0x62,0x63,0x63,0x62,0x63,0x63,0x64,0x62,0x62,0x63,0x64,0x71,0x71,
  0x72,0x73,0x71,0x73,0x24,0x4d,0x78,0x63,0x63,0x65,0x64,0x65,0x65,0x65,0x71,0x71,0xc0,0x4f,0x8c,0x9b,0x59,0xd6,0xdf,0x75,
  0x75,0x75,0x66,0x5a,0x68,0x68,0x68,0x39,0x39,0x63,0x66,0x66,0x66,0x66,0x66,0x66,0xcf,0x6a,0x6d,0x6a,0x6a,0xd6,0x6a,0x6a,
  0x6a,0x6e,0xd6,0xd6,0xd1,0xd6,0xd6,0xd1,0x6a,0xcf,0xcf,0xcf,0x6a,0x6a,0xd6,0xd7,0xd7,0xd6,0xd6,0xd1,0x6a,0x6a,0x6a,0x6a,
  0x6a,0x6a,0x6a,0xcf,0x67,0xcf,0xd6,0xd1,0xcf,0x6a,0xcf,0xcf,0xd1,0xd6,0xd6,0xd6,0xd1,0xd1,0xd4,0xd4,0xd4,0xc4,0xd1,0xd4,
  0xd4,0xd1,0xc1,0x9b,0x5c,0xc0,0x61,0x61,0xc1,0xc0,0x9f,0xc0,0x66,0x9d,0xc1,0xc3,0xc2,0xc2,0xc2,0xc0,0xc0,0x9f,0x9d,0x8c,
  0x9d,0xc0,0x9f,0xa2,0xac,0xc1,0xac,0xa2,0xa0,0xa0,0xa0,0xa7,0xa7,0xa7,0xa1,0x9a,0x91,0x91,0x8b,0x8f,0x93,0xa7,0xa7,0xa9,
  0xa9,0xa8,0xa8,0xae,0xb7,0xb7,0xb7,0xb7,0xb7,0xb7,0xa8,0xa9,0x9a,0x7f,0x81,0x96,0xa8,0xa8,0xa8,0xb5,0xc6,0xc8,0xcd,0xcd,
  0xc8,0xc8,0xc6,0xbe,0xb7,0x96,0x89,0x96,0x98,0x98,0x98,0x96,0x8a,0xb7,0xbd,0xc6,0xc6,0xc6,0xbd,0xc8,0xc8,0xc8,0xcd,0xcc,
  0xcc,0xc8,0xcd,0xe2,0xe2,0xe2,0xe5,0xe2,0xe2,0xe7,0xe2,0xcd,0xc8,0xc8,0xce,0xc8,0xcd,0xe2,0xe2,0xcd,0xe2,0xc6,0xb5,0xb7,
  0xb7,0xb7,0xa8,0x98,0x99,0x9a,0x93,0x87,0x8b,0x8f,0x8f,0x80,0x7a,0x7a,0x40,0x80,0x8f,0x91,0xa7,0x9a,0xa1,0xae,0x9a,0x85,
  0x7e,0x7e,0x85,0x87,0x7f,0x7c,0x45,0x80,0x7f,0x7f,0x8b,0xa1,0x93,0x85,0x80,0x87,0x8b,0xa1,0x9a,0x9a,0xa7,0x9a,0x8f,0x48,
  0x44,0x8f,0x8b,0x87,0x93,0x8b,0x49,0x3f,0x93,0x99,0x9a,0x8b,0x8b,0xa9,0xa8,0xa8,0x63,0x63,0x62,0x35,0x34,0x24,0x0d,0x15,
  0x15,0x15,0x0d,0x0d,0x15,0x15,0x0d,0x0d,0x0d,0x13,0x18,0x1c,0x26,0x35,0x35,0x35,0x62,0x62,0x62,0x62,0x62,0x35,0x63,0x65,
  0x65,0x65,0x63,0x63,0x64,0x65,0x65,0x71,0x71,0x71,0x71,0x73,0x65,0x65,0x74,0x35,0x35,0x63,0x62,0x64,0x65,0x65,0x65,0x73,
  0x78,0xc1,0x5f,0xc0,0x76,0x78,0x74,0x73,0x73,0x72,0x68,0x66,0x62,0x39,0x39,0x39,0x39,0x63,0x39,0x39,0x63,0x66,0x66,0x68,
  0x68,0x67,0xcf,0xcf,0x6a,0xcf,0x67,0x67,0x6a,0x6a,0xd1,0x6a,0x6a,0x6a,0x67,0x6a,0x67,0x6a,0x6a,0x67,0x6a,0x6a,0x6a,0xd6,
  0xd6,0xd4,0xd6,0xd0,0x6a,0x6a,0x6a,0xcf,0x67,0x67,0x67,0x6a,0x61,0x61,0x67,0x67,0x61,0x61,0x61,0x6a,0x6d,0xd1,0xd1,0xd6,
  0xd0,0xc2,0xc2,0xd1,0xc3,0xc2,0xc3,0xd0,0xd1,0xd1,0xc3,0xcf,0x5e,0x8c,0x5e,0x9d,0x5f,0x9f,0x9d,0x5e,0x5e,0x9d,0x60,0xc1,
  0xc3,0xc3,0xc1,0x60,0x60,0x9f,0x4f,0x8c,0x8d,0x9f,0x9f,0xa2,0x9e,0xa7,0xa0,0x9e,0x59,0x91,0xa0,0xa0,0xa7,0xa0,0x90,0x87,
  0x87,0x87,0x88,0x87,0x93,0xa1,0xae,0xa9,0xa9,0xa7,0xa1,0xa7,0xa7,0xa8,0xae,0xa8,0xae,0xa8,0xa8,0xa7,0x9a,0x88,0x87,0x97,
  0xae,0x98,0xa8,0xb5,0xbd,0xbd,0xbd,0xc6,0xbd,0xbe,0xb7,0xa8,0xb7,0x89,0x96,0xa8,0x98,0x96,0x96,0x8a,0x98,0xb7,0xbe,0xc6,
  0xc6,0xc8,0xc8,0xc8,0xc8,0xcd,0xcd,0xcd,0xc8,0xc8,0xcd,0xcd,0xcd,0xe2,0xe2,0xcd,0xe2,0xe2,0xe2,0xcd,0xc8,0xc8,0xc8,0xc8,
  0xc8,0xc8,0xbd,0xbd,0xbd,0xbe,0xb7,0xb0,0xa8,0x96,0x95,0x8a,0x8a,0x92,0x87,0x8b,0x87,0x87,0x85,0x7c,0x80,0x7e,0x85,0x88,
  0x8f,0x8f,0x93,0x9a,0xa1,0xa7,0xa1,0x93,0x87,0x85,0x88,0x8f,0x7f,0x80,0x41,0x2c,0x7c,0x88,0x99,0x93,0x7f,0x7f,0x82,0x88,
  0x88,0x8b,0x8b,0x9a,0xa9,0x9a,0x87,0x88,0x87,0x87,0x8b,0x8b,0x88,0x82,0x87,0x8b,0x88,0x88,0x93,0x87,0x8b,0x99,0xa9,0xa8,
  0x62,0x62,0x63,0x62,0x35,0x34,0x1a,0x0d,0x0d,0x0d,0x15,0x15,0x15,0x0d,0x0d,0x15,0x15,0x0d,0x0d,0x0d,0x15,0x19,0x1d,0x26,
  0x62,0x62,0x62,0x62,0x62,0x62,0x63,0x65,0x65,0x65,0x63,0x62,0x63,0x63,0x63,0x64,0x65,0x65,0x71,0x72,0x65,0x65,0x65,0x63,
  0x62,0x62,0x62,0x62,0x65,0x65,0x65,0x72,0x74,0x78,0x79,0x78,0x75,0x74,0x74,0x72,0x72,0x71,0x65,0x62,0x5a,0x4c,0x4d,0x4c,
  0x5a,0x63,0x63,0x63,0x63,0x66,0x39,0x63,0x66,0x66,0x66,0x66,0x67,0x66,0x66,0xc0,0x66,0xcf,0x6a,0x6a,0x6a,0x6a,0x67,0x67,
  0x67,0x61,0x56,0x67,0x6a,0x6a,0x6a,0x6a,0xd1,0xd6,0x6a,0x6a,0x6a,0x6a,0x6a,0x6a,0x6a,0x6a,0x61,0x6a,0x61,0x66,0x67,0xc0,
  0x66,0x66,0x66,0xcf,0x6a,0xd0,0x6a,0xcf,0xcf,0xc1,0xc1,0xc3,0xc1,0xc1,0xcf,0xc3,0xd1,0xc4,0xd1,0xd4,0x9f,0x8c,0x8c,0x50,
  0x5e,0x9f,0x5d,0x5e,0x9b,0x9d,0x9f,0x60,0xc1,0xc0,0x9f,0x9f,0x9f,0x9f,0x8c,0x51,0x4f,0x8e,0x9e,0x9c,0x8e,0x91,0xa0,0x59,
  0x8f,0x8e,0x91,0x91,0x93,0x91,0x90,0x87,0x88,0x87,0x85,0x87,0x93,0x9a,0xa1,0xa7,0xa7,0xa1,0xa1,0xa1,0xa1,0xa7,0xa7,0xa1,
  0xaa,0xa7,0xa7,0xa1,0xa7,0x99,0x8b,0x9a,0xa7,0x9a,0x99,0xb7,0xb5,0xb5,0xb7,0xb5,0xbe,0xb5,0x96,0x96,0xa8,0x98,0x96,0xa8,
  0xa8,0x98,0x98,0x98,0xa8,0xa8,0xb7,0xb5,0xbe,0xc8,0xc8,0xc8,0xc8,0xce,0xc8,0xc8,0xc8,0xc6,0xc8,0xc8,0xc8,0xcd,0xe2,0xcd,
  0xcc,0xcd,0xcd,0xcd,0xc6,0xc6,0xc8,0xc6,0xbd,0xbd,0xbe,0xb5,0xb7,0xa8,0x98,0x96,0x96,0x96,0x8a,0x89,0x89,0x87,0x87,0x8b,
  0x87,0x88,0x7f,0x7e,0x87,0x88,0x8b,0x8b,0x8b,0x8f,0x8b,0x9a,0x99,0xa7,0x87,0x87,0x87,0x85,0x91,0x91,0x85,0x7c,0x7e,0x41,
  0x85,0x8b,0x87,0x88,0x85,0x80,0x82,0x86,0x8f,0x93,0x9a,0x99,0x93,0x92,0x81,0x92,0x8b,0x7d,0x7d,0x7d,0x8b,0x88,0x8b,0x89,
  0x87,0x82,0x82,0x86,0x86,0x93,0xa1,0xa9,0x63,0x62,0x39,0x62,0x35,0x35,0x62,0x20,0x1b,0x18,0x0d,0x0d,0x0d,0x0d,0x15,0x15,
  0x0d,0x0d,0x15,0x15,0x0d,0x0d,0x0d,0x15,0x19,0x1d,0x28,0x62,0x68,0x68,0x63,0x63,0x39,0x63,0x35,0x35,0x62,0x63,0x64,0x64,
  0x65,0x65,0x65,0x65,0x65,0x65,0x65,0x65,0x35,0x29,0x62,0x63,0x64,0x64,0x65,0x65,0x73,0x74,0x74,0x73,0x74,0x73,0x72,0x72,
  0x65,0x65,0x68,0x63,0x5a,0x4c,0x33,0x33,0x4c,0x5a,0x62,0x62,0x63,0x39,0x5a,0x5a,0x66,0x39,0x5c,0x66,0x66,0x5c,0x66,0x66,
  0x66,0xc0,0x67,0x67,0x6a,0x6a,0x6d,0x6a,0x67,0xc0,0x42,0x5d,0x6a,0xcf,0x6a,0x6a,0xd0,0xcf,0xcf,0xcf,0xcf,0xcf,0xcf,0x6a,
  0x6a,0x6a,0x6a,0x61,0x5c,0x5c,0xc0,0xc0,0x66,0x5c,0x5d,0x60,0x67,0x67,0x61,0xc1,0xc0,0xc0,0xc1,0x61,0xc1,0xc1,0xc1,0xcf,
  0xc3,0xc3,0xc3,0xc3,0xcf,0x9d,0x9d,0x8c,0x5e,0xc0,0x9f,0x4d,0x51,0x5e,0x9d,0x9f,0x9f,0x9f,0x9f,0xc0,0xc1,0xc1,0x9b,0x50,
  0x4c,0x8c,0x9b,0x8e,0x9b,0x59,0x9e,0x59,0x8d,0x87,0x88,0x80,0x87,0x87,0x87,0x88,0x85,0x88,0x85,0x85,0x88,0x90,0x9a,0x9a,
  0xa0,0xa1,0xa7,0xa1,0xa1,0xa1,0xa1,0x93,0x99,0x9a,0x93,0x9a,0xa1,0x9a,0x8b,0x8b,0x9a,0x89,0x8a,0xa8,0xb7,0xa8,0x98,0xb0,
  0xb5,0xb7,0x96,0x96,0x98,0x8a,0x3f,0x98,0x98,0x96,0xb7,0xb0,0xa8,0xa8,0xa8,0xb0,0xb0,0xbd,0xc6,0xc8,0xc8,0xc8,0xc8,0xc8,
  0xc8,0xc6,0xc6,0xc6,0xbd,0xc6,0xc8,0xcd,0xc8,0xc6,0xc6,0xc6,0xbd,0xbd,0xbd,0xbe,0xb5,0xb5,0xb7,0xa8,0xa8,0x98,0x94,0x94,
  0x8a,0x8a,0x89,0x89,0x57,0x82,0x82,0x86,0x82,0x82,0x82,0x7f,0x86,0x86,0x86,0x87,0x87,0x87,0x8b,0x99,0x93,0x87,0x85,0x87,
  0x83,0x87,0x9a,0x93,0x85,0x7e,0x45,0x85,0x8f,0x8b,0x87,0x85,0x80,0x7f,0x82,0x82,0x9a,0x99,0x98,0x94,0x8a,0x8a,0x8a,0x99,
  0x8b,0x48,0x49,0x49,0x7d,0x57,0x89,0x57,0x57,0x89,0x7d,0x7b,0x80,0x8b,0x93,0x9a,0x62,0x62,0x62,0x35,0x62,0x63,0x65,0x71,
  0x62,0x35,0x21,0x1c,0x18,0x11,0x0d,0x0d,0x0d,0x15,0x15,0x15,0x0d,0x15,0x15,0x0d,0x0d,0x0d,0x15,0x19,0x1d,0x28,0x63,0x68,
  0x62,0x34,0x35,0x35,0x63,0x63,0x63,0x63,0x64,0x65,0x65,0x65,0x64,0x64,0x64,0x63,0x62,0x35,0x62,0x63,0x63,0x64,0x65,0x64,
  0x65,0x65,0x65,0x73,0x73,0x65,0x65,0x65,0x65,0x63,0x63,0x66,0x63,0x4d,0x32,0x33,0x4d,0x4d,0x4d,0x5a,0x66,0x68,0x66,0x66,
  0xc0,0xc0,0xc0,0x67,0x5d,0x66,0x66,0x66,0x66,0x66,0x5d,0x66,0x67,0x67,0x67,0x6a,0x61,0x5d,0x61,0xcf,0x6a,0xcf,0x6a,0x6a,
  0x6a,0x6a,0x6a,0x6a,0x6a,0x67,0xcf,0xcf,0xcf,0x6a,0x67,0x60,0x5c,0x5c,0x5c,0x5d,0x66,0x5d,0xd5,0xd5,0xd5,0xd5,0xc1,0x9f,
  0x9f,0x5d,0xc1,0xc1,0xc1,0xc1,0xc1,0xc1,0xc1,0xc1,0xc1,0x61,0xc1,0x60,0x9f,0xc0,0x9f,0x9d,0x5e,0x51,0x50,0x9b,0x51,0x9f,
  0x9f,0x9e,0x9f,0x9e,0x60,0x59,0x8e,0x8c,0x4c,0x4f,0x9b,0x9b,0x8d,0x87,0x59,0x87,0x85,0x80,0x7c,0x45,0x7c,0x87,0x85,0x85,
  0x87,0x7f,0x7b,0x7c,0x7a,0x87,0x99,0x9a,0x93,0x9a,0xa7,0x9a,0x93,0x99,0x99,0x8b,0x8b,0x8b,0x8b,0x9a,0xa1,0x9a,0x99,0x99,
  0x96,0x58,0x95,0x98,0xa8,0x96,0x98,0x98,0xa4,0xa6,0x95,0x8a,0x98,0x55,0x2d,0x9a,0x96,0xa8,0xa8,0xb7,0xb7,0xb7,0xb7,0xb7,
  0xb5,0xbe,0xc6,0xc6,0xc6,0xc8,0xc6,0xc6,0xc6,0xbd,0xbd,0xbd,0xbd,0xbd,0xbd,0xc6,0xc8,0xbd,0xbd,0xbe,0xbe,0xb5,0xb5,0xb7,
  0xb7,0xa8,0x98,0x98,0x98,0x94,0x94,0x8a,0x89,0x57,0x46,0x47,0x82,0x87,0x8f,0x8f,0x8f,0x9a,0xa7,0x8f,0x91,0x91,0x88,0x87,
  0x86,0x85,0x88,0x85,0x8b,0x85,0x85,0x8b,0x87,0x87,0x99,0x92,0x7f,0x80,0x80,0x87,0xa0,0x8b,0x85,0x7e,0x7e,0x82,0x85,0x86,
  0x99,0x96,0x98,0x94,0x94,0x94,0x99,0x94,0x89,0x8a,0x94,0x94,0x89,0x8a,0x89,0x89,0x57,0x49,0x7d,0x2b,0x1e,0x45,0x8f,0xa8,
  0x35,0x62,0x34,0x35,0x62,0x63,0x65,0x64,0x63,0x62,0x68,0x68,0x35,0x28,0x1d,0x19,0x16,0x0d,0x0d,0x0d,0x15,0x15,0x15,0x0d,
  0x15,0x15,0x0d,0x0d,0x0d,0x16,0x19,0x1d,0x28,0x62,0x62,0x62,0x63,0x64,0x64,0x63,0x62,0x35,0x63,0x63,0x63,0x63,0x63,0x63,
  0x64,0x65,0x63,0x39,0x64,0x65,0x64,0x64,0x64,0x65,0x65,0x65,0x65,0x65,0x64,0x68,0x63,0x63,0x63,0x39,0x5a,0x4d,0x4c,0x5e,
  0x68,0xc0,0x39,0x37,0x28,0x21,0x21,0x21,0x21,0x21,0x27,0x27,0x37,0x68,0xcf,0xc0,0x5c,0x5c,0x5c,0x66,0x66,0x66,0x5d,0x61,
  0x67,0x61,0x5d,0xcf,0x6a,0x6a,0x6a,0xcf,0x6a,0x6a,0xcf,0x6a,0x6a,0x6a,0x67,0x6a,0x6a,0x67,0x61,0x5d,0x5d,0x5c,0x5c,0x5d,
  0xc0,0xd5,0x21,0x1c,0x1c,0x20,0x37,0xcf,0x5f,0x9f,0xc0,0xc1,0xc1,0x61,0xc1,0xc1,0xc1,0xc1,0xc1,0xc1,0xc1,0xc1,0xc0,0x9f,
  0x9b,0x9b,0x50,0x4c,0x50,0x51,0x9d,0x9f,0x9f,0xa3,0x9b,0x4c,0x4f,0x4f,0x8c,0x8c,0x4f,0x8c,0x8c,0x8c,0x85,0x9c,0x9c,0x8c,
  0x7b,0x7c,0x7e,0x45,0x7c,0x87,0x7c,0x7c,0x87,0x85,0x45,0x40,0x7a,0x93,0x9a,0x99,0x9a,0x9a,0x93,0x93,0x87,0x87,0x87,0x93,
  0x99,0x8b,0x9a,0x9a,0x9a,0xa1,0x93,0x9a,0xa7,0x99,0x8a,0x8a,0x94,0x94,0x96,0xa9,0xbe,0xb9,0x96,0x8a,0x98,0x97,0x97,0x94,
  0x94,0x96,0xa8,0xb5,0xb7,0xb5,0xb5,0xbe,0xb5,0xbe,0xbd,0xc6,0xbd,0xc8,0xc8,0xc6,0xbd,0xbe,0xbe,0xbd,0xbe,0xc6,0xbe,0xbd,
  0xc6,0xc6,0xbe,0xb7,0xa8,0xa8,0xa8,0xa8,0xa8,0xa8,0x96,0x94,0x96,0x94,0x8a,0x55,0x8a,0x99,0x8a,0x48,0x2d,0x21,0x1f,0x1c,
  0x1c,0x1c,0x1c,0x1c,0x1d,0x21,0x30,0x91,0x85,0x7c,0x80,0x85,0x93,0x99,0x93,0x99,0x87,0x8b,0x93,0x80,0x7f,0x8b,0x99,0x9a,
  0x91,0x8b,0x85,0x7b,0x80,0x88,0x82,0x82,0x94,0x94,0x94,0x89,0x94,0x8a,0x99,0x94,0x95,0xa8,0xa8,0x98,0x96,0x89,0x8a,0x89,
  0x89,0x81,0x7d,0x2c,0x1e,0x7f,0xa9,0x96,0x29,0x62,0x35,0x62,0x62,0x39,0x64,0x71,0x65,0x63,0x62,0x63,0x62,0x63,0x68,0x62,
  0x28,0x1f,0x19,0x16,0x0d,0x0d,0x0d,0x15,0x15,0x0d,0x0d,0x15,0x15,0x0d,0x0d,0x0d,0x16,0x21,0x62,0x62,0x63,0x63,0x63,0x63,
  0x35,0x35,0x63,0x63,0x63,0x63,0x63,0x63,0x39,0x63,0x64,0x63,0x39,0x63,0x63,0x63,0x64,0x63,0x62,0x64,0x65,0x64,0x68,0x63,
  0x39,0x39,0x39,0x63,0x66,0x62,0x5a,0x28,0x20,0x1c,0x19,0x18,0x16,0x0d,0x0d,0x0d,0x0d,0x0d,0x0d,0x16,0x18,0x1a,0x20,0x36,
  0xcf,0xc0,0x53,0x5f,0x5c,0x5c,0x5c,0x5c,0x67,0x6a,0x6a,0x6a,0xcf,0x6a,0x6a,0x6a,0x6a,0x67,0xcf,0x6a,0xcf,0x67,0x61,0x61,
  0x61,0x61,0x67,0x61,0x5c,0x5d,0x5c,0x5c,0xc0,0x1c,0x0d,0x0d,0x0d,0x0d,0x17,0x21,0xcf,0x60,0xc1,0xc1,0x61,0xc1,0xc1,0x61,
  0xc1,0xc1,0xc1,0xc1,0x61,0xac,0x60,0xa2,0x9d,0x8d,0x50,0x4c,0x4c,0x4a,0x8c,0x9e,0xa3,0x9b,0x4c,0x4c,0x51,0x4f,0x4f,0x8c,
  0x83,0x8d,0x8d,0x8d,0x4e,0x20,0x1f,0x24,0x7e,0x80,0x7c,0x7c,0x80,0x45,0x7a,0x7c,0x85,0x85,0x7f,0x87,0x8f,0x48,0x7f,0x91,
  0x99,0x93,0x8f,0x8f,0x87,0x88,0x87,0x93,0x8b,0x93,0x9a,0x99,0x9a,0xa1,0x93,0x93,0x93,0x8b,0x57,0x89,0x8a,0x96,0xce,0x36,
  0x20,0x1f,0x27,0x99,0x94,0x96,0x96,0x96,0x94,0x89,0x98,0x96,0xb7,0xb7,0xbe,0xbe,0xbe,0xbd,0xbe,0xbd,0xc6,0xc8,0xc6,0xbd,
  0xbd,0xbe,0xbe,0xbd,0xbd,0xbd,0xbe,0xb5,0xbd,0xbe,0xb7,0xa8,0x98,0x98,0x98,0x96,0x94,0x94,0x94,0x94,0x94,0x8a,0x96,0xa9,
  0x94,0x21,0x1d,0x19,0x16,0x0d,0x0d,0x0d,0x0d,0x0d,0x0d,0x0d,0x0d,0x0d,0x16,0x1a,0x42,0x7f,0x86,0x93,0x93,0x99,0x99,0x93,
  0x93,0x8f,0x87,0x85,0x88,0x9a,0x9a,0x93,0x84,0x85,0x87,0x87,0x88,0x87,0x44,0x48,0x87,0x89,0x8a,0x94,0x47,0x46,0x8b,0x96,
  0xa8,0xa8,0x98,0x96,0x96,0x89,0x57,0x89,0x89,0x94,0x94,0x99,0x80,0x8b,0xae,0x99,0x62,0x64,0x64,0x63,0x62,0x62,0x63,0x63,
  0x63,0x63,0x63,0x65,0x68,0x39,0x62,0x62,0x63,0x63,0x62,0x28,0x1f,0x1a,0x17,0x0d,0x0d,0x0d,0x0d,0x15,0x15,0x15,0x15,0x16,
  0x0d,0x18,0x35,0x62,0x62,0x62,0x62,0x62,0x62,0x35,0x62,0x62,0x63,0x63,0x39,0x62,0x68,0x63,0x38,0x64,0x68,0x62,0x35,0x62,
  0x63,0x62,0x62,0x63,0x63,0x63,0x63,0x39,0x63,0x65,0x65,0x38,0x21,0x1c,0x18,0x15,0x0d,0x0d,0x0d,0x0d,0x0d,0x0d,0x15,0x15,
  0x15,0x0e,0x0d,0x0d,0x0d,0x0d,0x0d,0x17,0x1c,0x36,0xcf,0x5a,0x5b,0x5b,0x5b,0x5c,0x5d,0x67,0x61,0x6a,0xcf,0x6a,0x6a,0x67,
  0xcf,0x6a,0x6a,0x67,0x6a,0xc1,0x67,0x61,0x61,0x6a,0x61,0x5d,0x60,0x5c,0x5c,0xc0,0x1d,0x0d,0x15,0x15,0x15,0x16,0x0d,0x17,
  0x37,0xc0,0x9f,0x9f,0xc1,0xc1,0x61,0xc1,0xc1,0xc1,0xc1,0xac,0xa2,0xa2,0x9e,0xa2,0x9b,0x8e,0x8e,0x4c,0x4a,0x33,0x4c,0x9d,
  0x8d,0x4f,0x50,0x8c,0x9b,0x8c,0x83,0x7c,0x7e,0x83,0x8d,0x30,0x18,0x0d,0x0d,0x0d,0x19,0x30,0x7c,0x7b,0x80,0x40,0x3d,0x45,
  0x7f,0x88,0x92,0x93,0x8f,0x7b,0x7f,0x8f,0x92,0x8b,0x8b,0x87,0x82,0x82,0x8b,0x8b,0x93,0x93,0x93,0x92,0xa1,0x9a,0x9a,0x92,
  0x82,0x82,0x82,0x81,0x8a,0xae,0x20,0x16,0x0d,0x0d,0x16,0x1d,0x97,0x95,0x94,0x94,0x8a,0x94,0x57,0x94,0xb5,0xb5,0xbe,0xbe,
  0xbd,0xbd,0xbe,0xc6,0xbd,0xbd,0xbe,0xbd,0xbe,0xb5,0xb5,0xb5,0xb7,0xb7,0xb7,0xb0,0xb7,0xa8,0xa8,0x98,0x96,0x96,0x96,0x94,
  0x8a,0x89,0x89,0x57,0x8a,0x97,0x46,0x1f,0x18,0x0d,0x0d,0x0d,0x0d,0x0d,0x15,0x15,0x15,0x15,0x15,0x15,0x15,0x15,0x0d,0x0d,
  0x1a,0x87,0x87,0x93,0x99,0x9a,0x9a,0x8b,0x93,0x87,0x88,0x93,0xa7,0x9a,0x8f,0x87,0x87,0x7d,0x82,0x99,0x99,0x7d,0x43,0x48,
  0x48,0x44,0x57,0x94,0x47,0x46,0x96,0xa8,0xa8,0x96,0x8a,0x81,0x57,0x89,0x57,0x89,0x94,0x94,0x96,0xa8,0x43,0x44,0x93,0x93,
  0x39,0x64,0x64,0x64,0x64,0x35,0x34,0x35,0x62,0x71,0x71,0x72,0x65,0x63,0x62,0x62,0x62,0x62,0x62,0x62,0x62,0x62,0x34,0x21,
  0x1b,0x17,0x0d,0x0d,0x0d,0x0d,0x15,0x15,0x15,0x17,0x28,0x62,0x62,0x35,0x62,0x62,0x62,0x62,0x62,0x39,0x63,0x62,0x62,0x63,
  0x1f,0x18,0x17,0x19,0x1f,0x62,0x35,0x62,0x63,0x39,0x63,0x63,0x63,0x39,0x63,0xd5,0x68,0x27,0x1c,0x17,0x0d,0x0d,0x0d,0x0d,
  0x15,0x15,0x15,0x11,0x0d,0x0d,0x0d,0x0d,0x0d,0x0d,0x0d,0x0d,0x0d,0x15,0x15,0x0d,0x0d,0x17,0x20,0x66,0x5a,0x37,0x5b,0x5c,
  0x5c,0x5c,0x5c,0x61,0x6a,0x6a,0x61,0x6a,0xcf,0x67,0x61,0x61,0x61,0x61,0x6a,0xc1,0x61,0x61,0x60,0x67,0x5c,0x5c,0x5f,0x37,
  0x17,0x0d,0x15,0x0d,0x0d,0x0d,0x15,0x0d,0x1d,0xd5,0x9f,0x9f,0x9f,0x60,0x61,0xac,0x61,0x60,0x60,0xac,0xac,0xa2,0xa0,0x9e,
  0x9c,0x8e,0x8e,0x8c,0x4c,0x4d,0x4c,0x4c,0x33,0x51,0x8e,0x9b,0x8c,0x8c,0x83,0x7c,0x7c,0x7c,0x42,0x18,0x0d,0x15,0x15,0x15,
  0x0d,0x17,0x24,0x45,0x7b,0x7c,0x7b,0x7e,0x7b,0x7b,0x87,0x87,0x88,0x87,0x8f,0x87,0x87,0x82,0x87,0x82,0x88,0x87,0x87,0x93,
  0x92,0x93,0x92,0x93,0x9a,0xa1,0x99,0x93,0x82,0x48,0x48,0x48,0x87,0x20,0x0d,0x0d,0x15,0x15,0x11,0x0d,0x1f,0x99,0x8b,0x8a,
  0x92,0x9a,0xa9,0xb5,0xa8,0xa8,0xb7,0xb7,0xb5,0xbe,0xbd,0xbd,0xbe,0xb7,0xb5,0xb5,0xb7,0xb7,0xb5,0xb7,0xa8,0xa8,0xa8,0xa8,
  0x98,0x98,0xa8,0x96,0x94,0x94,0x94,0x8a,0x8a,0x57,0x8b,0x97,0x27,0x1d,0x17,0x0d,0x0d,0x0d,0x15,0x15,0x0d,0x0d,0x0d,0x0d,
  0x0d,0x0d,0x0d,0x0d,0x0d,0x0d,0x0d,0x15,0x0d,0x21,0x8f,0x94,0x9a,0x9a,0x9a,0x9a,0x8b,0x88,0x8b,0x9a,0xa7,0xa7,0x87,0x93,
  0x99,0x82,0x82,0x8b,0x82,0x44,0x48,0x7d,0x81,0x49,0x49,0x89,0x94,0x98,0xa8,0xa8,0x98,0x96,0x89,0x57,0x57,0x96,0x98,0x98,
  0xa8,0x98,0x8a,0x8b,0x45,0x87,0x82,0x93,0x63,0x63,0x63,0x63,0x63,0x35,0x34,0x35,0x5a,0x65,0x71,0x71,0x71,0x64,0x62,0x35,
  0x62,0x62,0x62,0x62,0x62,0x35,0x62,0x35,0x35,0x35,0x21,0x1c,0x18,0x15,0x0d,0x0d,0x0d,0x1b,0x62,0x35,0x62,0x62,0x62,0x63,
  0x62,0x62,0x62,0x63,0x63,0x39,0x68,0x1c,0x0d,0x0d,0x0d,0x0d,0x0d,0x1c,0x62,0x62,0x63,0x63,0x63,0x64,0x64,0xd5,0x63,0x20,
  0x19,0x0d,0x0d,0x0d,0x15,0x15,0x15,0x0d,0x0d,0x0d,0x0d,0x0d,0x0d,0x0d,0x0d,0x0d,0x0d,0x0d,0x0d,0x0d,0x0d,0x0d,0x0d,0x0d,
  0x15,0x0d,0x0d,0x1d,0x66,0x5a,0x5f,0x5c,0x5c,0x5f,0x37,0x5c,0x61,0x67,0x61,0x61,0x61,0x61,0x61,0x61,0x5d,0x61,0x61,0xc1,
  0x61,0x60,0x5c,0x5c,0x5c,0x37,0xc0,0x21,0x0d,0x15,0x0d,0x0d,0x0d,0x0d,0x11,0x0d,0x18,0x5d,0xa3,0x9f,0x9f,0x9f,0x60,0x60,
  0x60,0xac,0x61,0x9f,0xa2,0xa0,0x9e,0x9e,0x9e,0x8e,0x59,0x9e,0x8e,0x4b,0x40,0x40,0x4c,0x8c,0x8c,0x8c,0x4e,0x4f,0x83,0x7f,
  0x7e,0x7c,0x1f,0x0d,0x15,0x0d,0x0d,0x0d,0x15,0x0d,0x18,0x7c,0x7c,0x7b,0x7b,0x7c,0x7c,0x7a,0x80,0x85,0x88,0x87,0x87,0x87,
  0x88,0x7d,0x43,0x85,0x88,0x87,0x8b,0x87,0x8b,0x93,0x8b,0x93,0x99,0x99,0x93,0x87,0x43,0x3b,0x3c,0x3f,0x49,0x19,0x0d,0x15,
  0x0d,0x0d,0x15,0x11,0x17,0x46,0x92,0x89,0x9a,0x96,0x98,0x96,0x98,0xb7,0xb7,0xb5,0xb7,0xb7,0xbe,0xb5,0xb7,0xb7,0x98,0xb7,
  0xb7,0xb7,0xb7,0x98,0xa8,0xa8,0xa8,0x95,0x94,0x94,0x94,0x94,0x8a,0x89,0x89,0x89,0x89,0xa9,0x55,0x1d,0x17,0x0d,0x0d,0x15,
  0x0d,0x0d,0x0d,0x0d,0x0d,0x0d,0x0d,0x0d,0x0d,0x0d,0x0d,0x0d,0x0d,0x0d,0x0d,0x15,0x0d,0x1f,0xaa,0x58,0x93,0x87,0x93,0x9a,
  0x87,0x85,0x93,0xa7,0x9a,0x86,0x88,0x8f,0x8b,0x82,0x57,0x8b,0x48,0x48,0x8a,0x89,0x57,0x49,0x57,0x3f,0x46,0x8a,0x96,0x94,
  0x96,0xa8,0x8a,0x57,0x89,0x98,0xb7,0xa8,0xb5,0xbe,0x99,0x82,0x8b,0x87,0x7f,0x9a,0x62,0x62,0x62,0x62,0x63,0x62,0x35,0x35,
  0x62,0x63,0x64,0x64,0x65,0x65,0x62,0x34,0x34,0x35,0x62,0x35,0x62,0x35,0x62,0x35,0x35,0x62,0x62,0x62,0x35,0x28,0x1f,0x1c,
  0x1d,0x39,0x63,0x62,0x63,0x62,0x62,0x35,0x35,0x29,0x34,0x62,0x38,0x65,0x27,0x0d,0x15,0x15,0x11,0x15,0x15,0x0d,0x1f,0x72,
  0x64,0x64,0x63,0x71,0x64,0x20,0x18,0x0d,0x0d,0x0e,0x15,0x15,0x0d,0x0d,0x0d,0x0d,0x0d,0x0d,0x11,0x15,0x15,0x15,0x15,0x15,
  0x15,0x15,0x0d,0x0d,0x0d,0x0d,0x0d,0x0d,0x0d,0x11,0x15,0x0d,0x21,0x66,0x5c,0x5f,0x5f,0x5c,0x5c,0x61,0x66,0x5c,0x5d,0x66,
  0x5d,0x61,0x60,0x5c,0x5c,0x60,0x61,0xc1,0x61,0x61,0x5c,0x5c,0x5c,0x37,0xd5,0x1c,0x0d,0x15,0x0d,0x0d,0x0d,0x0d,0x0d,0x15,
  0x0d,0x21,0xcf,0x9f,0xa2,0x9f,0x9f,0x9f,0x9f,0xac,0xac,0xa2,0xa0,0x9e,0xa0,0x9e,0xa0,0x9e,0xa0,0x59,0x8d,0x31,0x2f,0x31,
  0x4f,0x8c,0x8c,0x4f,0x7a,0x42,0x7e,0x83,0x86,0x85,0x1d,0x0d,0x15,0x0d,0x0d,0x0d,0x0d,0x15,0x0d,0x1f,0x85,0x7b,0x7c,0x45,
  0x7b,0x45,0x7c,0x87,0x7f,0x48,0x85,0x82,0x80,0x80,0x7d,0x82,0x88,0x87,0x87,0x87,0x87,0x87,0x87,0x8b,0x87,0x8b,0x87,0x82,
  0x44,0x41,0x3f,0x3f,0x49,0x19,0x0d,0x15,0x0d,0x0d,0x0d,0x15,0x0d,0x20,0x97,0x58,0x98,0x98,0x97,0x97,0x98,0xb7,0xb7,0xb0,
  0xb7,0xb7,0xb5,0xb7,0xa8,0xa8,0xa8,0xb7,0xb7,0xb7,0x94,0x95,0xa8,0xa8,0xa8,0x98,0x94,0x8a,0x8a,0x94,0x89,0x89,0x57,0x8a,
  0x97,0x20,0x18,0x0d,0x0d,0x15,0x11,0x0d,0x0d,0x0d,0x0d,0x0d,0x0d,0x0d,0x0d,0x15,0x0d,0x15,0x15,0x15,0x15,0x15,0x11,0x15,
  0x0d,0x21,0xaa,0x90,0x8b,0x8b,0x8b,0x93,0x88,0x82,0x87,0xa1,0x9a,0x82,0x87,0x8b,0x81,0x81,0x57,0x8a,0x57,0x81,0x8a,0x8a,
  0x57,0x57,0x8a,0x3f,0x3f,0x8a,0x94,0x94,0x96,0x98,0xa8,0xa8,0x96,0x98,0xa8,0xa8,0xb7,0xb5,0xa9,0x87,0xa7,0x93,0x87,0x82,
  0x62,0x62,0x62,0x35,0x63,0x39,0x62,0x63,0x63,0x63,0x63,0x63,0x63,0x64,0x39,0x34,0x34,0x29,0x29,0x34,0x62,0x62,0x62,0x62,
  0x62,0x35,0x35,0x35,0x62,0x62,0x62,0x62,0x62,0x62,0x39,0x62,0x62,0x62,0x62,0x35,0x62,0x62,0x62,0x34,0x35,0x35,0x1d,0x0d,
  0x15,0x0d,0x0d,0x0d,0x15,0x0d,0x18,0x63,0x63,0x65,0xd5,0x21,0x18,0x0d,0x0d,0x15,0x15,0x0d,0x0d,0x0d,0x0d,0x0d,0x15,0x15,
  0x15,0x15,0x0d,0x0d,0x0d,0x0d,0x0d,0x0d,0x0d,0x0d,0x0d,0x15,0x15,0x0d,0x0d,0x0d,0x0d,0x0d,0x15,0x0d,0x18,0x5a,0x5a,0x5a,
  0x5e,0x5c,0x5c,0x61,0xc0,0x60,0x5c,0x5f,0x5d,0x5c,0x5d,0x5c,0x9f,0x5c,0x5d,0x60,0x61,0x61,0x61,0x5c,0x5c,0x5c,0x5d,0x18,
  0x0d,0x11,0x0d,0x0d,0x0d,0x0d,0x0d,0x15,0x0d,0x1a,0xcf,0x9f,0x9f,0xa2,0xa2,0xa2,0xa2,0x60,0x60,0x60,0xa2,0x91,0xa0,0x59,
  0x91,0x8e,0x8e,0x8e,0x9b,0x51,0x4b,0x4b,0x31,0x4d,0x4d,0x4b,0x7c,0x31,0x7c,0x83,0x7f,0x8d,0x1f,0x0d,0x15,0x0d,0x0d,0x0d,
  0x0d,0x11,0x0d,0x17,0x42,0x7c,0x45,0x7a,0x45,0x7c,0x7c,0x7f,0x7f,0x80,0x7c,0x7f,0x88,0x87,0x88,0x7f,0x85,0x85,0x7f,0x82,
  0x85,0x82,0x88,0x87,0x87,0x82,0x88,0x88,0x81,0x82,0x81,0x55,0x97,0x1a,0x0d,0x15,0x0d,0x0d,0x0d,0x15,0x0d,0x1d,0xae,0x58,
  0x96,0xa8,0x97,0x96,0x98,0xb7,0xa8,0xa8,0xb7,0xb0,0xa8,0xa8,0xa8,0xa8,0xb7,0xa8,0xa8,0xa8,0x94,0x98,0x96,0x96,0x96,0x96,
  0x94,0x8a,0x8a,0x8a,0x89,0x55,0x99,0x46,0x1a,0x0d,0x0d,0x15,0x0d,0x0d,0x0d,0x0d,0x0d,0x0d,0x0d,0x0d,0x0d,0x0d,0x15,0x15,
  0x0d,0x0d,0x0d,0x0d,0x0d,0x0d,0x0d,0x0d,0x1a,0x99,0x87,0x9a,0x9a,0x99,0x9a,0x8b,0x88,0x88,0x7d,0x82,0x99,0x99,0x97,0x94,
  0x94,0x89,0x48,0x7d,0x8b,0x89,0x8a,0x8a,0x8a,0x89,0x57,0x8a,0x57,0x89,0x96,0x96,0x96,0x94,0x96,0xa8,0xa8,0xa8,0xa8,0x98,
  0x98,0xa8,0xa9,0x9a,0xa8,0x8b,0x7d,0x43,0x62,0x35,0x34,0x35,0x62,0x63,0x65,0x63,0x62,0x35,0x62,0x62,0x62,0x64,0x35,0x29,
  0x62,0x29,0x2e,0x34,0x35,0x35,0x29,0x35,0x35,0x62,0x62,0x35,0x35,0x62,0x35,0x35,0x62,0x62,0x63,0x35,0x35,0x34,0x35,0x62,
  0x62,0x62,0x62,0x35,0x32,0x29,0x1d,0x0d,0x15,0x0d,0x0d,0x0d,0x15,0x15,0x16,0x36,0x74,0x27,0x1a,0x0d,0x0d,0x15,0x15,0x0d,
  0x0d,0x0d,0x0d,0x0d,0x15,0x15,0x0d,0x0d,0x0d,0x0d,0x16,0x18,0x19,0x1a,0x1c,0x1c,0x1a,0x19,0x17,0x0d,0x0d,0x0d,0x0d,0x0d,
  0x0d,0x0d,0x0d,0x11,0x0d,0x21,0x62,0x5a,0x5a,0x53,0x5c,0x5c,0x5c,0x66,0x5c,0x5c,0x5c,0x5c,0x5d,0x5c,0x5c,0x5d,0x60,0x60,
  0x60,0x5c,0x5c,0x53,0x4d,0xc0,0x27,0x0d,0x15,0x0d,0x0d,0x0d,0x0d,0x0d,0x0d,0x0d,0x0d,0x16,0x27,0xc0,0xa2,0x9e,0x9b,0x51,
  0x9c,0xa2,0x9e,0x9e,0x9e,0x8e,0x59,0x56,0x8d,0x83,0x83,0x84,0x8e,0x87,0x83,0x7f,0x31,0x2f,0x7a,0x7c,0x7c,0x7c,0x7c,0x7c,
  0x7e,0x9a,0x20,0x0d,0x15,0x0d,0x0d,0x0d,0x0d,0x0d,0x15,0x0d,0x1b,0x7c,0x41,0x7a,0x45,0x7a,0x7c,0x7a,0x7c,0x80,0x7c,0x80,
  0x85,0x85,0x85,0x7f,0x80,0x7c,0x44,0x7f,0x82,0x82,0x82,0x88,0x82,0x82,0x82,0x81,0x81,0x81,0x57,0x57,0xe7,0x1c,0x0d,0x15,
  0x0d,0x0d,0x0d,0x15,0x0d,0x1c,0xb9,0x89,0x94,0x97,0x96,0x94,0xa8,0x49,0x8a,0xbe,0xb7,0xb7,0xa8,0xa8,0xa8,0xb0,0xb7,0xa8,
  0xa8,0xa8,0x98,0x96,0x96,0x96,0x94,0x8a,0x8a,0x89,0x8a,0x57,0x57,0x99,0x21,0x17,0x0d,0x15,0x15,0x0d,0x0d,0x0d,0x0d,0x0d,
  0x0d,0x0d,0x11,0x15,0x0d,0x0d,0x0d,0x0d,0x16,0x17,0x18,0x18,0x18,0x17,0x18,0x1f,0x95,0x99,0x8b,0x99,0x9a,0x9a,0xa9,0x93,
  0x87,0x93,0x82,0x57,0x97,0x99,0x94,0x96,0x96,0x8b,0x81,0x49,0x8a,0x94,0x94,0x89,0x89,0x8a,0x57,0x57,0x89,0x94,0x94,0x8a,
  0x96,0x96,0x94,0x98,0xa8,0xa8,0x98,0x98,0x8a,0x89,0x89,0x99,0x8b,0x82,0x82,0x7d,0x62,0x35,0x32,0x35,0x62,0x63,0x64,0x63,
  0x62,0x62,0x62,0x62,0x62,0x63,0x35,0x35,0x62,0x35,0x29,0x35,0x35,0x29,0x26,0x29,0x34,0x34,0x62,0x35,0x34,0x35,0x62,0x62,
  0x39,0x63,0x35,0x35,0x34,0x32,0x35,0x35,0x35,0x62,0x62,0x34,0x29,0x35,0x1d,0x0d,0x15,0x0d,0x0d,0x0d,0x0d,0x15,0x0d,0x27,
  0x20,0x16,0x0d,0x15,0x15,0x0d,0x0d,0x0d,0x0d,0x0d,0x15,0x0d,0x0d,0x0d,0x16,0x19,0x1d,0x27,0x36,0xda,0xf3,0xfb,0xfd,0xff,
  0xfb,0xf5,0x69,0x21,0x17,0x0d,0x0d,0x0d,0x0d,0x0d,0x0d,0x15,0x0d,0x1f,0x5e,0x4d,0x5a,0x5a,0x5a,0x5c,0x5d,0x5c,0x5c,0x5c,
  0x5c,0x5c,0x5c,0x5c,0x5c,0x60,0x60,0x60,0x9f,0x53,0x53,0x53,0x4d,0xd5,0x1d,0x0d,0x15,0x0d,0x0d,0x0d,0x0d,0x0d,0x0d,0x0d,
  0x15,0x0d,0x1d,0xcf,0x9e,0x9d,0x8c,0x8d,0x8e,0xa0,0x9e,0x91,0xa0,0x91,0x8e,0x8c,0x4f,0x85,0x85,0x7e,0x85,0x85,0x4e,0x7c,
  0x3d,0x23,0x40,0x45,0x45,0x7c,0x7e,0x7c,0x7c,0xb9,0x20,0x0d,0x15,0x0d,0x0d,0x0d,0x0d,0x0d,0x0d,0x15,0x15,0x24,0x45,0x40,
  0x7a,0x45,0x45,0x45,0x7a,0x45,0x80,0x80,0x80,0x80,0x7c,0x45,0x7c,0x7f,0x82,0x7f,0x82,0x88,0x88,0x82,0x82,0x7d,0x44,0x7d,
  0x8b,0x57,0x8b,0x94,0xf9,0x20,0x0d,0x15,0x0d,0x0d,0x0d,0x15,0x0d,0x1a,0x98,0x89,0x99,0x99,0x99,0x9a,0x97,0x94,0x97,0xb7,
  0xb7,0xb7,0xa8,0xa8,0xb0,0xa9,0x98,0xa8,0x98,0xa8,0x98,0x98,0x89,0x94,0x8a,0x8a,0x89,0x57,0x57,0x57,0x8b,0x1d,0x0d,0x0d,
  0x15,0x0d,0x0d,0x0d,0x0d,0x0d,0x0d,0x0d,0x0d,0x15,0x0d,0x0d,0x0d,0x18,0x1c,0x27,0x36,0xbb,0xcd,0xe9,0xe5,0x69,0xcd,0xbe,
  0x98,0x98,0x99,0x99,0x99,0x9a,0x98,0x9a,0x81,0x44,0x93,0x8b,0x9a,0x99,0x8a,0x99,0x96,0x94,0x8a,0x89,0x96,0x96,0x94,0x89,
  0x89,0x89,0x89,0x57,0x55,0x96,0x94,0x8a,0x94,0x8a,0x96,0x96,0x98,0x98,0xa8,0x98,0x8a,0x57,0x81,0x99,0x88,0x88,0x7b,0x3e,
  0x39,0x62,0x35,0x62,0x63,0x63,0x62,0x64,0x62,0x62,0x62,0x39,0x62,0x62,0x35,0x62,0x35,0x35,0x35,0x62,0x62,0x34,0x26,0x29,
  0x29,0x29,0x34,0x29,0x29,0x34,0x34,0x62,0x62,0x35,0x34,0x62,0x35,0x35,0x62,0x35,0x62,0x62,0x62,0x35,0x35,0x62,0x1f,0x0d,
  0x15,0x0d,0x0d,0x0d,0x0d,0x0d,0x15,0x17,0x0d,0x0d,0x15,0x0d,0x0d,0x0d,0x0d,0x0d,0x15,0x0d,0x0d,0x11,0x19,0x20,0x36,0xfb,
  0xff,0xfd,0xfb,0xf8,0xf7,0xf7,0xf4,0xf4,0xf3,0xf5,0xf7,0xff,0x21,0x0d,0x15,0x0d,0x0d,0x0d,0x0d,0x15,0x0d,0x1c,0x5e,0x5a,
  0x5a,0x5a,0x5a,0x5c,0x5c,0x5d,0x5c,0x5c,0x5c,0x5c,0x5c,0x5c,0x5c,0x5c,0x5d,0x9f,0x5d,0x5c,0x53,0x53,0x53,0xc1,0x19,0x0d,
  0x15,0x0d,0x0d,0x0d,0x0d,0x0d,0x0d,0x0d,0x0d,0x0d,0x17,0x53,0xa3,0x9e,0x9e,0x9e,0x91,0x9e,0x9e,0x91,0xa0,0x59,0x9c,0x8c,
  0x85,0x88,0x80,0x7e,0x7c,0x7c,0x80,0x7c,0x7b,0x3d,0x40,0x40,0x7b,0x7c,0x7e,0x80,0x87,0xd9,0x21,0x0d,0x15,0x0d,0x0d,0x0d,
  0x0d,0x0d,0x0d,0x11,0x0d,0x18,0x7b,0x45,0x45,0x7a,0x7a,0x7a,0x7b,0x7c,0x7c,0x7b,0x7e,0x82,0x7f,0x7f,0x7f,0x82,0x7d,0x82,
  0x82,0x82,0x82,0x82,0x7d,0x7d,0x44,0x48,0x8a,0x8a,0x94,0xb1,0xef,0x27,0x0d,0x15,0x0d,0x0d,0x0d,0x15,0x0d,0x18,0x94,0x92,
  0x58,0x99,0x99,0x97,0x98,0xa9,0x9a,0xa8,0xb0,0xb7,0xb7,0xb7,0xb0,0xa8,0x98,0x98,0xa8,0x98,0x96,0x96,0x89,0x89,0x8a,0x89,
  0x89,0x57,0x8b,0x57,0x1a,0x0d,0x11,0x0d,0x0d,0x0d,0x0d,0x0d,0x0d,0x0d,0x0d,0x15,0x0d,0x0d,0x17,0x1d,0x27,0xe0,0xfc,0xfd,
  0xf0,0xeb,0xe9,0xe9,0xe9,0xe9,0xe5,0xbb,0x98,0xb0,0x97,0x99,0x93,0x8b,0x99,0x93,0x88,0x7d,0x87,0x99,0x99,0x97,0x96,0x8a,
  0x96,0x96,0x94,0x8a,0x8a,0x8a,0x89,0x8a,0x94,0x94,0x94,0x94,0x96,0x98,0x94,0x94,0x8a,0x8a,0x96,0x98,0x96,0x98,0xa8,0xb0,
  0x8a,0x8b,0x99,0x9a,0x8b,0x85,0x23,0x2c,0x39,0x62,0x62,0x62,0x63,0x63,0x62,0x63,0x62,0x62,0x62,0x62,0x62,0x35,0x35,0x34,
  0x34,0x34,0x34,0x35,0x35,0x34,0x29,0x29,0x29,0x29,0x29,0x26,0x26,0x29,0x29,0x34,0x34,0x29,0x29,0x34,0x35,0x34,0x34,0x34,
  0x32,0x39,0x63,0x63,0x38,0x74,0x20,0x0d,0x15,0x0d,0x0d,0x0d,0x0d,0x0d,0x0d,0x0d,0x15,0x0d,0x0d,0x0d,0x0d,0x0d,0x15,0x0d,
  0x0d,0x16,0x1c,0x27,0xf7,0xff,0xfb,0xf7,0xf3,0xf4,0xf7,0xf7,0xfc,0xfc,0xfc,0xf7,0xfc,0xf7,0xf4,0xfb,0x69,0x17,0x0d,0x0d,
  0x0d,0x0d,0x0d,0x15,0x0d,0x1c,0x5e,0x4d,0x4d,0x5a,0x5a,0x5c,0x5c,0x5c,0x5c,0x5c,0x5c,0x5c,0x5f,0x5c,0x5f,0x5c,0x5c,0x5c,
  0x5c,0x53,0x53,0x53,0xc0,0x27,0x15,0x0d,0x0d,0x0d,0x0d,0x0d,0x0d,0x0d,0x0d,0x0d,0x0d,0x15,0x0d,0x20,0xcf,0x9e,0xa0,0x9d,
  0x8e,0x91,0x59,0x91,0xa0,0x59,0x8f,0x8d,0x85,0x88,0x80,0x80,0x7c,0x80,0x80,0x80,0x7e,0x7c,0x3d,0x3b,0x40,0x7c,0x7e,0x87,
  0x94,0xd9,0x27,0x0d,0x15,0x0d,0x0d,0x0d,0x0d,0x0d,0x0d,0x0d,0x15,0x0d,0x1f,0x80,0x45,0x7a,0x40,0x40,0x7a,0x7a,0x7b,0x7b,
  0x7e,0x80,0x85,0x81,0x7d,0x7d,0x7c,0x7c,0x82,0x82,0x82,0x82,0x7d,0x82,0x7d,0x44,0x7d,0x57,0x96,0xa6,0xe8,0x27,0x16,0x0d,
  0x0d,0x0d,0x0d,0x0e,0x0d,0x18,0x94,0x8a,0x8a,0x8a,0x8a,0x99,0x97,0xa8,0xa8,0x98,0x98,0xa8,0xa8,0xa8,0xa8,0xa8,0xa8,0x98,
  0x96,0x94,0x94,0x94,0x89,0x89,0x57,0x57,0x57,0x8a,0x46,0x19,0x0d,0x15,0x0d,0x0d,0x0d,0x0d,0x0d,0x0d,0x0d,0x15,0x0d,0x0d,
  0x17,0x20,0x69,0xfd,0xfd,0xe9,0xe0,0xe4,0xe5,0xe9,0xe9,0xe9,0xe9,0xe5,0xe5,0xc8,0xa8,0xa8,0x97,0x93,0x93,0x99,0x9a,0x8b,
  0x93,0x8b,0x87,0x92,0x99,0x8a,0x94,0x81,0x89,0x8b,0x8a,0x89,0x94,0x8a,0x8a,0x96,0xa8,0xa8,0xa8,0x98,0x96,0x96,0x8a,0x8a,
  0x94,0x99,0x98,0x98,0x94,0x96,0x96,0x8a,0x87,0x87,0x92,0x93,0x7d,0x3b,0x2c,0x7a,0x62,0x35,0x35,0x62,0x62,0x62,0x35,0x35,
  0x35,0x35,0x34,0x34,0x62,0x62,0x35,0x34,0x34,0x29,0x34,0x34,0x34,0x29,0x29,0x29,0x29,0x26,0x26,0x26,0x25,0x26,0x29,0x29,
  0x29,0x29,0x34,0x34,0x34,0x34,0x34,0x35,0x29,0x35,0x63,0x63,0x63,0xf8,0x21,0x0d,0x15,0x0d,0x0d,0x0d,0x0d,0x0d,0x0d,0x0d,
  0x0d,0x0d,0x0d,0x0d,0x15,0x0d,0x0d,0x17,0x1d,0x36,0xfd,0xfd,0xf7,0xf3,0xf7,0xfb,0xfb,0xf7,0xf7,0xf3,0xec,0xed,0xed,0xed,
  0xf3,0xf7,0xf3,0xfb,0x36,0x16,0x0d,0x0d,0x0d,0x0d,0x0d,0x15,0x0d,0x1f,0x5e,0x4d,0x4d,0x5a,0x4b,0x5f,0x5b,0x37,0x5c,0x5b,
  0x53,0x5f,0x5e,0x9b,0x53,0x5c,0x5c,0x5c,0x53,0x9b,0x53,0x37,0xcf,0x1d,0x0d,0x15,0x0d,0x0d,0x0d,0x0d,0x0d,0x0d,0x0d,0x0d,
  0x0d,0x15,0x0d,0x19,0x9f,0x9f,0xa2,0x9e,0x59,0x8e,0x59,0x91,0x91,0x59,0x8d,0x87,0x87,0x85,0x7c,0x80,0x45,0x40,0x45,0x7e,
  0x7c,0x7a,0x2c,0x3d,0x3b,0x7a,0x7e,0x88,0x94,0xd9,0x27,0x0d,0x15,0x0d,0x0d,0x0d,0x0d,0x0d,0x0d,0x0d,0x11,0x0d,0x17,0x41,
  0x7a,0x7a,0x40,0x40,0x7a,0x45,0x7b,0x45,0x7a,0x7b,0x7f,0x7c,0x44,0x45,0x45,0x7c,0x7d,0x82,0x82,0x82,0x82,0x7d,0x48,0x43,
  0x48,0x57,0x8a,0x96,0xcd,0x69,0x17,0x0d,0x15,0x15,0x15,0x15,0x0d,0x17,0x36,0x8a,0x7d,0x81,0x81,0x92,0x92,0x98,0x96,0x97,
  0x96,0x98,0xa8,0xa8,0x98,0xa8,0xa8,0x94,0x57,0x8a,0x8a,0x89,0x57,0x57,0x57,0x47,0x8a,0x27,0x18,0x0d,0x15,0x0d,0x0d,0x0d,
  0x0d,0x0d,0x0d,0x0d,0x15,0x0d,0x16,0x1d,0xc7,0xfe,0xeb,0xe4,0xe5,0xe5,0xe9,0xe5,0xe2,0xe7,0xe2,0xe2,0xcd,0xcc,0xc6,0xb7,
  0xa8,0xa8,0x96,0x99,0x99,0x98,0x98,0x98,0x97,0x93,0x87,0x8a,0x7d,0x8b,0x8a,0x98,0x7d,0x48,0x94,0x94,0x96,0x8a,0x96,0xa8,
  0xb7,0x98,0x98,0xa8,0x94,0x57,0x57,0x92,0x8a,0x94,0x99,0x8a,0x8a,0x57,0x44,0x7d,0x57,0x92,0x92,0x88,0x7d,0x45,0x3b,0x40,
  0x28,0x62,0x35,0x62,0x62,0x35,0x29,0x29,0x62,0x29,0x29,0x35,0x62,0x62,0x62,0x35,0x35,0x35,0x34,0x29,0x29,0x29,0x29,0x29,
  0x26,0x2e,0x25,0x23,0x25,0x26,0x26,0x26,0x29,0x29,0x29,0x29,0x29,0x29,0x34,0x34,0x62,0x62,0x63,0x65,0x65,0xfb,0x21,0x0d,
  0x15,0x0d,0x0d,0x0d,0x0d,0x0d,0x0d,0x0d,0x0d,0x0d,0x0d,0x15,0x0d,0x15,0x1d,0x69,0xff,0xfd,0xf4,0xf7,0xf7,0xf7,0xf7,0xf3,
  0xed,0xdc,0x77,0xd7,0xd2,0xd6,0x70,0xd7,0xdc,0xec,0xda,0xfb,0x20,0x0d,0x15,0x0d,0x0d,0x0d,0x0d,0x0d,0x16,0x27,0x5b,0x5a,
  0x4d,0x4d,0x5a,0x5a,0x5a,0x53,0x4d,0x8c,0x5a,0x5b,0x5a,0x8c,0x59,0x53,0x5c,0x5c,0x53,0x59,0x53,0x53,0xa2,0x19,0x0d,0x15,
  0x0d,0x0d,0x0d,0x0d,0x0d,0x0d,0x0d,0x0d,0x0d,0x0d,0x15,0x15,0x27,0xc0,0x9e,0x91,0x9e,0x8d,0x85,0xa0,0x91,0x59,0x8e,0x87,
  0x87,0x85,0x7c,0x7e,0x7c,0x3b,0x45,0x7c,0x7b,0x7b,0x2c,0x3b,0x40,0x40,0x7a,0x88,0x90,0xd9,0x27,0x0d,0x15,0x0d,0x0d,0x0d,
  0x0d,0x0d,0x0d,0x0d,0x0d,0x15,0x0d,0x1b,0x7a,0x40,0x40,0x40,0x7a,0x7a,0x7a,0x7a,0x40,0x7a,0x7b,0x7c,0x7c,0x7c,0x45,0x7b,
  0x7d,0x7d,0x7d,0x48,0x7d,0x44,0x41,0x41,0x44,0x81,0x8a,0x98,0xc8,0xd9,0x19,0x0d,0x15,0x0d,0x0d,0x0d,0x0d,0x16,0x27,0x94,
  0x81,0x81,0x87,0x8b,0x8b,0x97,0x98,0x97,0x9a,0x9a,0x98,0x98,0x89,0x97,0x97,0x89,0x43,0x7d,0x89,0x57,0x57,0x57,0x49,0x89,
  0x30,0x17,0x0d,0x15,0x0d,0x0d,0x0d,0x0d,0x0d,0x0d,0x15,0x0d,0x0d,0x1a,0x27,0xff,0xeb,0xe8,0xe5,0xe9,0xe5,0xe2,0xe2,0xcd,
  0xcd,0xcd,0xcd,0xc8,0xc6,0xbe,0xbd,0xbe,0x98,0x97,0x9a,0x96,0x98,0xb0,0x98,0xa9,0x9a,0x99,0x81,0x57,0x81,0x96,0x98,0x98,
  0x94,0x49,0x98,0x96,0x8a,0x89,0x8a,0x98,0xa8,0xa8,0xa8,0x98,0x99,0x2d,0x58,0x94,0x94,0x8a,0x8a,0x94,0x57,0x43,0x43,0x81,
  0x8b,0x87,0x93,0x82,0x45,0x7c,0x80,0x7b,0x62,0x62,0x62,0x62,0x35,0x35,0x35,0x35,0x35,0x32,0x35,0x62,0x35,0x62,0x62,0x62,
  0x35,0x35,0x29,0x26,0x29,0x29,0x29,0x29,0x26,0x26,0x24,0x18,0x1a,0x25,0x25,0x2e,0x26,0x26,0x26,0x29,0x29,0x29,0x34,0x35,
  0x62,0x62,0x63,0x64,0x65,0xfb,0x27,0x0d,0x15,0x0d,0x0d,0x0d,0x0d,0x0d,0x0d,0x0d,0x0d,0x15,0x0e,0x0d,0x1a,0x36,0xff,0xfd,
  0xf9,0xfb,0xfc,0xf3,0xde,0xdc,0xdc,0xda,0xd7,0xd6,0xd6,0xd6,0xd6,0xd6,0x70,0xd7,0xdb,0xda,0xec,0xf7,0x19,0x0d,0x15,0x0d,
  0x0d,0x0d,0x15,0x0d,0x18,0x5c,0x5a,0x5a,0x4c,0x4c,0x5a,0x5a,0x5a,0x5a,0x4d,0x5a,0x5a,0x56,0x56,0x4d,0x56,0x59,0x59,0x53,
  0x59,0x53,0x5f,0xcf,0x27,0x16,0x0d,0x0d,0x0d,0x0d,0x0d,0x0d,0x0d,0x0d,0x0d,0x0d,0x0d,0x0d,0x15,0x0d,0x1c,0xcf,0x9e,0x91,
  0x59,0xa0,0x8c,0x87,0x8f,0x8f,0x87,0x87,0x87,0x80,0x85,0x7c,0x7a,0x45,0x7a,0x7a,0x7c,0x7b,0x7a,0x40,0x3d,0x40,0x7a,0x85,
  0x8b,0xc5,0x27,0x0d,0x0d,0x0d,0x0d,0x0d,0x0d,0x0d,0x0d,0x0d,0x0d,0x0d,0x0e,0x16,0x24,0x7a,0x40,0x7a,0x7a,0x40,0x40,0x7a,
  0x40,0x7a,0x43,0x45,0x45,0x7b,0x45,0x7b,0x48,0x48,0x7b,0x44,0x41,0x48,0x44,0x43,0x44,0x49,0x89,0x96,0xbb,0xe8,0x1a,0x0d,
  0x15,0x0d,0x0d,0x0d,0x0d,0x16,0x27,0x97,0x57,0x87,0x8b,0x88,0x8b,0x99,0x97,0x97,0x96,0x97,0x97,0x98,0x98,0x99,0x81,0x81,
  0x81,0x81,0x57,0x89,0x57,0x49,0x8b,0x30,0x17,0x0d,0x15,0x0d,0x0d,0x0d,0x0d,0x0d,0x0d,0x15,0x0d,0x16,0x20,0xef,0xfd,0xe4,
  0xe9,0xe5,0xe7,0xe5,0xe5,0xcd,0xcd,0xcd,0xcd,0xcd,0xcd,0xcc,0xbd,0xbd,0xbd,0xb5,0x98,0x98,0x98,0xa8,0xb0,0xa8,0xa9,0xa7,
  0xa9,0xae,0xa8,0x98,0xa8,0xb0,0xa8,0xb0,0x98,0xa8,0x98,0x8a,0x57,0x94,0x96,0xa8,0xa8,0xa8,0xb0,0xb7,0x46,0x3f,0x96,0x8a,
  0x8a,0x96,0x8a,0x81,0x44,0x44,0x43,0x7c,0x82,0x87,0x88,0x7c,0x85,0x7b,0x85,0x93,0x62,0x62,0x62,0x62,0x62,0x62,0x62,0x35,
  0x62,0x35,0x62,0x35,0x35,0x35,0x62,0x35,0x34,0x35,0x29,0x29,0x29,0x29,0x29,0x29,0x26,0x25,0x1d,0x17,0x18,0x24,0x25,0x2e,
  0x26,0x26,0x2e,0x26,0x26,0x29,0x34,0x34,0x35,0x62,0x62,0x63,0x64,0xf8,0x27,0x0d,0x0d,0x0d,0x0d,0x0d,0x0d,0x0d,0x0d,0x0d,
  0x15,0x0d,0x16,0x20,0xfb,0xfd,0xf4,0xfb,0xfb,0xf7,0xed,0x79,0xdc,0xd7,0xd6,0xd6,0xd1,0xcf,0xcf,0x6a,0xcf,0x6a,0xd6,0xd1,
  0xd1,0x6c,0xfb,0x21,0x0d,0x15,0x0d,0x0d,0x0d,0x0d,0x15,0x0d,0x1f,0x68,0x4d,0x4c,0x33,0x4c,0x5a,0x5a,0x37,0x4d,0x4d,0x4d,
  0x37,0x56,0x53,0x37,0x53,0x53,0x8c,0x56,0x53,0x53,0x5c,0xd6,0x1f,0x0d,0x15,0x0d,0x0d,0x0d,0x0d,0x0d,0x15,0x0d,0x0d,0x0d,
  0x0d,0x0d,0x0d,0x0d,0x17,0x53,0xa3,0x9e,0x59,0x59,0x87,0x87,0x87,0x87,0x88,0x88,0x85,0x85,0x85,0x7e,0x7a,0x40,0x40,0x7a,
  0x7a,0x45,0x45,0x7b,0x7a,0x40,0x7a,0x7f,0x86,0xc6,0x36,0x16,0x0d,0x0d,0x0d,0x0d,0x0d,0x0d,0x0d,0x0d,0x0d,0x0d,0x15,0x0d,
  0x19,0x41,0x40,0x7a,0x40,0x40,0x40,0x7a,0x40,0x7a,0x41,0x43,0x45,0x45,0x45,0x45,0x7c,0x48,0x48,0x7c,0x48,0x7d,0x44,0x41,
  0x41,0x48,0x57,0x8a,0xaf,0xee,0x1a,0x0d,0x15,0x0d,0x0d,0x0d,0x15,0x0d,0x21,0xa9,0x55,0x81,0x82,0x82,0x87,0x99,0x9a,0x9a,
  0x97,0x97,0x96,0x98,0x96,0x8a,0x81,0x82,0x89,0x57,0x57,0x89,0x57,0x8b,0x46,0x18,0x0d,0x15,0x0d,0x0d,0x0d,0x0d,0x0d,0x0d,
  0x15,0x0d,0x18,0x27,0xfe,0xe9,0xe9,0xe5,0xe5,0xe2,0xe2,0xcd,0xc8,0xc8,0xc8,0xc8,0xc8,0xc8,0xc8,0xbd,0xb7,0xb7,0xb7,0xa8,
  0x99,0x99,0x96,0xa8,0xbe,0xb7,0xa8,0xa8,0xb7,0xa8,0xb7,0xa8,0x98,0xa8,0x97,0x97,0xa9,0xa8,0x98,0x47,0x55,0x98,0xa8,0xa8,
  0xa8,0xb0,0xb7,0xa8,0x3f,0x2d,0x81,0x81,0x89,0x94,0x57,0x48,0x48,0x44,0x44,0x82,0x82,0x8b,0x7c,0x7b,0x7a,0x45,0x7c,0x87,
  0x35,0x62,0x62,0x35,0x35,0x62,0x35,0x35,0x62,0x35,0x34,0x62,0x62,0x62,0x35,0x35,0x35,0x34,0x29,0x29,0x29,0x29,0x29,0x29,
  0x2e,0x2e,0x25,0x1d,0x23,0x25,0x2e,0x2e,0x29,0x29,0x26,0x2e,0x29,0x29,0x29,0x34,0x62,0x62,0x34,0x62,0x64,0xf8,0x27,0x0d,
  0x15,0x0d,0x0d,0x0d,0x0d,0x0d,0x0d,0x15,0x0d,0x18,0x27,0xff,0xfc,0xf4,0xfb,0xf7,0xf5,0xde,0xda,0x77,0xd6,0xd1,0x6a,0x6a,
  0x6a,0x67,0x5c,0x5c,0x5c,0x67,0x61,0x6a,0x67,0xd6,0x69,0x17,0x0d,0x15,0x0d,0x0d,0x0d,0x11,0x0d,0x17,0x69,0x5c,0x4d,0x4c,
  0x31,0x33,0x4d,0x4d,0x4d,0x4d,0x4d,0x4d,0x4d,0x4d,0x4d,0x4d,0x4d,0x56,0x4d,0x56,0x53,0x5f,0x5c,0xc1,0x19,0x0d,0x15,0x0d,
  0x0d,0x0d,0x0d,0x0d,0x0d,0x0d,0x0d,0x0d,0x0d,0x0d,0x0d,0x15,0x0d,0x20,0xc3,0x59,0x59,0x59,0x87,0x87,0x8f,0x87,0x8f,0x88,
  0x85,0x85,0x80,0x7c,0x7b,0x40,0x40,0x40,0x7a,0x7a,0x7c,0x7a,0x7a,0x7a,0x7a,0x7c,0x8b,0xbe,0x36,0x17,0x0d,0x0d,0x0d,0x0d,
  0x0d,0x0d,0x0d,0x0d,0x0d,0x0d,0x0d,0x15,0x0d,0x1d,0x7a,0x40,0x40,0x40,0x40,0x7a,0x40,0x41,0x43,0x45,0x43,0x44,0x7c,0x7b,
  0x44,0x44,0x44,0x41,0x43,0x82,0x48,0x3e,0x3c,0x43,0x49,0x89,0x98,0xfa,0x1c,0x0d,0x15,0x0d,0x0d,0x0d,0x15,0x0d,0x20,0xae,
  0x57,0x81,0x82,0x87,0x8b,0x99,0x97,0x96,0x96,0x99,0x94,0x99,0x94,0x49,0x48,0x49,0x57,0x57,0x57,0x57,0x57,0x47,0x18,0x0d,
  0x15,0x0d,0x0d,0x0d,0x0d,0x0d,0x0d,0x15,0x0d,0x1a,0xc7,0xfd,0xe4,0xe5,0xe5,0xcd,0xcd,0xcd,0xc8,0xc6,0xbd,0xbd,0xbd,0xbd,
  0xbd,0xbe,0xb5,0xb5,0xb7,0xb7,0xa8,0x97,0x9a,0x9a,0x97,0xb0,0xb7,0xa9,0xa9,0xa7,0xb7,0xa8,0xa8,0xa8,0xa8,0xa8,0xa9,0xa8,
  0xa9,0xa8,0x96,0x94,0xa8,0xa8,0xa8,0xa6,0x96,0x96,0x96,0x49,0x3f,0x57,0x49,0x89,0x89,0x8a,0x57,0x48,0x44,0x43,0x44,0x86,
  0x82,0x88,0x82,0x7c,0x7a,0x7a,0x7c,0x87,0x34,0x62,0x62,0x62,0x35,0x35,0x62,0x35,0x29,0x35,0x35,0x35,0x35,0x34,0x34,0x34,
  0x34,0x34,0x34,0x34,0x29,0x29,0x29,0x29,0x29,0x26,0x25,0x25,0x25,0x2e,0x2e,0x2e,0x26,0x29,0x29,0x2e,0x2e,0x29,0x29,0x35,
  0x35,0x34,0x29,0x62,0x39,0xf8,0x27,0x0d,0x15,0x0d,0x0d,0x0d,0x0d,0x0d,0x15,0x0d,0x1a,0xe8,0xfd,0xf3,0xf7,0xf7,0xf5,0xde,
  0xda,0xde,0xda,0xd6,0x6a,0x67,0x5c,0x5c,0x5c,0x37,0x37,0x5a,0x5c,0x5c,0x5d,0x67,0x67,0xdf,0x1c,0x0d,0x15,0x0d,0x0d,0x0d,
  0x0d,0x15,0x0d,0x20,0xf8,0x37,0x5a,0x4b,0x4b,0x4b,0x4d,0x4d,0x4d,0x4d,0x4d,0x4d,0x4b,0x4b,0x4d,0x8c,0x37,0x4d,0x4d,0x37,
  0x4d,0x53,0xc1,0x27,0x16,0x15,0x0d,0x0d,0x0d,0x0d,0x0d,0x16,0x19,0x0d,0x0d,0x0d,0x0d,0x0d,0x0d,0x15,0x0d,0x1a,0x60,0x59,
  0x59,0x59,0x87,0x85,0x87,0x87,0x93,0x87,0x85,0x80,0x7c,0x7b,0x41,0x7a,0x7a,0x40,0x40,0x7a,0x45,0x7a,0x45,0x45,0x7f,0x82,
  0x8b,0xb7,0xa4,0x17,0x0d,0x15,0x0d,0x0d,0x0d,0x0d,0x0d,0x0d,0x0d,0x0d,0x0d,0x0d,0x0d,0x17,0x3b,0x40,0x3d,0x40,0x40,0x41,
  0x41,0x43,0x43,0x43,0x44,0x48,0x44,0x44,0x48,0x48,0x41,0x44,0x44,0x48,0x7d,0x43,0x43,0x3f,0x48,0x94,0x98,0xf9,0x1f,0x0d,
  0x15,0x0d,0x0d,0x0d,0x15,0x0d,0x1f,0xb9,0x89,0x81,0x88,0x82,0x81,0x92,0x99,0x99,0x99,0x99,0x8a,0x92,0x81,0x48,0x44,0x48,
  0x49,0x49,0x49,0x81,0x89,0x19,0x0d,0x15,0x0d,0x0d,0x0d,0x0d,0x0d,0x0d,0x15,0x0d,0x1c,0xfd,0xf0,0xe9,0xe5,0xe2,0xcd,0xcd,
  0xc8,0xc8,0xbe,0xb7,0xb0,0xb7,0xb7,0xbd,0xc8,0xbd,0xb7,0xa8,0xa8,0xb0,0x98,0xa8,0xa9,0xa9,0xb7,0xb5,0xb5,0xa9,0xa7,0xb7,
  0xb5,0xb7,0xb7,0xa8,0xa8,0xb7,0xb5,0xb5,0xbe,0xa8,0x98,0xa8,0x98,0xa8,0xa6,0xa8,0xa9,0x99,0xa8,0x89,0x49,0x89,0x57,0x8a,
  0x89,0x81,0x49,0x44,0x43,0x3e,0x3e,0x7f,0x8b,0x85,0x82,0x7f,0x85,0x7c,0x8f,0x99,0x32,0x35,0x35,0x62,0x32,0x35,0x62,0x35,
  0x34,0x35,0x35,0x62,0x34,0x29,0x32,0x34,0x34,0x34,0x26,0x26,0x29,0x26,0x29,0x29,0x29,0x26,0x2e,0x2e,0x2e,0x26,0x29,0x26,
  0x26,0x2e,0x2e,0x2e,0x2e,0x2e,0x26,0x29,0x32,0x29,0x29,0x35,0x62,0xf5,0x27,0x0d,0x15,0x0d,0x0d,0x0d,0x0d,0x15,0x0d,0x19,
  0xf9,0xfb,0xf4,0xf7,0xf5,0xdc,0xdc,0x78,0x78,0x76,0xd6,0x6a,0x67,0x5c,0x37,0x5a,0x5a,0x5a,0x5a,0x5a,0x37,0x5c,0x5c,0x5c,
  0xd7,0x21,0x0d,0x15,0x0d,0x0d,0x0d,0x0d,0x15,0x0d,0x18,0xe8,0x6c,0x5c,0x37,0x4d,0x4c,0x4d,0x4d,0x31,0x4b,0x4d,0x4d,0x4d,
  0x4d,0x4b,0x30,0x4f,0x4d,0x4d,0x4d,0x4d,0x56,0x59,0xd6,0x20,0x0d,0x15,0x0d,0x0d,0x0d,0x0d,0x0d,0x18,0x27,0x16,0x0d,0x0d,
  0x0d,0x0d,0x0d,0x0d,0x0d,0x16,0x27,0xa3,0x59,0x8d,0x8f,0x8b,0x87,0x85,0x82,0x7b,0x85,0x80,0x7c,0x40,0x3d,0x7a,0x7a,0x7a,
  0x7a,0x7a,0x7a,0x45,0x45,0x7a,0x7d,0x82,0x58,0xb0,0xb3,0x18,0x0d,0x11,0x0d,0x0d,0x0d,0x0d,0x0d,0x0d,0x0d,0x0d,0x0d,0x0d,
  0x15,0x0d,0x1b,0x7a,0x3d,0x40,0x3d,0x3e,0x43,0x43,0x43,0x41,0x43,0x44,0x7c,0x48,0x48,0x44,0x44,0x44,0x43,0x48,0x48,0x48,
  0x44,0x3c,0x46,0x8a,0x96,0xee,0x21,0x0d,0x15,0x0d,0x0d,0x0d,0x15,0x0d,0x1d,0xc6,0x58,0x87,0x82,0x7d,0x82,0x89,0x89,0x92,
  0x89,0x89,0x58,0x8a,0x82,0x44,0x48,0x48,0x49,0x49,0x49,0x8a,0x1c,0x0d,0x15,0x0d,0x0d,0x0d,0x0d,0x0d,0x0d,0x15,0x0d,0x1d,
  0xfd,0xe9,0xe9,0xe5,0xcd,0xcd,0xcd,0xc8,0xbd,0xb7,0xa8,0xa8,0xa8,0xa8,0xb0,0xb5,0xbe,0xb5,0x98,0x8a,0x96,0xa8,0xb7,0xa8,
  0xa8,0xbe,0xbe,0xa8,0xa7,0xb0,0xa8,0xb5,0xb5,0xb7,0xa8,0xa8,0xa8,0xb7,0xb7,0xb7,0xb7,0x98,0x98,0x98,0x96,0x94,0xa8,0x46,
  0x1a,0x19,0x1f,0x99,0x94,0x8a,0x8a,0x8a,0x81,0x44,0x48,0x44,0x3c,0x3b,0x1e,0x2b,0x85,0x7f,0x7f,0x88,0x85,0x93,0x92,0x93,
  0x29,0x34,0x35,0x35,0x34,0x29,0x35,0x35,0x35,0x34,0x34,0x34,0x34,0x32,0x29,0x34,0x34,0x35,0x24,0x24,0x34,0x29,0x29,0x29,
  0x26,0x26,0x29,0x26,0x26,0x29,0x29,0x29,0x29,0x26,0x2e,0x2e,0x29,0x26,0x26,0x29,0x29,0x29,0x34,0x35,0x62,0xf5,0x27,0x0d,
  0x15,0x0d,0x0d,0x0d,0x0d,0x15,0x0d,0x1c,0xff,0xf4,0xf7,0xf5,0x79,0x79,0x77,0xd6,0xd6,0xd6,0x6a,0x6a,0xcf,0x5c,0x5a,0x4d,
  0x5a,0x4d,0x4d,0x4d,0x5a,0x5a,0x5c,0x67,0x36,0x17,0x0d,0x11,0x0d,0x0d,0x0d,0x0d,0x15,0x0d,0x21,0xfb,0x5c,0x37,0x4d,0x33,
  0x33,0x4d,0x4d,0x31,0x31,0x4b,0x4f,0x4d,0x4d,0x4f,0x31,0x30,0x4b,0x4d,0x4d,0x4d,0x56,0x91,0xd4,0x1a,0x0d,0x15,0x0d,0x0d,
  0x0d,0x15,0x0d,0x1a,0xfb,0x19,0x0d,0x15,0x0d,0x0d,0x0d,0x0d,0x15,0x0d,0x1c,0xac,0x59,0x8f,0x87,0x8b,0x87,0x8b,0x84,0x7c,
  0x7c,0x7e,0x7c,0x7a,0x7a,0x7a,0x7a,0x40,0x7a,0x45,0x7a,0x7a,0x7a,0x7a,0x48,0x81,0x89,0xa8,0xba,0x19,0x0d,0x15,0x0d,0x0d,
  0x0d,0x0d,0x0d,0x0d,0x0d,0x0d,0x0d,0x0d,0x0d,0x11,0x15,0x24,0x40,0x3c,0x3b,0x3e,0x3e,0x41,0x43,0x43,0x43,0x41,0x41,0x44,
  0x43,0x43,0x43,0x43,0x44,0x48,0x48,0x48,0x43,0x3c,0x3f,0x49,0x94,0xe8,0x21,0x0d,0x15,0x0d,0x0d,0x0d,0x15,0x0d,0x1d,0xc5,
  0x8a,0x8b,0x82,0x82,0x82,0x82,0x8b,0x92,0x8b,0x8b,0x89,0x86,0x48,0x44,0x44,0x48,0x47,0x46,0x8a,0x1d,0x0d,0x15,0x0d,0x0d,
  0x0d,0x0d,0x0d,0x0d,0x14,0x0d,0x20,0xff,0xe5,0xe5,0xcd,0xc8,0xc8,0xc6,0xc6,0xbd,0xb7,0x96,0x96,0x96,0x98,0xb0,0xa8,0xb7,
  0xb7,0xa8,0x8a,0x8a,0x94,0x95,0xa8,0xa8,0xb7,0xb7,0xb7,0xa9,0x97,0xb0,0xb7,0xb5,0xae,0xa9,0xa8,0x97,0xa7,0xb0,0xb7,0xb7,
  0x98,0x96,0x98,0x96,0x96,0x97,0x47,0x18,0x0d,0x0d,0x0d,0x1d,0x96,0x57,0x8a,0x57,0x7d,0x44,0x82,0x81,0x81,0x45,0x1e,0x2b,
  0x40,0x45,0x7f,0x7f,0x84,0x93,0x90,0x9a,0x29,0x29,0x29,0x34,0x35,0x32,0x29,0x29,0x34,0x29,0x26,0x29,0x34,0x34,0x29,0x34,
  0x34,0x34,0x29,0x29,0x29,0x34,0x29,0x29,0x29,0x29,0x29,0x2f,0x29,0x29,0x29,0x29,0x29,0x29,0x29,0x26,0x29,0x34,0x29,0x26,
  0x29,0x29,0x34,0x35,0x62,0xf5,0x27,0x0d,0x15,0x0d,0x0d,0x0d,0x0d,0x15,0x0d,0x1a,0xfb,0xed,0xf5,0xdf,0x78,0x76,0xd6,0x6a,
  0x6a,0xcf,0xcf,0x67,0x5d,0x5c,0x37,0x5a,0x4d,0x33,0x4c,0x33,0x4d,0x37,0x5a,0x5c,0x19,0x0d,0x15,0x0d,0x0d,0x0d,0x0d,0x15,
  0x0d,0x1c,0xff,0xd8,0x5c,0x53,0x4b,0x31,0x33,0x4c,0x31,0x31,0x31,0x31,0x30,0x4b,0x4d,0x4d,0x7c,0x31,0x3e,0x4f,0x4d,0x4d,
  0x53,0xc3,0x36,0x17,0x15,0x0d,0x0d,0x0d,0x0d,0x15,0x0d,0x20,0xff,0x1f,0x0d,0x15,0x0d,0x0d,0x0d,0x0d,0x15,0x0d,0x18,0x52,
  0x9a,0x8b,0x88,0x87,0x87,0x85,0x85,0x7c,0x7a,0x7a,0x7c,0x7b,0x7a,0x7a,0x7a,0x40,0x40,0x40,0x41,0x7a,0x7a,0x41,0x44,0x82,
  0x8a,0xa8,0xc6,0x19,0x0d,0x15,0x0d,0x0d,0x0d,0x0d,0x0d,0x0d,0x0d,0x0d,0x0d,0x0d,0x0d,0x15,0x0d,0x19,0x41,0x3c,0x3a,0x3c,
  0x3e,0x41,0x3e,0x41,0x41,0x41,0x41,0x43,0x43,0x41,0x41,0x43,0x41,0x44,0x44,0x44,0x3f,0x3f,0x3f,0x57,0x8a,0xe7,0x27,0x0d,
  0x15,0x0d,0x0d,0x0d,0x15,0x0d,0x1c,0xbe,0x8a,0x8b,0x7d,0x82,0x82,0x82,0x81,0x8b,0x8b,0x86,0x88,0x82,0x44,0x43,0x43,0x44,
  0x48,0x89,0x21,0x11,0x15,0x0d,0x0d,0x0d,0x0d,0x0d,0x0d,0x15,0x0d,0x20,0xfd,0xe8,0xe7,0xbd,0xbe,0xbd,0xbd,0xbe,0xbd,0xb5,
  0xa8,0x94,0x8a,0x94,0x94,0x98,0xb0,0xa8,0xb7,0xb7,0xb7,0x98,0x96,0x96,0x96,0xb5,0xbd,0xb7,0xb7,0xb5,0x99,0xa9,0xb0,0xb7,
  0xa8,0xa9,0xa8,0xa8,0x98,0xa8,0xa8,0xa8,0x98,0x96,0x98,0x96,0x98,0x52,0x18,0x0d,0x15,0x15,0x0d,0x18,0x86,0x7d,0x7d,0x7d,
  0x7a,0x41,0x43,0x82,0x81,0x82,0x7a,0x2b,0x3b,0x7a,0x45,0x7e,0x8b,0x90,0x8b,0x93,0x29,0x34,0x29,0x29,0x35,0x35,0x34,0x26,
  0x29,0x29,0x2e,0x26,0x29,0x34,0x34,0x29,0x26,0x26,0x29,0x29,0x34,0x34,0x34,0x29,0x29,0x29,0x29,0x29,0x26,0x29,0x34,0x34,
  0x34,0x29,0x29,0x29,0x29,0x29,0x29,0x29,0x29,0x29,0x29,0x35,0x38,0xdf,0x21,0x0d,0x15,0x0d,0x0d,0x0d,0x0d,0x15,0x0d,0x1a,
  0xfb,0xdc,0xde,0x77,0xd6,0x6e,0x6a,0x6d,0x66,0x63,0x39,0x5a,0x5b,0x37,0x5b,0x5a,0x4c,0x32,0x33,0x32,0x4b,0x37,0x66,0x1a,
  0x0d,0x15,0x0d,0x0d,0x0d,0x0d,0x0d,0x0d,0x18,0xe0,0xfd,0x6a,0x53,0x28,0x30,0x26,0x31,0x31,0x31,0x33,0x30,0x30,0x24,0x31,
  0x31,0x4b,0x4b,0x30,0x3b,0x30,0x4b,0x4d,0x52,0xcf,0x20,0x0d,0x15,0x0d,0x0d,0x0d,0x15,0x0d,0x11,0x27,0xf7,0x27,0x16,0x0d,
  0x0d,0x0d,0x0d,0x0d,0x0d,0x15,0x0d,0x20,0xa3,0x86,0x88,0x85,0x85,0x85,0x85,0x80,0x7f,0x7c,0x7b,0x45,0x40,0x40,0x40,0x40,
  0x7a,0x7a,0x7a,0x7a,0x43,0x43,0x44,0x7d,0x94,0xa8,0xc8,0x19,0x0d,0x15,0x0d,0x0d,0x0d,0x0d,0x0d,0x0d,0x0d,0x0d,0x0d,0x0d,
  0x0d,0x0d,0x15,0x0d,0x1f,0x7a,0x3b,0x3b,0x3c,0x3c,0x3c,0x3e,0x3c,0x41,0x3e,0x41,0x41,0x41,0x43,0x43,0x41,0x41,0x41,0x41,
  0x41,0x3f,0x3f,0x57,0x89,0xcd,0x27,0x15,0x15,0x0d,0x0d,0x0d,0x15,0x0d,0x1c,0xbe,0x8a,0x8b,0x82,0x82,0x82,0x82,0x85,0x82,
  0x87,0x2d,0x41,0x7d,0x44,0x44,0x48,0x48,0x81,0x27,0x17,0x0d,0x11,0x0d,0x0d,0x0d,0x0d,0x0d,0x15,0x0d,0x1f,0xfd,0xe4,0xe5,
  0xc8,0xb7,0xb7,0xb5,0xb5,0xb5,0xb5,0xa8,0x96,0x94,0x8a,0x94,0x94,0x96,0x8a,0x96,0xb0,0xb7,0xb7,0xb7,0xa8,0xa9,0x98,0xb5,
  0xbd,0xbe,0xbd,0xb5,0xa9,0xa9,0xb0,0xb7,0xb7,0xa8,0xa8,0x97,0x9a,0x96,0x97,0x98,0x96,0x96,0x96,0x96,0x94,0x19,0x0d,0x15,
  0x0d,0x15,0x0d,0x1a,0x85,0x48,0x7d,0x45,0x40,0x7a,0x7a,0x80,0x85,0x85,0x3b,0x2c,0x3d,0x3d,0x7c,0x7f,0x84,0x9a,0x8b,0x8b,
  0x29,0x29,0x25,0x26,0x34,0x34,0x34,0x29,0x2e,0x26,0x2e,0x29,0x29,0x34,0x34,0x29,0x25,0x1c,0x29,0x29,0x29,0x34,0x34,0x29,
  0x29,0x29,0x29,0x29,0x29,0x34,0x34,0x34,0x34,0x34,0x34,0x34,0x26,0x2e,0x26,0x26,0x29,0x34,0x34,0x35,0x62,0xdf,0x21,0x0d,
  0x15,0x0d,0x0d,0x0d,0x0d,0x15,0x0d,0x1c,0xf8,0x76,0x78,0x6e,0x6a,0xcf,0x68,0x63,0x63,0x39,0x5a,0x5a,0x5a,0x5a,0x5a,0x5a,
  0x4b,0x28,0x28,0x33,0x4b,0x5e,0x1d,0x0d,0x15,0x0d,0x0d,0x0d,0x0d,0x0d,0x15,0x0d,0x27,0xff,0xd2,0x5d,0x37,0x28,0x26,0x24,
  0x26,0x26,0x30,0x30,0x30,0x30,0x30,0x30,0x30,0x4b,0x4e,0x30,0x30,0x2f,0x45,0x4e,0x53,0xd0,0x1a,0x0d,0x15,0x0d,0x0d,0x0d,
  0x15,0x0d,0x18,0xc4,0xc8,0xdb,0x1a,0x0d,0x15,0x0d,0x0d,0x0d,0x0d,0x15,0x0d,0x1a,0xa3,0x82,0x88,0x7c,0x85,0x85,0x85,0x80,
  0x80,0x80,0x7c,0x45,0x7a,0x3d,0x40,0x40,0x40,0x40,0x40,0x7a,0x43,0x43,0x45,0x81,0x94,0x98,0xce,0x1a,0x0d,0x15,0x0d,0x0d,
  0x0d,0x0d,0x0d,0x15,0x15,0x0d,0x0d,0x0d,0x0d,0x0d,0x15,0x0d,0x17,0x2d,0x3c,0x3b,0x3b,0x3b,0x3b,0x3b,0x3b,0x3b,0x3c,0x3c,
  0x41,0x41,0x3e,0x41,0x41,0x43,0x41,0x41,0x3e,0x3f,0x3f,0x47,0x57,0xc6,0x36,0x16,0x0d,0x0d,0x0d,0x0d,0x15,0x0d,0x1a,0xbe,
  0x94,0x57,0x48,0x82,0x82,0x81,0x87,0x82,0x82,0x44,0x3e,0x44,0x48,0x48,0x44,0x44,0x49,0x18,0x0d,0x15,0x0d,0x0d,0x0d,0x0d,
  0x0d,0x15,0x0d,0x1c,0xfd,0xe4,0xe5,0xc8,0xbd,0xb7,0xb0,0xb7,0xb5,0xb7,0xb7,0x96,0x94,0x94,0x94,0x8a,0x89,0x8a,0x8a,0x96,
  0x98,0xb7,0xa8,0xb7,0xb7,0xa8,0xb0,0xa8,0xa9,0xb7,0xb7,0xb5,0xb7,0x9a,0xa9,0xb7,0xa9,0xa8,0xa8,0x9a,0x9a,0x7c,0x82,0x96,
  0x94,0x96,0x8a,0x8a,0x1a,0x0d,0x15,0x0d,0x15,0x0d,0x16,0x21,0x7d,0x48,0x43,0x41,0x7b,0x80,0x7c,0x3d,0x41,0x83,0x7a,0x3b,
  0x3d,0x45,0x7b,0x3d,0x85,0x92,0x87,0x87,0x29,0x29,0x23,0x25,0x29,0x32,0x29,0x29,0x2e,0x2e,0x29,0x26,0x29,0x29,0x29,0x26,
  0x26,0x26,0x29,0x29,0x29,0x29,0x34,0x34,0x34,0x34,0x34,0x29,0x34,0x35,0x34,0x29,0x29,0x29,0x34,0x34,0x29,0x26,0x26,0x29,
  0x29,0x29,0x32,0x35,0x35,0xdf,0x21,0x0d,0x15,0x0d,0x0d,0x0d,0x0d,0x15,0x0d,0x1c,0xf5,0x6f,0x6e,0x68,0x68,0x63,0x63,0x63,
  0x63,0x63,0x5a,0x5a,0x5a,0x5a,0x5a,0x5a,0x5a,0x4d,0x4c,0x33,0x51,0x20,0x0d,0x15,0x0d,0x0d,0x0d,0x0d,0x0d,0x15,0x0d,0x1d,
  0xfd,0xda,0xc1,0x37,0x4d,0x4b,0x26,0x24,0x24,0x24,0x26,0x26,0x30,0x31,0x30,0x30,0x30,0x31,0x30,0x30,0x31,0x4b,0x4e,0x4b,
  0xa0,0x5c,0x17,0x0d,0x0d,0x0d,0x0d,0x0d,0x15,0x0d,0x1c,0xf9,0xc7,0xfc,0x20,0x0d,0x15,0x0d,0x0d,0x0d,0x0d,0x0d,0x0d,0x17,
  0x30,0x85,0x7f,0x80,0x80,0x7c,0x80,0x80,0x80,0x80,0x7b,0x7a,0x40,0x40,0x3d,0x3b,0x3d,0x3b,0x40,0x43,0x43,0x41,0x43,0x81,
  0x8a,0x98,0xd9,0x1a,0x0d,0x15,0x0d,0x0d,0x0d,0x0d,0x0d,0x18,0x1b,0x0d,0x15,0x0d,0x0d,0x0d,0x0d,0x15,0x0d,0x1b,0x3e,0x2b,
  0x3b,0x3b,0x3b,0x3b,0x3a,0x2a,0x3c,0x3c,0x3c,0x3c,0x2a,0x3c,0x44,0x44,0x43,0x41,0x3c,0x3f,0x3f,0x46,0x47,0xb7,0x36,0x17,
  0x0d,0x0d,0x0d,0x0d,0x15,0x0d,0x1a,0xbe,0x95,0x8a,0x82,0x7d,0x82,0x82,0x82,0x48,0x7d,0x43,0x3c,0x44,0x48,0x48,0x3f,0x48,
  0x1c,0x0d,0x15,0x0d,0x0d,0x0d,0x0d,0x0d,0x15,0x0d,0x1a,0xfa,0xe8,0xe2,0xc8,0xbd,0xb7,0xa8,0xa8,0xb7,0xb0,0xb7,0x96,0x8a,
  0x8a,0x94,0x94,0x95,0x49,0x89,0xa8,0xa8,0x96,0xa8,0xb7,0xa8,0xa8,0xa8,0xa8,0xae,0xb7,0xb7,0xb7,0xb5,0xb0,0xb7,0xb7,0xa9,
  0xa7,0xa7,0xa7,0x9a,0x8b,0x88,0x92,0x8a,0x94,0x8a,0xa9,0x1c,0x0d,0x15,0x0d,0x0d,0x11,0x15,0x20,0x82,0x48,0x7d,0x7b,0x7c,
  0x80,0x85,0x80,0x41,0x3d,0x2c,0x80,0x7b,0x7c,0x85,0x40,0x40,0x7c,0x7e,0x93,0x7c,0x29,0x26,0x2e,0x2e,0x2e,0x2e,0x2e,0x29,
  0x29,0x26,0x26,0x2e,0x29,0x29,0x29,0x29,0x29,0x34,0x34,0x29,0x29,0x34,0x34,0x26,0x29,0x34,0x34,0x34,0x29,0x34,0x34,0x34,
  0x29,0x29,0x29,0x32,0x29,0x29,0x29,0x29,0x29,0x29,0x29,0x35,0x5a,0x78,0x21,0x0d,0x15,0x0d,0x0d,0x0d,0x0d,0x15,0x0d,0x1c,
  0xf5,0x6e,0x68,0x39,0x5a,0x35,0x5a,0x39,0x38,0x38,0x5a,0x5a,0x5a,0x5a,0x5a,0x5a,0x5a,0x5a,0x5a,0x5e,0x21,0x15,0x15,0x0d,
  0x0d,0x0d,0x0d,0x0d,0x15,0x0d,0x1a,0xfa,0xf4,0x67,0x53,0x28,0x28,0x30,0x30,0x30,0x24,0x24,0x24,0x24,0x31,0x30,0x30,0x30,
  0x31,0x30,0x30,0x42,0x7c,0x4f,0x37,0x53,0xc3,0x21,0x0d,0x15,0x0d,0x0d,0x0d,0x0d,0x15,0x0d,0x21,0xfd,0xe0,0xeb,0x69,0x17,
  0x0d,0x0d,0x0d,0x0d,0x0d,0x0d,0x15,0x0d,0x1d,0x9c,0x7f,0x80,0x80,0x80,0x7c,0x80,0x7e,0x7c,0x7c,0x7a,0x40,0x3d,0x3d,0x3d,
  0x3b,0x3d,0x7a,0x41,0x43,0x43,0x44,0x81,0x8a,0x96,0xd9,0x1a,0x0d,0x15,0x0d,0x0d,0x0d,0x0d,0x0d,0x17,0x52,0x18,0x0d,0x15,
  0x0d,0x0d,0x0d,0x0d,0x15,0x16,0x24,0x3d,0x2c,0x3a,0x3b,0x3b,0x3b,0x3b,0x3c,0x3c,0x3c,0x3b,0x3c,0x41,0x41,0x3c,0x3c,0x3c,
  0x41,0x2d,0x3f,0x46,0x47,0xa8,0xb3,0x17,0x0d,0x15,0x0d,0x0d,0x15,0x0d,0x1a,0xb7,0x94,0x8a,0x81,0x82,0x48,0x48,0x48,0x7d,
  0x82,0x43,0x3e,0x44,0x48,0x48,0x57,0x21,0x11,0x15,0x0d,0x0d,0x0d,0x0d,0x0d,0x15,0x0d,0x18,0x69,0xe9,0xcd,0xc6,0xb5,0xb7,
  0x98,0x98,0xa8,0xa8,0xb7,0xb7,0x8a,0x89,0x8a,0x94,0x95,0x96,0x96,0x96,0xa8,0xa8,0xa8,0xa8,0xa9,0xa8,0xa8,0xa8,0xb7,0xbe,
  0xbe,0xb7,0xb5,0xb5,0xa8,0xae,0xb7,0xa9,0x97,0xa7,0x9a,0x9a,0x99,0x99,0x99,0x8a,0x89,0xa9,0x1f,0x0d,0x15,0x0d,0x0d,0x11,
  0x0d,0x20,0x99,0x48,0x48,0x7c,0x41,0x3c,0x7d,0x88,0x7b,0x80,0x7c,0x3b,0x80,0x7a,0x7e,0x7f,0x7e,0x7f,0x45,0x7f,0x88,0x7c,
  0x26,0x2e,0x2e,0x2e,0x26,0x25,0x2e,0x26,0x29,0x29,0x29,0x29,0x2e,0x29,0x29,0x29,0x29,0x34,0x29,0x25,0x29,0x34,0x29,0x2e,
  0x29,0x35,0x34,0x34,0x29,0x29,0x34,0x29,0x29,0x29,0x29,0x29,0x29,0x29,0x29,0x29,0x29,0x29,0x29,0x35,0x5a,0xdf,0x21,0x0d,
  0x15,0x0d,0x0d,0x0d,0x0d,0x15,0x0d,0x1c,0xdf,0x6a,0x66,0x62,0x4d,0x4d,0x62,0x5a,0x4d,0x4d,0x4d,0x5a,0x5a,0x5a,0x4d,0x4d,
  0x5a,0x5a,0x66,0x27,0x17,0x0d,0x15,0x0d,0x0d,0x0d,0x0d,0x15,0x0d,0x18,0xc7,0xfd,0xd8,0x5d,0x53,0x28,0x28,0x24,0x30,0x24,
  0x24,0x23,0x24,0x24,0x24,0x24,0x24,0x31,0x26,0x30,0x30,0x30,0x4b,0x4d,0x53,0x54,0xc4,0x1c,0x0d,0x15,0x0d,0x0d,0x0d,0x0d,
  0x0d,0x16,0x36,0xef,0xe5,0xe2,0xf7,0x1c,0x0d,0x15,0x0d,0x0d,0x0d,0x0d,0x15,0x0d,0x18,0x54,0x7f,0x7f,0x80,0x80,0x7e,0x7c,
  0x7c,0x7c,0x7c,0x7a,0x40,0x40,0x40,0x3b,0x40,0x7a,0x40,0x7a,0x43,0x43,0x44,0x48,0x57,0x96,0xe8,0x1a,0x0d,0x15,0x0d,0x0d,
  0x0d,0x0d,0x0d,0x17,0x6b,0x21,0x0d,0x15,0x0d,0x0d,0x0d,0x0d,0x15,0x0d,0x19,0x3b,0x3a,0x2b,0x3b,0x3a,0x3a,0x3a,0x3b,0x3c,
  0x3b,0x3b,0x3b,0x3e,0x3c,0x3c,0x3c,0x3e,0x3f,0x3f,0x3f,0x46,0x47,0x96,0xbb,0x18,0x0d,0x15,0x0d,0x0d,0x15,0x0d,0x19,0xa8,
  0x94,0x89,0x55,0x81,0x48,0x48,0x7d,0x49,0x49,0x7d,0x3c,0x2d,0x48,0x48,0x46,0x18,0x0d,0x11,0x0d,0x0d,0x0d,0x0d,0x11,0x14,
  0x16,0x36,0xfa,0xc7,0xb5,0xb5,0xb0,0xa8,0x96,0x95,0x98,0xa8,0xb7,0x98,0x94,0x8a,0x8a,0x94,0x8a,0x96,0xb7,0xa8,0xa8,0xae,
  0xa8,0xa8,0x97,0xa8,0xa8,0xa9,0xb5,0xbe,0xbe,0xbe,0xb5,0xb7,0xae,0xa9,0xb0,0xa8,0x97,0x9a,0x99,0x8b,0x8a,0x94,0x94,0x55,
  0x97,0x21,0x0e,0x13,0x0d,0x0d,0x15,0x0d,0x1f,0xa9,0x94,0x8a,0x81,0x43,0x40,0x41,0x41,0x82,0x88,0x80,0x7e,0x7b,0x7f,0x45,
  0x7f,0x7d,0x7f,0x44,0x7f,0x7a,0x7f,0x85,0x2e,0x2e,0x1b,0x25,0x2e,0x2e,0x2e,0x2e,0x26,0x26,0x26,0x29,0x26,0x29,0x29,0x26,
  0x29,0x29,0x29,0x26,0x29,0x29,0x29,0x29,0x29,0x35,0x35,0x34,0x34,0x29,0x29,0x32,0x29,0x29,0x29,0x29,0x29,0x29,0x29,0x29,
  0x29,0x29,0x29,0x35,0x38,0xdf,0x21,0x0d,0x15,0x0d,0x0d,0x0d,0x0d,0x15,0x0d,0x1c,0xdf,0x66,0x63,0x62,0x5a,0x5a,0x5a,0x5a,
  0x5a,0x35,0x32,0x4d,0x5a,0x5a,0x5a,0x5a,0x5a,0x66,0x27,0x17,0x0d,0x15,0x0d,0x0d,0x0d,0x0d,0x15,0x11,0x17,0x36,0xfd,0xda,
  0xc2,0x5d,0x53,0x4d,0x31,0x24,0x24,0x23,0x23,0x23,0x24,0x24,0x24,0x24,0x24,0x24,0x31,0x30,0x31,0x31,0x7b,0x7e,0x52,0xa0,
  0xa4,0x18,0x0d,0x15,0x0d,0x0d,0x0d,0x15,0x0d,0x19,0xf0,0xe2,0xcd,0xcd,0xf9,0x21,0x0d,0x15,0x0d,0x0d,0x0d,0x0d,0x0d,0x0d,
  0x0d,0x21,0x83,0x7b,0x7e,0x7c,0x7c,0x7a,0x7a,0x7a,0x45,0x7a,0x7a,0x3d,0x2b,0x3d,0x40,0x3e,0x41,0x3e,0x41,0x41,0x41,0x44,
  0x81,0x96,0xd9,0x1a,0x0d,0x15,0x0d,0x0d,0x0d,0x0d,0x0d,0x17,0x36,0xd9,0x1a,0x0d,0x15,0x0d,0x0d,0x0d,0x0d,0x15,0x0d,0x1e,
  0x3c,0x3a,0x3a,0x3a,0x2b,0x3b,0x3a,0x3a,0x3a,0x2b,0x3a,0x3b,0x3c,0x3c,0x3a,0x3a,0x3c,0x2d,0x3f,0x3f,0x46,0x94,0xc7,0x18,
  0x0d,0x15,0x0d,0x0d,0x11,0x0d,0x18,0xa8,0x94,0x89,0x57,0x82,0x7d,0x44,0x7d,0x7d,0x48,0x49,0x44,0x3a,0x2d,0x48,0x1c,0x0d,
  0x15,0x0d,0x0d,0x0d,0x0d,0x11,0x15,0x0d,0x21,0xfe,0xe0,0xbd,0xa8,0xa8,0x98,0x94,0x8a,0x8a,0x96,0x96,0x94,0x94,0x47,0x94,
  0x96,0x96,0x8a,0x89,0x96,0xb7,0xa8,0xb7,0xa9,0xa8,0xa8,0x97,0xb7,0xb7,0xb7,0xbd,0xbd,0xb7,0xae,0xb5,0xa8,0xa9,0xa8,0xa7,
  0x9a,0x9a,0x99,0x87,0x87,0x8a,0x8a,0x99,0x21,0x16,0x0d,0x11,0x0d,0x15,0x0d,0x1d,0x97,0x94,0x96,0x8a,0x82,0x7c,0x45,0x7b,
  0x7e,0x7e,0x85,0x7f,0x88,0x88,0x88,0x44,0x7b,0x45,0x7c,0x7c,0x7e,0x7a,0x80,0x7e,0x26,0x2e,0x25,0x25,0x2e,0x2e,0x2e,0x25,
  0x26,0x26,0x26,0x34,0x32,0x29,0x2e,0x2e,0x2e,0x2e,0x26,0x29,0x29,0x29,0x32,0x32,0x32,0x34,0x34,0x34,0x34,0x35,0x35,0x35,
  0x34,0x29,0x29,0x32,0x26,0x29,0x29,0x26,0x2f,0x29,0x29,0x33,0x5a,0xf5,0x21,0x0d,0x15,0x0d,0x0d,0x0d,0x0d,0x15,0x0d,0x1c,
  0x74,0x38,0x5a,0x35,0x35,0x5a,0x4d,0x4d,0x5a,0x4d,0x33,0x4d,0x5a,0x5a,0x5a,0x5a,0x39,0x28,0x17,0x0d,0x15,0x0d,0x0d,0x0d,
  0x0d,0x15,0x15,0x0d,0x27,0xfb,0xda,0xc1,0x61,0x5c,0x53,0x53,0x4b,0x26,0x24,0x23,0x1b,0x1b,0x23,0x24,0x24,0x24,0x24,0x23,
  0x24,0x30,0x30,0x7c,0x7c,0x7e,0x52,0xa3,0x27,0x0d,0x15,0x0d,0x0d,0x0d,0x0d,0x15,0x0d,0x1f,0xfc,0xbb,0xc8,0xcc,0xe9,0x69,
  0x17,0x0d,0x15,0x0d,0x0d,0x0d,0x0d,0x15,0x0d,0x1b,0x85,0x7b,0x7b,0x7c,0x7a,0x7a,0x40,0x40,0x7a,0x7a,0x7a,0x3d,0x2b,0x40,
  0x40,0x41,0x41,0x3c,0x3c,0x41,0x41,0x48,0x57,0x94,0xd9,0x1b,0x0d,0x15,0x0d,0x0d,0x0d,0x0d,0x0d,0x16,0x36,0xd9,0x27,0x16,
  0x11,0x0d,0x0d,0x0d,0x0d,0x11,0x0d,0x17,0x3b,0x3b,0x2a,0x2b,0x3a,0x2b,0x2a,0x2a,0x2a,0x3a,0x3a,0x3a,0x3b,0x3c,0x3b,0x3a,
  0x3a,0x2d,0x2d,0x2d,0x46,0x8a,0xce,0x19,0x0d,0x15,0x0d,0x0d,0x15,0x0d,0x18,0xa5,0x94,0x89,0x81,0x7d,0x7d,0x48,0x44,0x48,
  0x48,0x48,0x3f,0x2d,0x48,0x21,0x16,0x15,0x0d,0x0d,0x0d,0x0d,0x0d,0x15,0x0d,0x1c,0xfd,0xe0,0xbd,0xb7,0xa8,0x98,0x98,0x46,
  0x47,0x96,0x94,0x8a,0x89,0x94,0x8a,0x96,0xa8,0xa8,0xa8,0x96,0x98,0xa8,0xa8,0x96,0xa8,0xb5,0xb5,0xa8,0xb7,0xb5,0xb7,0xb5,
  0xbe,0xb7,0xa9,0xb7,0xa9,0xa9,0xa9,0x9a,0xa7,0x97,0x8a,0x58,0x8b,0x89,0x96,0x46,0x17,0x0d,0x15,0x0d,0x15,0x0d,0x1c,0x98,
  0x89,0x8a,0x89,0x57,0x7d,0x7c,0x88,0x82,0x88,0x85,0x7c,0x7f,0x8b,0x82,0x7f,0x7f,0x7c,0x7a,0x7a,0x40,0x7b,0x7b,0x7c,0x7e,
  0x2e,0x2e,0x2e,0x2e,0x2e,0x26,0x2e,0x2e,0x29,0x29,0x26,0x29,0x29,0x2e,0x26,0x26,0x2e,0x2e,0x29,0x34,0x29,0x29,0x34,0x35,
  0x35,0x34,0x29,0x26,0x26,0x26,0x24,0x1d,0x1d,0x26,0x34,0x29,0x29,0x29,0x26,0x26,0x26,0x29,0x32,0x5a,0x5a,0xdf,0x20,0x0d,
  0x15,0x0d,0x0d,0x0d,0x0d,0x15,0x0d,0x1c,0xd5,0x5a,0x4d,0x4d,0x32,0x4c,0x5a,0x5a,0x4d,0x33,0x4d,0x4c,0x4d,0x5a,0x5a,0x66,
  0x36,0x18,0x0d,0x15,0x0d,0x0d,0x0d,0x0d,0x15,0x15,0x0d,0x20,0xfb,0xec,0xd0,0x5d,0x5c,0x53,0x4d,0x4d,0x31,0x30,0x24,0x23,
  0x1e,0x1e,0x1e,0x23,0x24,0x24,0x24,0x24,0x24,0x24,0x31,0x31,0x42,0x4d,0x37,0xc0,0x1c,0x0d,0x15,0x0d,0x0d,0x0d,0x0d,0x14,
  0x11,0x27,0xee,0xbb,0xcd,0xc8,0xe0,0xfd,0x1d,0x0d,0x15,0x0d,0x0d,0x0d,0x0d,0x0d,0x0d,0x17,0x30,0x7c,0x7b,0x7c,0x7a,0x40,
  0x40,0x7a,0x7a,0x7a,0x7a,0x7a,0x7a,0x3d,0x3e,0x3d,0x3c,0x3c,0x3c,0x3e,0x41,0x48,0x57,0x94,0xd9,0x1b,0x0d,0x15,0x0d,0x0d,
  0x0d,0x0d,0x0d,0x16,0x27,0xbe,0xd9,0x1c,0x0d,0x15,0x0d,0x0d,0x0d,0x0d,0x15,0x0d,0x1b,0x3d,0x2b,0x2b,0x2a,0x2a,0x22,0x2a,
  0x2a,0x2b,0x3a,0x3b,0x3b,0x3b,0x3b,0x3a,0x3a,0x3a,0x2d,0x46,0x49,0x8a,0xce,0x19,0x0d,0x15,0x0d,0x0d,0x15,0x0d,0x17,0xa4,
  0x94,0x57,0x48,0x48,0x44,0x44,0x43,0x44,0x43,0x3e,0x3f,0x46,0x49,0x19,0x0d,0x15,0x0d,0x0d,0x0d,0x0d,0x15,0x0d,0x18,0xef,
  0xf0,0xc8,0xbe,0xb7,0xa8,0x98,0x94,0x47,0x57,0x89,0x8a,0x97,0x8a,0x94,0x96,0x96,0x98,0xa8,0xa8,0xa8,0xb7,0x97,0xa9,0xa9,
  0xa8,0xb5,0xb7,0xa8,0xb7,0xbe,0xb7,0xae,0xb7,0xa9,0x98,0xa8,0xa9,0xa9,0x99,0x9a,0x9a,0x99,0x93,0x8a,0x89,0x8a,0x52,0x18,
  0x0d,0x15,0x0d,0x15,0x0d,0x1c,0xa9,0x8a,0x8a,0x81,0x48,0x7d,0x7d,0x7c,0x88,0x8b,0x87,0x8b,0x82,0x85,0x7f,0x82,0x7f,0x85,
  0x7b,0x7b,0x7a,0x7a,0x24,0x2c,0x7b,0x7a,0x25,0x25,0x2e,0x2e,0x26,0x29,0x2e,0x29,0x32,0x29,0x26,0x2e,0x2e,0x29,0x29,0x29,
  0x29,0x29,0x26,0x26,0x26,0x24,0x1f,0x1d,0x1b,0x19,0x18,0x16,0x16,0x15,0x0d,0x0d,0x0d,0x17,0x26,0x34,0x29,0x2f,0x26,0x2f,
  0x29,0x32,0x4d,0x5a,0x5c,0xf5,0x20,0x0d,0x15,0x0d,0x0d,0x0d,0x0d,0x15,0x0d,0x1c,0xd5,0x5a,0x4d,0x32,0x33,0x33,0x4c,0x4c,
  0x33,0x33,0x33,0x4c,0x5a,0x37,0x5a,0x37,0x18,0x0d,0x15,0x0d,0x0d,0x0d,0x0d,0x0d,0x15,0x0d,0x20,0xfd,0xef,0xdb,0x5d,0x53,
  0x53,0x4d,0x4b,0x4b,0x30,0x30,0x26,0x24,0x24,0x25,0x1b,0x1e,0x23,0x23,0x24,0x24,0x24,0x24,0x24,0x30,0x45,0x7e,0x52,0x5c,
  0x18,0x0d,0x15,0x0d,0x0d,0x0d,0x15,0x0d,0x18,0xe0,0xcd,0xc8,0xc8,0xcd,0xe2,0xfa,0x27,0x16,0x0d,0x0d,0x0d,0x0d,0x0d,0x0d,
  0x15,0x0d,0x1f,0x85,0x45,0x45,0x7a,0x40,0x3d,0x40,0x40,0x7a,0x40,0x41,0x41,0x3c,0x3c,0x3b,0x3b,0x3b,0x3c,0x3e,0x41,0x46,
  0x49,0x8a,0xce,0x1b,0x0d,0x15,0x0d,0x0d,0x0d,0x0d,0x15,0x15,0x27,0xce,0xc8,0xa4,0x17,0x0d,0x0d,0x0d,0x0d,0x0d,0x0d,0x11,
  0x16,0x2b,0x2b,0x2a,0x2a,0x2a,0x22,0x22,0x2a,0x2a,0x3a,0x3a,0x3a,0x3a,0x3a,0x3a,0x3a,0x3a,0x2d,0x3f,0x46,0x57,0xce,0x1a,
  0x0d,0x15,0x0d,0x0d,0x15,0x0d,0x17,0x95,0x8b,0x48,0x48,0x43,0x3c,0x3f,0x3f,0x41,0x41,0x3f,0x3f,0x81,0x1f,0x0d,0x15,0x0d,
  0x0d,0x0d,0x0d,0x0d,0x15,0x15,0x27,0xfe,0xc7,0xb5,0xb5,0x98,0x96,0x94,0x94,0x96,0x94,0x94,0x89,0x46,0x89,0x96,0x96,0xa8,
  0xa8,0xa8,0xa8,0xb7,0xb5,0xb7,0xb7,0xb5,0xa8,0xb7,0xa8,0xbe,0xbe,0xb7,0xb7,0xb7,0xa8,0xa8,0xa8,0x97,0xa1,0x9a,0x9a,0x98,
  0x89,0x99,0x99,0x89,0x8a,0x94,0x1a,0x0d,0x15,0x0d,0x15,0x0d,0x1a,0xa6,0x96,0x8a,0x57,0x81,0x82,0x41,0x7d,0x7c,0x85,0x8b,
  0x92,0x9a,0x88,0x82,0x7f,0x82,0x48,0x42,0x85,0x7b,0x7a,0x3b,0x2c,0x2c,0x40,0x7a,0x29,0x26,0x2e,0x25,0x25,0x2e,0x2f,0x29,
  0x29,0x29,0x26,0x25,0x23,0x1f,0x1d,0x1c,0x19,0x19,0x18,0x17,0x16,0x0d,0x0d,0x0d,0x0d,0x0d,0x0d,0x0d,0x0d,0x0d,0x0d,0x15,
  0x16,0x0d,0x1b,0x29,0x29,0x29,0x29,0x29,0x34,0x32,0x33,0x5a,0x37,0xf5,0x20,0x0d,0x15,0x0d,0x0d,0x0d,0x0d,0x15,0x0d,0x1d,
  0xd5,0x5a,0x4c,0x32,0x32,0x28,0x32,0x33,0x33,0x33,0x33,0x4c,0x5a,0x5a,0x37,0x18,0x0d,0x15,0x0d,0x0d,0x0d,0x0d,0x0d,0x15,
  0x0d,0x1d,0xfd,0xef,0xd9,0xc2,0x5c,0x37,0x4d,0x31,0x30,0x30,0x30,0x30,0x30,0x26,0x24,0x24,0x23,0x23,0x23,0x23,0x23,0x24,
  0x24,0x23,0x24,0x31,0x42,0x7f,0xa3,0x27,0x15,0x0d,0x0d,0x0d,0x0d,0x0d,0x15,0x0d,0x1c,0xfd,0xbb,0xc8,0xc6,0xc8,0xcc,0xe5,
  0xee,0x19,0x0d,0x15,0x0d,0x0d,0x0d,0x0d,0x15,0x0d,0x19,0x80,0x7b,0x43,0x43,0x43,0x7a,0x3b,0x3b,0x40,0x7a,0x43,0x41,0x3d,
  0x3d,0x2b,0x3b,0x3b,0x3c,0x41,0x43,0x46,0x47,0x55,0xc5,0x1c,0x0d,0x15,0x0d,0x0d,0x0d,0x0d,0x15,0x11,0x27,0xd9,0xbb,0xee,
  0x1f,0x0d,0x15,0x0d,0x0d,0x0d,0x0d,0x15,0x0d,0x19,0x2b,0x2a,0x22,0x2a,0x2a,0x2a,0x2a,0x2a,0x2a,0x3a,0x3a,0x3a,0x3a,0x3a,
  0x2a,0x2a,0x3a,0x2d,0x3f,0x47,0xce,0x1c,0x0d,0x15,0x0d,0x0d,0x11,0x0d,0x17,0x52,0x57,0x48,0x44,0x3e,0x3c,0x3c,0x3c,0x3f,
  0x47,0x47,0x46,0x3f,0x18,0x0d,0x15,0x0d,0x0d,0x0d,0x0d,0x15,0x0d,0x1d,0xff,0xe0,0xbe,0xb7,0xa8,0x98,0x98,0x8a,0x47,0x8a,
  0x96,0x98,0x89,0x2d,0x3f,0x96,0x98,0xa8,0xa8,0xa8,0xb7,0xbe,0xbd,0xbd,0xb5,0xb5,0xb7,0xb0,0xb5,0xa4,0xa6,0xa8,0xb0,0xa8,
  0x98,0xa8,0xa9,0x99,0x9a,0x93,0x97,0xa8,0x92,0x98,0x94,0x81,0x8b,0x1a,0x0d,0x15,0x0d,0x15,0x0d,0x1a,0xa4,0x96,0x96,0x8a,
  0x82,0x82,0x82,0x7c,0x45,0x7b,0x7b,0x87,0x8b,0x93,0x88,0x88,0x88,0x7f,0x7c,0x7b,0x80,0x7a,0x45,0x7c,0x7a,0x2c,0x40,0x7a,
  0x32,0x32,0x29,0x26,0x2e,0x25,0x1b,0x19,0x19,0x19,0x17,0x16,0x0d,0x0d,0x0d,0x0d,0x0d,0x0d,0x0d,0x0d,0x0d,0x0d,0x15,0x15,
  0x15,0x15,0x15,0x15,0x15,0x15,0x15,0x15,0x16,0x0d,0x1c,0x35,0x32,0x34,0x32,0x34,0x32,0x26,0x33,0x5a,0x5c,0xf5,0x20,0x0d,
  0x15,0x0d,0x0d,0x0d,0x0d,0x15,0x0d,0x1d,0xd5,0x4d,0x4c,0x28,0x32,0x32,0x28,0x26,0x33,0x33,0x4c,0x4d,0x5b,0x4d,0x18,0x0d,
  0x15,0x0d,0x0d,0x0d,0x0d,0x0d,0x15,0x0d,0x1d,0xfd,0xf4,0xda,0xc3,0x5c,0x53,0x4d,0x4b,0x30,0x31,0x30,0x24,0x2f,0x31,0x31,
  0x24,0x24,0x25,0x23,0x23,0x23,0x1e,0x23,0x1e,0x23,0x3d,0x31,0x31,0x48,0xc3,0x1f,0x0d,0x15,0x0d,0x0d,0x0d,0x0d,0x15,0x0d,
  0x27,0xee,0xaf,0xb7,0xb7,0xbe,0xc6,0xc7,0xfc,0x20,0x0d,0x15,0x0d,0x0d,0x0d,0x0d,0x0d,0x11,0x15,0x21,0x82,0x43,0x43,0x43,
  0x43,0x3e,0x40,0x3b,0x3e,0x41,0x3d,0x3b,0x3a,0x2c,0x3b,0x3b,0x3b,0x3c,0x41,0x3f,0x46,0x55,0xce,0x1d,0x0d,0x15,0x0d,0x0d,
  0x0d,0x0d,0x15,0x11,0x27,0xc5,0xbb,0xcd,0xbb,0x18,0x0d,0x15,0x0d,0x0d,0x0d,0x0d,0x15,0x15,0x22,0x2b,0x2a,0x2a,0x2a,0x2a,
  0x2a,0x2a,0x2a,0x2a,0x3a,0x3a,0x3a,0x3a,0x2a,0x2a,0x2d,0x3f,0x3f,0x46,0xce,0x1c,0x0d,0x15,0x0d,0x0d,0x15,0x0d,0x17,0x46,
  0x57,0x47,0x48,0x48,0x3f,0x3c,0x3f,0x3f,0x47,0x57,0x99,0x1d,0x0d,0x15,0x0d,0x0d,0x0d,0x0d,0x15,0x0d,0x18,0xe8,0xe9,0xc8,
  0xbe,0xb7,0xa8,0x98,0x99,0x8a,0x89,0x94,0x96,0x55,0x94,0x8a,0x47,0x98,0x98,0xa8,0xa8,0xa8,0xb7,0xb5,0xbe,0xbd,0xbe,0xbe,
  0xb5,0xb7,0xbe,0x46,0x46,0x94,0x96,0x89,0xa8,0xae,0x97,0x9a,0x99,0x99,0x97,0x97,0x8b,0x99,0x94,0xae,0x1f,0x0d,0x15,0x0d,
  0x15,0x0d,0x1a,0x95,0x96,0x94,0x94,0x81,0x82,0x82,0x43,0x3e,0x43,0x7f,0x7f,0x7c,0x85,0x82,0x8b,0x87,0x8b,0x7f,0x85,0x80,
  0x7b,0x80,0x7c,0x40,0x7c,0x7a,0x3d,0x2c,0x32,0x29,0x29,0x29,0x24,0x17,0x0d,0x0d,0x0d,0x0d,0x0d,0x0d,0x11,0x15,0x15,0x15,
  0x15,0x15,0x15,0x11,0x0d,0x15,0x15,0x15,0x15,0x15,0x0d,0x0d,0x0d,0x0d,0x0d,0x0d,0x0d,0x18,0x32,0x35,0x34,0x34,0x34,0x34,
  0x32,0x4a,0x33,0x5a,0x5c,0xf5,0x20,0x0d,0x15,0x0d,0x0d,0x0d,0x0d,0x15,0x0d,0x1f,0xd5,0x4d,0x32,0x32,0x31,0x26,0x2f,0x31,
  0x28,0x28,0x33,0x50,0x28,0x18,0x0d,0x15,0x0d,0x0d,0x0d,0x0d,0x0d,0x15,0x0d,0x1c,0xfc,0xed,0xda,0xc5,0xc1,0x9e,0x4d,0x31,
  0x26,0x30,0x30,0x26,0x31,0x24,0x2f,0x2f,0x24,0x24,0x24,0x24,0x24,0x24,0x24,0x23,0x23,0x24,0x40,0x31,0x30,0x52,0xa2,0x19,
  0x0d,0x15,0x0d,0x0d,0x0d,0x0d,0x0d,0x17,0x69,0xbd,0x98,0x98,0x98,0xa8,0xb5,0xbd,0xe9,0x36,0x16,0x0d,0x0d,0x0d,0x0d,0x0d,
  0x0d,0x15,0x0d,0x1c,0x87,0x48,0x45,0x41,0x41,0x43,0x45,0x3b,0x3d,0x3d,0x3d,0x3a,0x2c,0x3b,0x3b,0x3b,0x3b,0x3c,0x41,0x3f,
  0x47,0x55,0xce,0x1d,0x0d,0x15,0x0d,0x0d,0x0d,0x0d,0x15,0x0d,0x27,0xce,0xb1,0xbb,0xe7,0x21,0x0d,0x15,0x0d,0x0d,0x0d,0x0d,
  0x11,0x0d,0x18,0x2a,0x2a,0x2a,0x22,0x22,0x2a,0x2a,0x2a,0x2a,0x2a,0x2a,0x3a,0x3a,0x3a,0x3a,0x2d,0x3f,0x3f,0x46,0xc6,0x1d,
  0x0d,0x15,0x0d,0x0d,0x0d,0x0d,0x17,0x46,0x47,0x47,0x46,0x3f,0x3f,0x3f,0x3f,0x3f,0x47,0x8a,0x47,0x17,0x0d,0x0d,0x0d,0x0d,
  0x0d,0x0d,0x15,0x0d,0x27,0xff,0xc7,0xbd,0xb7,0xa8,0x96,0x94,0x57,0x46,0x3f,0x57,0x94,0x47,0x8a,0x94,0x99,0x55,0x96,0xa8,
  0xa8,0xa8,0xb7,0xb7,0xb5,0xbd,0xb5,0xb5,0xb5,0xa8,0xa8,0xbe,0x98,0x96,0x97,0x9a,0x99,0x93,0x9a,0x9a,0x99,0xa7,0x97,0x99,
  0x87,0x81,0x57,0x96,0x18,0x11,0x15,0x15,0x0d,0x19,0x58,0x94,0x8a,0x94,0x8b,0x7f,0x48,0x7f,0x45,0x7c,0x7f,0x7f,0x7e,0x7c,
  0x7c,0x7b,0x82,0x7b,0x7e,0x87,0x82,0x87,0x99,0x8b,0x3d,0x7e,0x40,0x40,0x7a,0x40,0x34,0x29,0x26,0x29,0x1a,0x0d,0x16,0x15,
  0x15,0x15,0x15,0x0d,0x0d,0x15,0x15,0x15,0x15,0x15,0x15,0x0d,0x0d,0x0d,0x0d,0x0d,0x0d,0x0d,0x0d,0x16,0x17,0x19,0x1a,0x1c,
  0x1f,0x33,0x50,0x35,0x34,0x2f,0x29,0x34,0x33,0x4d,0x4d,0x5e,0x5c,0xf5,0x20,0x0d,0x15,0x0d,0x0d,0x0d,0x0d,0x15,0x0d,0x20,
  0xd5,0x5a,0x33,0x28,0x2f,0x24,0x24,0x31,0x28,0x31,0x51,0x28,0x17,0x0d,0x15,0x0d,0x0d,0x0d,0x0d,0x0d,0x15,0x0d,0x1c,0xfc,
  0xf7,0xda,0xc5,0xc1,0xa2,0x53,0x4d,0x30,0x24,0x24,0x31,0x24,0x31,0x3b,0x24,0x24,0x24,0x24,0x24,0x24,0x24,0x24,0x2f,0x24,
  0x2b,0x2b,0x24,0x2d,0x30,0x52,0x27,0x16,0x0d,0x0d,0x0d,0x0d,0x0d,0x15,0x0d,0x1a,0xf9,0x98,0x98,0x96,0x96,0x96,0xb0,0xc6,
  0xe2,0xf9,0x1a,0x0d,0x15,0x0d,0x0d,0x0d,0x0d,0x15,0x0d,0x18,0x52,0x82,0x48,0x7b,0x41,0x45,0x45,0x41,0x3d,0x3b,0x3b,0x2c,
  0x2b,0x3b,0x3b,0x3b,0x3b,0x3b,0x3c,0x3f,0x47,0x55,0xce,0x1f,0x0d,0x15,0x0d,0x0d,0x0d,0x0d,0x15,0x0d,0x21,0xce,0xaf,0xbd,
  0xbd,0xce,0x1a,0x0d,0x15,0x0d,0x0d,0x0d,0x0d,0x15,0x0d,0x1b,0x2a,0x22,0x22,0x22,0x22,0x22,0x22,0x22,0x22,0x22,0x2a,0x3a,
  0x3a,0x3a,0x3a,0x2d,0x2d,0x46,0xc6,0x1d,0x0d,0x15,0x0d,0x0d,0x15,0x0d,0x17,0x46,0x89,0x47,0x46,0x47,0x46,0x3f,0x3f,0x46,
  0x46,0x94,0x1d,0x0d,0x15,0x0d,0x0d,0x0d,0x0d,0x15,0x0d,0x1c,0xfe,0xe5,0xc8,0xbe,0xb0,0xa8,0x94,0x94,0x46,0x47,0x57,0x94,
  0x96,0x96,0x98,0x96,0x96,0x47,0x49,0x96,0xa8,0xb0,0xbe,0xb7,0xb7,0x94,0x98,0xb5,0xa8,0xb7,0xb7,0xa8,0x98,0x98,0xa8,0x96,
  0x89,0x81,0x97,0x99,0x8a,0x97,0x9a,0x8a,0x8b,0x82,0x82,0xa7,0x1a,0x0d,0x15,0x0d,0x18,0x52,0x94,0x8a,0x89,0x81,0x7d,0x7a,
  0x45,0x3c,0x7b,0x7c,0x7c,0x7c,0x7f,0x7f,0x45,0x7b,0x7b,0x7e,0x82,0x82,0x7f,0x7f,0x9a,0x9a,0x7f,0x88,0x40,0x40,0x40,0x2c,
  0x34,0x34,0x2f,0x29,0x18,0x0d,0x15,0x15,0x15,0x15,0x15,0x0e,0x0d,0x0d,0x0d,0x0d,0x0d,0x0d,0x0d,0x11,0x16,0x17,0x19,0x1b,
  0x1c,0x1f,0x24,0x26,0x33,0x50,0x50,0x51,0x51,0x50,0x34,0x34,0x32,0x29,0x4a,0x32,0x4c,0x4d,0x5a,0x5b,0x37,0xf5,0x20,0x0d,
  0x15,0x0d,0x0d,0x0d,0x0d,0x15,0x0d,0x20,0xd5,0x4d,0x4c,0x33,0x31,0x28,0x31,0x30,0x28,0x51,0x21,0x17,0x0d,0x15,0x0d,0x0d,
  0x0d,0x0d,0x0d,0x15,0x0d,0x1c,0xfb,0xec,0xec,0xc5,0xac,0xa0,0x53,0x52,0x4d,0x4b,0x31,0x24,0x30,0x30,0x3d,0x24,0x24,0x1e,
  0x23,0x26,0x24,0x24,0x24,0x3d,0x3d,0x31,0x24,0x24,0x2b,0x2d,0x30,0x93,0x1f,0x0d,0x15,0x0d,0x0d,0x0d,0x0d,0x15,0x0d,0x20,
  0xee,0x8a,0x8a,0x89,0x8a,0x96,0xb7,0xc6,0xc7,0xfd,0x21,0x0d,0x15,0x0d,0x0d,0x0d,0x0d,0x0d,0x15,0x0d,0x21,0x87,0x48,0x48,
  0x7b,0x44,0x3e,0x41,0x3e,0x3e,0x3b,0x2c,0x2c,0x2b,0x3a,0x3a,0x3b,0x3b,0x3c,0x3f,0x46,0x57,0xce,0x20,0x0d,0x15,0x0d,0x0d,
  0x0d,0x0d,0x15,0x0d,0x21,0xce,0xa6,0xb7,0xbb,0xd9,0x27,0x15,0x15,0x0d,0x0d,0x0d,0x0d,0x11,0x0d,0x16,0x2a,0x2a,0x22,0x22,
  0x22,0x22,0x22,0x22,0x22,0x2a,0x2a,0x2a,0x2a,0x3a,0x3a,0x3a,0x2d,0x3f,0xc6,0x1f,0x0d,0x15,0x0d,0x0d,0x11,0x0d,0x17,0x46,
  0x8a,0x89,0x89,0x57,0x3f,0x3f,0x3f,0x3f,0x47,0x46,0x17,0x0d,0x0d,0x0d,0x0d,0x0d,0x0d,0x0d,0x16,0x69,0xfd,0xbb,0xbd,0xb5,
  0xb0,0xa8,0x98,0x8a,0x55,0x94,0x98,0xa8,0xa8,0x98,0xa8,0xa8,0xa8,0xb7,0x96,0x98,0xb0,0xb7,0xb7,0xb7,0xb7,0x94,0xa8,0xa8,
  0x98,0xa8,0xa8,0x97,0x9a,0x9a,0x98,0x98,0xa8,0xb0,0x98,0x93,0x87,0x82,0x8b,0x8b,0x82,0x7f,0x8b,0xb5,0x27,0x19,0x17,0x19,
  0x52,0xa8,0x8a,0x8a,0x8b,0x82,0x7c,0x7c,0x7c,0x7a,0x7b,0x7b,0x7c,0x7c,0x45,0x45,0x3d,0x40,0x3d,0x41,0x82,0x82,0x85,0x82,
  0x88,0x85,0x8f,0x7e,0x45,0x40,0x2c,0x2a,0x34,0x34,0x29,0x34,0x1d,0x0d,0x0d,0x0d,0x0d,0x0d,0x0d,0x11,0x16,0x17,0x18,0x19,
  0x1b,0x1d,0x1f,0x24,0x26,0x34,0x34,0x35,0x35,0x35,0x35,0x50,0x50,0x50,0x50,0x4d,0x4d,0x4d,0x34,0x34,0x32,0x34,0x34,0x32,
  0x33,0x33,0x33,0x5a,0x5c,0xf8,0x1f,0x0d,0x15,0x0d,0x0d,0x0d,0x0d,0x15,0x0d,0x20,0xd5,0x4b,0x4c,0x4d,0x4c,0x33,0x28,0x28,
  0x4c,0x21,0x16,0x0d,0x15,0x0d,0x0d,0x0d,0x0d,0x0d,0x15,0x0d,0x1c,0xfc,0xf4,0xda,0xd9,0xd6,0xcf,0xa3,0x9d,0x9d,0x5e,0x8c,
  0x80,0x4b,0x31,0x26,0x24,0x24,0x24,0x23,0x24,0x31,0x30,0x31,0x40,0x3b,0x3d,0x31,0x2f,0x3b,0x3a,0x2d,0x3f,0x99,0x1a,0x0d,
  0x15,0x0d,0x0d,0x0d,0x0d,0x0d,0x15,0x36,0xce,0x89,0x8b,0x81,0x89,0x98,0xb7,0xbd,0xc8,0xe9,0x69,0x17,0x0d,0x0d,0x0d,0x0d,
  0x0d,0x0d,0x15,0x0d,0x1a,0x93,0x7d,0x48,0x48,0x43,0x3b,0x41,0x41,0x3e,0x3c,0x3b,0x2c,0x22,0x2a,0x2a,0x3a,0x3b,0x3c,0x3f,
  0x46,0x47,0xc8,0x20,0x0d,0x15,0x0d,0x0d,0x0d,0x0d,0x15,0x0d,0x21,0xce,0xa4,0xa8,0xb5,0xb3,0xcd,0x1c,0x0d,0x15,0x0d,0x15,
  0x0d,0x0d,0x11,0x0d,0x19,0x2a,0x22,0x22,0x22,0x22,0x22,0x22,0x22,0x22,0x22,0x2a,0x2a,0x2a,0x2a,0x3a,0x2d,0x3f,0xbe,0x20,
  0x0d,0x15,0x0d,0x0d,0x0d,0x0d,0x16,0x27,0x89,0x47,0x49,0x47,0x46,0x3f,0x3f,0x3f,0x89,0x1f,0x0d,0x15,0x0d,0x0d,0x0d,0x0d,
  0x15,0x0d,0x1d,0xff,0xbb,0xbe,0xb5,0xb7,0xa8,0x98,0x96,0x8a,0x8a,0x94,0x96,0x94,0xa8,0xa8,0x96,0x96,0xa8,0x98,0xa8,0xa8,
  0xa8,0xb7,0xb7,0xb7,0xb7,0xb7,0x95,0x8a,0xb0,0x98,0x96,0x99,0xa7,0x97,0xa8,0xa8,0xa8,0xa8,0x98,0x8a,0x92,0x87,0x88,0x88,
  0x82,0x82,0xa9,0x96,0x8a,0x8a,0x52,0x99,0x96,0x94,0x94,0x92,0x88,0x7f,0x7c,0x7f,0x85,0x88,0x44,0x3d,0x7a,0x45,0x7c,0x7b,
  0x45,0x3d,0x3d,0x41,0x7c,0x44,0x7d,0x8b,0x93,0x88,0x7c,0x45,0x44,0x3b,0x2b,0x3d,0x32,0x29,0x29,0x29,0x34,0x1f,0x1a,0x1a,
  0x1b,0x1d,0x1f,0x24,0x26,0x33,0x33,0x34,0x35,0x35,0x35,0x35,0x35,0x35,0x34,0x35,0x35,0x35,0x35,0x50,0x50,0x5a,0x5a,0x5b,
  0x51,0x34,0x34,0x35,0x34,0x32,0x4c,0x4d,0x4c,0x31,0x33,0x37,0x5c,0xf8,0x1d,0x0d,0x15,0x0d,0x0d,0x0d,0x0d,0x15,0x0d,0x20,
  0x68,0x4d,0x4c,0x32,0x32,0x28,0x28,0x4c,0x21,0x17,0x0d,0x15,0x0d,0x0d,0x0d,0x0d,0x0d,0x15,0x0d,0x1d,0xff,0xfd,0xfb,0xdb,
  0x5d,0x27,0x21,0x1f,0x1d,0x1c,0x1c,0x1c,0x1d,0x1f,0x1f,0x1f,0x24,0x31,0x2f,0x24,0x30,0x30,0x30,0x30,0x30,0x24,0x40,0x30,
  0x31,0x31,0x41,0x2d,0x3f,0x30,0x17,0x0d,0x0d,0x0d,0x0d,0x0d,0x15,0x0d,0x18,0xe8,0x96,0x89,0x82,0x82,0x89,0x98,0xa8,0xbd,
  0xc8,0xe5,0xfd,0x1c,0x0d,0x15,0x0d,0x0d,0x0d,0x0d,0x0d,0x0d,0x16,0x46,0x87,0x7f,0x45,0x43,0x3e,0x41,0x3e,0x3e,0x3e,0x3e,
  0x3b,0x2a,0x2a,0x2a,0x3a,0x3a,0x2d,0x3f,0x46,0x46,0xc6,0x21,0x0d,0x15,0x0d,0x0d,0x0d,0x0d,0x15,0x0d,0x21,0xce,0xa4,0xa8,
  0x98,0xb3,0xc6,0x36,0x17,0x0d,0x0d,0x0d,0x0d,0x0d,0x0d,0x15,0x11,0x1e,0x22,0x22,0x22,0x22,0x22,0x22,0x22,0x22,0x22,0x22,
  0x2a,0x2a,0x3a,0x2d,0x3f,0x3f,0xb9,0x21,0x0d,0x15,0x0d,0x0d,0x0d,0x0d,0x16,0x27,0x89,0x47,0x47,0x46,0x3a,0x3a,0x3a,0x2d,
  0x8a,0x18,0x0d,0x15,0x0d,0x0d,0x0d,0x0d,0x0d,0x17,0x69,0xe5,0xb7,0xa8,0xa8,0xb0,0xa8,0x96,0x94,0x57,0x8a,0x8a,0x89,0x8a,
  0x98,0x98,0x96,0x96,0x98,0xa8,0xa8,0x98,0xa8,0xb7,0xb7,0xa8,0xb7,0xb7,0x96,0x94,0x98,0xb7,0x98,0x8a,0x96,0x98,0x99,0x94,
  0x98,0xa9,0x96,0x99,0x92,0x8b,0x58,0x87,0x88,0x94,0xb0,0x98,0x94,0x98,0xa8,0x95,0x8a,0x94,0x8b,0x82,0x7d,0x7b,0x7b,0x48,
  0x82,0x88,0x7a,0x40,0x7a,0x40,0x7a,0x43,0x7b,0x41,0x45,0x3c,0x3d,0x3b,0x3e,0x3c,0x44,0x85,0x7f,0x82,0x43,0x3b,0x41,0x41,
  0x29,0x29,0x29,0x29,0x29,0x35,0x35,0x35,0x62,0x35,0x35,0x35,0x35,0x50,0x35,0x35,0x35,0x35,0x35,0x35,0x35,0x35,0x35,0x35,
  0x35,0x50,0x50,0x50,0x50,0x50,0x4d,0x4c,0x4c,0x33,0x34,0x34,0x33,0x32,0x33,0x4d,0x4d,0x4d,0x5a,0x5a,0x5f,0xf8,0x1d,0x0d,
  0x16,0x0d,0x0d,0x0d,0x0d,0x15,0x0d,0x21,0x68,0x4d,0x4b,0x33,0x28,0x28,0x51,0x21,0x16,0x0d,0x15,0x0d,0x0d,0x0d,0x0d,0x0d,
  0x15,0x0d,0x1f,0xfd,0x69,0x27,0x1d,0x1a,0x17,0x15,0x0d,0x0d,0x0d,0x0d,0x0d,0x0d,0x0d,0x0d,0x0d,0x16,0x18,0x1b,0x24,0x31,
  0x4b,0x30,0x30,0x31,0x2f,0x3d,0x3d,0x31,0x42,0x7b,0x45,0x41,0x49,0x20,0x0d,0x15,0x0d,0x0d,0x0d,0x0d,0x15,0x0d,0x1d,0xfc,
  0x8a,0x82,0x7d,0x82,0x81,0x96,0xa8,0xb5,0xc8,0xe0,0xfd,0x27,0x15,0x15,0x0d,0x0d,0x0d,0x0d,0x0d,0x15,0x0d,0x1f,0x88,0x41,
  0x41,0x3e,0x41,0x41,0x41,0x3c,0x3e,0x2b,0x2b,0x3b,0x2b,0x2a,0x2a,0x3a,0x3a,0x2d,0x3f,0x47,0xbe,0x21,0x0d,0x15,0x0d,0x0d,
  0x0d,0x0d,0x15,0x0d,0x20,0xce,0x98,0x96,0x89,0x98,0xbb,0xdb,0x1d,0x0d,0x15,0x0d,0x0d,0x0d,0x0d,0x11,0x0d,0x17,0x22,0x22,
  0x22,0x1e,0x1e,0x1e,0x22,0x22,0x22,0x22,0x2a,0x2a,0x3a,0x2d,0x2d,0x3f,0xb7,0x21,0x0d,0x15,0x0d,0x0d,0x0d,0x0d,0x16,0x27,
  0x57,0x46,0x3f,0x3f,0x2d,0x3f,0x2d,0x48,0x21,0x0d,0x15,0x0d,0x0d,0x0d,0x0d,0x15,0x0d,0x20,0xff,0xb3,0xb5,0xa8,0xa8,0xa8,
  0x98,0x96,0x94,0x96,0x98,0x94,0x89,0x94,0x8a,0x96,0x96,0x94,0x96,0x96,0x98,0x98,0x98,0xa8,0xb7,0xa8,0x98,0x98,0xb0,0x98,
  0x96,0x98,0x98,0x96,0x94,0x94,0x8a,0x8a,0x98,0x97,0x99,0x8a,0x99,0x9a,0x92,0x88,0x8b,0x94,0x98,0xa8,0xa8,0xb5,0xa4,0x8a,
  0x82,0x82,0x7d,0x44,0x7b,0x7f,0x7f,0x48,0x82,0x82,0x7f,0x7a,0x40,0x40,0x41,0x7b,0x7c,0x48,0x7c,0x44,0x3d,0x2c,0x2b,0x3b,
  0x43,0x48,0x82,0x82,0x44,0x7d,0x7f,0x3c,0x29,0x32,0x29,0x29,0x35,0x62,0x62,0x62,0x35,0x35,0x62,0x35,0x35,0x35,0x35,0x50,
  0x35,0x35,0x35,0x35,0x50,0x35,0x35,0x35,0x50,0x50,0x5a,0x4d,0x4c,0x4a,0x4a,0x2f,0x2f,0x2f,0x2f,0x33,0x33,0x33,0x33,0x4a,
  0x35,0x5a,0x9d,0x66,0x5d,0xf8,0x1d,0x0d,0x15,0x0d,0x0d,0x0d,0x0d,0x15,0x0d,0x21,0x68,0x4d,0x4d,0x4b,0x4b,0x5e,0x20,0x16,
  0x0d,0x15,0x0d,0x0d,0x0d,0x0d,0x0d,0x0d,0x0d,0x1a,0x21,0x1a,0x17,0x0d,0x0d,0x0d,0x0d,0x0d,0x15,0x15,0x15,0x15,0x15,0x15,
  0x15,0x11,0x0d,0x0d,0x0d,0x0d,0x0d,0x18,0x1f,0x31,0x40,0x31,0x30,0x31,0x31,0x31,0x42,0x41,0x44,0x48,0x89,0x1b,0x0d,0x15,
  0x0d,0x0d,0x0d,0x0d,0x15,0x11,0x27,0xd9,0x81,0x48,0x44,0x44,0x7f,0x8a,0xa8,0xb7,0xbe,0xbd,0xe5,0xe0,0x18,0x0d,0x15,0x0d,
  0x0d,0x0d,0x0d,0x15,0x0d,0x19,0x7d,0x3e,0x3c,0x3c,0x3c,0x3e,0x3e,0x3c,0x3a,0x2b,0x3b,0x3b,0x3a,0x2a,0x2a,0x3a,0x3a,0x2d,
  0x3f,0x46,0xb9,0x21,0x0d,0x15,0x0d,0x15,0x0d,0x0d,0x15,0x0d,0x20,0xbe,0x94,0x8a,0x89,0x89,0xbd,0xc6,0xa4,0x18,0x0d,0x11,
  0x0d,0x0d,0x0d,0x0d,0x11,0x0d,0x1b,0x22,0x1e,0x1b,0x1b,0x1e,0x1e,0x22,0x22,0x22,0x22,0x3a,0x3a,0x2d,0x2d,0x2d,0xa8,0x21,
  0x0d,0x15,0x0d,0x0d,0x0d,0x15,0x16,0x21,0x3f,0x3f,0x3f,0x46,0x57,0x55,0x49,0x57,0x1a,0x0d,0x15,0x0d,0x0d,0x0d,0x0d,0x0d,
  0x17,0xe0,0xe7,0xb3,0xb0,0x98,0x96,0x98,0x96,0x96,0x94,0x96,0x98,0xa8,0xa8,0x96,0x8a,0x89,0x96,0x96,0x96,0x94,0x96,0x96,
  0x96,0x98,0x98,0x98,0xa8,0xa8,0xa8,0xa8,0xa8,0x96,0x94,0x57,0x57,0x81,0x81,0x94,0x94,0x96,0x96,0x94,0x8a,0x99,0x87,0x87,
  0x92,0x92,0xa8,0xb7,0xb7,0xa8,0x96,0x88,0x7c,0x7c,0x7d,0x7d,0x80,0x82,0x7f,0x7d,0x82,0x88,0x82,0x45,0x45,0x7a,0x45,0x3b,
  0x3e,0x7a,0x48,0x48,0x41,0x3d,0x3c,0x3b,0x3e,0x43,0x41,0x43,0x85,0x87,0x7f,0x2b,0x26,0x29,0x29,0x32,0x62,0x62,0x62,0x62,
  0x62,0x62,0x62,0x62,0x62,0x35,0x50,0x4c,0x4c,0x4c,0x4c,0x33,0x32,0x33,0x4c,0x35,0x50,0x35,0x4d,0x4c,0x2f,0x25,0x2f,0x2f,
  0x2e,0x2e,0x2f,0x32,0x32,0x4a,0x4a,0x4c,0x4d,0x5a,0x9d,0x67,0x67,0xfb,0x1d,0x0d,0x15,0x0d,0x0d,0x0d,0x0d,0x15,0x0d,0x21,
  0xd5,0x4d,0x4b,0x4b,0x5e,0x1f,0x15,0x0d,0x15,0x0d,0x0d,0x0d,0x0d,0x0d,0x0d,0x0d,0x0d,0x16,0x0d,0x0d,0x0d,0x15,0x15,0x15,
  0x0d,0x0d,0x0d,0x0d,0x0d,0x0d,0x0d,0x0d,0x0d,0x0d,0x0d,0x0d,0x15,0x15,0x15,0x0d,0x0d,0x19,0x3b,0x31,0x30,0x30,0x31,0x7a,
  0x44,0x44,0x48,0x82,0x52,0x18,0x0d,0x0d,0x0d,0x0d,0x0d,0x0d,0x0d,0x17,0xe0,0xa9,0x82,0x43,0x41,0x43,0x7d,0x8a,0x98,0xa8,
  0xb7,0xb7,0xc7,0xfd,0x1d,0x0d,0x15,0x0d,0x0d,0x0d,0x0d,0x0d,0x0d,0x16,0x2d,0x44,0x3e,0x3c,0x3c,0x3e,0x3c,0x3b,0x3a,0x3a,
  0x3c,0x3b,0x3a,0x22,0x2a,0x2a,0x3a,0x2d,0x3f,0x46,0xb7,0x27,0x0d,0x15,0x0d,0x0d,0x0d,0x0d,0x15,0x0d,0x20,0xa9,0x55,0x89,
  0x89,0x89,0xa8,0xba,0xc6,0x21,0x0d,0x15,0x0d,0x0d,0x0d,0x0d,0x0d,0x0d,0x16,0x1e,0x1b,0x19,0x19,0x1e,0x22,0x22,0x22,0x22,
  0x22,0x2a,0x2a,0x3a,0x2d,0x2d,0x98,0x21,0x0d,0x15,0x0d,0x0d,0x0d,0x0d,0x15,0x21,0x81,0x46,0x57,0x49,0x57,0x49,0x57,0x2d,
  0x15,0x0d,0x0d,0x0d,0x0d,0x0d,0x15,0x0d,0x1d,0xff,0xbb,0xb7,0x98,0x94,0x96,0x96,0x8a,0x89,0x47,0x94,0x98,0x98,0x98,0xa8,
  0x96,0x94,0x8a,0x57,0x89,0x55,0x94,0x97,0x47,0x46,0x8a,0x96,0x98,0x98,0xa8,0xa8,0x98,0x96,0x94,0x81,0x48,0x81,0x49,0x8a,
  0x89,0x94,0x94,0x8a,0x89,0x81,0x82,0x87,0x8b,0x92,0x98,0x98,0x96,0x8a,0x86,0x7f,0x7b,0x7c,0x7f,0x7f,0x82,0x87,0x7d,0x45,
  0x7d,0x82,0x82,0x7d,0x7c,0x43,0x3c,0x3b,0x2c,0x3d,0x45,0x48,0x44,0x41,0x3c,0x3c,0x3b,0x41,0x3e,0x3a,0x3e,0x3e,0x3b,0x3a,
  0x29,0x29,0x32,0x34,0x34,0x62,0x62,0x62,0x62,0x5b,0x62,0x62,0x62,0x35,0x4a,0x2f,0x2f,0x2f,0x2f,0x29,0x4a,0x29,0x34,0x34,
  0x33,0x4a,0x4a,0x34,0x2e,0x2f,0x32,0x2f,0x2e,0x2e,0x4a,0x34,0x4a,0x4a,0x4a,0x4c,0x4c,0x5a,0x9d,0xc0,0x67,0xfb,0x1d,0x0d,
  0x15,0x0d,0x0d,0x0d,0x0d,0x15,0x0d,0x21,0xd5,0x37,0x4d,0x5e,0x1f,0x0d,0x15,0x0d,0x0d,0x0d,0x0d,0x0d,0x0d,0x0d,0x0d,0x0d,
  0x0d,0x0d,0x15,0x15,0x11,0x0d,0x0d,0x0d,0x0d,0x0d,0x0d,0x0d,0x0d,0x0d,0x0d,0x0d,0x0d,0x0d,0x0d,0x0d,0x0d,0x0d,0x0d,0x11,
  0x15,0x0d,0x18,0x3b,0x7a,0x30,0x42,0x80,0x80,0x7f,0x82,0x8f,0x21,0x0e,0x15,0x0d,0x0d,0x0d,0x0d,0x15,0x0d,0x1c,0xf9,0x86,
  0x82,0x44,0x45,0x7b,0x7d,0x8b,0x94,0x98,0xb0,0xb7,0xbb,0xef,0x36,0x16,0x0d,0x0d,0x0d,0x0d,0x0d,0x0d,0x15,0x0d,0x1c,0x7c,
  0x41,0x3c,0x3b,0x3b,0x3b,0x3b,0x3b,0x3a,0x2b,0x3a,0x2a,0x22,0x22,0x2a,0x2a,0x24,0x2d,0x3f,0x98,0x27,0x0d,0x15,0x0d,0x0d,
  0x0d,0x0d,0x15,0x0d,0x20,0x94,0x47,0x49,0x49,0x57,0x57,0xa8,0xb0,0xba,0x19,0x0d,0x15,0x0d,0x0d,0x0d,0x0d,0x15,0x0d,0x17,
  0x18,0x17,0x19,0x1e,0x1e,0x1e,0x1e,0x1e,0x22,0x22,0x3a,0x2d,0x2d,0x2d,0x98,0x27,0x0d,0x15,0x0d,0x0d,0x0d,0x15,0x0e,0x21,
  0x8a,0x57,0x89,0x89,0x89,0x47,0x94,0x1c,0x0d,0x15,0x0d,0x0d,0x0d,0x0d,0x0d,0x16,0x36,0xe8,0xb3,0xb0,0x96,0x94,0x94,0x94,
  0x89,0x89,0x8a,0x94,0x94,0x96,0x96,0x98,0x98,0x98,0x8a,0x89,0x89,0x89,0x97,0x94,0x8b,0x8b,0x8b,0x94,0x94,0x96,0x96,0x96,
  0x96,0x94,0x96,0x94,0x57,0x49,0x57,0x89,0x57,0x8a,0x94,0x96,0x97,0x9a,0x8b,0x82,0x87,0x92,0x99,0x99,0x89,0x87,0x92,0x82,
  0x7b,0x44,0x7d,0x7d,0x85,0x8b,0x82,0x7c,0x41,0x41,0x7d,0x82,0x82,0x44,0x3b,0x3c,0x3b,0x3b,0x43,0x43,0x3c,0x3b,0x3b,0x3b,
  0x3b,0x3c,0x41,0x3b,0x2b,0x3a,0x3c,0x2b,0x4a,0x32,0x29,0x32,0x32,0x32,0x32,0x35,0x5a,0x35,0x35,0x35,0x35,0x34,0x4a,0x2f,
  0x2e,0x23,0x2e,0x2f,0x2e,0x2f,0x29,0x4a,0x4a,0x2f,0x4a,0x4a,0x4a,0x32,0x2f,0x23,0x23,0x2f,0x2f,0x4a,0x2f,0x2f,0x4a,0x4a,
  0x4c,0x4d,0x5b,0x66,0x67,0xf8,0x1d,0x0d,0x15,0x0d,0x0d,0x0d,0x0d,0x15,0x0d,0x21,0xcf,0x4f,0x5e,0x1c,0x0d,0x15,0x0d,0x0d,
  0x0d,0x0d,0x0d,0x0d,0x0d,0x0d,0x0d,0x0d,0x0d,0x0d,0x0d,0x0d,0x0d,0x0d,0x0d,0x0d,0x0d,0x15,0x15,0x15,0x15,0x15,0x15,0x15,
  0x15,0x0d,0x0d,0x0d,0x0d,0x0d,0x0d,0x0d,0x0d,0x15,0x0d,0x18,0x42,0x7b,0x42,0x80,0x7f,0x88,0x86,0xad,0x1d,0x0d,0x15,0x0d,
  0x0d,0x0d,0x0d,0x15,0x0d,0x21,0xe8,0x82,0x82,0x44,0x41,0x44,0x7c,0x7d,0x89,0x96,0xa8,0xb7,0xbe,0xcc,0xd9,0x19,0x0d,0x15,
  0x0d,0x0d,0x0d,0x0d,0x0d,0x0d,0x17,0x41,0x43,0x41,0x3c,0x3c,0x3e,0x3b,0x3b,0x3b,0x3a,0x2b,0x2a,0x2a,0x2a,0x2a,0x2a,0x2b,
  0x2d,0x2d,0x96,0x27,0x0d,0x15,0x0d,0x0d,0x0d,0x0d,0x15,0x0d,0x1f,0x89,0x46,0x47,0x46,0x46,0x46,0x55,0xaf,0xc6,0x27,0x15,
  0x0d,0x0d,0x0d,0x0d,0x0d,0x0d,0x0d,0x0d,0x16,0x17,0x17,0x19,0x1b,0x1b,0x1e,0x22,0x2a,0x2a,0x3a,0x3f,0x3f,0x3f,0xa8,0x27,
  0x0d,0x15,0x0d,0x0d,0x0d,0x15,0x0d,0x21,0x94,0x57,0x8a,0x89,0x89,0x8a,0x52,0x17,0x0d,0x0d,0x0d,0x0d,0x0d,0x15,0x0d,0x1c,
  0xfc,0xbb,0xb7,0x98,0x94,0x94,0x94,0x89,0x89,0x89,0x8a,0x94,0x94,0x96,0x98,0x96,0x98,0x94,0x94,0x8a,0x89,0x89,0x3f,0x48,
  0x89,0x94,0x94,0x89,0x94,0x94,0x94,0x8a,0x94,0x94,0x8a,0x94,0x94,0x8a,0x96,0xa8,0x97,0x8a,0x89,0x27,0x21,0x20,0x30,0x8f,
  0x82,0x8f,0x8b,0x8b,0x92,0x8b,0x8a,0x8b,0x7d,0x7d,0x87,0x92,0x8b,0x8b,0x88,0x7c,0x7a,0x43,0x7d,0x7f,0x48,0x48,0x44,0x43,
  0x3e,0x3a,0x3b,0x3b,0x2b,0x3a,0x2b,0x2b,0x2b,0x3b,0x3b,0x2a,0x2a,0x2a,0x3a,0x2b,0x2f,0x2f,0x4a,0x32,0x33,0x4a,0x2f,0x4a,
  0x35,0x32,0x4a,0x34,0x34,0x34,0x34,0x4a,0x25,0x25,0x25,0x25,0x25,0x2e,0x2f,0x2f,0x4a,0x2f,0x33,0x2f,0x2f,0x4a,0x2f,0x2e,
  0x2e,0x2f,0x2f,0x2f,0x2f,0x4a,0x4a,0x2f,0x33,0x5a,0x5e,0x67,0x67,0xf8,0x1d,0x0d,0x15,0x0d,0x0d,0x0d,0x0d,0x15,0x0d,0x27,
  0xd5,0x4b,0x1a,0x0d,0x15,0x0d,0x0d,0x0d,0x0d,0x0d,0x0d,0x0d,0x0d,0x0d,0x0d,0x0d,0x0d,0x0d,0x0d,0x0d,0x15,0x15,0x15,0x15,
  0x0d,0x0d,0x0d,0x0d,0x0d,0x0d,0x0d,0x0d,0x0d,0x0d,0x15,0x11,0x0d,0x0d,0x0d,0x0d,0x0d,0x0d,0x15,0x0d,0x1c,0x83,0x7c,0x80,
  0x82,0x88,0x92,0xa5,0x19,0x0d,0x11,0x0d,0x0d,0x0d,0x0d,0x0d,0x17,0x69,0xb0,0x8b,0x82,0x44,0x41,0x43,0x7b,0x48,0x57,0x94,
  0x98,0xb7,0xbe,0xbb,0xee,0x20,0x0d,0x15,0x0d,0x0d,0x0d,0x0d,0x0d,0x11,0x0d,0x1f,0x48,0x3e,0x3e,0x41,0x41,0x3c,0x3b,0x3a,
  0x2a,0x2a,0x3a,0x3a,0x3a,0x3a,0x3a,0x3a,0x2d,0x2d,0x96,0x27,0x0d,0x0d,0x0d,0x0d,0x0d,0x0d,0x15,0x0d,0x1f,0x89,0x46,0x46,
  0x46,0x46,0x46,0x46,0x96,0xaf,0xd9,0x1c,0x0d,0x15,0x0d,0x0d,0x0d,0x0d,0x0d,0x0d,0x16,0x17,0x18,0x1b,0x1e,0x1e,0x22,0x22,
  0x2a,0x3a,0x3a,0x3f,0x3f,0x3f,0x98,0x27,0x0d,0x15,0x0d,0x0d,0x0d,0x15,0x0d,0x21,0x96,0x57,0x89,0x89,0x55,0xa8,0x21,0x0d,
  0x15,0x0d,0x0d,0x0d,0x0d,0x15,0x0d,0x27,0xee,0xaf,0xa8,0x94,0x8a,0x8a,0x57,0x8a,0x89,0x89,0x89,0x8a,0x89,0x8a,0x96,0x94,
  0x8a,0x8a,0x89,0x57,0x89,0x55,0x2b,0x43,0x81,0x89,0x8a,0x8a,0x8a,0x8a,0x8a,0x8a,0x96,0xa9,0xa8,0xae,0x98,0x36,0x27,0x20,
  0x1c,0x1a,0x18,0x16,0x0d,0x0d,0x17,0x21,0x91,0x8b,0x8b,0x88,0x86,0x88,0x8b,0x8b,0x85,0x7d,0x82,0x86,0x86,0x82,0x7d,0x44,
  0x7c,0x7f,0x82,0x88,0x7f,0x7d,0x82,0x88,0x7c,0x3a,0x2a,0x2b,0x23,0x2b,0x2a,0x2a,0x22,0x2c,0x3b,0x3b,0x3b,0x3a,0x2a,0x22,
  0x2e,0x2f,0x2f,0x4a,0x4a,0x4c,0x4a,0x32,0x4c,0x4a,0x4a,0x4a,0x34,0x34,0x29,0x2f,0x2f,0x25,0x23,0x25,0x25,0x2e,0x2e,0x2f,
  0x4a,0x33,0x4a,0x4a,0x4a,0x33,0x33,0x4a,0x2f,0x4a,0x2f,0x2f,0x2f,0x4a,0x4a,0x2f,0x4a,0x4d,0x5b,0x5f,0x61,0xf8,0x1d,0x0d,
  0x15,0x0d,0x0d,0x0d,0x0d,0x15,0x0d,0x27,0x36,0x18,0x0d,0x15,0x0d,0x0d,0x0d,0x0d,0x0d,0x0d,0x0d,0x0d,0x0d,0x0d,0x0d,0x0d,
  0x0d,0x15,0x15,0x0e,0x0d,0x0d,0x0d,0x0d,0x16,0x18,0x19,0x1a,0x1c,0x1c,0x1c,0x1a,0x19,0x16,0x0d,0x0d,0x15,0x0d,0x0d,0x0d,
  0x0d,0x0d,0x0e,0x0d,0x17,0x4b,0x80,0x82,0x88,0x86,0x9a,0x27,0x16,0x0d,0x0d,0x0d,0x0d,0x0d,0x15,0x0d,0x1a,0xee,0x94,0x8b,
  0x7d,0x43,0x41,0x41,0x44,0x48,0x81,0x8a,0x98,0xa8,0xb7,0xbe,0xd9,0x36,0x17,0x0d,0x0d,0x0d,0x0d,0x0d,0x0d,0x15,0x0d,0x1a,
  0x7c,0x3e,0x3e,0x3e,0x3e,0x41,0x3c,0x3a,0x2a,0x2a,0x3a,0x3a,0x3a,0x3a,0x3a,0x2b,0x2b,0x2d,0x96,0x27,0x0d,0x15,0x0d,0x0d,
  0x0d,0x0d,0x15,0x0d,0x1f,0x57,0x3f,0x3f,0x3f,0x3f,0x46,0x46,0x57,0xb1,0xb5,0x36,0x17,0x0d,0x11,0x0d,0x0d,0x0d,0x0d,0x0d,
  0x0d,0x17,0x1b,0x1e,0x1e,0x1e,0x1e,0x22,0x22,0x2a,0x3a,0x2d,0x3f,0x3f,0x98,0x27,0x15,0x0d,0x0d,0x0d,0x0d,0x15,0x0d,0x21,
  0x8a,0x57,0x89,0x89,0x89,0xae,0x1a,0x0d,0x15,0x0d,0x0d,0x0d,0x15,0x0d,0x19,0xe8,0xb5,0xa8,0xa8,0x96,0x8a,0x89,0x57,0x57,
  0x89,0x8a,0x89,0x89,0x57,0x57,0x8a,0x89,0x57,0x89,0x57,0x47,0x47,0x57,0x57,0x48,0x44,0x49,0x89,0x94,0xa9,0xb9,0xae,0x96,
  0x36,0x21,0x1f,0x1c,0x19,0x17,0x15,0x0d,0x0d,0x0d,0x0d,0x0d,0x15,0x15,0x0d,0x17,0x46,0x93,0x86,0x82,0x82,0x82,0x88,0x88,
  0x82,0x7d,0x87,0x8f,0x91,0x8f,0x7f,0x88,0x82,0x46,0x30,0x21,0x1f,0x1f,0x1c,0x1b,0x19,0x18,0x17,0x16,0x16,0x17,0x1f,0x41,
  0x3a,0x3b,0x2b,0x2a,0x2b,0x2a,0x2a,0x22,0x2e,0x2f,0x2f,0x2f,0x2f,0x2f,0x2f,0x33,0x4c,0x50,0x4c,0x32,0x32,0x2f,0x29,0x29,
  0x2f,0x2e,0x25,0x25,0x25,0x2e,0x2e,0x2f,0x4a,0x2f,0x2f,0x34,0x4c,0x32,0x33,0x33,0x4a,0x2f,0x2e,0x25,0x2f,0x2f,0x2f,0x2e,
  0x31,0x4a,0x4d,0x5a,0x5c,0xf5,0x1c,0x0d,0x15,0x0d,0x0d,0x0d,0x0d,0x0d,0x15,0x1c,0x17,0x0d,0x15,0x0d,0x0d,0x15,0x0d,0x0d,
  0x0d,0x0d,0x0d,0x0d,0x0d,0x0d,0x11,0x15,0x0d,0x0d,0x0d,0x0d,0x17,0x1a,0x20,0x27,0x36,0xe4,0xf9,0xfd,0xfd,0xff,0xfb,0xf7,
  0xe4,0x36,0x20,0x18,0x0d,0x11,0x15,0x0d,0x0d,0x0d,0x0d,0x15,0x0d,0x21,0x87,0x82,0x88,0x86,0xad,0x20,0x0d,0x15,0x0d,0x0d,
  0x0d,0x0d,0x15,0x0d,0x20,0xee,0x8a,0x87,0x44,0x41,0x7a,0x41,0x43,0x48,0x48,0x8a,0x98,0xa8,0xb7,0xbe,0xbb,0xe8,0x1c,0x0d,
  0x15,0x0d,0x0d,0x0d,0x0d,0x0d,0x0d,0x16,0x2d,0x41,0x3c,0x3c,0x3b,0x3c,0x3b,0x3b,0x3a,0x3a,0x3a,0x2a,0x2a,0x2a,0x3a,0x3a,
  0x2d,0x2d,0x96,0x27,0x0d,0x15,0x0d,0x0d,0x0d,0x0d,0x15,0x0d,0x1d,0x81,0x2d,0x2d,0x2d,0x3f,0x3f,0x46,0x46,0x8a,0xa6,0xce,
  0x20,0x0d,0x15,0x0d,0x0d,0x0d,0x0d,0x11,0x0d,0x17,0x1e,0x22,0x22,0x22,0x22,0x22,0x22,0x2a,0x3a,0x2d,0x3f,0x46,0x98,0x27,
  0x16,0x0d,0x0d,0x0d,0x0d,0x15,0x0d,0x20,0x99,0x57,0x89,0x89,0x96,0x52,0x17,0x0d,0x0d,0x0d,0x0d,0x0d,0x15,0x0d,0x20,0xee,
  0xa6,0xa8,0x96,0x89,0x49,0x49,0x81,0x49,0x89,0x89,0x89,0x57,0x57,0x57,0x57,0x57,0x57,0x49,0x48,0x46,0x47,0x57,0x8a,0x99,
  0x8a,0x82,0x55,0x27,0x21,0x1d,0x1c,0x19,0x17,0x0d,0x0d,0x0d,0x0d,0x0d,0x0d,0x15,0x15,0x15,0x15,0x15,0x15,0x0d,0x15,0x15,
  0x30,0x91,0x87,0x88,0x88,0x82,0x88,0x88,0x82,0x87,0x46,0x20,0x1f,0x1d,0x1a,0x19,0x19,0x17,0x16,0x15,0x0d,0x0d,0x0d,0x0d,
  0x0d,0x0d,0x0d,0x0d,0x11,0x0d,0x17,0x2b,0x3c,0x7d,0x43,0x3e,0x3a,0x2a,0x22,0x22,0x2f,0x4a,0x2f,0x25,0x25,0x25,0x2e,0x4a,
  0x33,0x35,0x4c,0x4c,0x32,0x2f,0x4a,0x2f,0x2f,0x2e,0x25,0x2e,0x2e,0x2e,0x2f,0x2f,0x2f,0x2f,0x4a,0x2f,0x2f,0x4a,0x4a,0x4a,
  0x2f,0x2e,0x2e,0x25,0x25,0x2e,0x25,0x25,0x26,0x30,0x4b,0x4d,0x37,0xdf,0x1c,0x0d,0x16,0x0d,0x0d,0x0d,0x0d,0x0d,0x0d,0x0d,
  0x0d,0x15,0x0d,0x0d,0x0d,0x0d,0x0d,0x0d,0x0d,0x0d,0x0d,0x0d,0x15,0x15,0x0d,0x0d,0x11,0x18,0x1d,0x27,0xd8,0xfb,0xff,0xff,
  0xfd,0xf9,0xf9,0xfa,0xef,0xef,0xe8,0xec,0xee,0xfc,0xfb,0xe8,0x1a,0x0d,0x15,0x0d,0x0d,0x0d,0x0d,0x15,0x0d,0x1d,0x8c,0x82,
  0x8b,0x89,0xb9,0x1a,0x0d,0x15,0x0d,0x0d,0x0d,0x0d,0x15,0x16,0x36,0xbe,0x82,0x7c,0x40,0x3b,0x7a,0x7a,0x44,0x7d,0x7d,0x57,
  0x94,0x98,0xa8,0xb7,0xb3,0xe7,0x21,0x0d,0x15,0x0d,0x0d,0x0d,0x0d,0x0d,0x15,0x0d,0x1d,0x41,0x3c,0x3a,0x3a,0x3a,0x3a,0x3a,
  0x3a,0x3a,0x2a,0x22,0x2a,0x2a,0x3a,0x3a,0x2d,0x3f,0xa8,0x27,0x0d,0x0d,0x0d,0x0d,0x0d,0x0d,0x15,0x0d,0x1d,0x49,0x2d,0x2d,
  0x2d,0x2d,0x3f,0x3f,0x46,0x46,0x98,0xb7,0xb3,0x18,0x0d,0x15,0x0d,0x0d,0x0d,0x0d,0x11,0x0d,0x1b,0x22,0x22,0x22,0x22,0x22,
  0x22,0x2a,0x2a,0x2d,0x3f,0x46,0x96,0x36,0x16,0x0d,0x0d,0x0d,0x0d,0x15,0x0d,0x20,0x99,0x49,0x89,0x57,0xa8,0x21,0x0d,0x15,
  0x0d,0x0d,0x0d,0x15,0x0d,0x17,0x36,0xc8,0xb1,0x96,0x57,0x47,0x46,0x46,0x49,0x57,0x89,0x57,0x57,0x57,0x89,0x57,0x49,0x46,
  0x47,0x57,0x57,0x57,0x46,0x30,0x21,0x1f,0x1c,0x19,0x17,0x16,0x0d,0x0d,0x0d,0x0d,0x0d,0x0d,0x15,0x15,0x15,0x15,0x0d,0x0d,
  0x0d,0x0d,0x0d,0x15,0x15,0x16,0x0d,0x18,0x53,0x93,0x87,0x85,0x7d,0x88,0x88,0x86,0x93,0x21,0x16,0x0d,0x0d,0x0d,0x0d,0x0d,
  0x0d,0x0d,0x0d,0x0d,0x11,0x15,0x15,0x15,0x15,0x15,0x15,0x15,0x15,0x11,0x16,0x3a,0x41,0x7d,0x82,0x8b,0x3e,0x3a,0x22,0x2a,
  0x25,0x2f,0x2f,0x2e,0x25,0x25,0x25,0x2e,0x4a,0x4c,0x4a,0x4a,0x2f,0x4a,0x32,0x2f,0x4a,0x2e,0x25,0x25,0x25,0x2f,0x2e,0x2e,
  0x2e,0x2f,0x2f,0x2f,0x2f,0x4a,0x4a,0x2f,0x2e,0x2e,0x2f,0x2e,0x25,0x2f,0x25,0x24,0x24,0x30,0x31,0x4d,0x53,0xdf,0x1c,0x0d,
  0x15,0x0d,0x0d,0x0d,0x0d,0x0d,0x0d,0x15,0x0d,0x0d,0x0d,0x0d,0x0d,0x0d,0x0d,0x0d,0x0d,0x0d,0x15,0x0d,0x0d,0x0d,0x18,0x1d,
  0x27,0xef,0xff,0xfd,0xfc,0xf3,0xf4,0xf9,0xf9,0xfa,0xfa,0xfa,0xfa,0xf9,0xf7,0xf7,0xf7,0xf7,0xe9,0xff,0x36,0x15,0x0d,0x0d,
  0x0d,0x0d,0x0d,0x15,0x0d,0x1c,0x8d,0x81,0x89,0x97,0x36,0x17,0x0d,0x15,0x0d,0x0d,0x0d,0x15,0x0d,0x19,0xe4,0x8a,0x48,0x41,
  0x40,0x40,0x40,0x41,0x44,0x48,0x44,0x48,0x8a,0x94,0x98,0xa8,0xa6,0xc8,0xb3,0x18,0x0d,0x0d,0x0d,0x0d,0x0d,0x0d,0x15,0x0d,
  0x18,0x41,0x2d,0x3a,0x3a,0x3a,0x3a,0x3a,0x2a,0x2a,0x22,0x2a,0x2a,0x2a,0x2a,0x3a,0x2d,0x46,0xa8,0x27,0x15,0x0d,0x0d,0x0d,
  0x0d,0x0d,0x15,0x0d,0x1d,0x49,0x2d,0x2d,0x2d,0x2d,0x2d,0x3f,0x3f,0x3f,0x57,0xa6,0xc5,0x21,0x15,0x15,0x0d,0x0d,0x0d,0x0d,
  0x11,0x0d,0x16,0x22,0x22,0x22,0x22,0x2a,0x2a,0x2a,0x3a,0x2d,0x3f,0x46,0x96,0x36,0x16,0x0d,0x0d,0x0d,0x0d,0x15,0x0d,0x21,
  0x98,0x57,0x89,0x57,0xb9,0x1c,0x0d,0x15,0x0d,0x0d,0x0d,0x15,0x0d,0x1a,0xe8,0xb1,0xa8,0x89,0x57,0x47,0x3f,0x47,0x3f,0x3f,
  0x8a,0x89,0x89,0x57,0x57,0x47,0x46,0x3f,0x3f,0x21,0x1d,0x1a,0x18,0x16,0x0d,0x0d,0x0d,0x0d,0x0d,0x0d,0x15,0x15,0x15,0x15,
  0x15,0x0d,0x0d,0x0d,0x0d,0x0d,0x0d,0x0d,0x0d,0x0d,0x15,0x0d,0x0d,0x0d,0x17,0x21,0xa1,0x58,0x8f,0x87,0x82,0x7d,0x7d,0x89,
  0x58,0x18,0x0d,0x15,0x15,0x15,0x15,0x15,0x15,0x15,0x15,0x15,0x15,0x15,0x15,0x15,0x0d,0x0d,0x0d,0x0d,0x0d,0x0d,0x1b,0x7a,
  0x41,0x48,0x7d,0x48,0x3e,0x3c,0x3a,0x48,0x25,0x2e,0x25,0x2e,0x2e,0x25,0x25,0x25,0x2f,0x2f,0x4a,0x4a,0x4a,0x4c,0x33,0x4a,
  0x2f,0x2f,0x25,0x23,0x2e,0x2e,0x25,0x25,0x25,0x2e,0x2e,0x4a,0x4a,0x4a,0x4a,0x2f,0x2f,0x2e,0x25,0x23,0x23,0x2f,0x2f,0x24,
  0x24,0x26,0x30,0x4f,0x59,0xdd,0x1c,0x0d,0x15,0x0d,0x0d,0x0d,0x0d,0x0d,0x0d,0x0d,0x0d,0x0d,0x0d,0x0d,0x0d,0x0d,0x0d,0x0d,
  0x15,0x0d,0x0d,0x0d,0x19,0x20,0xe0,0xff,0xfd,0xfc,0xf9,0xf7,0xfa,0xfa,0xf9,0xee,0xe9,0xe8,0xe7,0xe7,0xe2,0xe7,0xe5,0xe5,
  0xe9,0xeb,0xe9,0xfa,0x69,0x17,0x0d,0x15,0x0d,0x0d,0x0d,0x15,0x0d,0x1d,0xa3,0x89,0x89,0xad,0x21,0x0d,0x15,0x0d,0x0d,0x0d,
  0x0d,0x15,0x0d,0x1d,0xe8,0x49,0x48,0x45,0x41,0x3e,0x40,0x41,0x43,0x43,0x41,0x44,0x57,0x94,0x98,0xa8,0x98,0xb3,0xee,0x1d,
  0x0d,0x15,0x0d,0x0d,0x0d,0x0d,0x0d,0x15,0x15,0x24,0x3a,0x3a,0x3a,0x3a,0x3a,0x3a,0x2a,0x2a,0x22,0x1e,0x1b,0x1e,0x2a,0x2d,
  0x3f,0x46,0x96,0x46,0x15,0x0d,0x0d,0x0d,0x0d,0x15,0x15,0x0d,0x1c,0x47,0x2d,0x3a,0x2b,0x2d,0x2d,0x2d,0x3f,0x3f,0x3f,0x95,
  0xa4,0xc6,0x1a,0x0d,0x15,0x0d,0x0d,0x0d,0x0d,0x11,0x0d,0x19,0x22,0x22,0x22,0x2a,0x2a,0x2a,0x3a,0x2d,0x3f,0x3f,0x96,0x36,
  0x17,0x0d,0x11,0x0d,0x0d,0x16,0x0d,0x20,0xa9,0x55,0x89,0x8a,0xa4,0x18,0x0d,0x0d,0x0d,0x0d,0x0d,0x15,0x0d,0x20,0xe8,0x98,
  0x98,0x96,0x94,0x49,0x47,0x81,0x47,0x47,0x57,0x49,0x47,0x46,0x48,0x3f,0x48,0x1d,0x17,0x0d,0x0d,0x0d,0x0d,0x0d,0x11,0x15,
  0x15,0x15,0x15,0x0d,0x0d,0x0d,0x0d,0x0d,0x0d,0x0d,0x0d,0x0d,0x0d,0x0d,0x0d,0x0d,0x0d,0x0d,0x0d,0x16,0x19,0x1d,0x69,0xc5,
  0x8b,0x8b,0x88,0x87,0x82,0x88,0x8b,0x89,0x52,0x18,0x0d,0x15,0x15,0x15,0x0d,0x0d,0x0d,0x0d,0x0d,0x0d,0x0d,0x0d,0x0d,0x0d,
  0x15,0x16,0x17,0x18,0x19,0x1d,0x48,0x7d,0x44,0x43,0x3e,0x3b,0x41,0x7d,0x8b,0x99,0x25,0x25,0x2e,0x2e,0x2e,0x23,0x23,0x25,
  0x2f,0x2f,0x2f,0x4a,0x33,0x4c,0x4a,0x4a,0x4a,0x4a,0x2e,0x2e,0x25,0x25,0x25,0x2e,0x25,0x25,0x2e,0x2f,0x2f,0x4a,0x2f,0x2f,
  0x2f,0x25,0x25,0x25,0x23,0x2e,0x2f,0x31,0x31,0x26,0x31,0x4b,0x56,0xdd,0x1c,0x0d,0x15,0x0d,0x0d,0x0d,0x0d,0x0d,0x0d,0x0d,
  0x0d,0x0d,0x0d,0x0d,0x0d,0x0d,0x15,0x0d,0x0d,0x15,0x1c,0x27,0xfc,0xff,0xfc,0xf3,0xf9,0xfc,0xf9,0xee,0xe5,0xe7,0xe2,0xcd,
  0xc8,0xc8,0xc8,0xcd,0xcd,0xcd,0xe2,0xe2,0xe2,0xe5,0xcc,0xee,0x36,0x15,0x0d,0x0d,0x0d,0x0d,0x0d,0x15,0x0d,0x20,0xa9,0x8a,
  0x94,0xc6,0x1d,0x0d,0x15,0x0d,0x0d,0x0d,0x0d,0x15,0x15,0x27,0xb7,0x48,0x44,0x41,0x3c,0x3e,0x3c,0x3c,0x3c,0x3c,0x3c,0x41,
  0x48,0x8a,0x96,0x98,0xa8,0xb3,0xe7,0x27,0x15,0x0d,0x0d,0x0d,0x0d,0x0d,0x0d,0x15,0x0d,0x1b,0x41,0x3a,0x3a,0x3a,0x2a,0x1e,
  0x1b,0x19,0x17,0x0e,0x0d,0x0d,0x17,0x24,0x3f,0x3f,0x96,0x46,0x16,0x0d,0x11,0x0d,0x0d,0x0d,0x15,0x0d,0x1c,0x48,0x2d,0x23,
  0x22,0x2b,0x2d,0x2d,0x2d,0x3f,0x3f,0x47,0xb3,0xcd,0x27,0x15,0x15,0x0d,0x0d,0x0d,0x0d,0x0d,0x11,0x11,0x1e,0x2a,0x2a,0x2a,
  0x2a,0x2a,0x2a,0x3a,0x2d,0x46,0x96,0xa4,0x17,0x0d,0x11,0x0d,0x0d,0x15,0x0d,0x1f,0xa9,0x55,0x89,0x98,0x27,0x15,0x0d,0x0d,
  0x0d,0x0d,0x15,0x0d,0x17,0x36,0xbe,0x98,0x96,0x94,0x89,0x89,0x89,0x89,0x57,0x49,0x48,0x46,0x3f,0x3f,0x46,0x47,0x1f,0x0d,
  0x0d,0x15,0x15,0x15,0x15,0x15,0x0d,0x0d,0x0d,0x0d,0x0d,0x0d,0x0d,0x0d,0x11,0x15,0x15,0x15,0x0d,0x0d,0x0d,0x0d,0x0d,0x0d,
  0x0d,0x0d,0x20,0x69,0xe5,0xf9,0xee,0xba,0x93,0x87,0x8b,0x8b,0x8b,0x8b,0x92,0x82,0x99,0x1d,0x0d,0x0d,0x0d,0x0d,0x0d,0x15,
  0x16,0x17,0x18,0x1a,0x1b,0x1c,0x1f,0x20,0x2d,0x3f,0x46,0x47,0x7d,0x7b,0x3e,0x41,0x3c,0x3b,0x3b,0x2a,0x41,0x48,0x87,0x8a,
  0x25,0x25,0x25,0x2e,0x2e,0x25,0x23,0x2e,0x4a,0x4a,0x4a,0x2f,0x4a,0x4a,0x2f,0x4a,0x2f,0x4a,0x2f,0x2e,0x25,0x23,0x25,0x2f,
  0x2e,0x2e,0x2e,0x2e,0x2e,0x2f,0x2f,0x2e,0x25,0x25,0x2e,0x25,0x25,0x25,0x2e,0x2f,0x31,0x30,0x31,0x4d,0x59,0xdb,0x1a,0x0d,
  0x15,0x0d,0x0d,0x0d,0x0d,0x0d,0x0d,0x0d,0x0d,0x0d,0x0d,0x0d,0x15,0x14,0x0d,0x15,0x1c,0x36,0xff,0xfd,0xf9,0xf4,0xf7,0xf7,
  0xee,0xe5,0xe2,0xcd,0xc8,0xc8,0xc8,0xc8,0xc6,0xbd,0xbd,0xc8,0xc8,0xce,0xcd,0xe2,0xe2,0xe2,0xc7,0xf9,0x20,0x0d,0x15,0x0d,
  0x0d,0x0d,0x0d,0x0d,0x15,0x27,0x9a,0x94,0x94,0xa6,0x19,0x0d,0x11,0x0d,0x0d,0x0d,0x11,0x0d,0x18,0xe0,0x99,0x7d,0x44,0x43,
  0x3c,0x3c,0x3c,0x3c,0x3c,0x3c,0x3e,0x3e,0x3f,0x57,0x94,0x98,0xb7,0xbe,0xbf,0xd9,0x19,0x0d,0x15,0x0d,0x0d,0x0d,0x0d,0x0d,
  0x0d,0x17,0x2d,0x1f,0x1b,0x18,0x16,0x0d,0x0d,0x0d,0x0d,0x11,0x15,0x15,0x0d,0x18,0x2d,0x3f,0x96,0x36,0x16,0x0d,0x0d,0x0d,
  0x0d,0x0d,0x15,0x0d,0x1c,0x46,0x3a,0x23,0x1d,0x22,0x2b,0x2d,0x2d,0x3f,0x46,0x46,0x96,0xbb,0xe8,0x1c,0x0d,0x15,0x0d,0x0d,
  0x0d,0x0d,0x11,0x0d,0x18,0x3a,0x2a,0x2a,0x2a,0x2a,0x2a,0x2d,0x3f,0x46,0x96,0xaf,0x17,0x0d,0x11,0x0d,0x0d,0x15,0x0d,0x1f,
  0xa9,0x55,0x55,0xae,0x20,0x0d,0x15,0x0d,0x0d,0x0d,0x15,0x0d,0x1a,0xe8,0xb1,0xa8,0x94,0x89,0x89,0x89,0x89,0x57,0x57,0x48,
  0x48,0x48,0x3f,0x3f,0x3f,0x49,0x1b,0x0d,0x15,0x0d,0x0d,0x0d,0x0d,0x0d,0x0d,0x11,0x15,0x15,0x15,0x15,0x15,0x0d,0x0d,0x0d,
  0x0d,0x0d,0x0d,0x0d,0x0d,0x0d,0x0d,0x0d,0x0d,0x17,0xbb,0xfe,0xe9,0xe4,0xe7,0xae,0x9a,0xa0,0x93,0x93,0x93,0x8b,0x87,0x89,
  0x58,0x88,0x20,0x1d,0x20,0x21,0x21,0x30,0x46,0x47,0x89,0x8a,0x99,0x99,0x8b,0x8a,0x8b,0x8a,0x8a,0x94,0x55,0x48,0x3c,0x2b,
  0x3a,0x41,0x3c,0x3c,0x41,0x43,0x7d,0x57,0x25,0x23,0x23,0x2e,0x25,0x25,0x25,0x25,0x4a,0x4a,0x4a,0x4c,0x4c,0x4a,0x3b,0x2f,
  0x2e,0x4a,0x2f,0x2e,0x23,0x23,0x2e,0x2f,0x25,0x2e,0x2e,0x2e,0x2e,0x2e,0x25,0x25,0x23,0x25,0x25,0x25,0x2e,0x2f,0x2f,0x2e,
  0x26,0x31,0x4b,0x56,0xa0,0xd7,0x1a,0x0d,0x15,0x0d,0x0d,0x0d,0x0d,0x0d,0x0d,0x0d,0x0d,0x0d,0x0d,0x15,0x0d,0x0d,0x1a,0x36,
  0xff,0xff,0xf4,0xf4,0xf7,0xee,0xe8,0xd9,0xce,0xc8,0xce,0xc8,0xbe,0xbe,0xb7,0xb7,0xa8,0xb7,0xb7,0xb5,0xbd,0xbd,0xbd,0xbd,
  0xc6,0xcd,0xcc,0xee,0x1a,0x0d,0x15,0x0d,0x0d,0x0d,0x15,0x0d,0x19,0xa6,0x99,0x8a,0x8a,0x27,0x16,0x0d,0x0d,0x0d,0x0d,0x0d,
  0x15,0x0d,0x1c,0xee,0x57,0x7d,0x43,0x41,0x3b,0x22,0x3b,0x3b,0x3b,0x41,0x3c,0x3e,0x43,0x57,0x94,0x94,0x98,0xb3,0xb3,0xe8,
  0x20,0x0d,0x15,0x0d,0x0d,0x0d,0x0d,0x0d,0x0d,0x0d,0x16,0x0d,0x0d,0x0d,0x0d,0x11,0x11,0x11,0x0d,0x0d,0x0d,0x0d,0x15,0x0d,
  0x1f,0x3f,0x8a,0x36,0x17,0x0d,0x15,0x0d,0x0d,0x0d,0x15,0x0d,0x1a,0x46,0x2b,0x1f,0x1c,0x1c,0x22,0x2d,0x3f,0x3f,0x46,0x47,
  0x8a,0xbd,0xc8,0xa4,0x17,0x0d,0x0d,0x0d,0x0d,0x0d,0x0d,0x11,0x0d,0x1e,0x3a,0x2a,0x2a,0x2a,0x3a,0x3f,0x46,0x47,0x95,0xb3,
  0x18,0x0d,0x15,0x0d,0x0d,0x15,0x0d,0x1f,0xae,0x8a,0x8a,0xae,0x1a,0x0d,0x15,0x0d,0x0d,0x0d,0x15,0x0d,0x20,0xf9,0xaf,0x98,
  0x94,0x8a,0x57,0x47,0x49,0x57,0x48,0x48,0x48,0x48,0x48,0x3f,0x3f,0x57,0x1c,0x0d,0x16,0x15,0x15,0x15,0x15,0x15,0x0d,0x0d,
  0x0d,0x0d,0x0d,0x0d,0x0d,0x16,0x17,0x19,0x1c,0x1c,0x0d,0x15,0x0d,0x0d,0x0d,0x0d,0x0d,0x18,0xc7,0xeb,0xe9,0xe5,0xc8,0xae,
  0xa1,0x93,0x91,0x9a,0x9a,0x93,0x87,0x89,0x96,0x8a,0xa7,0xae,0xae,0xae,0xa8,0x98,0x96,0x96,0x96,0x94,0x94,0x94,0x94,0x94,
  0x8a,0x8a,0x94,0x96,0x94,0x49,0x48,0x41,0x3a,0x3c,0x43,0x44,0x48,0x44,0x43,0x48,0x23,0x1e,0x23,0x25,0x25,0x2e,0x25,0x25,
  0x2f,0x2f,0x4a,0x4c,0x4a,0x4a,0x2f,0x2f,0x2e,0x2f,0x2f,0x2e,0x25,0x23,0x25,0x25,0x25,0x25,0x25,0x2e,0x25,0x2e,0x25,0x25,
  0x23,0x25,0x25,0x23,0x2e,0x4a,0x4a,0x4a,0x4a,0x4a,0x51,0x8e,0xa2,0x6c,0x19,0x0d,0x15,0x0d,0x0d,0x0d,0x0d,0x0d,0x0d,0x0d,
  0x0d,0x15,0x14,0x0d,0x18,0x27,0xfd,0xfd,0xf9,0xf9,0xfc,0xee,0xd9,0xce,0xc8,0xc5,0xc6,0xbe,0xbe,0xa8,0x98,0x98,0x96,0x96,
  0x96,0x98,0x98,0xa8,0xa8,0xa8,0xa8,0xb0,0xb5,0xbb,0xef,0x27,0x15,0x11,0x0d,0x0d,0x0d,0x0d,0x15,0x0d,0x1d,0xd9,0x96,0x8a,
  0xa9,0x1f,0x0d,0x15,0x0d,0x15,0x0d,0x0d,0x15,0x0d,0x27,0xd9,0x57,0x48,0x41,0x3c,0x3a,0x22,0x2b,0x3b,0x3b,0x3c,0x3c,0x3c,
  0x41,0x47,0x89,0x8a,0x94,0xb7,0xc5,0xee,0x36,0x17,0x0d,0x0d,0x0d,0x0d,0x0d,0x0d,0x0d,0x0d,0x0d,0x15,0x15,0x15,0x11,0x0d,
  0x0d,0x0d,0x0d,0x0d,0x0d,0x0d,0x15,0x0d,0x1f,0x46,0x89,0x36,0x17,0x0d,0x0d,0x0d,0x0d,0x0d,0x15,0x0d,0x1a,0x46,0x2b,0x1e,
  0x1e,0x1e,0x22,0x2b,0x3f,0x46,0x46,0x47,0x8a,0xa8,0x98,0xd9,0x1f,0x0d,0x15,0x0d,0x0d,0x0d,0x0d,0x15,0x0d,0x17,0x3a,0x2a,
  0x2a,0x3a,0x3a,0x2d,0x46,0x47,0x8a,0xb3,0x18,0x0d,0x15,0x0d,0x0d,0x15,0x0d,0x1f,0xae,0x94,0x96,0xa4,0x18,0x0d,0x15,0x0d,
  0x0d,0x0d,0x0d,0x0d,0x27,0xe7,0xaf,0x96,0x94,0x57,0x7d,0x48,0x48,0x48,0x41,0x44,0x7d,0x48,0x48,0x48,0x46,0x47,0x27,0x16,
  0x0d,0x0d,0x0d,0x0d,0x0d,0x0d,0x16,0x17,0x19,0x1a,0x1c,0x20,0x27,0x36,0x69,0xe5,0xfb,0x1c,0x0d,0x15,0x0d,0x0d,0x0d,0x15,
  0x0d,0x19,0xe8,0xcd,0xcd,0xc8,0xc6,0xb7,0xa7,0xa0,0x9a,0xa0,0x9a,0xa1,0x9a,0x99,0x98,0xa8,0x98,0x98,0x96,0x96,0x98,0x96,
  0x98,0x98,0x98,0x98,0x98,0x98,0x96,0x96,0x94,0x94,0x8a,0x94,0x89,0x81,0x81,0x82,0x3c,0x3c,0x48,0x82,0x88,0x82,0x7c,0x48,
  0x23,0x1e,0x23,0x25,0x25,0x25,0x25,0x2f,0x2f,0x2f,0x4a,0x4a,0x4a,0x4a,0x2f,0x2e,0x25,0x2e,0x2e,0x2f,0x2e,0x2e,0x25,0x23,
  0x23,0x23,0x25,0x25,0x25,0x2e,0x2e,0x25,0x23,0x23,0x23,0x23,0x25,0x2f,0x4a,0x4a,0x4b,0x4b,0x4f,0x4f,0x56,0xd4,0x19,0x0d,
  0x15,0x0d,0x0d,0x0d,0x0d,0x0d,0x0d,0x0d,0x15,0x0d,0x11,0x1d,0xea,0xff,0xf4,0xf9,0xfc,0xf3,0xdb,0xd9,0xc5,0xc5,0xc6,0xc5,
  0xbe,0xb0,0x98,0x96,0x94,0x8a,0x89,0x89,0x89,0x94,0x96,0x99,0x98,0x96,0x96,0x98,0xa8,0xb3,0xd9,0x19,0x0d,0x15,0x0d,0x0d,
  0x0d,0x0d,0x0d,0x16,0x36,0xbd,0x98,0x96,0xbe,0x1a,0x0d,0x15,0x0d,0x0d,0x0d,0x15,0x0d,0x17,0xc7,0xa8,0x81,0x44,0x41,0x3c,
  0x2b,0x2b,0x2a,0x2b,0x3b,0x3b,0x3b,0x3c,0x3c,0x46,0x94,0xa9,0x96,0x27,0x20,0x1c,0x19,0x16,0x0d,0x0d,0x0d,0x0d,0x0d,0x0d,
  0x0d,0x0d,0x0d,0x0d,0x0d,0x0d,0x0d,0x0d,0x0d,0x0d,0x0d,0x0d,0x0d,0x15,0x0d,0x18,0x3f,0x47,0x94,0xa4,0x18,0x0d,0x0d,0x0d,
  0x0d,0x0d,0x15,0x0d,0x1a,0x46,0x3a,0x22,0x22,0x1e,0x1e,0x22,0x2d,0x47,0x47,0x57,0x89,0x8a,0xa4,0xbe,0xb3,0x18,0x0d,0x11,
  0x0d,0x0d,0x0d,0x0d,0x15,0x0d,0x1b,0x3a,0x2a,0x3a,0x3a,0x2d,0x3f,0x3f,0x89,0xbb,0x18,0x0d,0x15,0x0d,0x0d,0x15,0x0d,0x1d,
  0xae,0x8a,0xb7,0x27,0x15,0x0d,0x0d,0x0d,0x0d,0x15,0x0d,0x18,0xc7,0xbe,0xa8,0x96,0x94,0x57,0x48,0x7d,0x48,0x44,0x48,0x7d,
  0x7d,0x7d,0x48,0x47,0x46,0x55,0xee,0x27,0x1c,0x19,0x1c,0x1d,0x21,0x27,0x36,0x69,0xe8,0xef,0xf7,0xfc,0xef,0xe8,0xe2,0xfc,
  0x21,0x0d,0x15,0x0d,0x0d,0x0d,0x0d,0x15,0x0d,0x1a,0xe8,0xbd,0xbe,0xb7,0xbe,0xae,0xa1,0x93,0x8f,0x93,0x8f,0x90,0x9a,0x97,
  0xb0,0xa8,0xa8,0xa8,0xa8,0xa8,0xa8,0x98,0x98,0x98,0x98,0x98,0x98,0x96,0x95,0x94,0x96,0x57,0x82,0x81,0x82,0x82,0x48,0x82,
  0x3c,0x3c,0x48,0x82,0x82,0x82,0x7d,0x48,0x23,0x23,0x25,0x23,0x23,0x25,0x2e,0x2f,0x2f,0x4a,0x2f,0x2f,0x2f,0x2f,0x2e,0x25,
  0x23,0x25,0x2e,0x2e,0x25,0x25,0x25,0x23,0x1e,0x1e,0x23,0x25,0x2e,0x25,0x25,0x23,0x23,0x23,0x23,0x23,0x23,0x2e,0x4a,0x4c,
  0x4f,0x4d,0x4f,0x4f,0x56,0xdb,0x19,0x0d,0x15,0x0d,0x0d,0x0d,0x0d,0x0d,0x0d,0x15,0x0d,0x18,0x27,0xff,0xfd,0xf9,0xfc,0xee,
  0xda,0xc5,0xc5,0xc5,0xc5,0xc5,0xc5,0xb9,0xb7,0xa9,0x9a,0x8a,0x89,0x8a,0x57,0x57,0x57,0x57,0x57,0x57,0x89,0x94,0x94,0x95,
  0x94,0xc5,0x20,0x0d,0x15,0x0d,0x0d,0x0d,0x0d,0x15,0x0d,0x1c,0xfc,0xa6,0x98,0xb0,0x36,0x17,0x0d,0x0d,0x0d,0x0d,0x0d,0x15,
  0x0d,0x1c,0xf9,0x89,0x48,0x41,0x3c,0x2b,0x2a,0x2a,0x2a,0x2a,0x2b,0x3b,0x3b,0x3d,0x41,0x2d,0x20,0x1c,0x19,0x16,0x0d,0x0d,
  0x0d,0x0d,0x0d,0x0d,0x0d,0x0d,0x0d,0x0d,0x0d,0x0d,0x0d,0x0d,0x0d,0x0d,0x0d,0x0d,0x15,0x15,0x15,0x0d,0x0d,0x0d,0x17,0x21,
  0x46,0x47,0xa8,0xb3,0x18,0x0d,0x0d,0x0d,0x0d,0x0d,0x15,0x0d,0x1a,0x46,0x3a,0x2a,0x22,0x22,0x1e,0x22,0x3a,0x46,0x47,0x49,
  0x89,0x8a,0x96,0xbb,0xe8,0x21,0x0d,0x15,0x0d,0x0d,0x0d,0x0d,0x0d,0x0d,0x16,0x2b,0x3a,0x3a,0x3a,0x2d,0x3f,0x3f,0x8a,0xbb,
  0x18,0x0d,0x0d,0x0d,0x0d,0x15,0x0d,0x1d,0xb9,0x94,0xc6,0x21,0x0d,0x15,0x0d,0x0d,0x0d,0x15,0x0d,0x1a,0xee,0xb1,0xa8,0x94,
  0x8a,0x49,0x48,0x7d,0x48,0x82,0x7d,0x7d,0x85,0x81,0x49,0x57,0x89,0xc8,0xe5,0xee,0xf9,0xe7,0xee,0xf9,0xfc,0xfa,0xee,0xe9,
  0xe9,0xe9,0xe5,0xe4,0xe4,0xe0,0xe5,0x69,0x17,0x0d,0x15,0x0d,0x0d,0x0d,0x0d,0x15,0x0d,0x1a,0xe8,0xbb,0xb7,0xa8,0xb7,0xa7,
  0x91,0x8b,0x88,0x87,0x8b,0x90,0x9a,0xa1,0xa9,0xb0,0xa8,0xa8,0x98,0xa8,0xa8,0xa8,0x98,0x95,0x94,0x8a,0x8a,0x8a,0x99,0x93,
  0x82,0x85,0x85,0x80,0x7d,0x82,0x44,0x48,0x7d,0x82,0x7f,0x88,0x82,0x82,0x48,0x48,0x23,0x23,0x25,0x23,0x25,0x2e,0x2f,0x2e,
  0x2f,0x2f,0x2e,0x2f,0x25,0x23,0x25,0x25,0x25,0x25,0x25,0x25,0x2e,0x25,0x23,0x1e,0x1e,0x23,0x25,0x2e,0x25,0x25,0x25,0x25,
  0x25,0x23,0x2e,0x25,0x25,0x2f,0x4a,0x4f,0x4f,0x4c,0x4c,0x4d,0xa0,0xda,0x19,0x0d,0x15,0x0d,0x0d,0x0d,0x0d,0x0d,0x0d,0x0d,
  0x1a,0xd8,0xff,0xf4,0xfa,0xf9,0xed,0xd4,0xc5,0xc5,0xb7,0xad,0xae,0xb9,0xb9,0xb9,0xaa,0x99,0x93,0x89,0x81,0x81,0x81,0x49,
  0x81,0x49,0x46,0x46,0x48,0x49,0x89,0x8a,0x97,0x47,0x17,0x0d,0x0d,0x0d,0x0d,0x0d,0x0d,0x0d,0x16,0x69,0xe9,0xa6,0xa6,0xce,
  0x21,0x0d,0x15,0x0d,0x0d,0x0d,0x0d,0x15,0x0d,0x27,0xe7,0x49,0x44,0x3c,0x3b,0x2c,0x2b,0x2a,0x2b,0x2a,0x3a,0x2b,0x1f,0x1b,
  0x18,0x16,0x0d,0x0d,0x0d,0x0d,0x15,0x15,0x15,0x0d,0x0d,0x0d,0x0d,0x0d,0x0d,0x0d,0x0d,0x0d,0x0d,0x0d,0x0d,0x15,0x15,0x0d,
  0x0d,0x0d,0x0d,0x15,0x18,0x1c,0x36,0x49,0x3f,0x49,0xb7,0xc7,0x18,0x0d,0x0d,0x0d,0x0d,0x0d,0x15,0x0d,0x1a,0x46,0x2d,0x2a,
  0x22,0x22,0x22,0x1e,0x2a,0x3f,0x46,0x47,0x57,0x89,0x94,0xb0,0xc8,0xe7,0x1a,0x0d,0x15,0x0d,0x0d,0x0d,0x0d,0x15,0x0d,0x1b,
  0x3b,0x3a,0x3a,0x2d,0x3f,0x46,0x89,0xce,0x19,0x0d,0x0d,0x0d,0x0d,0x15,0x0d,0x1d,0xb9,0x94,0xce,0x1d,0x0d,0x15,0x0d,0x0d,
  0x0d,0x15,0x0d,0x20,0xf9,0xaf,0xa9,0x9a,0x89,0x81,0x46,0x81,0x82,0x82,0x82,0x88,0x49,0x47,0x57,0x89,0x8a,0xbd,0xe9,0xe5,
  0xe2,0xe5,0xe2,0xe0,0xe4,0xe8,0xe5,0xe5,0xe5,0xe9,0xe9,0xe9,0xe5,0xc7,0xee,0x1a,0x0d,0x15,0x0d,0x0d,0x0d,0x0d,0x0d,0x15,
  0x0d,0x1d,0xee,0xb1,0xa8,0xa9,0xa9,0x9a,0x87,0x7f,0x87,0x87,0x8f,0x8b,0x9a,0xa1,0xa1,0xa7,0xa7,0x9a,0x9a,0x97,0xa7,0x9a,
  0x99,0x8a,0x89,0x57,0x57,0x57,0x8b,0x8b,0x7f,0x41,0x7b,0x7f,0x82,0x7d,0x7c,0x48,0x82,0x87,0x87,0x87,0x93,0x8b,0x88,0x82,
  0x23,0x23,0x23,0x25,0x2e,0x25,0x25,0x2f,0x4a,0x4a,0x2f,0x23,0x1e,0x23,0x23,0x25,0x25,0x25,0x25,0x2e,0x2e,0x25,0x23,0x1e,
  0x1e,0x23,0x25,0x25,0x25,0x25,0x23,0x23,0x23,0x2f,0x2f,0x2e,0x2f,0x4a,0x31,0x4d,0x4b,0x31,0x4b,0x8c,0xa2,0xda,0x19,0x0d,
  0x15,0x0d,0x0d,0x0d,0x0d,0x15,0x0d,0x1f,0xff,0xfd,0xf4,0xf7,0xec,0xd2,0xd4,0xd4,0xc5,0xae,0xa7,0xa7,0xa2,0xad,0xad,0xaa,
  0xa1,0x9a,0x90,0x90,0x88,0x7d,0x48,0x48,0x7d,0x48,0x48,0x43,0x44,0x47,0x55,0x8a,0xa4,0x1a,0x0d,0x15,0x0d,0x0d,0x0d,0x0d,
  0x15,0x0d,0x1d,0xff,0xbb,0xb7,0x98,0xd9,0x1c,0x0d,0x15,0x0d,0x0d,0x0d,0x0d,0x0d,0x16,0x69,0x98,0x48,0x41,0x3c,0x3e,0x41,
  0x41,0x3a,0x23,0x1e,0x19,0x17,0x0d,0x0d,0x0d,0x0d,0x15,0x15,0x15,0x0d,0x0d,0x0d,0x0d,0x0d,0x0d,0x0d,0x0d,0x0d,0x0d,0x0d,
  0x0d,0x0d,0x0d,0x0d,0x0d,0x0d,0x0d,0x11,0x18,0x1a,0x20,0x27,0xb3,0xe8,0xd9,0x55,0x57,0x94,0xa8,0xbb,0x18,0x0d,0x15,0x0d,
  0x0d,0x0d,0x15,0x0d,0x1a,0x49,0x2d,0x3a,0x2a,0x2a,0x2a,0x22,0x2a,0x3c,0x3f,0x47,0x49,0x89,0x94,0x96,0xbb,0xe7,0x27,0x16,
  0x15,0x0d,0x0d,0x0d,0x0d,0x0d,0x11,0x15,0x24,0x3c,0x3a,0x3f,0x3f,0x3f,0x55,0xce,0x19,0x0d,0x15,0x0d,0x0d,0x15,0x0d,0x1d,
  0xb9,0x96,0xc8,0x1a,0x0d,0x15,0x0d,0x0d,0x0d,0x15,0x0d,0x27,0xee,0xa6,0x98,0x9a,0x89,0x57,0x48,0x7d,0x87,0x7d,0x82,0x87,
  0x3f,0x2d,0x81,0x8a,0x96,0xb0,0xcd,0xe5,0xe5,0xe5,0xe5,0xe5,0xe2,0xe2,0xe2,0xcd,0xcd,0xce,0xcd,0xe2,0xc7,0xee,0x21,0x0d,
  0x15,0x0d,0x0d,0x0d,0x0d,0x0d,0x0d,0x15,0x0d,0x1d,0xdb,0xaf,0xa8,0xa7,0xa1,0x8e,0x7f,0x83,0x4f,0x8e,0x8e,0x56,0x91,0xa1,
  0xa0,0xa0,0x9a,0xa1,0xa1,0xa7,0xa7,0xa1,0x92,0x89,0x57,0x82,0x7d,0x48,0x48,0x85,0x7b,0x41,0x80,0x7e,0x7f,0x7d,0x82,0x41,
  0x82,0x82,0x88,0x82,0x88,0x87,0x87,0x85,0x1e,0x23,0x23,0x23,0x23,0x23,0x23,0x2e,0x2e,0x2e,0x25,0x23,0x1e,0x23,0x23,0x23,
  0x25,0x23,0x25,0x25,0x23,0x1e,0x1b,0x1b,0x23,0x23,0x23,0x23,0x1e,0x23,0x23,0x23,0x23,0x25,0x2f,0x25,0x2f,0x4a,0x33,0x4d,
  0x51,0x4e,0x4f,0x9c,0xc2,0xe4,0x19,0x0d,0x15,0x0d,0x0d,0x0d,0x0d,0x0d,0x17,0xe4,0xff,0xf9,0xf7,0xda,0xd4,0xc5,0xc5,0xc2,
  0xae,0xa1,0xa0,0xa0,0xa0,0xa0,0xa0,0xa0,0x91,0xa0,0x91,0x90,0x87,0x82,0x48,0x48,0x48,0x48,0x48,0x48,0x7d,0x57,0x55,0xae,
  0x1d,0x0d,0x15,0x0d,0x0d,0x0d,0x0d,0x15,0x0d,0x18,0xe8,0xe9,0xb7,0xb7,0xb5,0xb3,0x18,0x0d,0x15,0x0d,0x0d,0x0d,0x15,0x0d,
  0x1a,0xe8,0x8a,0x82,0x7b,0x41,0x3c,0x1f,0x1b,0x17,0x0d,0x0d,0x0d,0x0d,0x11,0x15,0x11,0x0d,0x0d,0x0d,0x0d,0x0d,0x0d,0x0d,
  0x0d,0x0d,0x0d,0x0d,0x0d,0x0d,0x0d,0x0d,0x0d,0x0d,0x0d,0x0d,0x16,0x1a,0x1f,0x27,0xbb,0xe8,0xe8,0xd9,0xc8,0xc7,0xc8,0x57,
  0x57,0x94,0x98,0xbb,0x18,0x0d,0x15,0x0d,0x0d,0x0d,0x15,0x0d,0x1a,0x47,0x3c,0x3a,0x3a,0x2a,0x22,0x2a,0x2a,0x3b,0x41,0x48,
  0x49,0x57,0x94,0x94,0xb7,0xbb,0xe8,0x1c,0x0d,0x15,0x0d,0x0d,0x0d,0x0d,0x15,0x0d,0x19,0x3c,0x3b,0x3c,0x3f,0x46,0x55,0xce,
  0x19,0x0d,0x15,0x0d,0x0d,0x15,0x0d,0x1d,0xb9,0x98,0xbb,0x19,0x0d,0x11,0x0d,0x0d,0x0d,0x0d,0x16,0x36,0xe7,0xa6,0xa7,0x9a,
  0x93,0x87,0x87,0x8b,0x88,0x88,0x88,0x88,0x88,0x88,0x57,0x8a,0x98,0xa8,0xb5,0xc8,0xc8,0xcd,0xc8,0xc8,0xc8,0xc8,0xc8,0xc6,
  0xbd,0xc8,0xc8,0xc8,0xe2,0xbb,0x18,0x0d,0x15,0x0d,0x0d,0x0d,0x0d,0x0d,0x0d,0x15,0x0d,0x20,0xd9,0xa5,0x9a,0x99,0x59,0x4f,
  0x83,0x7b,0x4e,0x51,0x8c,0x9b,0x8e,0x90,0xa0,0x91,0xa0,0xa0,0xa7,0xa7,0xa0,0x8b,0x87,0x87,0x8b,0x88,0x82,0x7d,0x7c,0x82,
  0x85,0x80,0x7b,0x7c,0x88,0x87,0x88,0x87,0x82,0x7d,0x87,0x88,0x88,0x7f,0x85,0x85,0x1e,0x1e,0x23,0x1e,0x1e,0x23,0x23,0x25,
  0x25,0x23,0x25,0x2e,0x23,0x23,0x23,0x23,0x23,0x25,0x25,0x23,0x23,0x1e,0x1b,0x1e,0x23,0x23,0x23,0x1e,0x1e,0x1e,0x23,0x23,
  0x23,0x23,0x2e,0x2f,0x4a,0x31,0x31,0x4d,0x4f,0x9b,0x9e,0xc0,0xc3,0xd8,0x18,0x0d,0x15,0x0d,0x0d,0x0d,0x15,0x0d,0x18,0xe0,
  0xfc,0xed,0xec,0xda,0xd4,0xc4,0xac,0xa2,0xa0,0x91,0x93,0x90,0xa0,0x42,0x3b,0x85,0x84,0x91,0x91,0x91,0x90,0x88,0x82,0x7d,
  0x44,0x43,0x48,0x82,0x88,0x57,0xae,0x20,0x0d,0x15,0x0d,0x0d,0x0d,0x0d,0x0d,0x15,0x15,0x27,0xfd,0xc7,0xb7,0xb1,0xcd,0x27,
  0x15,0x0d,0x0d,0x0d,0x0d,0x0d,0x15,0x0d,0x21,0xfd,0x57,0x2d,0x1d,0x19,0x16,0x0d,0x0d,0x0d,0x0d,0x11,0x15,0x11,0x0d,0x0d,
  0x0d,0x0d,0x0d,0x0d,0x0d,0x0d,0x0d,0x0d,0x0d,0x11,0x15,0x15,0x0d,0x0d,0x0d,0x0d,0x0d,0x0d,0x15,0x0d,0x19,0xce,0xd9,0xe7,
  0xe2,0xcc,0xc7,0xcc,0xcc,0xbd,0x89,0x46,0x47,0x57,0x98,0xbb,0x18,0x0d,0x15,0x0d,0x0d,0x0d,0x15,0x0d,0x1a,0x49,0x3c,0x3b,
  0x2b,0x2a,0x22,0x2b,0x2a,0x2b,0x3e,0x3f,0x47,0x89,0x94,0x96,0xa8,0xbb,0xcd,0x69,0x17,0x0d,0x11,0x0d,0x0d,0x0d,0x0d,0x15,
  0x0d,0x1f,0x48,0x3f,0x46,0x47,0x89,0xce,0x19,0x0d,0x15,0x0d,0x0d,0x15,0x0d,0x1c,0xbe,0xa8,0xa4,0x17,0x0d,0x0d,0x0d,0x0d,
  0x11,0x0d,0x19,0xe9,0xc6,0xa6,0xa7,0x9a,0x93,0x93,0x8b,0x87,0x87,0x87,0x88,0x82,0x82,0x82,0x57,0x8a,0x94,0x8a,0x98,0xa8,
  0xb5,0xc8,0xc8,0xc8,0xc8,0xc8,0xbd,0xbd,0xbd,0xbd,0xbd,0xbb,0xee,0x1c,0x0d,0x15,0x0d,0x0d,0x0d,0x0d,0x0d,0x0d,0x0d,0x15,
  0x0d,0x20,0xc5,0x90,0x85,0x80,0x85,0x4f,0x4d,0x4d,0x4d,0x4f,0x9b,0x59,0x9b,0x8d,0x90,0x59,0xa0,0xa0,0xa0,0xa0,0x86,0x88,
  0x87,0x87,0x7f,0x82,0x8b,0x8b,0x87,0x82,0x8b,0x88,0x7c,0x80,0x85,0x8f,0x90,0x91,0x87,0x88,0x85,0x82,0x82,0x88,0x85,0x88,
  0x1e,0x1e,0x1e,0x1e,0x1e,0x23,0x25,0x23,0x23,0x25,0x25,0x25,0x23,0x1e,0x1e,0x1e,0x23,0x23,0x23,0x23,0x23,0x23,0x1e,0x23,
  0x23,0x23,0x25,0x23,0x1e,0x1e,0x23,0x23,0x23,0x23,0x2f,0x31,0x31,0x31,0x4b,0x4d,0x4d,0x9b,0x9e,0x9f,0xad,0xe0,0x18,0x0d,
  0x15,0x0d,0x0d,0x0d,0x11,0x0d,0x18,0xe8,0xf7,0xec,0xec,0xd7,0xc5,0xd0,0x60,0xa0,0x91,0x91,0x8e,0x83,0x85,0x2b,0x2b,0x40,
  0x7c,0x59,0xa0,0x91,0x8f,0x88,0x7f,0x7f,0x7c,0x45,0x44,0x88,0x86,0xa3,0x21,0x16,0x0d,0x0d,0x0d,0x0d,0x0d,0x0d,0x15,0x0d,
  0x1d,0xff,0xe0,0xb7,0xa8,0xaf,0xe8,0x1f,0x0d,0x15,0x0d,0x0d,0x0d,0x11,0x0d,0x16,0x20,0x1d,0x18,0x15,0x0d,0x0d,0x0d,0x15,
  0x15,0x11,0x0d,0x0d,0x0d,0x0d,0x0d,0x0d,0x0d,0x0d,0x0d,0x0d,0x0d,0x15,0x15,0x15,0x0d,0x0d,0x0d,0x0d,0x0d,0x0d,0x0d,0x0d,
  0x0d,0x0d,0x0d,0x15,0x15,0x27,0xe2,0xc7,0xe2,0xe2,0xc8,0xb5,0x96,0x89,0x47,0x46,0x46,0x47,0x94,0xc7,0x19,0x0d,0x0d,0x0d,
  0x0d,0x0d,0x15,0x0d,0x1a,0x81,0x3c,0x2c,0x2a,0x22,0x2b,0x2c,0x2c,0x2b,0x3b,0x41,0x48,0x57,0x8a,0x94,0xa8,0xb7,0xbb,0xe8,
  0x20,0x0d,0x15,0x0d,0x0d,0x0d,0x0d,0x15,0x0d,0x18,0x3f,0x3f,0x46,0x47,0x55,0xce,0x19,0x0d,0x15,0x0d,0x0d,0x15,0x0d,0x1c,
  0xb9,0xb7,0x36,0x16,0x0d,0x15,0x0d,0x0d,0x15,0x0d,0x1a,0xe9,0xb1,0xae,0xa7,0x99,0x92,0x8f,0x8b,0x87,0x87,0x87,0x88,0x88,
  0x88,0x88,0x82,0x8a,0x49,0x57,0x8a,0x96,0xa8,0xb0,0xbe,0xbd,0xbd,0xbe,0xa8,0xb0,0xb0,0xa8,0xa4,0xd9,0x21,0x0d,0x15,0x0d,
  0x0d,0x0d,0x0d,0x0d,0x0d,0x0d,0x0d,0x15,0x0d,0x20,0xc3,0x54,0x83,0x31,0x4b,0x4d,0x4d,0x4d,0x4d,0x4d,0x51,0x9b,0x8e,0x8c,
  0x8d,0x59,0xa0,0xa0,0x91,0x87,0x85,0x90,0x91,0x87,0x85,0x87,0x91,0x90,0x87,0x7f,0x8f,0x8f,0x87,0x80,0x80,0x9a,0xa0,0xa1,
  0x8f,0x87,0x88,0x48,0x43,0x80,0x83,0x85,0x1e,0x23,0x23,0x1e,0x1e,0x23,0x25,0x23,0x23,0x23,0x23,0x23,0x1e,0x1e,0x1e,0x1e,
  0x23,0x23,0x23,0x23,0x23,0x1e,0x1e,0x1e,0x23,0x25,0x23,0x1e,0x1e,0x1e,0x1e,0x23,0x23,0x23,0x2c,0x40,0x3b,0x3b,0x7b,0x4b,
  0x4d,0x9b,0x59,0xa2,0xad,0xc7,0x18,0x0d,0x15,0x0d,0x0d,0x0d,0x15,0x0d,0x18,0xe8,0xf3,0xec,0xdb,0xd4,0xd4,0xc4,0xc3,0xac,
  0x9e,0x9c,0x8e,0x9b,0x8c,0x3c,0x2b,0x22,0x45,0x85,0x9b,0x8f,0x8c,0x7f,0x45,0x7b,0x7b,0x7c,0x82,0x82,0xa0,0x27,0x16,0x0d,
  0x15,0x0d,0x0d,0x0d,0x0d,0x15,0x0d,0x19,0xe9,0xeb,0xbd,0xa9,0xa8,0xb7,0xe7,0x1a,0x0d,0x15,0x0d,0x0d,0x0d,0x0d,0x0d,0x15,
  0x0d,0x0d,0x0d,0x0d,0x15,0x15,0x15,0x0d,0x0d,0x0d,0x0d,0x0d,0x0d,0x0d,0x0d,0x0d,0x0d,0x0d,0x15,0x15,0x0d,0x0d,0x0d,0x0d,
  0x16,0x19,0x1d,0x1d,0x0d,0x15,0x0d,0x0d,0x0d,0x0d,0x0d,0x15,0x0d,0x1d,0xee,0xb3,0xb7,0x96,0x94,0x8a,0x57,0x47,0x46,0x3f,
  0x3f,0x46,0x8a,0xc8,0x19,0x0d,0x15,0x0d,0x0d,0x0d,0x15,0x0d,0x1a,0x86,0x3e,0x3b,0x2b,0x2a,0x2c,0x2b,0x2c,0x2c,0x3b,0x3c,
  0x43,0x49,0x57,0x8a,0x98,0xa8,0xb5,0xc8,0xc7,0x18,0x0d,0x15,0x0d,0x0d,0x0d,0x0d,0x15,0x0d,0x1d,0x48,0x3f,0x46,0x55,0xce,
  0x19,0x0d,0x15,0x0d,0x0d,0x15,0x0d,0x1c,0xc5,0xbe,0x27,0x0d,0x0d,0x0d,0x0d,0x0d,0x15,0x0d,0x1c,0xe8,0xaf,0xae,0xa1,0x99,
  0x99,0x8b,0x8f,0x8b,0x8b,0x88,0x87,0x87,0x88,0x87,0x93,0x92,0x47,0x47,0x57,0x89,0x94,0x96,0x98,0xa8,0xa8,0x98,0x96,0x96,
  0xa8,0x98,0xb7,0x95,0x17,0x0d,0x0d,0x0d,0x0d,0x0d,0x0d,0x0d,0x0d,0x0d,0x0d,0x15,0x0d,0x21,0xc1,0x8c,0x4d,0x33,0x31,0x4f,
  0x50,0x4f,0x4c,0x4d,0x4f,0x4f,0x9b,0x9d,0x8e,0x54,0xa0,0xa0,0x91,0x59,0x8e,0x8e,0x91,0x59,0x87,0x91,0x59,0x8e,0x8f,0x8f,
  0x85,0x8e,0x8e,0x8e,0x59,0x87,0xa2,0xaa,0x9e,0x91,0x86,0x80,0x45,0x45,0x59,0x8d,0x23,0x23,0x23,0x23,0x23,0x25,0x2e,0x25,
  0x23,0x23,0x23,0x23,0x23,0x1e,0x1e,0x1e,0x23,0x23,0x23,0x1e,0x1e,0x1e,0x1e,0x1e,0x23,0x23,0x1e,0x1e,0x1e,0x1e,0x1e,0x1e,
  0x1e,0x23,0x2c,0x2c,0x2c,0x40,0x4e,0x4f,0x4f,0x8e,0xa2,0x61,0xc4,0xc7,0x17,0x0d,0x11,0x0d,0x0d,0x0d,0x15,0x0d,0x19,0xea,
  0xee,0xec,0xda,0xd7,0xd6,0xc4,0xc1,0x60,0x8e,0x8d,0x9d,0x8e,0x9b,0x9b,0x4e,0x3c,0x7e,0x80,0x83,0x8c,0x83,0x80,0x7c,0x7b,
  0x7e,0x82,0x82,0x8f,0x46,0x17,0x0d,0x15,0x0d,0x0d,0x0d,0x0d,0x15,0x0d,0x17,0x69,0xef,0xcc,0xa8,0xa8,0xa6,0xc6,0x36,0x17,
  0x0d,0x0d,0x0d,0x0d,0x0d,0x0d,0x0d,0x0d,0x15,0x15,0x15,0x0d,0x0d,0x0d,0x0d,0x0d,0x0d,0x0d,0x0d,0x0d,0x0d,0x15,0x15,0x15,
  0x0d,0x0d,0x0d,0x0d,0x15,0x18,0x1c,0x21,0x36,0xc8,0xee,0xba,0x18,0x0d,0x0d,0x0d,0x0d,0x0d,0x0d,0x15,0x0d,0x18,0xa6,0x99,
  0x94,0x94,0x89,0x47,0x46,0x46,0x2d,0x2d,0x3f,0x3f,0x55,0xcd,0x19,0x0d,0x15,0x0d,0x0d,0x0d,0x15,0x0d,0x19,0x81,0x41,0x3d,
  0x2c,0x2c,0x2c,0x2c,0x2c,0x2c,0x2c,0x2c,0x3c,0x7d,0x89,0x8a,0x96,0xa8,0xb0,0xbb,0xe8,0x21,0x0d,0x15,0x0d,0x0d,0x0d,0x0d,
  0x0d,0x0d,0x16,0x3f,0x81,0x49,0x89,0xcd,0x19,0x0d,0x15,0x0d,0x0d,0x15,0x0d,0x1c,0xc6,0xc8,0x27,0x0d,0x0d,0x0d,0x0d,0x0d,
  0x15,0x0d,0x1d,0xe8,0xaf,0xae,0x9a,0x99,0x93,0x93,0x93,0x8b,0x8b,0x8b,0x87,0x87,0x8b,0x8b,0x8b,0x8b,0x82,0x48,0x46,0x47,
  0x57,0x8a,0x94,0x96,0x96,0x96,0x94,0x94,0x96,0x94,0xc5,0x1a,0x0d,0x15,0x0d,0x0d,0x0d,0x0d,0x0d,0x0d,0x0d,0x0d,0x0d,0x15,
  0x0d,0x21,0x9f,0x4f,0x4b,0x4c,0x4c,0x50,0x8c,0x4f,0x4c,0x50,0x4d,0x8c,0x30,0x21,0x27,0xc3,0xc3,0xa1,0x91,0x91,0x91,0x9e,
  0x91,0x59,0x91,0xa0,0xa0,0x9e,0x59,0x8d,0x8c,0x9e,0xa0,0x9c,0x9e,0x91,0xa2,0x56,0x59,0x9e,0x56,0x59,0x84,0x7e,0x90,0x8e,
  0x2c,0x3b,0x2c,0x23,0x23,0x25,0x2e,0x2e,0x23,0x23,0x23,0x23,0x23,0x1e,0x1e,0x1e,0x1e,0x1e,0x23,0x1e,0x1e,0x1e,0x1b,0x1e,
  0x23,0x1e,0x1e,0x1e,0x1e,0x1e,0x1e,0x1e,0x1e,0x23,0x2c,0x3d,0x2c,0x31,0x4b,0x4d,0x9b,0x9c,0xa0,0xaa,0xc6,0x69,0x17,0x0d,
  0x15,0x0d,0x0d,0x0d,0x15,0x0d,0x19,0xf7,0xec,0xda,0xd7,0xd7,0xd1,0xcf,0xc0,0x9d,0x9c,0x8e,0x7b,0x8c,0x9b,0x4f,0x4d,0x83,
  0x4f,0x83,0x80,0x7f,0x7c,0x7c,0x7b,0x7b,0x82,0x82,0x87,0x46,0x18,0x0d,0x15,0x0d,0x0d,0x0d,0x0d,0x0d,0x15,0x0d,0x27,0xfd,
  0xe4,0xbd,0xa8,0xa8,0xa4,0xe8,0x21,0x0d,0x15,0x0d,0x0d,0x0d,0x0d,0x0d,0x0d,0x0d,0x0d,0x0d,0x0d,0x0d,0x0d,0x0d,0x0d,0x0d,
  0x0d,0x0d,0x0d,0x15,0x15,0x0d,0x0d,0x0d,0x0d,0x17,0x1a,0x20,0x27,0xb3,0xe8,0xee,0xe5,0xcd,0xbb,0xce,0x1d,0x0d,0x15,0x0d,
  0x0d,0x0d,0x0d,0x0d,0x15,0x0e,0x21,0x97,0x55,0x57,0x47,0x3f,0x3f,0x3f,0x3a,0x3a,0x3a,0x2d,0x55,0xd9,0x1a,0x0d,0x15,0x0d,
  0x0d,0x0d,0x11,0x0d,0x19,0x82,0x41,0x3d,0x3b,0x3b,0x2c,0x2c,0x2c,0x2c,0x2c,0x2c,0x3b,0x48,0x57,0x94,0x96,0xa8,0xa8,0xbe,
  0xbd,0xcd,0x1a,0x0d,0x15,0x0d,0x0d,0x0d,0x0d,0x15,0x0d,0x1c,0x99,0x57,0x89,0xcd,0x19,0x0d,0x15,0x0d,0x0d,0x15,0x0d,0x1a,
  0xc6,0xce,0x21,0x0d,0x15,0x0d,0x0d,0x0d,0x15,0x0d,0x20,0xe8,0xaf,0xa7,0x9a,0x9a,0x93,0x93,0x93,0x92,0x8b,0x87,0x88,0x8b,
  0x8b,0x8b,0x93,0x87,0x8b,0x8b,0x49,0x49,0x8a,0x8a,0x8a,0x89,0x89,0x89,0x8a,0x8a,0x55,0xae,0x1f,0x0d,0x15,0x0d,0x0d,0x0d,
  0x0d,0x0d,0x0d,0x0d,0x0d,0x0d,0x0d,0x0d,0x0d,0x21,0x9d,0x4d,0x4d,0x4c,0x4a,0x4c,0x50,0x50,0x4c,0x4a,0x50,0x1f,0x15,0x0d,
  0x16,0x1a,0x21,0x53,0xc0,0x9f,0x9c,0x59,0x59,0x59,0xa0,0xa0,0x91,0xa0,0x9c,0x91,0x9d,0x9c,0x91,0xa2,0x9f,0x9b,0x9c,0x56,
  0x59,0x91,0xa1,0x9e,0x91,0xa1,0xa2,0x9e,0x2c,0x2c,0x2c,0x2c,0x2c,0x2c,0x2e,0x2f,0x23,0x23,0x23,0x1e,0x23,0x1e,0x1b,0x1e,
  0x1e,0x23,0x23,0x1e,0x23,0x1e,0x1b,0x1e,0x23,0x23,0x23,0x1e,0x23,0x23,0x1e,0x23,0x23,0x2c,0x2c,0x3b,0x3d,0x42,0x4b,0x4d,
  0x8c,0x59,0xa0,0x60,0xc5,0xbb,0x17,0x0d,0x15,0x0d,0x0d,0x0d,0x15,0x0d,0x1a,0xf7,0xd2,0xd7,0xd6,0xd1,0xc1,0xc1,0x9f,0xc0,
  0x9f,0x9f,0x9b,0x45,0x4e,0x9b,0x8c,0x4f,0x4f,0x83,0x4f,0x80,0x7c,0x45,0x7b,0x7f,0x82,0x8f,0x47,0x18,0x0d,0x15,0x0d,0x0d,
  0x0d,0x0d,0x0d,0x15,0x0d,0x20,0xfe,0xe4,0xc8,0xa8,0xa8,0x96,0x94,0xc6,0x1c,0x0d,0x15,0x0d,0x0d,0x0d,0x0d,0x0d,0x0d,0x0d,
  0x0d,0x0d,0x0d,0x0d,0x0d,0x0d,0x0d,0x15,0x15,0x0d,0x0d,0x0d,0x0d,0x16,0x19,0x1d,0x27,0xb3,0xee,0xfa,0xe8,0xe2,0xc7,0xc7,
  0xe2,0xe5,0xe2,0xcd,0x27,0x16,0x0d,0x0d,0x0d,0x0d,0x0d,0x0d,0x15,0x0d,0x1b,0x96,0x49,0x47,0x46,0x3f,0x2d,0x2d,0x3a,0x2a,
  0x3a,0x3f,0x55,0xd9,0x1a,0x0d,0x15,0x0d,0x0d,0x0d,0x15,0x0d,0x19,0x49,0x41,0x3d,0x3d,0x3b,0x2c,0x3b,0x2c,0x2c,0x2c,0x2c,
  0x2c,0x43,0x81,0x8a,0x95,0x96,0xa8,0xb5,0xbf,0xe8,0x27,0x15,0x0d,0x0d,0x0d,0x0d,0x0d,0x0d,0x15,0x15,0x27,0x8a,0x55,0xce,
  0x19,0x0d,0x15,0x0d,0x0d,0x15,0x0d,0x1a,0xc6,0xcd,0x21,0x0d,0x15,0x0d,0x0d,0x0d,0x15,0x0d,0x21,0xd9,0xa6,0xa1,0x9a,0xa0,
  0x93,0x93,0x93,0x93,0x8f,0x8b,0x8b,0x92,0x93,0x93,0x8b,0x8b,0x8b,0x8f,0x87,0x87,0x8b,0x89,0x81,0x48,0x49,0x57,0x57,0x49,
  0x96,0x27,0x16,0x15,0x15,0x0d,0x0d,0x0d,0x0d,0x0d,0x0d,0x0d,0x0d,0x0d,0x0d,0x0d,0x0d,0x21,0x51,0x4b,0x33,0x4a,0x4a,0x4c,
  0x4a,0x4a,0x4a,0x4a,0x31,0x17,0x0d,0x15,0x0d,0x0d,0x0d,0x17,0x1c,0x21,0x56,0xc0,0xc0,0x9b,0x91,0xa0,0xa0,0xa0,0x9c,0x9b,
  0x9b,0x5f,0x60,0x61,0xc1,0x9f,0xa2,0x9d,0x56,0xa2,0x60,0x9e,0xa2,0xac,0x60,0x9d,0x2c,0x2a,0x2a,0x23,0x3b,0x31,0x3b,0x2c,
  0x1e,0x22,0x1e,0x1e,0x1e,0x1e,0x1e,0x1e,0x1e,0x23,0x1e,0x1e,0x1e,0x1b,0x1e,0x1e,0x1e,0x23,0x23,0x23,0x23,0x23,0x23,0x23,
  0x23,0x2c,0x2c,0x23,0x3b,0x42,0x4e,0x4f,0x4f,0x8c,0x9e,0xa2,0xc5,0xb3,0x16,0x0d,0x0d,0x0d,0x0d,0x0d,0x15,0x0d,0x1a,0xf8,
  0xda,0xd6,0xd0,0xcf,0xc1,0x9f,0x9b,0x9d,0x9c,0x9c,0x9f,0x8c,0x9d,0x9f,0x9d,0x9c,0x56,0x80,0x83,0x7f,0x7f,0x83,0x88,0x86,
  0xa0,0x47,0x18,0x0d,0x15,0x0d,0x0d,0x0d,0x0d,0x0d,0x15,0x0d,0x1c,0xfc,0xe8,0xc8,0x96,0x96,0x8a,0x57,0x47,0x46,0x18,0x0d,
  0x0d,0x15,0x0d,0x0d,0x0d,0x0d,0x0d,0x0d,0x0d,0x0d,0x0d,0x0d,0x15,0x15,0x0d,0x0d,0x0d,0x0d,0x17,0x1c,0x20,0x36,0xe7,0xf7,
  0xee,0xe5,0xe2,0xe0,0xe2,0xe2,0xe5,0xe7,0xe2,0xc8,0xc8,0xbd,0xce,0x1a,0x0d,0x15,0x0d,0x0d,0x0d,0x0d,0x11,0x0d,0x17,0x46,
  0x47,0x46,0x3f,0x2d,0x3a,0x3a,0x3a,0x3a,0x3c,0x3f,0x55,0xd9,0x1a,0x0d,0x15,0x0d,0x0d,0x0d,0x15,0x0d,0x18,0x48,0x43,0x40,
  0x3b,0x3b,0x3b,0x2c,0x2c,0x3b,0x2c,0x2c,0x2c,0x40,0x7d,0x8b,0x8a,0x94,0x98,0xa8,0xbd,0xc7,0xee,0x1c,0x0d,0x15,0x0d,0x0d,
  0x0d,0x0d,0x15,0x0d,0x1a,0x99,0x8a,0xd9,0x19,0x0d,0x15,0x0d,0x0d,0x15,0x0d,0x1a,0xc6,0xd9,0x21,0x0d,0x15,0x0d,0x0d,0x0d,
  0x15,0x0d,0x21,0xd9,0xa6,0xa7,0x91,0x93,0x99,0x91,0x91,0x99,0x93,0x93,0x93,0x93,0x93,0x8b,0x93,0x87,0x87,0x82,0x88,0x88,
  0x82,0x82,0x82,0x7d,0x57,0x57,0x57,0x8a,0x47,0x18,0x0d,0x15,0x0d,0x0d,0x0d,0x0d,0x0d,0x15,0x0d,0x0d,0x0d,0x0d,0x0d,0x0d,
  0x14,0x30,0x51,0x4c,0x33,0x4c,0x4c,0x4c,0x4c,0x4a,0x4a,0x4c,0x4b,0x17,0x0d,0x16,0x15,0x15,0x15,0x0d,0x0d,0x0d,0x18,0x1d,
  0x27,0xa3,0xc0,0xa3,0xa0,0x53,0x9b,0x59,0x5f,0x61,0xc1,0xc0,0x60,0x5d,0x50,0x2f,0x9d,0xc0,0x9c,0x9f,0x60,0x60,0xc1,0xc1,
  0x2a,0x22,0x22,0x22,0x23,0x40,0x40,0x2c,0x23,0x1e,0x1e,0x1e,0x1e,0x1e,0x1e,0x1e,0x1e,0x1e,0x1e,0x1e,0x1e,0x19,0x19,0x1b,
  0x1e,0x23,0x23,0x23,0x23,0x23,0x23,0x23,0x23,0x23,0x2c,0x2c,0x3d,0x40,0x7b,0x83,0x4f,0x4f,0x59,0xa2,0xd4,0xa4,0x16,0x0d,
  0x0d,0x0d,0x0d,0x0d,0x15,0x0d,0x1a,0xf8,0xd2,0xd1,0xc3,0xc1,0x9f,0x9f,0x9b,0x9b,0x9b,0x5e,0x9d,0x5e,0x9b,0x9c,0x9f,0x9f,
  0x8c,0x7c,0x7c,0x80,0x83,0x59,0x90,0xa1,0x36,0x18,0x0d,0x15,0x0d,0x0d,0x0d,0x0d,0x0d,0x15,0x0d,0x1a,0xee,0xe5,0xcc,0xa8,
  0x98,0x96,0x8a,0x57,0x57,0x21,0x0e,0x13,0x0d,0x0d,0x0d,0x0d,0x0d,0x0d,0x0d,0x0d,0x15,0x15,0x15,0x0d,0x0d,0x0d,0x15,0x18,
  0x1d,0x27,0xbb,0xee,0xf9,0xe5,0xcd,0xc7,0xe0,0xe5,0xe9,0xe2,0xc8,0xbd,0xc6,0xc8,0xc8,0xc8,0xc8,0xbb,0xe8,0x20,0x0d,0x15,
  0x0d,0x0d,0x0d,0x0d,0x0d,0x15,0x0d,0x1f,0x48,0x3f,0x2d,0x2b,0x2a,0x2b,0x3a,0x3b,0x3c,0x44,0x55,0xce,0x1a,0x0d,0x15,0x0d,
  0x0d,0x0d,0x0d,0x0d,0x18,0x48,0x45,0x40,0x3b,0x2c,0x2c,0x2c,0x3b,0x3b,0x2c,0x2c,0x3b,0x3b,0x44,0x82,0x93,0x94,0x96,0xa8,
  0xb7,0xc6,0xe2,0x69,0x17,0x0d,0x0d,0x0d,0x0d,0x0d,0x0d,0x15,0x0d,0x21,0xbe,0xcd,0x1a,0x0d,0x15,0x0d,0x0d,0x15,0x0d,0x1a,
  0xc6,0xd9,0x21,0x0d,0x15,0x0d,0x0d,0x0d,0x15,0x0d,0x21,0xd9,0xa5,0xa7,0x9a,0x93,0x91,0x9a,0x9a,0x9a,0x9a,0x93,0x93,0x93,
  0x8f,0x8b,0x87,0x8b,0x87,0x85,0x87,0x87,0x82,0x82,0x82,0x81,0x57,0x57,0x8a,0x8a,0x19,0x0d,0x15,0x0d,0x0d,0x0d,0x0d,0x0d,
  0x0d,0x0d,0x0d,0x0d,0x0d,0x0d,0x0d,0x0d,0x15,0x28,0x51,0x4b,0x4d,0x4c,0x4c,0x4c,0x4c,0x4b,0x50,0x4d,0x9d,0x1d,0x0d,0x0d,
  0x0d,0x15,0x15,0x11,0x15,0x0d,0x0d,0x0d,0x15,0x19,0x1f,0x28,0xc0,0xcf,0x67,0x5c,0x9f,0xc0,0x9f,0x9f,0xc1,0xc1,0x60,0xc0,
  0x30,0x46,0x90,0x9e,0x5d,0xc1,0x6a,0x6a,0x3e,0x45,0x3b,0x22,0x22,0x2b,0x2c,0x23,0x23,0x23,0x1e,0x1e,0x1e,0x1e,0x1b,0x1b,
  0x1b,0x1b,0x1b,0x1b,0x1e,0x1b,0x1b,0x1e,0x23,0x23,0x23,0x23,0x23,0x23,0x23,0x23,0x2c,0x2c,0x3d,0x7a,0x40,0x7a,0x7b,0x83,
  0x8c,0x56,0xa0,0xa2,0xdb,0xa4,0x16,0x0d,0x0d,0x0d,0x0d,0x0d,0x15,0x0d,0x1c,0xf8,0xd2,0xd0,0xc1,0x66,0xc0,0xc1,0xc0,0x9b,
  0x9b,0x9f,0x9d,0x9b,0x9b,0x9b,0x9d,0x8c,0x4e,0x7c,0x7c,0x80,0x85,0x54,0xc1,0x27,0x17,0x0d,0x15,0x0d,0x0d,0x0d,0x0d,0x0d,
  0x15,0x0d,0x19,0xe0,0xe9,0xcc,0xa8,0x96,0x96,0x94,0x94,0x55,0x57,0x1c,0x0d,0x15,0x0d,0x0d,0x0d,0x0d,0x0d,0x15,0x15,0x15,
  0x0d,0x0d,0x0d,0x16,0x1a,0x20,0x27,0xbb,0xee,0xe9,0xe2,0xcc,0xcd,0xcd,0xe2,0xe2,0xcc,0xbd,0xb5,0xb7,0xb0,0xb7,0xb5,0xb7,
  0xbd,0xbd,0xbd,0xbd,0xcd,0xa4,0x17,0x0d,0x15,0x0d,0x0d,0x0d,0x0d,0x11,0x0d,0x19,0x2d,0x3a,0x2a,0x22,0x2a,0x2c,0x3b,0x3b,
  0x3e,0x48,0x55,0xc5,0x1b,0x0d,0x15,0x0d,0x0d,0x0d,0x0d,0x0d,0x18,0x48,0x45,0x40,0x3b,0x3b,0x2c,0x2c,0x2c,0x3d,0x3d,0x3d,
  0x3d,0x3d,0x3e,0x82,0x8b,0x9a,0x96,0xa8,0xa8,0xbd,0xbb,0xf7,0x20,0x0d,0x15,0x0d,0x0d,0x0d,0x0d,0x15,0x0d,0x18,0x95,0xd9,
  0x1a,0x0d,0x15,0x0d,0x0d,0x15,0x0d,0x1a,0xc6,0xe7,0x21,0x0d,0x15,0x0d,0x0d,0x0d,0x15,0x0d,0x21,0xdb,0xa6,0xa7,0x9a,0x9a,
  0x93,0x9a,0x9a,0x9a,0x9a,0x93,0x91,0x93,0x93,0x92,0x8b,0x8b,0x87,0x8f,0x8b,0x88,0x82,0x7d,0x82,0x81,0x57,0x49,0x9a,0x1a,
  0x0d,0x15,0x0d,0x0d,0x0d,0x0d,0x0d,0x0d,0x16,0x1a,0x15,0x0d,0x0d,0x0d,0x0d,0x0d,0x16,0x36,0x9d,0x4d,0x4c,0x4c,0x4b,0x4c,
  0x4d,0x4c,0x50,0x8c,0x9d,0x4d,0x21,0x1b,0x17,0x0d,0x0d,0x0d,0x15,0x15,0x15,0x15,0x0d,0x0d,0x0d,0x16,0x1a,0x20,0x28,0x9d,
  0x5e,0x5f,0x5e,0x5e,0x61,0xac,0x60,0xd7,0x30,0x3b,0x56,0x8c,0x5f,0x6a,0x6a,0xcf,0xc1,0xc0,0x9d,0x42,0x22,0x22,0x22,0x22,
  0x23,0x23,0x1e,0x1b,0x1b,0x1b,0x19,0x19,0x19,0x1b,0x1b,0x1b,0x1e,0x1e,0x1e,0x1e,0x1e,0x1e,0x23,0x23,0x23,0x23,0x23,0x2c,
  0x2c,0x3b,0x40,0x7b,0x7a,0x45,0x7c,0x7e,0x8c,0x9e,0xac,0x60,0xd9,0x36,0x16,0x0d,0x0d,0x0d,0x0d,0x0d,0x15,0x0d,0x1c,0xdf,
  0xc2,0xc1,0x9d,0x9b,0x9d,0x5f,0x9f,0xc1,0x9d,0x9d,0x9f,0x9d,0x9b,0x9d,0x9b,0x51,0x4f,0x7f,0x7c,0x7c,0x86,0xc1,0x21,0x17,
  0x0d,0x15,0x0d,0x0d,0x0d,0x0d,0x0d,0x15,0x0d,0x19,0x69,0xf0,0xe2,0xb0,0x96,0x8a,0x57,0x89,0x94,0x89,0x49,0x19,0x0d,0x15,
  0x0d,0x0d,0x0d,0x0d,0x0d,0x0d,0x0d,0x0d,0x17,0x1a,0x20,0x36,0xee,0xf7,0xe7,0xc8,0xc7,0xcd,0xe2,0xe2,0xc8,0xb5,0xb7,0xb0,
  0xa8,0xa8,0xa8,0x98,0x98,0xa8,0xb0,0xa8,0xb7,0xb5,0xbe,0xbe,0xbb,0xef,0x1c,0x0d,0x15,0x0d,0x0d,0x0d,0x0d,0x0d,0x0d,0x15,
  0x22,0x22,0x22,0x22,0x2b,0x3b,0x3b,0x3c,0x41,0x44,0x57,0xce,0x1c,0x0d,0x15,0x0d,0x0d,0x0d,0x0d,0x0d,0x18,0x7f,0x45,0x40,
  0x3d,0x3d,0x3b,0x2c,0x3b,0x3d,0x3d,0x40,0x40,0x40,0x3b,0x7a,0x82,0x99,0x97,0x98,0xa8,0xb5,0xc8,0xcd,0xc7,0x18,0x0d,0x15,
  0x0d,0x0d,0x0d,0x0d,0x15,0x0d,0x1f,0xf7,0x19,0x0d,0x15,0x0d,0x0d,0x15,0x0d,0x19,0xbd,0xe7,0x21,0x0d,0x15,0x0d,0x0d,0x0d,
  0x15,0x0d,0x20,0xd9,0xa6,0xa7,0x9a,0x9a,0x93,0x87,0x93,0x9a,0x93,0x9a,0x99,0x90,0x92,0x93,0x8b,0x87,0x87,0x8b,0x88,0x82,
  0x82,0x82,0x82,0x82,0x57,0x97,0x1c,0x0d,0x15,0x0d,0x0d,0x0d,0x0d,0x0d,0x15,0x0d,0x20,0x21,0x0d,0x15,0x0d,0x0d,0x15,0x0d,
  0x16,0x36,0x9d,0x4b,0x4a,0x4c,0x50,0x4c,0x4f,0x50,0x4c,0x8c,0xc1,0xc3,0xc0,0xc0,0x37,0x20,0x1a,0x16,0x0d,0x0d,0x15,0x15,
  0x15,0x11,0x15,0x0d,0x0d,0x0d,0x16,0x1d,0x9d,0x51,0x9f,0x4d,0x66,0xc1,0xc2,0xd4,0x9f,0x5e,0xc0,0x5e,0xd1,0xc2,0xc2,0xd0,
  0x9f,0x9d,0x51,0x45,0x22,0x1e,0x22,0x1e,0x1e,0x23,0x23,0x22,0x1e,0x19,0x19,0x18,0x18,0x19,0x1b,0x1b,0x1e,0x1e,0x1b,0x1b,
  0x1e,0x1e,0x23,0x23,0x23,0x23,0x2c,0x2c,0x2c,0x40,0x40,0x7a,0x7a,0x7b,0x85,0x8e,0x8d,0x9c,0xa2,0x60,0xd9,0x36,0x16,0x11,
  0x0d,0x0d,0x0d,0x0d,0x15,0x0d,0x1d,0xdf,0xac,0x66,0x5e,0x4b,0x50,0x9d,0xc0,0xc1,0x60,0x9f,0x9d,0x9c,0x9f,0x9c,0x8d,0x9b,
  0x9b,0x8c,0x4e,0x7f,0x9e,0x20,0x16,0x0d,0x15,0x0d,0x0d,0x0d,0x0d,0x0d,0x15,0x0d,0x18,0x69,0xfa,0xe4,0xbd,0x96,0x89,0x47,
  0x47,0x49,0x8a,0x96,0x36,0x16,0x0d,0x0d,0x0d,0x0d,0x0d,0x15,0x0d,0x17,0x1a,0x27,0x69,0xee,0xf9,0xe8,0xcd,0xc7,0xcc,0xcd,
  0xc8,0xbd,0xa8,0x96,0x94,0x94,0x96,0x96,0x96,0x96,0x94,0x94,0x98,0x96,0x98,0x98,0xa8,0xa8,0xb7,0xb7,0xba,0xe9,0x27,0x15,
  0x0d,0x0d,0x0d,0x0d,0x0d,0x0d,0x15,0x0d,0x1b,0x22,0x22,0x2a,0x2b,0x3b,0x7a,0x3e,0x41,0x44,0x57,0xc5,0x1d,0x0d,0x15,0x0d,
  0x0d,0x0d,0x0d,0x0d,0x17,0x48,0x7c,0x7a,0x7a,0x3d,0x3b,0x2c,0x3b,0x3d,0x40,0x40,0x3d,0x40,0x3d,0x40,0x7f,0x87,0x99,0xa8,
  0xa8,0xb7,0xbd,0xc7,0xee,0x21,0x0d,0x15,0x0d,0x0d,0x0d,0x0d,0x0d,0x0d,0x17,0xaf,0x1a,0x0d,0x15,0x0d,0x0d,0x15,0x0d,0x19,
  0xc6,0xe7,0x27,0x0d,0x0d,0x0d,0x0d,0x0d,0x15,0x0d,0x1f,0xd9,0xa5,0xa7,0x9a,0x9a,0x87,0x82,0x8b,0x9a,0x9a,0x9a,0x9a,0xa0,
  0x90,0x92,0x87,0x87,0x88,0x82,0x82,0x82,0x82,0x82,0x82,0x57,0x9a,0x1d,0x0d,0x15,0x0d,0x0d,0x0d,0x0d,0x0d,0x15,0x0d,0x19,
  0xfd,0x20,0x0d,0x15,0x0d,0x0d,0x0d,0x0d,0x17,0x36,0x9b,0x33,0x4c,0x4c,0x4d,0x4d,0x4f,0x4f,0x4f,0x9f,0xc5,0xc4,0xc1,0x60,
  0xa3,0xd0,0xd0,0x27,0x1d,0x19,0x0d,0x0d,0x0d,0x15,0x15,0x15,0x15,0x15,0x0d,0x0d,0x21,0x66,0x5f,0x66,0xc0,0xc1,0xcf,0xd1,
  0xd0,0xc2,0xd0,0xcf,0xd1,0xd0,0xd1,0x67,0xc0,0x9d,0x9b,0x7c,0x3d,0x1e,0x1e,0x1e,0x1b,0x22,0x22,0x1e,0x1e,0x1b,0x18,0x16,
  0x16,0x18,0x18,0x1b,0x1b,0x1b,0x18,0x1b,0x1b,0x1e,0x23,0x23,0x23,0x23,0x2c,0x2c,0x2c,0x3b,0x7a,0x40,0x7a,0x7c,0x7f,0x8c,
  0x59,0x91,0x9e,0x60,0xd4,0x36,0x16,0x15,0x0d,0x0d,0x0d,0x0d,0x15,0x0d,0x1f,0xdf,0xc1,0xc0,0x9d,0x5e,0x4b,0x8d,0x9d,0x9d,
  0xc0,0x9d,0x9d,0x9d,0x9f,0x9b,0x8c,0x9b,0x9d,0x9b,0x8e,0xc1,0x1f,0x0d,0x0d,0x0d,0x0d,0x0d,0x0d,0x0d,0x0d,0x15,0x0d,0x18,
  0x69,0xfa,0xe4,0xc8,0xb0,0x94,0x49,0x3f,0x3f,0x3f,0x47,0xc6,0x20,0x0d,0x15,0x0d,0x0d,0x0d,0x0d,0x0d,0x16,0x27,0xff,0xfd,
  0xe9,0xe2,0xe0,0xe2,0xe2,0xc8,0xb0,0x98,0x94,0x8a,0x89,0x57,0x89,0x57,0x89,0x89,0x89,0x57,0x57,0x89,0x94,0x96,0x96,0x96,
  0x94,0x98,0xa8,0xa8,0xb7,0xcd,0xe7,0x19,0x0d,0x15,0x0d,0x15,0x0d,0x0d,0x0d,0x0d,0x17,0x2a,0x2b,0x2c,0x2c,0x3d,0x40,0x41,
  0x41,0x48,0x57,0xce,0x1d,0x0d,0x15,0x0d,0x0d,0x0d,0x0d,0x0d,0x17,0x42,0x80,0x7b,0x7a,0x40,0x3b,0x3b,0x3b,0x40,0x40,0x40,
  0x40,0x2a,0x3b,0x7a,0x7c,0x82,0x93,0x97,0xa8,0xa8,0xb5,0xc8,0xc8,0xe8,0x1a,0x0d,0x15,0x0d,0x0d,0x0d,0x0d,0x15,0x0d,0x1d,
  0x1a,0x0d,0x15,0x0d,0x0d,0x11,0x0d,0x19,0xc6,0xcd,0x36,0x16,0x0d,0x0d,0x0d,0x0d,0x15,0x0d,0x1c,0xd9,0x98,0xa1,0x9a,0x93,
  0x88,0x82,0x87,0x99,0x9a,0x9a,0x9a,0xa0,0x8f,0x8b,0x88,0x88,0x88,0x82,0x82,0x82,0x82,0x82,0x82,0x8b,0x1d,0x0d,0x15,0x11,
  0x0d,0x0d,0x0d,0x0d,0x15,0x0d,0x17,0x69,0xff,0x20,0x0d,0x15,0x0d,0x0d,0x0d,0x0d,0x17,0x37,0x9d,0x4d,0x4d,0x4c,0x50,0x4d,
  0x50,0x8c,0x9d,0x60,0xc1,0xc5,0xc4,0xd0,0xc2,0x61,0xc1,0xc3,0xd5,0x9f,0x27,0x1c,0x18,0x0d,0x0d,0x0d,0x15,0x15,0x16,0x0d,
  0x20,0xcf,0x5f,0x60,0xc0,0xc1,0xc2,0xcf,0xd1,0xd6,0xd1,0xd6,0x61,0xd0,0xc1,0x5c,0x90,0x8e,0x8c,0x3d,0x2c,0x1b,0x19,0x1b,
  0x1b,0x1e,0x22,0x1e,0x1e,0x1e,0x19,0x18,0x16,0x18,0x19,0x19,0x1b,0x1e,0x1b,0x1e,0x1e,0x1e,0x23,0x1e,0x23,0x23,0x23,0x23,
  0x3b,0x3b,0x7a,0x7a,0x40,0x7a,0x7e,0x8c,0x8e,0x59,0xa0,0xa2,0xd9,0x36,0x16,0x0d,0x0d,0x0d,0x0d,0x0d,0x15,0x0d,0x20,0xdf,
  0xc1,0xc1,0x9d,0x8c,0x4f,0x4f,0x51,0x9c,0x9d,0x9d,0x5e,0x9b,0x4f,0x8c,0x8c,0x8c,0x8c,0x9d,0x60,0x1c,0x0d,0x15,0x11,0x0d,
  0x0d,0x0d,0x0d,0x0d,0x15,0x0d,0x18,0x69,0xfa,0xe4,0xc8,0xb7,0xb0,0x94,0x46,0x3f,0x3f,0x3f,0x49,0xb9,0x1c,0x0d,0x15,0x0d,
  0x0d,0x0d,0x15,0x0d,0x19,0xff,0xea,0xe0,0xcd,0xe2,0xc8,0xbe,0xa8,0x96,0x94,0x94,0x8a,0x89,0x47,0x47,0x47,0x47,0x47,0x49,
  0x47,0x47,0x47,0x57,0x89,0x57,0x89,0x49,0x8a,0x96,0x96,0xa8,0xa8,0xb3,0xf7,0x20,0x0d,0x15,0x0d,0x0d,0x0d,0x0d,0x0d,0x0d,
  0x0d,0x23,0x2c,0x2c,0x2c,0x2c,0x40,0x7a,0x41,0x48,0x89,0xce,0x1f,0x0d,0x15,0x0d,0x0d,0x0d,0x0d,0x0d,0x16,0x42,0x80,0x45,
  0x7a,0x40,0x3b,0x3b,0x3b,0x40,0x40,0x40,0x40,0x2c,0x3d,0x40,0x7a,0x80,0x87,0x97,0xa8,0xa8,0xb7,0xbe,0xbb,0xe8,0x27,0x15,
  0x0d,0x0d,0x0d,0x0d,0x0d,0x0d,0x0d,0x16,0x17,0x0d,0x0d,0x0d,0x0d,0x15,0x0d,0x19,0xc6,0xc8,0xb3,0x17,0x0d,0x15,0x0d,0x0d,
  0x15,0x0d,0x1a,0xcd,0xb0,0xa1,0xa1,0x93,0x88,0x88,0x82,0x87,0x93,0x99,0x9a,0x99,0x93,0x87,0x87,0x88,0x88,0x82,0x82,0x82,
  0x82,0x49,0x99,0x1d,0x0d,0x15,0x0d,0x0d,0x0d,0x0d,0x0d,0x0d,0x15,0x0d,0x27,0xfa,0xfa,0x20,0x0d,0x15,0x0d,0x0d,0x0d,0x0d,
  0x17,0x37,0x9f,0x8e,0x51,0x8c,0x8c,0x51,0x50,0x8c,0x9b,0x9d,0x5d,0xc3,0xc5,0xc5,0xc5,0xc4,0xc4,0xc1,0x61,0xc3,0xcf,0xcf,
  0x53,0x21,0x1a,0x16,0x0d,0x0d,0x0d,0x16,0x36,0xc0,0x5f,0x60,0x9f,0x61,0xc1,0x66,0xd1,0xd2,0xd6,0xd2,0x66,0xc1,0x67,0xcf,
  0x3f,0x8e,0x4f,0x40,0x2b,0x22,0x22,0x19,0x1b,0x22,0x1e,0x19,0x19,0x19,0x1e,0x1b,0x19,0x19,0x19,0x19,0x1e,0x1e,0x1e,0x1e,
  0x23,0x23,0x23,0x23,0x23,0x1e,0x23,0x23,0x2c,0x40,0x40,0x40,0x7a,0x7b,0x83,0x8e,0x85,0x59,0xa0,0xa2,0xdb,0x36,0x15,0x15,
  0x0d,0x0d,0x0d,0x0d,0x15,0x0d,0x21,0xdf,0xac,0x66,0x5e,0x8c,0x9b,0x8c,0x8d,0x50,0x4c,0x9b,0x8c,0x4c,0x50,0x8c,0x9b,0x56,
  0x9f,0x37,0x1a,0x0d,0x15,0x0d,0x0d,0x0d,0x0d,0x0d,0x0d,0x15,0x0d,0x19,0x69,0xf0,0xe4,0xcc,0xbe,0xb7,0x98,0x57,0x47,0x46,
  0x46,0x47,0x8a,0x94,0x17,0x0d,0x0d,0x0d,0x0d,0x0d,0x15,0x0d,0x1d,0xff,0xe0,0xc8,0xbd,0xb5,0xb0,0xb0,0x98,0x8a,0x8a,0x57,
  0x57,0x46,0x3f,0x3f,0x46,0x46,0x3f,0x3f,0x3f,0x3f,0x3f,0x47,0x47,0x47,0x46,0x47,0x57,0x89,0x8a,0x96,0x96,0x98,0xe2,0xa4,
  0x17,0x0d,0x0d,0x0d,0x0d,0x0d,0x0d,0x15,0x0d,0x1b,0x3b,0x2c,0x2c,0x3d,0x7a,0x45,0x41,0x48,0x55,0xce,0x20,0x0d,0x15,0x0d,
  0x0d,0x0d,0x0d,0x0d,0x16,0x42,0x80,0x7a,0x40,0x40,0x3d,0x3b,0x2c,0x3d,0x40,0x3d,0x40,0x7a,0x7a,0x40,0x40,0x7b,0x88,0x99,
  0x96,0xa8,0xa8,0xb7,0xbd,0xc7,0xee,0x1c,0x0d,0x15,0x0d,0x0d,0x0d,0x0d,0x0d,0x0d,0x0d,0x0d,0x0d,0x0d,0x0d,0x15,0x0d,0x18,
  0xc6,0xbd,0xe0,0x19,0x0d,0x0d,0x0d,0x0d,0x0d,0x0d,0x17,0xaf,0xbe,0xa1,0x99,0x87,0x88,0x88,0x88,0x88,0x88,0x87,0x93,0x93,
  0x8b,0x88,0x88,0x82,0x82,0x82,0x7d,0x82,0x81,0x9a,0x1d,0x0d,0x15,0x0d,0x0d,0x0d,0x0d,0x0d,0x0d,0x15,0x0d,0x1f,0xfd,0xe0,
  0xf9,0x20,0x0d,0x15,0x0d,0x0d,0x0d,0x0d,0x17,0x37,0xa3,0x9b,0x51,0x4f,0x9d,0xa3,0x51,0x51,0x9b,0x9d,0x5d,0xc1,0xc1,0xc3,
  0xc4,0xc5,0xc5,0xc4,0xc3,0xcf,0x61,0x60,0xac,0xcf,0xcf,0x36,0x20,0x1a,0x1c,0x27,0x66,0x5b,0xc0,0xc0,0x60,0xc0,0xc0,0xc0,
  0xd1,0xd1,0xd1,0xd1,0x66,0x66,0x6a,0xd1,0xa3,0x9b,0x7b,0x3b,0x2b,0x22,0x22,0x1e,0x19,0x1e,0x22,0x22,0x22,0x1e,0x22,0x1e,
  0x1b,0x1b,0x1b,0x1b,0x1e,0x1e,0x23,0x23,0x23,0x23,0x23,0x23,0x23,0x23,0x23,0x23,0x2c,0x3b,0x3b,0x3b,0x40,0x45,0x7f,0x4f,
  0x4f,0x90,0xa0,0x60,0xdb,0x27,0x15,0x15,0x0d,0x0d,0x0d,0x0d,0x15,0x0d,0x21,0xdd,0x60,0x51,0x51,0x9d,0x9b,0x8c,0x50,0x4a,
  0x4a,0x50,0x4f,0x50,0x50,0x4f,0x56,0xc3,0x27,0x18,0x0d,0x15,0x0d,0x0d,0x0d,0x0d,0x0d,0x0d,0x15,0x0d,0x19,0xc7,0xf0,0xe4,
  0xcd,0xbd,0xb7,0xa8,0x94,0x47,0x3f,0x3f,0x47,0x55,0xae,0x21,0x0d,0x15,0x0d,0x0d,0x0d,0x0d,0x15,0x0d,0x27,0xe7,0xa6,0xa8,
  0xb0,0xb0,0xa8,0xa8,0x89,0x49,0x49,0x46,0x46,0x46,0x3f,0x2d,0x3f,0x3f,0x2d,0x2d,0x2d,0x2d,0x2d,0x3f,0x46,0x3f,0x3f,0x3f,
  0x47,0x57,0x57,0x89,0x94,0x94,0xb3,0xd9,0x1c,0x0d,0x15,0x0d,0x0d,0x0d,0x0d,0x11,0x0d,0x16,0x2b,0x2c,0x2c,0x40,0x7a,0x45,
  0x41,0x48,0x55,0xc8,0x20,0x0d,0x15,0x0d,0x0d,0x0d,0x0d,0x0d,0x16,0x30,0x7c,0x7a,0x40,0x40,0x3b,0x2c,0x3b,0x3d,0x40,0x40,
  0x40,0x40,0x40,0x40,0x3d,0x7a,0x80,0x87,0x99,0x96,0x98,0xa8,0xb5,0xc8,0xe7,0x69,0x17,0x0d,0x0d,0x0d,0x0d,0x0d,0x0d,0x0d,
  0x0d,0x0d,0x0d,0x0d,0x0d,0x15,0x0d,0x18,0xbe,0xbb,0xee,0x1c,0x0d,0x15,0x0d,0x0d,0x0d,0x15,0x0d,0x27,0xc3,0xa0,0x8f,0x87,
  0x87,0x88,0x88,0x88,0x88,0x82,0x87,0x87,0x82,0x82,0x82,0x82,0x7d,0x7d,0x7d,0x81,0x58,0x1c,0x0d,0x15,0x0d,0x0d,0x0d,0x0d,
  0x0d,0x0d,0x15,0x0d,0x1c,0xfd,0xe8,0xe0,0xee,0x20,0x0d,0x15,0x0d,0x0d,0x0d,0x0d,0x17,0x53,0xac,0x59,0x8e,0x51,0x9f,0x9b,
  0x50,0x9b,0x9b,0x9d,0x5d,0x5c,0x60,0xc1,0xc1,0xc1,0xc1,0xc4,0xc4,0xc2,0xc1,0xc2,0xc2,0xc1,0x61,0xcf,0xd6,0xd6,0xd6,0xcf,
  0x5f,0x5e,0x9f,0x5f,0x61,0xc1,0xc1,0xcf,0xcf,0xd0,0xd0,0xd0,0xc1,0xcf,0xd6,0xd1,0xc1,0x9d,0x9b,0x7c,0x45,0x7a,0x1e,0x1e,
  0x19,0x18,0x22,0x2c,0x4a,0x2b,0x1b,0x1e,0x1e,0x1b,0x1e,0x1e,0x1e,0x23,0x23,0x23,0x23,0x1e,0x23,0x23,0x23,0x23,0x23,0x23,
  0x2c,0x2c,0x2c,0x3d,0x40,0x7a,0x7c,0x8c,0x8d,0x91,0xa0,0xa2,0xce,0x27,0x15,0x15,0x0d,0x0d,0x0d,0x0d,0x15,0x0d,0x27,0xdb,
  0x9f,0x9d,0x51,0x4f,0x9b,0x4f,0x4b,0x4c,0x4a,0x4b,0x50,0x50,0x4d,0x9b,0xc0,0x20,0x16,0x0d,0x15,0x0d,0x0d,0x0d,0x0d,0x0d,
  0x0d,0x15,0x0d,0x19,0xc7,0xeb,0xe4,0xcd,0xbe,0xb5,0xb7,0x98,0x89,0x49,0x3f,0x3f,0x47,0x8a,0xce,0x1d,0x0d,0x15,0x0d,0x0d,
  0x0d,0x11,0x0d,0x18,0xbb,0xb5,0xb1,0x98,0x97,0x96,0x96,0x94,0x57,0x49,0x46,0x46,0x46,0x3f,0x3f,0x2d,0x2d,0x2b,0x24,0x2d,
  0x2d,0x2d,0x41,0x44,0x44,0x43,0x41,0x41,0x41,0x47,0x57,0x89,0x8a,0x94,0xa4,0xcd,0x27,0x11,0x0d,0x0d,0x0d,0x0d,0x0d,0x0d,
  0x15,0x0d,0x1e,0x40,0x3d,0x40,0x41,0x45,0x7b,0x7d,0x89,0xce,0x20,0x0d,0x15,0x0d,0x0d,0x0d,0x0d,0x0d,0x16,0x30,0x80,0x45,
  0x7a,0x40,0x40,0x3b,0x2c,0x3b,0x3b,0x3d,0x3d,0x40,0x3d,0x3d,0x2c,0x3d,0x7c,0x88,0x93,0x96,0x96,0xa8,0xb7,0xbd,0xc7,0xf9,
  0x20,0x0d,0x15,0x0d,0x0d,0x0d,0x0d,0x0d,0x0d,0x0d,0x0d,0x0d,0x0d,0x15,0x0d,0x18,0xbd,0xc7,0xf7,0x20,0x0d,0x15,0x0d,0x0d,
  0x0d,0x15,0x0d,0x1d,0xc5,0x90,0x8b,0x87,0x87,0x87,0x87,0x87,0x88,0x82,0x82,0x82,0x82,0x7d,0x7d,0x48,0x48,0x48,0x87,0x52,
  0x1a,0x0d,0x15,0x0d,0x0d,0x0d,0x0d,0x0d,0x0d,0x15,0x0d,0x1a,0xe8,0xe9,0xe5,0xc7,0xf9,0x20,0x0d,0x15,0x0d,0x0d,0x0d,0x0d,
  0x17,0x5c,0xad,0x9e,0x9d,0x8c,0x9e,0x9d,0x51,0x51,0x9b,0x5f,0x9d,0x5e,0xc0,0xc0,0x60,0xc1,0x5d,0x61,0xc4,0xc2,0xc4,0xc5,
  0xc5,0xc4,0xc3,0xc1,0xc1,0xc1,0xc1,0xac,0xc0,0x9f,0x9d,0xc0,0xc0,0x9f,0xc0,0x61,0x6a,0x6a,0x6a,0xc2,0xcf,0x66,0xcf,0xd6,
  0x9e,0xd0,0x9c,0x9b,0x85,0x7e,0x3d,0x2b,0x22,0x2a,0x2c,0x3d,0x51,0x22,0x18,0x1b,0x1e,0x1e,0x23,0x23,0x23,0x23,0x23,0x23,
  0x23,0x23,0x23,0x1e,0x23,0x23,0x23,0x23,0x23,0x2c,0x2c,0x40,0x40,0x40,0x7f,0x9d,0x9b,0x91,0xa2,0xa2,0xdb,0x27,0x15,0x0d,
  0x0d,0x0d,0x0d,0x0d,0x15,0x0d,0x27,0xd6,0x9d,0x5e,0x50,0x50,0x4f,0x50,0x50,0x50,0x50,0x4f,0x51,0x4f,0x9d,0x53,0x1c,0x0d,
  0x0d,0x15,0x0d,0x0d,0x0d,0x0d,0x0d,0x15,0x15,0x0d,0x1c,0xd8,0xe9,0xe5,0xcd,0xc6,0xbe,0xb0,0x98,0x94,0x89,0x57,0x57,0x47,
  0x47,0x8a,0xb1,0x19,0x0d,0x15,0x0d,0x0d,0x0d,0x15,0x0d,0x1c,0xee,0xa6,0x98,0x8a,0x89,0x57,0x8a,0x89,0x89,0x89,0x47,0x3f,
  0x3f,0x46,0x3f,0x2b,0x23,0x3c,0x3a,0x3c,0x3c,0x3c,0x43,0x41,0x3e,0x3b,0x3b,0x3b,0x41,0x48,0x57,0x57,0x8a,0x8a,0x95,0xb7,
  0xbb,0x19,0x0d,0x15,0x0d,0x0d,0x0d,0x0d,0x15,0x0d,0x18,0x40,0x40,0x40,0x3d,0x7a,0x7b,0x7d,0x89,0xd9,0x20,0x0d,0x15,0x0d,
  0x0d,0x0d,0x0d,0x0d,0x15,0x30,0x7f,0x45,0x7a,0x3d,0x3d,0x3b,0x3b,0x3b,0x3b,0x3d,0x3d,0x40,0x40,0x3b,0x3b,0x40,0x45,0x85,
  0x93,0x99,0x97,0xa9,0xa8,0xb5,0xc6,0xcc,0xc7,0x19,0x0d,0x15,0x0d,0x0d,0x0d,0x0d,0x0d,0x0d,0x0d,0x0d,0x0d,0x15,0x0d,0x18,
  0xbb,0xcc,0xe9,0x27,0x0d,0x0d,0x0d,0x0d,0x0d,0x15,0x0d,0x18,0xaf,0x9a,0x8b,0x87,0x87,0x88,0x88,0x88,0x88,0x88,0x82,0x82,
  0x82,0x7d,0x48,0x48,0x48,0x87,0x30,0x18,0x0d,0x15,0x0d,0x0d,0x0d,0x0d,0x0d,0x0d,0x15,0x0d,0x18,0xe0,0xf1,0xe5,0xe5,0xc7,
  0xe8,0x21,0x0d,0x15,0x0d,0x0d,0x0d,0x0d,0x17,0x5c,0xc4,0xa1,0x59,0x9e,0x9f,0x9d,0x8e,0x8c,0x9b,0x9b,0x9d,0x5e,0x9d,0x9f,
  0x5f,0x5d,0x5d,0xc1,0xc1,0xc1,0xc2,0xc4,0xc2,0xc2,0xc2,0xc2,0xc2,0xc2,0xc1,0xc1,0x9f,0x66,0x66,0xc0,0x66,0xc1,0x6a,0x66,
  0x66,0xc1,0x67,0xcf,0x66,0xd1,0xd6,0xd6,0xc3,0xc5,0xa3,0x9b,0x9f,0x4b,0x4c,0x4b,0x50,0x4e,0x7c,0x5e,0x3b,0x22,0x1b,0x1b,
  0x1e,0x1e,0x23,0x23,0x23,0x25,0x25,0x25,0x25,0x23,0x23,0x23,0x23,0x23,0x23,0x23,0x23,0x2c,0x2c,0x3b,0x3d,0x7a,0x8e,0x9b,
  0x4f,0x8e,0xa2,0xac,0xdb,0x27,0x0d,0x15,0x0d,0x0d,0x0d,0x0d,0x15,0x15,0x27,0xd5,0x9b,0x4c,0x50,0x51,0x4c,0x4c,0x50,0x50,
  0x9b,0x9c,0x9e,0xcf,0x28,0x18,0x0d,0x15,0x0d,0x0d,0x0d,0x0d,0x0d,0x0d,0x15,0x0d,0x0d,0x1d,0xee,0xe5,0xe2,0xce,0xbd,0xbd,
  0xbe,0x96,0x89,0x57,0x57,0x89,0x8a,0x8a,0x89,0xa9,0x27,0x15,0x0d,0x0d,0x0d,0x0d,0x0d,0x15,0x0d,0x21,0xd9,0x94,0x8a,0x49,
  0x46,0x46,0x57,0x57,0x89,0x89,0x57,0x46,0x3f,0x44,0x3c,0x2b,0x3b,0x3b,0x3c,0x3e,0x41,0x41,0x41,0x3b,0x2b,0x2b,0x3b,0x3b,
  0x3c,0x46,0x47,0x49,0x47,0x57,0x89,0xa6,0xe8,0x20,0x0d,0x15,0x0d,0x0d,0x0d,0x0d,0x0d,0x15,0x15,0x24,0x40,0x40,0x7a,0x7a,
  0x7b,0x88,0x94,0xd9,0x20,0x0d,0x15,0x0d,0x0d,0x0d,0x0d,0x0d,0x15,0x30,0x85,0x45,0x40,0x3d,0x3d,0x40,0x40,0x3d,0x40,0x3d,
  0x40,0x40,0x3d,0x40,0x3d,0x3d,0x7a,0x7e,0x87,0x8b,0x9a,0x98,0xa8,0xb5,0xbe,0xc7,0xee,0x27,0x0d,0x15,0x0d,0x0d,0x0d,0x0d,
  0x0d,0x0d,0x0d,0x0d,0x0d,0x0d,0x0d,0x17,0x69,0xcd,0xcd,0xbb,0x18,0x0d,0x0d,0x0d,0x0d,0x0d,0x15,0x0d,0x21,0xc4,0x86,0x87,
  0x88,0x88,0x88,0x88,0x82,0x82,0x82,0x82,0x82,0x82,0x48,0x7f,0x88,0x1f,0x16,0x0d,0x15,0x0d,0x0d,0x0d,0x0d,0x0d,0x0d,0x15,
  0x0d,0x17,0x69,0xfa,0xe4,0xe5,0xe5,0xc7,0xe8,0x21,0x0d,0x15,0x0d,0x0d,0x0d,0x0d,0x16,0x36,0xc3,0xa0,0xa0,0xa2,0x9f,0x9d,
  0x9c,0x9b,0x51,0x4f,0x5f,0x9d,0x5e,0x9d,0x5f,0x5d,0x60,0xc1,0x60,0x61,0xc1,0xc1,0xc1,0x61,0xc3,0xc3,0xc2,0xc1,0xc0,0xc0,
  0xc0,0x9f,0xc0,0x5e,0xc1,0x5f,0xc1,0xc1,0x67,0xcf,0x67,0x67,0x67,0xd6,0xd1,0xd6,0x87,0xac,0xd0,0x4e,0x51,0x4f,0x4c,0x83,
  0x8d,0x9f,0xc0,0x7e,0x22,0x1e,0x1e,0x1e,0x1e,0x1e,0x1e,0x23,0x23,0x23,0x25,0x25,0x23,0x23,0x23,0x23,0x23,0x25,0x25,0x23,
  0x2c,0x3b,0x3d,0x3b,0x7a,0x7c,0x9b,0x9c,0x8e,0x9c,0xa2,0x61,0xdb,0x27,0x11,0x15,0x0d,0x0d,0x0d,0x0d,0x15,0x16,0x36,0xcf,
  0x51,0x50,0x7e,0x4c,0x4c,0x50,0x4d,0x8c,0x9b,0x9f,0xc1,0x1f,0x16,0x0d,0x15,0x0d,0x0d,0x0d,0x0d,0x0d,0x0d,0x15,0x0d,0x15,
  0x20,0xfd,0xe4,0xd8,0xc5,0xc5,0xbe,0xb5,0xa9,0x99,0x49,0x49,0x57,0x89,0x94,0x96,0x94,0xc6,0x1f,0x0d,0x15,0x0d,0x0d,0x0d,
  0x15,0x0d,0x17,0xa4,0x98,0x89,0x49,0x46,0x3f,0x49,0x57,0x57,0x81,0x7d,0x48,0x3f,0x41,0x41,0x3e,0x3c,0x41,0x41,0x43,0x43,
  0x41,0x41,0x3c,0x2b,0x2b,0x2a,0x3a,0x3c,0x3e,0x3d,0x3f,0x46,0x46,0x47,0x57,0x96,0xe7,0x36,0x17,0x0d,0x0d,0x0d,0x0d,0x0d,
  0x0d,0x15,0x0d,0x1b,0x45,0x40,0x7a,0x45,0x7e,0x87,0x96,0xd9,0x20,0x0d,0x15,0x0d,0x0d,0x0d,0x0d,0x0d,0x15,0x27,0x85,0x7c,
  0x40,0x3b,0x3d,0x40,0x40,0x40,0x40,0x3d,0x3b,0x3d,0x40,0x3d,0x3d,0x3d,0x40,0x7c,0x85,0x93,0x9a,0x97,0xa8,0xb0,0xb5,0xc8,
  0xcc,0xee,0x1a,0x0d,0x15,0x0d,0x0d,0x0d,0x0d,0x0d,0x0d,0x0d,0x0d,0x0d,0x0d,0x16,0x36,0xce,0xc7,0xef,0x1c,0x0d,0x15,0x0d,
  0x0d,0x0d,0x11,0x0d,0x18,0x97,0x9a,0x82,0x88,0x82,0x82,0x82,0x82,0x82,0x82,0x82,0x82,0x7d,0x87,0x46,0x1b,0x0d,0x0d,0x15,
  0x0d,0x0d,0x0d,0x0d,0x0d,0x0d,0x15,0x0d,0x17,0x36,0xfa,0xe0,0xe2,0xe2,0xe5,0xc7,0xe9,0x27,0x0d,0x15,0x0d,0x0d,0x0d,0x0d,
  0x15,0x27,0xc3,0xa0,0xa0,0x9e,0xa2,0x9e,0x9e,0x51,0x4b,0x9d,0xa2,0x9d,0x8c,0x51,0x9d,0x9d,0x5f,0x5d,0x5e,0x51,0x61,0x61,
  0xc1,0xc1,0xc1,0xc1,0xc1,0xc1,0x61,0xc0,0xc1,0xc1,0x66,0x5f,0x5e,0x9d,0xcf,0x67,0xc2,0xcf,0x66,0xc1,0x6a,0xd6,0xd6,0xd6,
  0x7a,0x83,0xc1,0x9b,0x8c,0x9f,0x8c,0x7e,0x3d,0x4f,0x9d,0x2a,0x22,0x25,0x2c,0x23,0x1e,0x1e,0x1e,0x1e,0x23,0x25,0x23,0x23,
  0x23,0x25,0x25,0x25,0x25,0x25,0x2e,0x2f,0x2e,0x3b,0x2c,0x3b,0x7a,0x7a,0x7a,0x83,0x8c,0x8e,0x60,0xc1,0xdb,0x27,0x0d,0x15,
  0x0d,0x0d,0x0d,0x0d,0x0d,0x17,0x36,0xcf,0x9d,0x5e,0x40,0x4a,0x51,0x9c,0x9d,0x9e,0xc0,0x4b,0x1a,0x0d,0x0d,0x15,0x0d,0x0d,
  0x0d,0x0d,0x0d,0x0d,0x15,0x0d,0x17,0x27,0xfb,0xec,0xda,0xc5,0xc5,0xc5,0xb7,0xa9,0xa7,0x99,0x57,0x49,0x89,0x99,0x99,0xa6,
  0xa8,0xce,0x1a,0x0d,0x15,0x0d,0x0d,0x15,0x15,0x0d,0x1a,0xc6,0x89,0x49,0x47,0x47,0x47,0x81,0x81,0x82,0x7d,0x48,0x44,0x44,
  0x41,0x41,0x41,0x41,0x43,0x41,0x3c,0x3e,0x40,0x40,0x3b,0x2b,0x2c,0x2b,0x3a,0x3b,0x3b,0x2b,0x3b,0x3f,0x46,0x46,0x57,0x8a,
  0xb3,0xe8,0x1a,0x0d,0x15,0x0d,0x0d,0x0d,0x0d,0x15,0x0d,0x18,0x42,0x7a,0x45,0x7c,0x7e,0x87,0x97,0xcd,0x21,0x0d,0x15,0x0d,
  0x0d,0x0d,0x0d,0x0d,0x15,0x27,0x85,0x7b,0x7a,0x40,0x40,0x40,0x40,0x7a,0x7a,0x40,0x3d,0x3d,0x40,0x40,0x40,0x40,0x40,0x7a,
  0x7c,0x85,0x93,0x9a,0xa7,0xa8,0xb5,0xbe,0xc7,0xe8,0x36,0x16,0x0d,0x0d,0x0d,0x0d,0x0d,0x0d,0x0d,0x0d,0x0d,0x0d,0x15,0x16,
  0x27,0xce,0xc7,0xee,0x27,0x15,0x15,0x0d,0x0d,0x0d,0x0d,0x15,0x0d,0x1a,0xa3,0x88,0x49,0x82,0x82,0x82,0x82,0x82,0x48,0x82,
  0x8f,0x8f,0x1f,0x17,0x0d,0x15,0x0d,0x0d,0x0d,0x0d,0x0d,0x0d,0x0d,0x15,0x0d,0x17,0x27,0xfd,0xe0,0xcd,0xcd,0xcd,0xcd,0xc8,
  0xe8,0x27,0x0d,0x15,0x0d,0x15,0x0d,0x0d,0x0d,0x27,0xc3,0x9a,0xa0,0xa0,0xa2,0x9c,0x9e,0x8c,0x9d,0xa2,0xa0,0x9b,0x51,0x51,
  0x50,0x50,0x5e,0x5e,0x5e,0x5e,0x5f,0x60,0xc1,0x60,0x5d,0x60,0xc0,0x61,0xc1,0x67,0xcf,0xc1,0x61,0x61,0x5e,0xcf,0x67,0x28,
  0x5d,0xd1,0x6c,0x6c,0x6a,0xd0,0x6a,0xcf,0x3d,0x7f,0x60,0xa2,0xa2,0x8e,0x8d,0x8c,0x2a,0x22,0x3d,0x22,0x23,0x4a,0x4a,0x2c,
  0x23,0x23,0x23,0x1e,0x25,0x2e,0x25,0x23,0x2e,0x2e,0x2e,0x2e,0x25,0x23,0x25,0x2e,0x2f,0x2e,0x23,0x3b,0x40,0x7a,0x45,0x4e,
  0x4e,0x8c,0xa0,0x61,0xdb,0x27,0x0d,0x15,0x0d,0x0d,0x0d,0x0d,0x0d,0x17,0x5c,0xcf,0x9d,0x9b,0x51,0x9b,0x66,0x5d,0xcf,0xcf,
  0x20,0x17,0x0d,0x15,0x0d,0x0d,0x0d,0x0d,0x0d,0x0d,0x0d,0x15,0x0d,0x18,0x69,0xfb,0xda,0xec,0xd4,0xc5,0xc4,0xc4,0xae,0xa7,
  0x9a,0x8b,0x92,0x57,0x57,0x8a,0x97,0xa4,0xb7,0x36,0x17,0x0d,0x0d,0x0d,0x0d,0x0d,0x15,0x0d,0x20,0xc5,0x57,0x49,0x49,0x81,
  0x7d,0x48,0x46,0x7d,0x48,0x7d,0x7d,0x7d,0x44,0x43,0x43,0x41,0x3e,0x40,0x3b,0x3d,0x40,0x3b,0x3b,0x3b,0x3b,0x2c,0x2c,0x2c,
  0x2c,0x23,0x2b,0x3f,0x3f,0x46,0x47,0x49,0x96,0xd9,0x21,0x0d,0x15,0x0d,0x0d,0x0d,0x0d,0x0d,0x15,0x0d,0x24,0x7e,0x7b,0x7b,
  0x7e,0x88,0x98,0xce,0x21,0x0d,0x15,0x0d,0x0d,0x0d,0x0d,0x0d,0x14,0x21,0x88,0x7e,0x45,0x7a,0x40,0x40,0x40,0x40,0x40,0x40,
  0x40,0x40,0x40,0x7a,0x40,0x40,0x40,0x40,0x7a,0x7c,0x87,0x9a,0x97,0xa8,0xb5,0xbe,0xc8,0xc7,0xf9,0x1d,0x0d,0x15,0x0d,0x0d,
  0x0d,0x0d,0x0d,0x0d,0x0d,0x0d,0x15,0x0e,0x27,0xd9,0xc7,0xe2,0xe8,0x19,0x0d,0x15,0x0d,0x0d,0x0d,0x0d,0x15,0x0d,0x1a,0x52,
  0x93,0x87,0x88,0x88,0x88,0x8f,0x8f,0x86,0x21,0x19,0x0d,0x0d,0x15,0x0d,0x0d,0x0d,0x0d,0x0d,0x0d,0x0d,0x15,0x0d,0x17,0x27,
  0xfe,0xe4,0xcd,0xc6,0xc8,0xc8,0xc8,0xbb,0xe7,0x27,0x0d,0x15,0x0d,0x0d,0x0d,0x15,0x0d,0x21,0xc4,0xa0,0xa0,0xa0,0xac,0xa2,
  0x9f,0xa0,0xa2,0xa2,0x9f,0x50,0x4c,0x4a,0x4a,0x8c,0x9b,0x51,0x50,0x5f,0x5c,0x60,0x60,0x5c,0x5d,0xc0,0xc1,0xc1,0xc1,0xcf,
  0xc1,0x61,0x66,0xc1,0xd2,0xcf,0x66,0x67,0xcf,0xd0,0x6a,0xcf,0x6a,0x66,0x67,0xc2,0x7f,0x9f,0xc1,0xac,0x91,0x7f,0x3e,0x3d,
  0x2b,0x1b,0x22,0x22,0x22,0x40,0x45,0x4a,0x2f,0x25,0x23,0x23,0x23,0x25,0x25,0x2e,0x2f,0x4a,0x2f,0x2e,0x25,0x23,0x25,0x25,
  0x2e,0x2e,0x2e,0x3d,0x7a,0x4e,0x51,0x7c,0x7b,0x7e,0x8c,0xa2,0xdb,0x27,0x0d,0x15,0x0d,0x0d,0x0d,0x15,0x0d,0x18,0x69,0xcf,
  0x9f,0x9b,0x50,0x8c,0xa2,0xd5,0x36,0x1a,0x0d,0x0d,0x15,0x0d,0x0d,0x0d,0x0d,0x0d,0x0d,0x15,0x0d,0x0d,0x1c,0xd8,0xfc,0xec,
  0xec,0xc4,0xc5,0xc5,0xac,0xac,0xa0,0x9a,0x99,0x8b,0x9a,0x9a,0x99,0x93,0x98,0x96,0xc6,0x21,0x0d,0x11,0x0d,0x0d,0x0d,0x0d,
  0x0d,0x16,0x36,0xb9,0x8a,0x81,0x81,0x48,0x3e,0x41,0x44,0x82,0x82,0x82,0x82,0x82,0x44,0x43,0x43,0x43,0x43,0x41,0x41,0x3c,
  0x3c,0x3d,0x2c,0x2c,0x2c,0x3b,0x3b,0x2c,0x2c,0x2c,0x2b,0x2d,0x3f,0x3f,0x3f,0x47,0x89,0xbe,0x69,0x18,0x0d,0x15,0x0d,0x0d,
  0x0d,0x0d,0x15,0x0d,0x1a,0x80,0x7b,0x7b,0x7f,0x88,0x96,0xc6,0x27,0x0d,0x15,0x0d,0x0d,0x0d,0x0d,0x0d,0x15,0x30,0x85,0x7e,
  0x7b,0x7a,0x40,0x40,0x40,0x3d,0x40,0x40,0x40,0x40,0x40,0x7a,0x7a,0x7a,0x7a,0x3d,0x2c,0x3d,0x8f,0x99,0xa7,0xa8,0xb5,0xbe,
  0xbd,0xcc,0xe2,0xbb,0x18,0x0d,0x15,0x0d,0x0d,0x0d,0x0d,0x0d,0x0d,0x0d,0x15,0x0d,0x27,0xe7,0xc7,0xc7,0xf7,0x21,0x0d,0x15,
  0x0d,0x0d,0x0d,0x0d,0x0d,0x15,0x0d,0x18,0x1f,0x3f,0x49,0x52,0x46,0x2d,0x1d,0x18,0x0d,0x0d,0x15,0x11,0x0d,0x0d,0x0d,0x0d,
  0x0d,0x0d,0x0d,0x15,0x0d,0x18,0x36,0xfd,0xe4,0xcd,0xcd,0xc8,0xbd,0xc6,0xc6,0xb1,0xe8,0x36,0x15,0x15,0x0d,0x0d,0x0d,0x15,
  0x0d,0x20,0xce,0x9a,0xa1,0xa0,0xac,0x60,0xa2,0x9f,0x9e,0xa2,0x9c,0x50,0x4c,0x4a,0x50,0x8c,0x9b,0x51,0x51,0x5e,0x5c,0x5d,
  0x5d,0x5b,0x5f,0x9f,0xc0,0xc0,0xc0,0xc0,0x9d,0x5f,0xd0,0x6a,0xd0,0xd1,0xd0,0xc0,0x5f,0x5b,0x67,0x67,0x67,0x6a,0x6a,0x61,
  0x60,0xc1,0x9f,0x9f,0x85,0x7c,0x45,0x3b,0x22,0x22,0x1e,0x1e,0x1e,0x23,0x2c,0x40,0x31,0x2f,0x23,0x25,0x25,0x2e,0x2e,0x2f,
  0x33,0x4c,0x4a,0x2f,0x2f,0x2e,0x2e,0x2f,0x2f,0x2e,0x23,0x4a,0x4b,0x4b,0x7a,0x40,0x7c,0x83,0x8e,0xa0,0xdb,0x21,0x0d,0x15,
  0x0d,0x0d,0x0d,0x15,0x0d,0x18,0x70,0xc3,0xc0,0x66,0x56,0x9d,0xc0,0x20,0x17,0x0d,0x15,0x0d,0x0d,0x0d,0x0d,0x0d,0x0d,0x0d,
  0x15,0x0d,0x11,0x20,0xfd,0xf7,0xed,0xec,0xd2,0xc4,0xd0,0xaa,0xa0,0xaa,0xa1,0xa1,0xa0,0x91,0x9a,0xa7,0xa1,0x9a,0xa8,0x98,
  0xd9,0x1d,0x0d,0x15,0x0d,0x0d,0x0d,0x15,0x0d,0x19,0xd8,0x98,0x92,0x82,0x82,0x48,0x41,0x44,0x82,0x82,0x82,0x82,0x82,0x82,
  0x48,0x44,0x44,0x43,0x43,0x3c,0x3e,0x41,0x3e,0x41,0x3d,0x3b,0x2c,0x3b,0x2c,0x2c,0x2c,0x2c,0x2c,0x3a,0x2d,0x2d,0x2d,0x46,
  0x57,0xaf,0xe8,0x1d,0x0d,0x15,0x0d,0x0d,0x0d,0x0d,0x0d,0x0d,0x16,0x2d,0x7c,0x7c,0x85,0x87,0x98,0xc6,0x27,0x0d,0x0e,0x0d,
  0x0d,0x0d,0x0d,0x0d,0x14,0x30,0x85,0x7e,0x7a,0x7a,0x7a,0x7a,0x40,0x40,0x3d,0x3d,0x3d,0x3d,0x40,0x40,0x7a,0x7a,0x7a,0x7a,
  0x3d,0x41,0x85,0x93,0x9a,0xa8,0xa8,0xb5,0xb5,0xc8,0xc7,0xee,0x21,0x0d,0x15,0x0d,0x0d,0x0d,0x0d,0x0d,0x0d,0x0d,0x15,0x0d,
  0x21,0xd9,0xbb,0xc8,0xcd,0xc7,0x18,0x0d,0x15,0x0d,0x0d,0x0d,0x0d,0x0d,0x15,0x0d,0x0d,0x16,0x18,0x18,0x17,0x0d,0x0d,0x0d,
  0x15,0x15,0x0d,0x0d,0x0d,0x0d,0x0d,0x0d,0x0d,0x0d,0x15,0x0d,0x18,0x69,0xfd,0xe4,0xe2,0xcd,0xc8,0xc6,0xbe,0xbe,0xc6,0xbd,
  0xe7,0xa4,0x17,0x0d,0x0d,0x0d,0x0d,0x15,0x0d,0x20,0xd9,0xa7,0xa1,0xa0,0xa2,0xac,0xa2,0x9f,0x9f,0x9f,0x9f,0x4d,0x4c,0x4c,
  0x51,0x9b,0x5e,0x5e,0x51,0x9b,0x9b,0x5e,0x5e,0x5a,0x5c,0xc0,0x60,0xc0,0x9f,0x5f,0x5e,0x66,0xc2,0x6a,0x6c,0x67,0x5b,0xd5,
  0x30,0x24,0x5e,0xc0,0xc1,0x67,0x66,0xcf,0xc0,0xa2,0x9b,0x8c,0x83,0x83,0x7c,0x2b,0x2a,0x2a,0x22,0x22,0x22,0x22,0x23,0x23,
  0x23,0x23,0x25,0x2f,0x2e,0x2e,0x2e,0x4a,0x4c,0x4a,0x2e,0x2f,0x2e,0x23,0x25,0x4a,0x4a,0x4a,0x4a,0x4c,0x4a,0x31,0x3d,0x7a,
  0x7b,0x7e,0x9c,0x60,0xdb,0x21,0x0d,0x15,0x0d,0x0d,0x0d,0x15,0x0d,0x19,0xd8,0xcf,0x9f,0xc0,0xd5,0x27,0x1a,0x0d,0x0d,0x15,
  0x0d,0x0d,0x0d,0x0d,0x0d,0x0d,0x15,0x15,0x0d,0x18,0x27,0xfb,0xe8,0xf3,0xec,0xd4,0xc3,0xcf,0xcf,0xa2,0x9a,0xa1,0xa1,0xa0,
  0xa0,0x9a,0xa1,0xa1,0xa1,0xa7,0xb7,0xb7,0xbd,0x19,0x0d,0x15,0x0d,0x0d,0x0d,0x15,0x0d,0x1d,0xec,0x94,0x87,0x82,0x48,0x44,
  0x41,0x7d,0x82,0x88,0x82,0x82,0x82,0x82,0x7d,0x48,0x44,0x41,0x48,0x43,0x3e,0x41,0x41,0x41,0x3c,0x3b,0x3b,0x2b,0x23,0x2c,
  0x23,0x23,0x2c,0x2b,0x2d,0x2d,0x3f,0x46,0x57,0xa6,0xc8,0x27,0x16,0x0d,0x0d,0x0d,0x0d,0x0d,0x0d,0x15,0x0d,0x1d,0x85,0x7e,
  0x85,0x8b,0xa5,0xc8,0x46,0x15,0x0d,0x0d,0x0d,0x0d,0x0d,0x0d,0x14,0x30,0x85,0x7c,0x7b,0x7a,0x7a,0x40,0x40,0x40,0x3d,0x3d,
  0x3d,0x40,0x40,0x40,0x7a,0x7a,0x7a,0x7a,0x40,0x3d,0x7c,0x8b,0x9a,0xa7,0xa8,0xb7,0xbd,0xc6,0xcd,0xcc,0xf9,0x1c,0x0d,0x15,
  0x0d,0x0d,0x0d,0x0d,0x0d,0x0d,0x15,0x0d,0x20,0xdb,0xba,0xc8,0xc8,0xee,0x21,0x0d,0x15,0x0d,0x0d,0x0d,0x0d,0x0d,0x0d,0x15,
  0x15,0x0d,0x0d,0x0d,0x0d,0x0d,0x15,0x11,0x0d,0x0d,0x0d,0x0d,0x0d,0x0d,0x0d,0x0d,0x15,0x15,0x0d,0x1a,0xc7,0xf0,0xe0,0xe2,
  0xcd,0xc8,0xbd,0xb7,0xb7,0xbe,0xc6,0xbd,0xcd,0xbb,0x18,0x0d,0x0d,0x0d,0x0d,0x15,0x0d,0x20,0xd9,0x98,0xa7,0xa0,0xa2,0xac,
  0x9e,0xa2,0x60,0xa2,0xa2,0x9b,0x50,0x50,0x51,0x51,0x51,0x51,0x51,0x8c,0x51,0x33,0x5e,0x9d,0x5f,0x5c,0x9f,0x9f,0x66,0x5f,
  0x5c,0x66,0xcf,0x6d,0x6a,0x67,0x66,0xc0,0x66,0x4d,0xc0,0x61,0x5d,0x67,0x6a,0x6a,0xa2,0xa2,0x9c,0x9b,0x51,0x8c,0x7a,0x2c,
  0x40,0x40,0x2b,0x23,0x23,0x1e,0x23,0x23,0x23,0x23,0x23,0x2e,0x2e,0x4a,0x4a,0x4c,0x4a,0x4a,0x2f,0x2f,0x2e,0x23,0x25,0x50,
  0x50,0x33,0x4c,0x33,0x4c,0x2c,0x7a,0x7c,0x7a,0x7c,0x9b,0x9e,0xdb,0x21,0x0d,0x15,0x0d,0x0d,0x0d,0x15,0x0d,0x19,0x70,0xc0,
  0xc0,0x37,0x1c,0x16,0x0d,0x15,0x15,0x0d,0x0d,0x0d,0x0d,0x0d,0x0d,0x15,0x0d,0x0d,0x1c,0xd8,0xfb,0xec,0xee,0xdb,0xc5,0xc4,
  0xc1,0xc1,0xc1,0x60,0xa0,0xa2,0xa2,0xa0,0xa0,0xa0,0xa1,0xa7,0xa9,0xae,0xb1,0xce,0x36,0x16,0x0d,0x0d,0x0d,0x0d,0x0d,0x15,
  0x0d,0x27,0xc5,0xa0,0x8b,0x82,0x41,0x45,0x7d,0x82,0x7f,0x88,0x88,0x88,0x82,0x82,0x87,0x7d,0x7d,0x44,0x44,0x3c,0x3b,0x3c,
  0x3b,0x3b,0x2c,0x2c,0x2c,0x2c,0x22,0x23,0x23,0x23,0x2b,0x2b,0x24,0x2d,0x3f,0x3f,0x49,0x94,0xa8,0xa8,0x1a,0x0d,0x15,0x0d,
  0x0d,0x0d,0x0d,0x15,0x0d,0x19,0x4e,0x80,0x88,0x93,0xa5,0xc6,0x36,0x16,0x14,0x0d,0x0d,0x0d,0x0d,0x0d,0x15,0x27,0x85,0x7e,
  0x7b,0x7a,0x40,0x40,0x40,0x40,0x3d,0x7a,0x40,0x3d,0x40,0x40,0x7a,0x7a,0x7a,0x7a,0x40,0x40,0x41,0x85,0x8b,0x9a,0xa7,0xb5,
  0xbe,0xbd,0xc8,0xe2,0xe5,0x69,0x17,0x0d,0x15,0x0d,0x0d,0x0d,0x0d,0x0d,0x15,0x0d,0x1d,0xd9,0xb3,0xc8,0xcd,0xcc,0xee,0x1a,
  0x0d,0x15,0x0d,0x0d,0x0d,0x0d,0x0d,0x0d,0x0d,0x0d,0x15,0x15,0x0d,0x0d,0x0d,0x0d,0x0d,0x0d,0x0d,0x0d,0x0d,0x0d,0x0d,0x15,
  0x0d,0x0d,0x1d,0xef,0xe9,0xe5,0xe2,0xcd,0xc8,0xb5,0xa8,0xae,0xa9,0xb7,0xbd,0xbd,0xcd,0xe0,0x18,0x0d,0x15,0x0d,0x0d,0x15,
  0x0d,0x1d,0xdb,0xa4,0xa7,0xa1,0xa0,0xaa,0xa2,0xa0,0xa2,0xa2,0xa2,0x9b,0x8c,0x9b,0x51,0x4f,0x51,0x51,0x9b,0x51,0x4c,0x51,
  0x9d,0x5e,0x5e,0x5f,0x9f,0x9f,0x5e,0x66,0x60,0xc0,0xc1,0xcf,0xc0,0x61,0xc0,0x67,0x61,0x61,0xc0,0xc1,0x67,0x67,0x5c,0x66,
  0x9f,0x9f,0x9d,0x8c,0x8c,0x7e,0x7a,0x3b,0x7b,0x4e,0x7a,0x3b,0x2b,0x23,0x2c,0x23,0x23,0x23,0x23,0x2e,0x2f,0x4c,0x4d,0x50,
  0x4c,0x4c,0x4c,0x2f,0x2f,0x2e,0x2f,0x4a,0x50,0x4c,0x4a,0x4a,0x2c,0x3b,0x4a,0x4c,0x4e,0x4f,0x8c,0x59,0xdd,0x20,0x0d,0x15,
  0x0d,0x0d,0x0d,0x15,0x0d,0x1a,0xdf,0xc1,0x67,0x19,0x0d,0x0d,0x15,0x0d,0x0d,0x0d,0x0d,0x0d,0x0d,0x15,0x15,0x0d,0x17,0x21,
  0xfb,0xf3,0xec,0xec,0xdb,0xc5,0xc3,0xc1,0xc1,0x9f,0x9f,0x60,0x60,0x61,0xac,0xa0,0xa0,0xa0,0xaa,0xa7,0xad,0xb9,0xb8,0xe8,
  0x20,0x0d,0x15,0x0d,0x0d,0x0d,0x0d,0x0d,0x18,0xbb,0xb7,0x9a,0x8b,0x7f,0x43,0x7f,0x85,0x82,0x88,0x82,0x88,0x88,0x82,0x88,
  0x88,0x8b,0x46,0x3f,0x44,0x3c,0x3e,0x41,0x3c,0x2c,0x23,0x3b,0x2c,0x2c,0x23,0x23,0x2b,0x23,0x23,0x23,0x2b,0x2d,0x2d,0x3f,
  0x47,0x89,0x98,0xc6,0x21,0x0d,0x15,0x0d,0x0d,0x0d,0x0d,0x0d,0x0e,0x0d,0x21,0x8f,0x86,0x8f,0x98,0xc6,0x36,0x16,0x0d,0x0d,
  0x0d,0x0d,0x0d,0x0d,0x0e,0x21,0x85,0x7f,0x7b,0x40,0x7a,0x40,0x7a,0x40,0x7a,0x7a,0x40,0x40,0x7a,0x7a,0x7a,0x7a,0x7a,0x7a,
  0x40,0x3d,0x40,0x7c,0x82,0x92,0xa1,0xb7,0xb5,0xc6,0xc6,0xcd,0xcc,0xee,0x27,0x15,0x0e,0x0d,0x0d,0x0d,0x0d,0x0d,0x15,0x0d,
  0x1a,0xc6,0xb1,0xbd,0xc8,0xcd,0xe7,0xc7,0x18,0x0d,0x15,0x0d,0x0d,0x0d,0x0d,0x0d,0x0d,0x0d,0x0d,0x0d,0x0d,0x0d,0x0d,0x0d,
  0x0d,0x0d,0x0d,0x0d,0x0d,0x15,0x15,0x0d,0x17,0x27,0xfc,0xe9,0xe5,0xe2,0xcd,0xc8,0xbd,0xb7,0xa8,0xae,0xa9,0xa8,0xbe,0xc6,
  0xc8,0xe9,0x19,0x0d,0x15,0x0d,0x0d,0x15,0x0d,0x1c,0xd9,0x98,0xa7,0xa1,0xa1,0xa0,0xa7,0xa1,0xa7,0xa2,0xa0,0x59,0x51,0x9b,
  0x5f,0x5e,0x9b,0x8c,0x5d,0x51,0x2f,0x51,0x9d,0x9d,0x5e,0x9d,0x51,0x5f,0x5f,0x5d,0x5f,0xc0,0x5f,0x5f,0x5f,0x66,0x66,0x66,
  0xc0,0x61,0x66,0x5d,0x61,0x5d,0x5e,0x5f,0x9d,0xa2,0x9c,0x9b,0x8c,0x51,0x4f,0x4f,0x4a,0x4c,0x4a,0x40,0x7a,0x7a,0x2c,0x25,
  0x25,0x1e,0x23,0x25,0x25,0x4a,0x50,0x50,0x4c,0x50,0x51,0x4c,0x50,0x4c,0x50,0x4c,0x4d,0x9b,0x40,0x2c,0x2e,0x4a,0x4d,0x50,
  0x51,0x4f,0x8c,0xa2,0xd7,0x20,0x0d,0x15,0x0d,0x0d,0x0d,0x15,0x0d,0x1c,0xd5,0xcf,0x27,0x0e,0x15,0x15,0x0d,0x0d,0x0d,0x0d,
  0x0d,0x0d,0x15,0x0d,0x0d,0x1a,0x69,0xfb,0xec,0xf3,0xec,0xd7,0xd4,0xc3,0xc1,0xc0,0x9f,0xa2,0x60,0x60,0xa2,0xac,0xa2,0xaa,
  0x9a,0xa0,0xac,0xaa,0xc4,0xbe,0xbd,0xe8,0x1a,0x0d,0x15,0x0d,0x0d,0x0d,0x15,0x0d,0x1c,0xec,0x94,0x99,0x99,0x8b,0x48,0x48,
  0x82,0x88,0x87,0x88,0x8b,0x87,0x85,0x82,0x88,0x88,0x7d,0x44,0x3c,0x3b,0x3c,0x3c,0x3c,0x2a,0x2b,0x3b,0x2c,0x2c,0x2c,0x2c,
  0x23,0x23,0x1e,0x1e,0x1f,0x3a,0x2d,0x3f,0x46,0x8a,0xa8,0xc8,0xc7,0x18,0x0d,0x15,0x0d,0x0d,0x0d,0x0d,0x15,0x0d,0x1b,0x8e,
  0x82,0x93,0xa5,0xc6,0x36,0x17,0x0d,0x0d,0x0d,0x0d,0x0d,0x0d,0x0d,0x21,0x85,0x7f,0x7c,0x7a,0x7a,0x7a,0x7a,0x7a,0x7a,0x7a,
  0x2c,0x2b,0x3b,0x40,0x7a,0x7a,0x7a,0x3d,0x3b,0x40,0x7a,0x7a,0x7e,0x87,0xa0,0xae,0xb5,0xc6,0xc8,0xc8,0xe2,0xe0,0xfc,0x20,
  0x0d,0x15,0x0d,0x0d,0x0d,0x0d,0x15,0x0d,0x1a,0xb7,0xa8,0xbe,0xc8,0xcd,0xcc,0xe8,0x69,0x18,0x0d,0x15,0x0d,0x0d,0x0d,0x0d,
  0x0d,0x0d,0x0d,0x0d,0x0d,0x0d,0x0d,0x0d,0x0d,0x0d,0x0d,0x15,0x15,0x0d,0x0d,0x1c,0x69,0xfd,0xe8,0xe5,0xe2,0xcd,0xc8,0xbd,
  0xb9,0xae,0xa7,0xa1,0xa9,0xbe,0xc8,0xc6,0xc8,0xf0,0x1a,0x0d,0x15,0x0d,0x0d,0x15,0x0d,0x1a,0xc6,0xa8,0xa9,0xa1,0xa0,0xa1,
  0xa1,0xa0,0xa0,0xa0,0xa0,0xaa,0x9f,0x9f,0xc1,0xc1,0xc1,0x5f,0x5d,0x51,0x51,0x9d,0x5e,0x5c,0x9b,0x5e,0x9d,0x51,0x5e,0x5f,
  0x5b,0x53,0x4d,0x5f,0x9d,0x66,0x66,0xc0,0x60,0x5f,0x5f,0x5c,0x5d,0x5f,0x9d,0x5f,0x4b,0x9d,0x5e,0x5e,0x5e,0x5e,0x51,0x4b,
  0x31,0x31,0x31,0x4b,0x50,0x33,0x4a,0x2f,0x25,0x23,0x2f,0x25,0x2e,0x2f,0x4a,0x4a,0x50,0x4c,0x4a,0x4c,0x4c,0x4a,0x50,0x50,
  0x8c,0x9d,0x4f,0x40,0x4c,0x51,0x8c,0x4d,0x51,0x8c,0x9d,0x9f,0xd5,0x20,0x0d,0x15,0x0d,0x0d,0x0d,0x15,0x0d,0x1d,0xd5,0xcf,
  0x27,0x15,0x15,0x11,0x0d,0x0d,0x0d,0x0d,0x15,0x0d,0x0d,0x18,0x21,0xfb,0xf3,0xec,0xf3,0xdb,0xd4,0xd4,0xc3,0xc1,0xc0,0x9f,
  0xa2,0x9f,0x9f,0xa2,0x60,0xa2,0xa0,0xa0,0x91,0xa7,0xac,0xc1,0xbe,0xb8,0xcd,0xa4,0x17,0x0d,0x0d,0x0d,0x0d,0x0d,0x15,0x0d,
  0x21,0xd9,0x58,0x93,0x93,0x87,0x7f,0x82,0x82,0x88,0x87,0x87,0x93,0x87,0x8b,0x88,0x82,0x88,0x7d,0x43,0x3c,0x3e,0x2b,0x3c,
  0x2b,0x22,0x23,0x23,0x2c,0x2c,0x2c,0x23,0x23,0x1e,0x19,0x1a,0x1f,0x2d,0x2d,0x3f,0x47,0x89,0x96,0xb3,0xe8,0x1f,0x0d,0x15,
  0x0d,0x0d,0x0d,0x0d,0x11,0x0d,0x17,0x52,0x8f,0x90,0xa5,0xbd,0x36,0x17,0x0d,0x0d,0x0d,0x0d,0x0d,0x0d,0x0d,0x21,0x80,0x7a,
  0x45,0x7a,0x7a,0x45,0x7a,0x7a,0x7c,0x7a,0x3b,0x2a,0x2a,0x3b,0x7a,0x7a,0x7a,0x7a,0x40,0x40,0x7a,0x7a,0x45,0x80,0x99,0xa9,
  0xb7,0xbe,0xc6,0xc6,0xc8,0xe0,0xef,0x27,0x0d,0x15,0x0d,0x0d,0x0d,0x0d,0x15,0x0d,0x18,0x96,0xa8,0xb7,0xbd,0xc8,0xe2,0xe0,
  0xee,0x69,0x19,0x0d,0x0d,0x15,0x11,0x0d,0x0d,0x0d,0x0d,0x0d,0x0d,0x0d,0x0d,0x0d,0x0d,0x15,0x15,0x0d,0x0d,0x19,0x27,0xfc,
  0xeb,0xe4,0xe5,0xe2,0xcc,0xc8,0xc5,0xb9,0xae,0xa7,0xa1,0xa7,0xae,0xc6,0xc6,0xc8,0xc7,0xf9,0x1c,0x0d,0x15,0x0d,0x0d,0x15,
  0x0d,0x19,0xb3,0xa8,0xa9,0x9a,0xa1,0xa1,0xa0,0x91,0x59,0x56,0x59,0xa0,0xa2,0x9d,0x60,0x61,0x61,0xc2,0xc0,0xc0,0xc1,0x5d,
  0x5f,0x5d,0x9f,0x50,0x4c,0x50,0x51,0x5e,0x5e,0x5a,0x51,0x5e,0x9d,0xc0,0x9f,0x9f,0x5e,0x5e,0x5f,0x5f,0x5b,0x5b,0x4d,0x31,
  0x9b,0x31,0x4d,0x51,0x8c,0x9b,0x51,0x4b,0x4c,0x4c,0x31,0x4c,0x4a,0x4c,0x4c,0x4c,0x4a,0x4a,0x4c,0x4a,0x4c,0x4c,0x4c,0x50,
  0x4c,0x4c,0x4c,0x50,0x51,0x9d,0x4a,0x4f,0x9b,0x9b,0x9b,0x4c,0x4a,0x51,0x4c,0x4c,0x4f,0x45,0x8c,0x9b,0xd5,0x1f,0x0d,0x15,
  0x0d,0x0d,0x0d,0x15,0x0d,0x1d,0xd5,0x67,0x5c,0x17,0x0d,0x15,0x0d,0x15,0x15,0x0e,0x0d,0x16,0x1d,0xd8,0xfb,0xec,0xed,0xec,
  0xd7,0xd4,0xd1,0xcf,0xc1,0xc1,0xa2,0x9f,0x9e,0x9d,0xa2,0x9e,0x9f,0xa2,0xa2,0xa0,0xaa,0xc1,0xc1,0xad,0xad,0xb1,0xe8,0x21,
  0x0d,0x15,0x0d,0x0d,0x0d,0x0d,0x0d,0x16,0x69,0xc5,0xa0,0x8b,0x87,0x87,0x82,0x86,0x82,0x85,0x81,0x8b,0x93,0x8b,0x92,0x82,
  0x87,0x82,0x7d,0x41,0x3e,0x3a,0x2b,0x43,0x3a,0x2c,0x2b,0x2c,0x3b,0x2c,0x2c,0x23,0x22,0x1e,0x18,0x1b,0x23,0x3b,0x41,0x3f,
  0x3f,0x47,0x8a,0xa6,0xc8,0x36,0x17,0x0d,0x0d,0x0d,0x0d,0x0d,0x0d,0x15,0x0d,0x20,0xaa,0x90,0xa5,0xbe,0x36,0x17,0x0d,0x0d,
  0x0d,0x0d,0x0d,0x0d,0x0d,0x21,0x7c,0x40,0x40,0x7a,0x7a,0x40,0x40,0x7a,0x7a,0x7a,0x3b,0x2a,0x2c,0x3b,0x7a,0x7a,0x45,0x40,
  0x3d,0x7a,0x45,0x45,0x45,0x7b,0x87,0xa0,0xa9,0xb9,0xbe,0xbd,0xbd,0xc7,0xf9,0x21,0x0d,0x15,0x0d,0x0d,0x0d,0x0d,0x0d,0x0d,
  0x18,0x94,0xa8,0xa8,0xb7,0xc8,0xe2,0xe5,0xe2,0xe9,0xe0,0x1d,0x15,0x0d,0x0d,0x15,0x15,0x15,0x15,0x15,0x15,0x15,0x15,0x15,
  0x0d,0x0d,0x0d,0x18,0x20,0xe5,0xfc,0xe5,0xe5,0xe2,0xcd,0xcd,0xc8,0xbe,0xb9,0xae,0xa7,0xa1,0xa1,0xa7,0xae,0xbd,0xc6,0xc8,
  0xc7,0xf9,0x20,0x0d,0x15,0x0d,0x0d,0x0d,0x0d,0x17,0x95,0xb5,0xa9,0xa1,0x9a,0x9a,0x9a,0x93,0x9a,0x9e,0x8e,0x9e,0x60,0x5c,
  0x5c,0x5c,0x60,0x60,0x60,0x61,0x9f,0x5f,0x51,0x9b,0x5e,0x50,0x4a,0x4c,0x50,0x4f,0x4f,0x4c,0x51,0x5e,0x5f,0x9b,0x61,0x5f,
  0x5e,0x50,0x4c,0x50,0x51,0x9d,0x24,0x24,0x9d,0x31,0x51,0x30,0x4f,0x50,0x4c,0x4c,0x51,0x5e,0x66,0x9b,0x50,0x4c,0x51,0x4a,
  0x4a,0x50,0x50,0x4c,0x50,0x4c,0x4c,0x4c,0x2f,0x4c,0x4c,0x4c,0x51,0x5e,0x51,0x51,0x51,0x5e,0x51,0x4a,0x4a,0x4c,0x51,0x50,
  0x4a,0x4b,0x8c,0x4f,0xd5,0x1d,0x0d,0x15,0x0d,0x0d,0x0d,0x15,0x0d,0x20,0xd7,0x5f,0xd7,0x20,0x0d,0x14,0x15,0x0d,0x0d,0x0d,
  0x1a,0x36,0xfb,0xf3,0xec,0xec,0xdb,0xd4,0xd6,0xd1,0xc3,0xc1,0xc1,0x9f,0x9f,0xa2,0x9e,0x9f,0xa2,0xc0,0xc0,0xac,0x60,0xc1,
  0xc1,0xc1,0xc1,0xc1,0xb7,0xb1,0xd9,0x1a,0x0d,0x15,0x0d,0x15,0x0d,0x15,0x0d,0x19,0xee,0xa8,0x9a,0x93,0x93,0x87,0x87,0x99,
  0x9a,0x7f,0x2d,0x8b,0x8b,0x8b,0x87,0x87,0x87,0x82,0x43,0x48,0x44,0x41,0x43,0x3c,0x3c,0x3b,0x3b,0x3b,0x3d,0x3d,0x3b,0x2a,
  0x1e,0x1e,0x1e,0x22,0x2a,0x3d,0x41,0x3f,0x3f,0x3f,0x49,0x94,0xbe,0xd9,0x1a,0x0d,0x15,0x0d,0x0d,0x0d,0x0d,0x15,0x0d,0x1a,
  0x9c,0x58,0xa7,0xc5,0x36,0x16,0x15,0x0d,0x0d,0x0d,0x0d,0x15,0x0d,0x1f,0x7a,0x3b,0x3d,0x40,0x7a,0x40,0x7a,0x7a,0x7a,0x7a,
  0x40,0x3d,0x2b,0x2a,0x7b,0x7b,0x45,0x7a,0x45,0x7c,0x7c,0x7a,0x40,0x7c,0x85,0x90,0xa1,0xae,0xb7,0xb5,0xb7,0xbd,0xe9,0x69,
  0x16,0x11,0x15,0x0d,0x0d,0x0d,0x15,0x0d,0x1a,0xa9,0x94,0xa9,0xb7,0xc6,0xce,0xe2,0xe5,0xe5,0xe5,0xf9,0x27,0x1c,0x17,0x0d,
  0x0d,0x0d,0x0d,0x0d,0x0d,0x0d,0x0d,0x0d,0x16,0x1a,0x21,0xe4,0xfe,0xe9,0xe4,0xe9,0xe2,0xcd,0xcd,0xc8,0xc6,0xbe,0xb7,0xa9,
  0xa1,0xa0,0x9a,0xa1,0xae,0xc5,0xc8,0xc8,0xc7,0xf9,0x21,0x0d,0x15,0x0d,0x0d,0x0d,0x0d,0x15,0x36,0xbe,0x97,0x9a,0x91,0xa0,
  0xa0,0x90,0x93,0xa0,0xa7,0x60,0x9f,0x61,0xc0,0x60,0xc1,0x9d,0x5f,0x5e,0x4f,0x9b,0x9b,0x8c,0x50,0x4a,0x50,0x4c,0x50,0x51,
  0x50,0x50,0x8c,0x4f,0x53,0x5f,0x5e,0x5e,0x9b,0x51,0x50,0x50,0x50,0x4a,0x4c,0x5a,0x5e,0x51,0x51,0x31,0x4d,0x50,0x8c,0x9b,
  0x31,0x51,0xc0,0xc0,0x51,0x4c,0x50,0x4c,0x4a,0x50,0x4c,0x50,0x4c,0x4a,0x4a,0x2e,0x2f,0x4a,0x4a,0x4a,0x50,0x50,0x50,0x51,
  0x4c,0x9b,0x51,0x2e,0x2f,0x4a,0x4c,0x31,0x31,0x8c,0x8c,0x9f,0xd5,0x1d,0x0d,0x16,0x0d,0x0d,0x0d,0x15,0x0d,0x27,0xdd,0xcf,
  0xdb,0xfc,0x1d,0x11,0x0d,0x16,0x1a,0x27,0xfb,0xf7,0xec,0xec,0xf3,0xdb,0xd4,0xd6,0xd1,0xcf,0xc1,0xc1,0xc1,0x60,0xc0,0x9f,
  0x9f,0x9f,0x9f,0x60,0xac,0x61,0xc1,0xc1,0xc1,0xc3,0xcf,0xc4,0xad,0xc6,0x36,0x16,0x0e,0x0d,0x0d,0x0d,0x0d,0x15,0x0d,0x1c,
  0xee,0x9a,0x9a,0x93,0x91,0x8f,0x8f,0x9a,0xa7,0x7d,0x7d,0x93,0x87,0x88,0x87,0x8b,0x8f,0x8b,0x48,0x3f,0x44,0x43,0x43,0x3e,
  0x3c,0x3b,0x3b,0x3b,0x3d,0x3e,0x3b,0x2a,0x1e,0x22,0x22,0x22,0x2a,0x2a,0x3c,0x3c,0x2d,0x3f,0x47,0x8a,0xaf,0xe8,0x21,0x0d,
  0x16,0x15,0x0d,0x0d,0x0d,0x15,0x0d,0x1b,0x8c,0x82,0x86,0x8b,0x47,0x16,0x0d,0x15,0x0d,0x0d,0x15,0x15,0x0d,0x24,0x40,0x2c,
  0x2c,0x3d,0x40,0x40,0x3d,0x40,0x45,0x45,0x7a,0x40,0x2c,0x3d,0x7c,0x45,0x45,0x45,0x7b,0x7b,0x7c,0x7a,0x40,0x7c,0x7c,0x87,
  0xa1,0xae,0xb5,0xb7,0xb5,0xc6,0xc7,0xf9,0x1d,0x0d,0x0d,0x15,0x15,0x0d,0x0d,0x0d,0x27,0xae,0xa0,0xa9,0xb0,0xb5,0xc8,0xe2,
  0xe5,0xe5,0xe5,0xe0,0xef,0xf9,0x69,0x27,0x1d,0x1a,0x19,0x19,0x19,0x1a,0x1d,0x21,0x69,0xfa,0xfd,0xe9,0xe4,0xe9,0xe5,0xcd,
  0xcd,0xc8,0xc8,0xc8,0xbe,0xae,0xae,0xa7,0x9a,0x9a,0x9a,0xa1,0xa9,0xbe,0xc6,0xc8,0xc7,0xee,0x27,0x11,0x15,0x0d,0x0d,0x0d,
  0x0d,0x0d,0x27,0xc6,0x9a,0xa0,0xa0,0x52,0x91,0x8b,0xa0,0xa0,0xac,0x61,0x60,0xc1,0x60,0x5c,0x5d,0x5c,0x9d,0x51,0x8c,0x59,
  0x9d,0x9b,0x51,0x4c,0x51,0x51,0x8c,0x4d,0x8c,0x9b,0x8c,0x4f,0x56,0xa2,0x9b,0x9b,0x8c,0x4d,0x50,0x4d,0x4c,0x2f,0x25,0x2f,
  0x9d,0x50,0x50,0x31,0x4c,0x51,0x5e,0x5e,0x8c,0x9b,0x9f,0x9d,0x51,0x51,0x4c,0x4c,0x50,0x50,0x50,0x51,0x50,0x4a,0x4a,0x2e,
  0x2f,0x4a,0x2f,0x4a,0x4a,0x2e,0x4c,0x50,0x50,0x50,0x9b,0x51,0x2e,0x4a,0x4a,0x4c,0x50,0x9b,0x9f,0xc1,0xd6,0x27,0x0d,0x0d,
  0x15,0x15,0x15,0x0d,0x19,0x6e,0xd0,0xd6,0xf3,0xfc,0xfb,0x27,0x20,0x36,0xfb,0xfb,0xec,0xf3,0xf3,0xda,0xd7,0xd6,0xd6,0xd1,
  0xcf,0xc1,0xc0,0xc0,0x9f,0x9d,0x9f,0xc0,0x9f,0x9f,0x9f,0x9f,0xa2,0x60,0xc1,0xc1,0xcf,0xc1,0xc1,0xc1,0xad,0xce,0x36,0x16,
  0x15,0x0d,0x0d,0x0d,0x0d,0x15,0x0d,0x20,0xe8,0x94,0xa0,0x90,0x90,0x91,0xa0,0xa1,0x9a,0x93,0x93,0x93,0x93,0x87,0x87,0x87,
  0x93,0x8b,0x7f,0x48,0x7c,0x44,0x48,0x44,0x3c,0x3b,0x3c,0x3b,0x3b,0x3a,0x2a,0x22,0x2a,0x3a,0x22,0x22,0x3a,0x2b,0x2a,0x3b,
  0x3f,0x3f,0x47,0x89,0x98,0xbd,0xba,0x1a,0x0d,0x0d,0x0d,0x0d,0x0d,0x0d,0x16,0x30,0x87,0x7f,0x7d,0x82,0xa9,0x20,0x0d,0x0d,
  0x0d,0x0d,0x0d,0x0d,0x1a,0x7b,0x40,0x2c,0x2c,0x2c,0x40,0x40,0x40,0x7a,0x45,0x7a,0x7b,0x41,0x23,0x2c,0x45,0x7c,0x7c,0x7e,
  0x7c,0x7e,0x83,0x80,0x7c,0x80,0x80,0x80,0x9a,0xa7,0xb7,0xb7,0xa9,0xa8,0xbe,0xe2,0xe7,0x1d,0x16,0x0d,0x0d,0x15,0x18,0x21,
  0xc5,0x97,0x9a,0xa1,0xae,0xb5,0xbd,0xcd,0xe2,0xe5,0xe5,0xe5,0xe5,0xe5,0xe9,0xfa,0xfc,0xf9,0xef,0xe8,0xee,0xfc,0xfd,0xfd,
  0xef,0xe9,0xe8,0xe9,0xe5,0xe2,0xcd,0xcd,0xc8,0xc8,0xc6,0xbe,0xae,0xa7,0x9a,0x9a,0x9a,0x9a,0xa0,0xa1,0xa9,0xb9,0xc6,0xc8,
  0xc8,0xe8,0xa4,0x16,0x0d,0x0d,0x0d,0x0d,0x15,0x0d,0x20,0xce,0x9a,0xa1,0xa1,0x54,0xa1,0xa0,0xa0,0xa0,0xaa,0xac,0x60,0x60,
  0xc1,0x61,0x60,0x9f,0xa3,0x5f,0xa2,0x67,0x5f,0x8c,0x8c,0x9d,0x51,0x9b,0x50,0x4d,0x51,0x4f,0x51,0x31,0x4a,0x9d,0x56,0x9b,
  0x8c,0x51,0x51,0x50,0x4b,0x2f,0x1b,0x23,0xc0,0x9d,0x9d,0x51,0x50,0x9d,0x9d,0x9b,0x9b,0xc0,0x5e,0x50,0x4c,0x50,0x50,0x4c,
  0x50,0x4c,0x51,0x9b,0x4c,0x4a,0x4a,0x4a,0x4a,0x4c,0x4c,0x4c,0x4a,0x4a,0x50,0x50,0x50,0x51,0x9d,0x5e,0x4c,0x51,0x4a,0x50,
  0x5e,0x5e,0x9f,0x9f,0xc2,0xf8,0x20,0x16,0x0d,0x0d,0x0d,0x18,0x36,0xd6,0xd1,0xd4,0xdb,0xf3,0xf3,0xfb,0xfb,0xf7,0xda,0xec,
  0xf3,0xed,0xdb,0xd6,0xd6,0xd1,0xc2,0xcf,0xc1,0xc1,0xc0,0xc1,0xc1,0x9f,0x9f,0xc0,0xc0,0x60,0x60,0x60,0xc0,0xc1,0xc1,0x61,
  0xc1,0xac,0xc1,0xac,0xae,0xc4,0xe8,0x1c,0x0d,0x15,0x15,0x15,0x15,0x15,0x0d,0x27,0xb9,0xa0,0x9a,0x8f,0xa0,0x9e,0xa2,0xa0,
  0x9a,0xa1,0xa0,0xa0,0xa1,0x9a,0x93,0x92,0x8b,0x88,0x85,0x83,0x7f,0x7c,0x7f,0x41,0x3c,0x3c,0x41,0x3c,0x3b,0x2b,0x2a,0x2a,
  0x3a,0x3b,0x2a,0x2a,0x3a,0x3a,0x3a,0x41,0x44,0x3f,0x46,0x49,0x94,0xb5,0xbe,0xcd,0x20,0x19,0x16,0x0d,0x16,0x1a,0x27,0x8f,
  0x87,0x88,0x8b,0x99,0xa6,0xce,0x21,0x19,0x16,0x11,0x17,0x1c,0x52,0x7c,0x7a,0x40,0x3b,0x2c,0x3d,0x2b,0x3b,0x7a,0x7a,0x45,
  0x7c,0x7a,0x7a,0x40,0x45,0x7e,0x7c,0x80,0x80,0x7e,0x83,0x80,0x80,0x80,0x80,0x7e,0x87,0xa1,0xae,0xa8,0x9a,0x94,0x98,0xcd,
  0xcd,0xee,0x36,0x21,0x21,0x36,0xc7,0xd9,0xa7,0xa1,0x9a,0xa1,0xa7,0xae,0xb5,0xbd,0xcc,0xe2,0xe2,0xe5,0xe9,0xe5,0xe5,0xe4,
  0xe4,0xe9,0xe9,0xe9,0xe5,0xe9,0xe8,0xe8,0xe9,0xe9,0xe9,0xe2,0xcd,0xcd,0xce,0xc8,0xc8,0xc6,0xbe,0xb7,0xae,0x9a,0x90,0xa0,
  0x93,0x9a,0xa0,0xa1,0xae,0xb9,0xc6,0xc8,0xcd,0xe2,0xc7,0x18,0x0d,0x0d,0x0d,0x0d,0x15,0x0d,0x1d,0xc4,0x94,0xa1,0xa7,0xa0,
  0xa0,0xa1,0xa0,0xaa,0xaa,0xa2,0x61,0xa2,0xc1,0xc1,0x61,0x59,0x5d,0x60,0xc0,0x9f,0x51,0x9b,0x9b,0x8c,0x4a,0x4c,0x8c,0x8c,
  0x4d,0x4d,0x33,0x4a,0x33,0x4f,0x4f,0x4d,0x4f,0x51,0x51,0x8c,0x4f,0x4a,0x4a,0x4a,0x30,0x5b,0x9d,0x9d,0x9d,0x9f,0x9d,0x50,
  0x9d,0x9d,0x51,0x4c,0x50,0x50,0x50,0x50,0x4c,0x50,0x9b,0x51,0x4c,0x4c,0x4c,0x4c,0x2f,0x2f,0x4c,0x4c,0x4c,0x4a,0x50,0x50,
  0x4c,0x4a,0x51,0x50,0x5e,0x51,0x8c,0x5e,0x5e,0x9d,0x9d,0x9d,0xcf,0xda,0xf8,0x36,0x20,0x1d,0x21,0xda,0xf5,0xc2,0xd1,0xd1,
  0xd6,0xf5,0xf3,0xec,0xec,0xec,0xec,0xed,0xd7,0xd6,0xd6,0xd6,0xd0,0xc2,0xcf,0xc0,0xc0,0xc0,0xc0,0xc1,0xc0,0x60,0x9f,0xc0,
  0xc1,0xc1,0xc1,0xc0,0xc1,0xc1,0xc1,0xcf,0xac,0xa7,0xa1,0x9a,0xad,0xc4,0xce,0xe0,0x1c,0x0d,0x0d,0x0d,0x0d,0x0d,0x1d,0xc5,
  0x99,0xa0,0x9a,0x90,0x9a,0xa7,0xaa,0xa1,0xa1,0xa1,0xa0,0x91,0x91,0xa0,0x93,0x88,0x87,0x88,0x88,0x85,0x80,0x7b,0x43,0x3e,
  0x41,0x44,0x43,0x41,0x3b,0x3a,0x2a,0x3a,0x3e,0x3a,0x2a,0x22,0x2a,0x2b,0x3a,0x43,0x48,0x48,0x49,0x57,0x94,0xb7,0xbd,0xcd,
  0xee,0xbb,0x36,0x27,0x36,0xfa,0xec,0x86,0x87,0x87,0x87,0x93,0xb9,0xb7,0xce,0xba,0x27,0x27,0xb3,0xf9,0xa0,0x7a,0x7a,0x3d,
  0x2c,0x2c,0x40,0x3b,0x3d,0x3d,0x3d,0x7c,0x45,0x7b,0x7e,0x7a,0x7a,0x7c,0x7b,0x80,0x7c,0x7c,0x80,0x80,0x80,0x7e,0x7e,0x7e,
  0x85,0x91,0xa9,0xae,0xae,0xb0,0xb7,0xc8,0xcd,0xc7,0xd9,0xee,0xee,0xef,0xe5,0xe0,0xae,0xa0,0x91,0x91,0xa1,0xa1,0xae,0xbe,
  0xbd,0xc8,0xe2,0xe2,0xe2,0xe9,0xe9,0xe9,0xe9,0xe9,0xe9,0xe9,0xe9,0xe9,0xe9,0xe9,0xe5,0xe2,0xcd,0xcd,0xcd,0xc8,0xc8,0xc6,
  0xc6,0xbe,0xb7,0xa7,0xa1,0x9a,0x93,0x9a,0x91,0xa0,0xa1,0xaa,0xb9,0xb9,0xc6,0xc8,0xcd,0xcc,0xe8,0x1a,0x0d,0x15,0x0d,0x0d,
  0x15,0x0d,0x1a,0xc3,0x9a,0xa0,0xa1,0xa0,0xa0,0xa0,0x82,0x58,0xac,0xac,0xac,0xcf,0xac,0xc1,0x53,0x30,0x5f,0x61,0x5d,0x5d,
  0x5e,0x51,0x8c,0x4b,0x4b,0x5e,0x5f,0x56,0x50,0x4a,0x4b,0x51,0x4f,0x51,0x51,0x4c,0x50,0x4f,0x8c,0x4f,0x4f,0x4d,0x4f,0x4d,
  0x23,0x5a,0x9f,0x9f,0x9f,0x5e,0x9d,0x9d,0x5e,0x9b,0x31,0x4c,0x51,0x5e,0x5e,0x9d,0x51,0x9b,0x5e,0x9d,0x4c,0x4a,0x4c,0x4c,
  0x4a,0x4a,0x4a,0x4a,0x4c,0x4a,0x4a,0x4c,0x2f,0x23,0x25,0x4c,0x50,0x51,0x5e,0x9f,0x66,0x66,0x66,0x66,0xc0,0xdd,0xdc,0xf8,
  0xfb,0xfb,0xfb,0xf7,0xd7,0xd6,0xd1,0xd1,0xd1,0xd6,0xdb,0xed,0xed,0xdd,0xd7,0xd6,0xd6,0xd6,0xd6,0xd1,0xc2,0xc3,0xc1,0xc0,
  0xc0,0xc0,0xc0,0xc0,0xc1,0xc0,0xc0,0xc1,0xc1,0xc1,0xc1,0xc1,0xc1,0xc1,0xcf,0xcf,0xc1,0xac,0x86,0x7d,0x9a,0xc5,0xd9,0xf0,
  0xfc,0x27,0x1c,0x19,0x1a,0x21,0xf9,0xb7,0xa0,0xa0,0x90,0x8b,0x91,0xa0,0xa1,0xa7,0x9a,0xa0,0xa0,0xa0,0x91,0x8f,0x8b,0x87,
  0x7f,0x88,0x85,0x85,0x7e,0x45,0x45,0x7b,0x45,0x7c,0x43,0x41,0x3a,0x3a,0x3c,0x41,0x43,0x3c,0x2a,0x22,0x22,0x2a,0x3a,0x43,
  0x7d,0x82,0x82,0x57,0x94,0xb0,0xc8,0xc6,0xc7,0xce,0xd9,0xe7,0xe8,0xe9,0xe2,0x8b,0x85,0x7e,0x85,0x8b,0xae,0xc6,0xb1,0xbe,
  0xc5,0xcd,0xe5,0xe2,0xa0,0x7e,0x45,0x3d,0x2c,0x3d,0x7b,0x7a,0x7a,0x7a,0x7a,0x7c,0x7b,0x7c,0x7a,0x7b,0x45,0x45,0x7a,0x45,
  0x80,0x7b,0x80,0x80,0x80,0x7e,0x7c,0x7c,0x7c,0x87,0xa0,0xa7,0xae,0xb7,0xb9,0xc6,0xcd,0xcd,0xcd,0xc7,0xc7,0xcc,0xe2,0xcd,
  0xa7,0xa0,0x90,0x8f,0x91,0xa1,0xa7,0xae,0xb5,0xbd,0xc8,0xcd,0xcd,0xe2,0xe2,0xe2,0xe2,0xe5,0xe5,0xe5,0xe2,0xe2,0xe2,0xcd,
  0xcd,0xe2,0xc8,0xc8,0xc8,0xc8,0xbe,0xbe,0xb5,0xb7,0xa7,0xa1,0xa0,0xa1,0xa0,0xa0,0xa1,0xaa,0xa2,0xae,0xae,0xb7,0xbd,0xc8,
  0xc8,0xc7,0xf7,0x1d,0x0d,0x15,0x0d,0x0d,0x15,0x0d,0x17,0x95,0xa9,0xa1,0xa1,0xa1,0x9a,0xa0,0x82,0x7d,0xaa,0xa1,0xac,0xac,
  0xac,0xa3,0x53,0x30,0xa3,0x5f,0x5f,0x5d,0x9f,0x51,0x51,0x9b,0x8e,0xa2,0x5f,0x5c,0x4b,0x4a,0x4c,0x4c,0x50,0x50,0x4b,0x4a,
  0x4a,0x50,0x4f,0x4b,0x4b,0x4d,0x4f,0x4d,0x30,0x53,0xc0,0xc0,0x51,0x50,0x9d,0x9d,0x5e,0x5e,0x2f,0x2f,0x51,0x5e,0x66,0x66,
  0x66,0x51,0x5e,0x9d,0x50,0x51,0x51,0x51,0x51,0x4a,0x4a,0x4a,0x2f,0x2f,0x4a,0x4c,0x2f,0x25,0x2e,0x50,0x51,0x9d,0x66,0x5e,
  0x5e,0x66,0x66,0x5e,0x9d,0x76,0xf5,0xec,0xec,0xec,0xec,0xec,0xd7,0xd6,0xd6,0xd0,0xcf,0xc3,0xd6,0xd6,0xd6,0xd1,0xd1,0xd4,
  0xd1,0xd0,0xd1,0xd0,0xc3,0xcf,0xc0,0xc0,0xc0,0xc0,0xc0,0xcf,0x8e,0x9f,0xc1,0xc1,0xc1,0xc1,0xc1,0xc1,0xc1,0xc1,0xc1,0xc1,
  0xc1,0xcf,0xa2,0xa0,0xc3,0xd4,0xe8,0xee,0xe8,0xfc,0xfc,0xef,0xfc,0xfd,0xd8,0xaa,0xa1,0x9a,0x93,0xa0,0xaa,0xa2,0xa0,0x86,
  0xa0,0xa1,0xa0,0xa1,0x91,0x59,0x8b,0x44,0x7b,0x80,0x80,0x7c,0x7b,0x3e,0x7b,0x44,0x7b,0x7c,0x45,0x41,0x3a,0x2b,0x3a,0x41,
  0x43,0x3c,0x22,0x1e,0x2a,0x2a,0x3a,0x43,0x82,0x82,0x7d,0x3f,0x89,0xa8,0xbd,0xcd,0xce,0xc8,0xc8,0xc6,0xe2,0xe7,0xa7,0x87,
  0x7e,0x7c,0x85,0x93,0xa9,0xbd,0xc6,0xc6,0xbd,0xb8,0xc4,0xae,0x8e,0x85,0x7b,0x7a,0x7a,0x7a,0x7a,0x7a,0x7a,0x7b,0x80,0x80,
  0x7c,0x7a,0x7a,0x7b,0x7c,0x7c,0x7b,0x45,0x80,0x7c,0x80,0x7f,0x7f,0x83,0x83,0x80,0x7e,0x85,0x8e,0xa0,0xa7,0xa9,0xae,0xb9,
  0xc6,0xc8,0xcd,0xcd,0xcd,0xcc,0xc8,0xae,0xa1,0x91,0x8e,0x87,0x8e,0x91,0xa1,0xa1,0xae,0xbe,0xc8,0xcd,0xcd,0xcd,0xcd,0xcd,
  0xe2,0xe2,0xe2,0xe2,0xcd,0xe2,0xcd,0xcd,0xc8,0xc8,0xc6,0xc6,0xc5,0xbe,0xc5,0xb7,0xa9,0xae,0xa7,0xa1,0xa1,0xa1,0xaa,0xaa,
  0xaa,0xac,0xa9,0xae,0xae,0xb7,0xbd,0xc8,0xc8,0xc7,0xf9,0x21,0x0d,0x15,0x0d,0x0d,0x0d,0x15,0x0d,0x27,0xbe,0xa7,0xa7,0xa1,
  0xa0,0xa1,0xa2,0xa2,0xa0,0xa1,0xa0,0xa2,0x61,0xaa,0x60,0xc1,0x9b,0x51,0x9b,0x5f,0x5d,0x5d,0x4d,0x5b,0x9b,0x9d,0x9b,0x4d,
  0x4b,0x8c,0x8c,0x4d,0x4c,0x4c,0x4c,0x4a,0x2f,0x33,0x4c,0x4c,0x4d,0x4d,0x4d,0x4b,0x5c,0xc0,0xc0,0x4f,0x5e,0x9d,0x5e,0x9d,
  0x9d,0x5e,0x4a,0x51,0x9d,0x9d,0x5e,0x66,0x9d,0x9d,0x9f,0x5e,0x51,0x4a,0x51,0x51,0x5e,0x50,0x50,0x4c,0x4c,0x4a,0x4a,0x33,
  0x2f,0x2f,0x33,0x5e,0x5e,0x66,0x9d,0x9d,0x51,0x4c,0x9d,0x5e,0x66,0xd0,0xdd,0xf3,0xf5,0xed,0xdc,0x70,0xd4,0xd6,0xd0,0xc1,
  0xc1,0xcf,0xd0,0xd1,0xd1,0xd1,0xd0,0xd0,0xd0,0xc3,0xcf,0xc2,0xcf,0xc0,0x66,0xc0,0xc0,0xc0,0xc0,0xc0,0x9f,0x9f,0xc0,0xc1,
  0xc1,0xc1,0xc1,0xac,0xc1,0xc1,0xc1,0x61,0xc1,0xc1,0xc1,0xc2,0xc4,0xd2,0xd8,0xe8,0xe9,0xe9,0xe9,0xeb,0xeb,0xe9,0xc4,0xa2,
  0x8f,0x90,0xa0,0xaa,0xaa,0xaa,0x90,0x7f,0x9e,0x91,0xa0,0xa0,0x90,0x87,0x87,0x45,0x7b,0x7c,0x7e,0x80,0x7b,0x45,0x7c,0x43,
  0x7e,0x7f,0x83,0x3c,0x3a,0x3b,0x3c,0x3c,0x3d,0x2a,0x22,0x2a,0x2c,0x3b,0x3a,0x43,0x7d,0x82,0x44,0x48,0x81,0x96,0xa8,0xb5,
  0xc6,0xc6,0xc6,0xc6,0xc6,0xa1,0x8b,0x7e,0x7a,0x85,0x8f,0xa1,0xa9,0xb7,0xbd,0xc6,0xc5,0xbe,0xa9,0x87,0x8d,0x85,0x7c,0x7a,
  0x7c,0x45,0x40,0x40,0x7a,0x80,0x80,0x80,0x7e,0x45,0x7a,0x7b,0x7c,0x7c,0x7c,0x80,0x80,0x83,0x83,0x4f,0x83,0x4f,0x4e,0x83,
  0x80,0x80,0x8c,0x59,0xa0,0xa7,0xa9,0xb9,0xc5,0xc6,0xc6,0xc8,0xc6,0xc5,0xc5,0xaa,0xa0,0x59,0x8e,0x8e,0x59,0x59,0x91,0xa0,
  0xae,0xc5,0xbe,0xc8,0xcd,0xcd,0xcd,0xcd,0xcd,0xe2,0xcd,0xcd,0xcd,0xcd,0xce,0xc8,0xc6,0xc5,0xc5,0xbe,0xbe,0xc5,0xb9,0xae,
  0xa1,0xa1,0xa1,0xa0,0xa1,0xaa,0xac,0xc1,0xaa,0xaa,0xae,0xae,0xb9,0xb9,0xc6,0xc8,0xcd,0xcd,0xeb,0x36,0x15,0x0d,0x0d,0x0d,
  0x0d,0x16,0x0d,0x21,0xc4,0xa5,0xa9,0xa7,0xa1,0xa1,0xa7,0xaa,0xa0,0xa0,0xa0,0xa0,0xaa,0x9c,0xa2,0x9c,0x8c,0x51,0x9b,0x5f,
  0x5e,0x9b,0x9d,0x60,0xc1,0x59,0x4f,0x4b,0x4f,0x51,0xa2,0x9b,0x4b,0x4d,0x4d,0x4a,0x4a,0x4b,0x4a,0x4d,0x4f,0x4d,0x4b,0x31,
  0xcf,0xc0,0x9d,0x4b,0x5e,0xc0,0xc0,0x51,0x4a,0x4c,0x5e,0xc0,0xc0,0x9d,0x9d,0x9b,0x5e,0xc0,0x9d,0x5e,0x5e,0x51,0x51,0x9d,
  0x9d,0x9d,0x5e,0x5e,0x50,0x33,0x4a,0x4c,0x26,0x26,0x35,0x5b,0x5e,0x66,0x9d,0x4a,0x4c,0x50,0xc0,0x9d,0x66,0xcf,0xd6,0xdd,
  0xd7,0xd6,0xd6,0xd6,0xd0,0xcf,0xcf,0xc0,0xc0,0xc1,0xcf,0xd0,0xc3,0xcf,0xcf,0xc0,0xcf,0xcf,0xc0,0xcf,0xcf,0xc0,0x66,0xc0,
  0xc0,0xc0,0xc0,0xc1,0xcf,0xc1,0xc1,0xc1,0xc1,0xc1,0xc1,0xac,0xc1,0xc1,0xc1,0x60,0xac,0xc1,0xc1,0xc3,0xc4,0xd4,0xd8,0xe8,
  0xe8,0xe9,0xee,0xe9,0xee,0xe8,0xc4,0xaa,0x9a,0x82,0x59,0xc1,0xc1,0x60,0x91,0x59,0xa2,0xa2,0xa0,0x9c,0x59,0x8e,0x8f,0x8c,
  0x83,0x41,0x7b,0x85,0x7f,0x7f,0x83,0x83,0x83,0x8c,0x45,0x3a,0x3c,0x41,0x7a,0x3b,0x2a,0x2a,0x3a,0x40,0x40,0x40,0x40,0x40,
  0x45,0x48,0x7d,0x82,0x87,0x99,0x99,0xa9,0xb7,0xb7,0xbe,0xb5,0xae,0x9a,0x88,0x45,0x41,0x87,0x93,0x99,0xa7,0xae,0xb7,0xb7,
  0xb7,0xae,0xa1,0x8b,0x87,0x83,0x7c,0x7c,0x7b,0x7b,0x40,0x40,0x7a,0x7c,0x7c,0x7e,0x7e,0x80,0x80,0x7c,0x45,0x7e,0x7c,0x7e,
  0x83,0x4e,0x83,0x83,0x4f,0x8c,0x4f,0x83,0x7f,0x7e,0x7f,0x8f,0x8e,0xa0,0xa7,0xaa,0xb9,0xc5,0xc5,0xc5,0xbe,0xc5,0xc3,0xa2,
  0x59,0x8e,0x8c,0x8e,0x9e,0x9e,0x91,0xa0,0xaa,0xae,0xc4,0xc6,0xce,0xce,0xc8,0xce,0xcd,0xc8,0xcd,0xcd,0xc8,0xc8,0xc8,0xc5,
  0xc5,0xc5,0xb9,0xb9,0xb9,0xad,0xac,0x99,0x9a,0xa7,0xa0,0xa0,0xaa,0xac,0xac,0xaa,0xad,0xaa,0xaa,0xae,0xb7,0xb9,0xc6,0xc8,
  0xcd,0xe2,0xe2,0xef,0x1a,0x0d,0x15,0x15,0x15,0x0d,0x16,0x36,0xbe,0xa6,0xa8,0xa9,0xa7,0xae,0xa7,0xa7,0xa7,0xa1,0xa0,0xa0,
  0x91,0x9e,0xa0,0x9b,0x8e,0x9b,0x9b,0x9b,0x8c,0x8c,0x8e,0xa2,0x9f,0x9e,0x4e,0x33,0x4f,0x4d,0x59,0x8d,0x4f,0x8c,0x4b,0x4c,
  0x4d,0x4d,0x4f,0x56,0x8c,0x7c,0x40,0x40,0x66,0xc0,0x66,0x5e,0x5e,0xcf,0xc3,0x5e,0x33,0x5e,0x9f,0xc1,0xc1,0xc0,0x66,0x51,
  0x9d,0x5e,0x9d,0xc0,0x51,0x9d,0xc0,0xc0,0xc0,0x5e,0x51,0x5e,0x4c,0x4c,0x33,0x33,0x1e,0x26,0x35,0x62,0x5e,0x66,0x50,0x4c,
  0x51,0x5e,0xc0,0xc0,0xc0,0xcf,0xd1,0xd6,0xd6,0xd6,0xd6,0xd0,0xcf,0xc0,0xc0,0xc0,0xc0,0xc1,0xc0,0xc1,0xc0,0xc0,0xc1,0xc0,
  0xc0,0xc0,0xc0,0xc1,0xc0,0xc0,0xc1,0xc1,0xc3,0xc3,0xc1,0x9f,0xc1,0xc3,0xc1,0xc3,0xc1,0xc1,0xc1,0xcf,0xc3,0xcf,0xc1,0xac,
  0xc1,0xc1,0xc3,0xc2,0xc4,0xd4,0xda,0xe8,0xe8,0xe8,0xe8,0xec,0xda,0xc5,0xc4,0xaa,0xa1,0x86,0xa2,0xc1,0x60,0xa2,0x9e,0xa3,
  0x42,0x52,0x9f,0x8c,0x59,0x8e,0x83,0x83,0x7c,0x22,0x41,0x8c,0x7f,0x83,0x83,0x83,0x83,0x85,0x3e,0x3b,0x41,0x7b,0x41,0x2b,
  0x2b,0x3b,0x3d,0x7a,0x7a,0x45,0x40,0x40,0x45,0x7f,0x82,0x87,0x93,0x9a,0x9a,0xae,0xb7,0xb7,0xb7,0xb7,0xae,0x9a,0x87,0x7c,
  0x45,0x85,0x87,0x93,0xa1,0xae,0xae,0xb7,0xa9,0xa7,0x9a,0x8b,0x87,0x80,0x7b,0x7c,0x7c,0x7a,0x40,0x3d,0x7a,0x80,0x7e,0x7b,
  0x7e,0x80,0x80,0x7c,0x7c,0x80,0x7e,0x85,0x83,0x83,0x8d,0x87,0x8c,0x8c,0x51,0x4f,0x4f,0x83,0x83,0x8c,0x9b,0x8e,0x59,0x91,
  0xaa,0xb9,0xc5,0xbe,0xc5,0xc4,0xaa,0xa0,0x59,0x8f,0x8d,0x8e,0x9e,0x9e,0x91,0xa0,0xa1,0xaa,0xad,0xc4,0xc5,0xc5,0xc6,0xc8,
  0xc8,0xc8,0xc8,0xc8,0xc5,0xc5,0xc5,0xc5,0xbe,0xb9,0xae,0xb9,0xac,0xa2,0xa2,0xa1,0xa0,0xa0,0xaa,0xac,0xaa,0xac,0xaa,0xac,
  0xaa,0xaa,0xa7,0xae,0xae,0xbe,0xc6,0xc8,0xcd,0xcd,0xe2,0xeb,0x69,0x19,0x0d,0x0d,0x0d,0x16,0x21,0xce,0xaf,0xa8,0x9a,0xa7,
  0xa7,0xa7,0xae,0xa7,0xa7,0xa0,0xa0,0xa1,0xa0,0xa0,0x9e,0x9c,0x59,0xa0,0x8e,0x4f,0x9b,0x9b,0x4f,0x8c,0x8c,0x4f,0x31,0x56,
  0x9b,0x8c,0x4f,0x4e,0x7e,0x9e,0x4f,0x4f,0x87,0x87,0x87,0x8f,0x85,0x7c,0x7b,0x7a,0x9d,0x5e,0x50,0xc0,0xcf,0x53,0x5d,0xcf,
  0xc0,0x9d,0x9d,0xcf,0xc1,0xd7,0x30,0x24,0x50,0x5e,0x9d,0x51,0x5e,0xc0,0xc0,0xc0,0x4c,0x50,0x50,0x5e,0x9d,0x5e,0x50,0x4c,
  0x26,0x26,0x24,0x35,0x5b,0x5e,0x4a,0x50,0xc0,0xcf,0xc0,0xc0,0xc0,0xcf,0xd0,0xcf,0xcf,0xcf,0xcf,0xcf,0xc0,0xc0,0x66,0xc0,
  0xc0,0xc0,0xcf,0xc0,0xc0,0xc0,0xc0,0xc0,0xc0,0xc0,0xc0,0xc0,0xc0,0xc0,0xc2,0xc1,0xcf,0xc1,0xc3,0xc1,0xc1,0xcf,0xc3,0xc1,
  0xc2,0xcf,0xc3,0xc3,0xc3,0xc1,0xc1,0xcf,0xc3,0xc3,0xc3,0xc3,0xc3,0xd4,0xd9,0xd8,0xda,0xec,0xec,0xda,0xd4,0xc5,0xc1,0xa1,
  0xa2,0xa0,0xac,0xc1,0xac,0x61,0xa2,0x9c,0x83,0x7f,0xa2,0x9e,0x85,0x8c,0x4e,0x7c,0x45,0x2a,0x22,0x4e,0x83,0x4f,0x83,0x80,
  0x7e,0x40,0x40,0x7a,0x40,0x7a,0x3e,0x3b,0x41,0x7a,0x40,0x40,0x7a,0x7a,0x45,0x7a,0x7b,0x7e,0x7f,0x8b,0x99,0x99,0x9a,0xa7,
  0xa9,0xa9,0xae,0xa9,0xa7,0x93,0x87,0x45,0x7a,0x7e,0x85,0x93,0x9a,0xa7,0xa7,0xa7,0xa1,0x9a,0x93,0x87,0x85,0x80,0x7c,0x45,
  0x7c,0x7a,0x7b,0x7a,0x40,0x7c,0x80,0x80,0x80,0x83,0x83,0x7e,0x7e,0x7f,0x80,0x83,0x83,0x8c,0x8c,0x8e,0x87,0x8d,0x8c,0x4f,
  0x83,0x4f,0x4f,0x4f,0x9b,0x8d,0x8e,0x9e,0xa2,0xac,0xad,0xad,0xad,0xae,0xa0,0x91,0x8f,0x8e,0x8d,0x8c,0xa2,0x59,0x59,0x9e,
  0xa1,0xaa,0xac,0xc1,0xc4,0xbe,0xc5,0xc5,0xc5,0xc5,0xc5,0xc5,0xbe,0xb9,0xc3,0xad,0xad,0xae,0xae,0xaa,0xaa,0xaa,0xa0,0xa0,
  0xaa,0xa0,0xa2,0xac,0xac,0xaa,0xac,0xac,0x61,0xaa,0xaa,0xad,0xae,0xb9,0xc6,0xc8,0xcd,0xcd,0xe2,0xe5,0xe9,0xbb,0x20,0x1c,
  0x1d,0x36,0xe7,0xa6,0xb7,0xa8,0xa9,0xa0,0xae,0xa9,0xa7,0xa0,0xaa,0xae,0xae,0xa7,0xa1,0xa0,0x9a,0x87,0x90,0x83,0x7a,0x4e,
  0x9b,0x56,0x8c,0x4f,0x4b,0x83,0x7c,0x8c,0x56,0x8f,0x80,0x7c,0x7f,0x8b,0x91,0x88,0x85,0x8b,0x87,0x85,0x7c,0x7c,0x45,0x7a,
  0x66,0x9d,0x4c,0x5e,0x9f,0x5b,0x61,0xc3,0xc3,0xcf,0xc1,0xc1,0xd0,0x52,0x30,0x51,0x5e,0xc1,0x9f,0x50,0x51,0x66,0xc0,0x5e,
  0x51,0x9b,0x5e,0x51,0x5e,0x5e,0x5b,0x32,0x23,0x26,0x26,0x5e,0x51,0x50,0x4c,0x62,0x66,0x66,0xcf,0xc0,0xcf,0xd0,0xcf,0x66,
  0xc0,0xc0,0xc0,0xc0,0xc0,0xc0,0x9d,0x66,0x66,0x66,0x66,0x66,0xc0,0xc0,0xc0,0xc0,0xc0,0xc0,0xc0,0x66,0xc0,0xc0,0xc2,0xc3,
  0xcf,0xc2,0xcf,0xc2,0xcf,0xc3,0xd0,0xc3,0xc2,0xc2,0xd0,0xc3,0xcf,0xc3,0xc1,0xc1,0xc3,0xc3,0xc3,0xc3,0xc2,0xd4,0xd9,0xd9,
  0xda,0xda,0xda,0xd4,0xd4,0xd0,0xac,0xa0,0xa0,0xa0,0xac,0xcf,0xc1,0x61,0xc0,0x9e,0x59,0xa2,0x9f,0xa0,0x59,0x8e,0x7f,0x85,
  0x85,0x80,0x43,0x83,0x8c,0x4f,0x83,0x80,0x7a,0x2b,0x3d,0x45,0x45,0x7a,0x3b,0x7a,0x7b,0x7c,0x40,0x40,0x7a,0x45,0x7a,0x7c,
  0x7c,0x43,0x7d,0x93,0x91,0xa0,0x9a,0xa7,0xa1,0xa1,0xa1,0xa7,0x9a,0x87,0x83,0x7c,0x45,0x7e,0x88,0x8b,0x93,0x93,0x9a,0xa0,
  0x91,0xa0,0x90,0x87,0x83,0x7e,0x45,0x7a,0x7e,0x80,0x80,0x80,0x45,0x7c,0x7c,0x80,0x80,0x7f,0x83,0x7f,0x83,0x83,0x83,0x4f,
  0x87,0x8c,0x87,0x51,0x4f,0x8c,0x51,0x51,0x8c,0x8c,0x8c,0x4f,0x8c,0x8e,0x8e,0x9e,0xa2,0xaa,0xaa,0xac,0xaa,0xa0,0x9e,0x8e,
  0x8e,0x59,0x9b,0x51,0x9c,0x9e,0x9d,0x9c,0x9e,0xa2,0xa2,0x9e,0xac,0xc4,0xc4,0xbe,0xbe,0xc4,0xb9,0xb9,0xb9,0xad,0xad,0xc3,
  0xaa,0xa7,0xa7,0xa1,0xa7,0xaa,0xa0,0xa0,0xa0,0xac,0xaa,0xaa,0xaa,0xaa,0xc3,0xc1,0xc1,0xae,0xaa,0xad,0xad,0xb9,0xc6,0xc8,
  0xcd,0xcd,0xcd,0xe5,0xe5,0xeb,0xfe,0xfe,0xff,0xfd,0xcc,0xbe,0xb7,0xa9,0xae,0xa0,0xa7,0xa7,0xae,0xc4,0xc4,0xb9,0xae,0xa9,
  0xa7,0x91,0x93,0x8b,0x87,0x87,0x7a,0x8c,0x9e,0x56,0x8c,0x4f,0x83,0x83,0x8c,0x84,0x87,0x80,0x7f,0x85,0x87,0x88,0x93,0x93,
  0x87,0x8b,0x8f,0x80,0x7a,0x41,0x45,0x7f,0x66,0x66,0x4c,0x4c,0xc0,0xcf,0xc3,0xcf,0x9f,0x9f,0xc1,0xc3,0xc1,0x9b,0x51,0x5e,
  0xc0,0xc0,0xc0,0xcf,0x5e,0x9b,0x9f,0x4a,0x5e,0x5e,0x66,0x5e,0x50,0x35,0x35,0x32,0x35,0x35,0x62,0x5e,0x9d,0x5b,0x35,0x62,
  0x62,0x62,0x35,0x66,0xcf,0xc0,0x5e,0x5e,0xc0,0x66,0x66,0x66,0x5e,0xc0,0xc0,0x9d,0x9d,0x5e,0x4b,0x66,0x66,0x66,0x9d,0xcf,
  0x66,0x9d,0xc0,0xc0,0xc0,0xc1,0xcf,0xcf,0xcf,0xcf,0xc3,0xcf,0xc2,0xc2,0xc3,0xd0,0xc2,0xc3,0xc3,0xc3,0xc2,0xc3,0xcf,0xcf,
  0xd0,0xd1,0xc3,0xc3,0xc4,0xd4,0xd4,0xd9,0xd4,0xd4,0xd4,0xd4,0xc5,0xc3,0xc1,0xa2,0x91,0xa0,0xa0,0xc1,0xc1,0xc1,0x61,0x9f,
  0x9e,0x9f,0x9f,0x9f,0xa0,0x91,0x8f,0x8d,0x87,0x4f,0x7e,0x7f,0x87,0x85,0x83,0x7e,0x3a,0x2a,0x3b,0x45,0x7c,0x45,0x40,0x45,
  0x45,0x7b,0x7a,0x7b,0x45,0x45,0x7b,0x7e,0x7e,0x3c,0x7b,0x85,0x91,0xa0,0x9a,0x9a,0x9a,0x93,0xa0,0x93,0x87,0x83,0x83,0x7c,
  0x7c,0x7c,0x85,0x88,0x87,0x8b,0x91,0x90,0x8f,0x90,0x87,0x87,0x83,0x7e,0x7c,0x7e,0x7e,0x7f,0x80,0x7e,0x7e,0x7e,0x7c,0x80,
  0x80,0x80,0x7f,0x83,0x83,0x83,0x4f,0x83,0x83,0x83,0x83,0x4f,0x4f,0x8c,0x4f,0x51,0x51,0x51,0x51,0x8c,0x8c,0x8c,0x8e,0x59,
  0x9e,0xa0,0xa3,0xaa,0xa2,0x91,0x8e,0x8c,0x9d,0x9b,0x8c,0x8c,0x8e,0x9d,0x9f,0xa0,0x9e,0x9e,0x9f,0x59,0xa2,0xaa,0xc3,0xc3,
  0xc2,0xc1,0xc1,0xc1,0xac,0xaa,0xaa,0xac,0xaa,0xa0,0xa2,0xa1,0xaa,0xa2,0xa0,0xa2,0x9f,0xa2,0xaa,0x60,0x60,0xac,0xc1,0xaa,
  0xa2,0xac,0xad,0xae,0xb9,0xba,0xc6,0xc6,0xc8,0xcd,0xcd,0xe2,0xe9,0xeb,0xe9,0xea,0xe9,0xeb,0xcd,0xc6,0xbe,0xae,0xa8,0xae,
  0xa1,0xae,0xae,0x46,0xae,0xae,0xae,0xa7,0xa7,0xa7,0x9a,0xa0,0x93,0x8b,0x80,0x7f,0xa0,0x59,0x8e,0x56,0x85,0x8c,0x87,0x7b,
  0x7b,0x7e,0x91,0xa7,0x9a,0x88,0x82,0x87,0x87,0x91,0x85,0x7e,0x7c,0x3d,0x40,0x7a,0x5e,0x51,0x5e,0x9d,0xc1,0xc1,0xc2,0xc3,
  0x9f,0x9d,0xcf,0xd1,0xcf,0xc0,0xcf,0xc0,0xc1,0xc1,0xc0,0xc0,0x66,0x51,0x9d,0x5e,0x51,0x5f,0x9d,0x5e,0x35,0x35,0x5e,0x34,
  0x62,0x62,0x5b,0x9d,0x62,0x35,0x62,0x62,0x62,0x62,0x29,0x62,0x63,0x62,0x5b,0x9d,0x66,0x9d,0x9d,0x5e,0x5e,0x5e,0x5e,0x62,
  0x5e,0x5e,0x5b,0x66,0x66,0x9d,0x5b,0xc0,0xc0,0x66,0xc0,0xc0,0xc0,0xc1,0xcf,0xc0,0xcf,0xcf,0xc2,0xc2,0xd0,0xc2,0xd0,0xc3,
  0xc3,0xc2,0xd0,0xcf,0xc3,0xd0,0x6a,0xcf,0xc3,0xd0,0xd1,0xc4,0xc4,0xd4,0xd4,0xd4,0xd4,0xd4,0xd4,0xc5,0xc3,0xc1,0xc1,0xc1,
  0xc1,0xc1,0x8e,0x9e,0xcf,0xc1,0xc0,0x9f,0x9f,0x9f,0x9f,0x9f,0xa2,0x9e,0x59,0x9d,0x9d,0x83,0x7e,0x4e,0x8c,0x83,0x7f,0x7e,
  0x41,0x3d,0x40,0x7b,0x7c,0x45,0x45,0x3e,0x7a,0x7c,0x7b,0x7c,0x7b,0x7e,0x80,0x7b,0x7b,0x80,0x7f,0x84,0x8f,0x93,0x94,0x90,
  0x88,0x85,0x87,0x87,0x85,0x80,0x80,0x80,0x7e,0x80,0x7e,0x80,0x85,0x87,0x87,0x87,0x87,0x87,0x85,0x80,0x80,0x7c,0x7e,0x80,
  0x83,0x80,0x7e,0x7c,0x7c,0x80,0x7e,0x7c,0x83,0x7f,0x80,0x4f,0x4f,0x4f,0x4f,0x4f,0x4f,0x4f,0x4f,0x4f,0x4f,0x83,0x4f,0x4f,
  0x51,0x51,0x51,0x8c,0x9b,0x8c,0x9b,0x8e,0x8e,0x9b,0x9d,0x9e,0x9c,0x8e,0x8e,0x8c,0x8c,0x8c,0x8c,0x8e,0x8e,0x8d,0x9c,0xa2,
  0xa2,0x9f,0x9e,0x9c,0x9e,0xa0,0xac,0xac,0xac,0xaa,0xaa,0xac,0xa7,0xa2,0xa2,0xa2,0xaa,0xaa,0xac,0xc0,0x60,0xa2,0xa2,0xa2,
  0xa2,0xac,0xa2,0xc3,0xc3,0x91,0xa0,0x9e,0xa0,0xc1,0xc1,0xac,0xae,0xd4,0xc4,0xc6,0xc5,0xcd,0xcd,0xe2,0xe5,0xe9,0xe9,0xeb,
  0xe9,0xe2,0xc8,0xbd,0xbe,0xb5,0xb7,0xb7,0xb5,0xae,0xaa,0x3f,0x91,0xa1,0xa7,0xa7,0xa9,0xa7,0x9a,0x9a,0xa1,0x85,0x7c,0x84,
  0x87,0x93,0x54,0x42,0x42,0x86,0x85,0x7f,0x7f,0x85,0x9a,0x9a,0x9a,0x82,0x92,0x8b,0x99,0x44,0x3d,0x7a,0x7d,0x44,0x3d,0x45,
  0x5e,0x5e,0xc0,0xc0,0xc1,0xcf,0xcf,0xc1,0x5e,0x4c,0x51,0xc3,0xcf,0xd1,0xd4,0xd1,0xd0,0xd0,0xc1,0xc0,0xc0,0x9d,0x5e,0x9d,
  0x5e,0xc0,0x66,0x5e,0x5e,0x9d,0x35,0x35,0x62,0x35,0x62,0x66,0x35,0x62,0x62,0x62,0x62,0x35,0x35,0x35,0x35,0x35,0x68,0x36,
  0x18,0x27,0x66,0x5b,0x66,0x66,0x5e,0x35,0x5e,0x9d,0x5e,0x9d,0x5e,0x5e,0x9d,0xc0,0xc0,0x66,0xc0,0x66,0xc0,0xc0,0xcf,0xcf,
  0xcf,0xc2,0xcf,0xc2,0xd0,0xd0,0xc2,0xd0,0xc2,0xd0,0xd0,0xc1,0xd5,0x36,0x1c,0xc2,0xd0,0xd1,0xd1,0xd0,0xc4,0xd4,0xd4,0xd4,
  0xd4,0xd4,0xc3,0xc3,0xcf,0xcf,0xc1,0xc1,0xcf,0xc1,0x82,0x7f,0xc1,0xc2,0xc1,0x9f,0x91,0x9f,0xa2,0x91,0x9e,0x59,0x9f,0x21,
  0x21,0x9b,0x42,0x7f,0x9b,0x4f,0x83,0x7f,0x7c,0x7a,0x7a,0x80,0x80,0x7a,0x7a,0x40,0x7a,0x45,0x7c,0x7b,0x7e,0x7c,0x7a,0x7a,
  0x80,0x85,0x87,0x87,0x87,0x9f,0x1d,0x1f,0x8c,0x7c,0x85,0x85,0x80,0x80,0x7f,0x7f,0x7f,0x80,0x7c,0x7b,0x7c,0x7f,0x85,0x87,
  0x85,0x80,0x80,0x80,0x80,0x7e,0x80,0x4e,0x1f,0x30,0x7c,0x7b,0x7e,0x83,0x80,0x80,0x83,0x7f,0x7f,0x51,0x51,0x4f,0x4f,0x4f,
  0x51,0x8c,0x83,0x83,0x83,0x4f,0x4e,0x8c,0x9b,0x8c,0x8c,0x8d,0x8d,0x8c,0x8c,0x8e,0x9b,0x8c,0x8c,0x9d,0x8d,0x8c,0x9b,0x8c,
  0x51,0x8c,0x8c,0x8e,0x59,0x8e,0x9e,0x9f,0xa2,0x9e,0x9c,0x9e,0xa2,0x9e,0xa2,0xa0,0xa2,0xa2,0xa2,0xa2,0xa2,0xa0,0x9e,0x9e,
  0xac,0xac,0xac,0x60,0x61,0x9f,0xc0,0x60,0x61,0xa0,0xc3,0x21,0x27,0xc1,0x60,0xa2,0xc1,0xc1,0xad,0xab,0xdb,0x1c,0x1f,0xdb,
  0xc5,0xc8,0xe2,0xe5,0xe9,0xe5,0xe2,0xe2,0xe2,0xcc,0xc6,0xbe,0xb5,0xbe,0xb7,0xb7,0xb0,0xa8,0xae,0x87,0x59,0xa1,0xaa,0xae,
  0xa7,0xa1,0xa1,0x9a,0x99,0x85,0x7b,0x8f,0x59,0x8f,0x93,0x7d,0x41,0x82,0x88,0x87,0x82,0x7d,0x99,0xa7,0xa1,0x99,0x97,0xa9,
  0x9a,0x42,0x2c,0x41,0x85,0x44,0x3b,0x82,0x66,0x9f,0x9f,0xc0,0xcf,0xc1,0xc1,0xc1,0x9d,0x8c,0x5e,0xc0,0xc2,0xc2,0xc3,0xd1,
  0xd1,0xc3,0xcf,0xc0,0xc1,0xc0,0x66,0xc0,0x5a,0x24,0x5e,0x5b,0x4c,0x66,0x35,0x35,0x35,0x62,0x66,0x63,0x62,0x35,0x5e,0x62,
  0x34,0x34,0x35,0x34,0x34,0x62,0x66,0x1f,0x15,0x1f,0x68,0x5a,0x5e,0x66,0xc0,0x66,0x5e,0x66,0x5b,0x5e,0x9d,0x5e,0x50,0x66,
  0xc0,0xc0,0x66,0x66,0xc0,0xc0,0xc0,0xd0,0xd0,0xc2,0xc3,0xc2,0xc3,0xc3,0xc1,0xc1,0xd1,0xc2,0xc2,0xd0,0xd6,0x27,0x19,0xc1,
  0xc3,0xd1,0xd1,0xd4,0xd4,0xc5,0xc4,0xd4,0xc5,0xc2,0xc1,0xcf,0xcf,0xc1,0xc1,0xc1,0xcf,0xc3,0xa0,0xa1,0xc1,0x61,0xc0,0x9f,
  0x8e,0x9f,0xc0,0x9e,0x91,0x59,0xc0,0x1d,0x1c,0x9d,0x4f,0x4f,0x8c,0x4f,0x80,0x7e,0x45,0x7b,0x7e,0x7f,0x3a,0x3b,0x7c,0x7a,
  0x3d,0x40,0x3e,0x85,0x7c,0x7b,0x7a,0x7a,0x7c,0x83,0x7f,0x85,0x88,0xa3,0x1c,0x1c,0x7c,0x3e,0x80,0x7e,0x7f,0x83,0x4e,0x83,
  0x83,0x7f,0x7c,0x7b,0x7b,0x7c,0x7e,0x85,0x85,0x83,0x80,0x80,0x80,0x7c,0x85,0x4b,0x19,0x2d,0x7c,0x7b,0x7f,0x83,0x83,0x80,
  0x7f,0x83,0x83,0x4f,0x8c,0x8c,0x8c,0x8c,0x9b,0x8d,0x85,0x83,0x4f,0x83,0x4f,0x8c,0x9b,0x8c,0x8c,0x8d,0x9b,0x8c,0x8c,0x8c,
  0x8c,0x8c,0x4f,0x8c,0x8c,0x51,0x8c,0x9b,0x8c,0x8c,0x9b,0x8e,0x8e,0x8c,0x9d,0xa2,0xa2,0x9f,0x9f,0x9f,0xa2,0x5f,0xa3,0xa3,
  0x91,0xa2,0x9e,0x9f,0x9e,0x9e,0xa2,0x9f,0xac,0x60,0xad,0xc1,0xa2,0x60,0x60,0x60,0xac,0xa0,0xcf,0x1c,0x1f,0xd4,0x61,0xad,
  0xad,0xc1,0xaa,0xc4,0x21,0x18,0x36,0xad,0xb7,0xc8,0xe2,0xe5,0xe5,0xe5,0xcd,0xc8,0xc8,0xbe,0xaf,0xb7,0xb7,0xb7,0xb7,0xb7,
  0xae,0xae,0xa9,0xa1,0xaa,0x91,0xa0,0x87,0x90,0xaa,0x91,0x90,0x93,0x87,0x85,0x85,0x91,0x8f,0x7f,0x7a,0x7b,0x7f,0x99,0x8a,
  0x89,0x81,0x98,0xa8,0x99,0x92,0x99,0x94,0x8a,0x82,0x44,0x7c,0x7d,0x44,0x7c,0x82,0x66,0x66,0x9d,0x9f,0xc0,0xc3,0xc1,0xcf,
  0xcf,0xc1,0xc1,0xc1,0xc1,0xd0,0xd4,0xda,0xac,0xc4,0xd4,0xc0,0x66,0xc0,0xc0,0xcf,0x5a,0x24,0x5b,0x51,0x5b,0x5e,0x35,0x35,
  0x50,0x62,0x62,0xc0,0x66,0x35,0x5e,0x35,0x34,0x32,0x32,0x62,0x62,0x62,0x62,0x19,0x21,0x19,0x37,0x51,0x51,0x5e,0x66,0x5e,
  0x5e,0x5e,0x62,0x62,0x4d,0x4d,0x68,0x66,0xc0,0xc0,0x9d,0x66,0xc0,0xcf,0xd5,0x36,0x6a,0xd7,0x6a,0xc3,0xd0,0xc3,0xc1,0xcf,
  0xc3,0xd6,0xdd,0x36,0xd1,0x36,0x19,0xc2,0xc3,0xd1,0xd1,0xd4,0xd4,0xd7,0xf3,0x36,0x53,0xd7,0xcf,0xc3,0xc3,0xc1,0xc1,0xc1,
  0xc1,0xd4,0xd6,0x5c,0xd4,0xd6,0x60,0x36,0xcf,0xc0,0x9f,0x9c,0x9c,0x9e,0x91,0x5f,0x59,0x8f,0x8c,0x7c,0x4f,0x7f,0x7f,0x8c,
  0x8c,0x30,0x8d,0x7a,0x3b,0x3d,0x80,0x7e,0x80,0x41,0x22,0x41,0x7c,0x7c,0x85,0x7a,0x41,0x7f,0x85,0x7c,0x3f,0xc0,0x1c,0x1d,
  0x85,0x45,0x80,0x80,0x83,0x83,0x8c,0x4f,0x30,0x8c,0x85,0x7e,0x7c,0x7e,0x7c,0x45,0x7b,0x83,0x80,0x80,0x80,0x7c,0x7c,0x80,
  0x8c,0x7e,0x7c,0x80,0x7f,0x7f,0x83,0x4f,0x8d,0x4e,0x30,0x8c,0x83,0x8c,0x8d,0x8d,0x8d,0x8c,0x8c,0x8e,0x8d,0x4b,0x9c,0x9d,
  0x8c,0x51,0x8c,0x8c,0x8c,0x8c,0x9b,0x9d,0x30,0x52,0x9d,0x51,0x8c,0x8c,0x8d,0x9b,0x8e,0x53,0x9d,0x8d,0x8e,0x9b,0x56,0x9c,
  0x9d,0x9f,0x9e,0x9f,0xa2,0xcf,0x53,0x53,0xcf,0xa2,0xa0,0x9c,0x9f,0x9e,0xa2,0xa0,0xaa,0xd6,0x53,0x36,0xd6,0xc0,0xa2,0xac,
  0xac,0xac,0xac,0x61,0xc2,0xcf,0xc1,0xc1,0xc3,0xad,0xa0,0xc3,0x27,0x27,0xdb,0xce,0xbd,0xcd,0xcd,0xe2,0xe2,0xcd,0xbb,0xd9,
  0xb3,0x36,0xc5,0xa8,0xa8,0xa8,0xa8,0xb7,0xb7,0xb7,0xa7,0xa9,0xb9,0x53,0x52,0x93,0x9a,0x91,0x84,0x9a,0x99,0x7f,0x4b,0x87,
  0x8e,0x42,0x42,0x7b,0x48,0x8a,0x92,0x8a,0x48,0x94,0xa8,0x96,0x94,0x89,0x81,0x49,0x57,0x89,0x81,0x57,0x89,0x48,0x44,0x48,
  0x66,0xc0,0x9d,0xc0,0xc0,0xc2,0xd7,0xd4,0x5f,0x8c,0xc1,0xd4,0xd0,0xd6,0xd1,0xd4,0xc3,0xd4,0xd6,0xc3,0x9f,0xc1,0xc2,0xc2,
  0xcf,0x68,0x66,0x9d,0xc0,0x9d,0x5e,0x62,0x51,0x5b,0x5e,0x63,0x5e,0x62,0x62,0x35,0x32,0x32,0x32,0x62,0x62,0x66,0x27,0x19,
  0x68,0x1a,0x21,0xd5,0x5f,0x5e,0x9d,0x5e,0x9d,0x66,0x37,0x1a,0x19,0x19,0x1d,0xcf,0xc0,0xcf,0xc0,0x66,0xcf,0x5c,0x1a,0x19,
  0x1a,0x1f,0x1d,0x6e,0xd0,0xd1,0xd0,0xc2,0xd6,0x5c,0x1a,0x1a,0x1a,0x1f,0x1a,0x6b,0xcf,0xc3,0xd1,0xc2,0xd7,0xd8,0x1c,0x19,
  0x19,0x1d,0xd0,0xc1,0xc3,0xc3,0xc1,0xd6,0x27,0x1c,0x1c,0x19,0x1c,0x27,0x1a,0x19,0x1c,0xc1,0xa2,0x9c,0x9e,0x59,0xc1,0x20,
  0x1d,0x9d,0x8c,0x83,0x8c,0x7f,0x83,0x21,0x19,0x19,0x1c,0x1d,0x1f,0x8c,0x4e,0x80,0x85,0x7a,0x19,0x22,0x7c,0x7e,0x83,0x7f,
  0x45,0x8d,0x21,0x19,0x19,0x1c,0x1b,0x1d,0x9c,0x83,0x85,0x87,0x7f,0x8d,0x20,0x19,0x19,0x1a,0x30,0x83,0x7c,0x7e,0x80,0x7c,
  0x7b,0x80,0x7a,0x45,0x85,0x7e,0x80,0x7c,0x1b,0x46,0x85,0x4e,0x4e,0x7e,0x80,0x1c,0x1d,0x1a,0x18,0x1c,0x8d,0x84,0x8f,0x87,
  0x86,0x9c,0x21,0x1c,0x1c,0x19,0x1a,0x30,0x9b,0x4f,0x8c,0x9b,0x9b,0x9b,0x30,0x1a,0x19,0x19,0x20,0x9d,0x9b,0x9b,0x9b,0x9d,
  0x53,0x1c,0x37,0x9f,0xc0,0x21,0x1c,0x9f,0x8c,0x9d,0x9e,0x9f,0x60,0x1d,0x19,0x1a,0x1d,0x1c,0x36,0x9d,0x9c,0x9c,0x9c,0x9c,
  0x60,0x1c,0x19,0x19,0x1c,0x5c,0xc1,0xc1,0xc1,0x61,0xd6,0x1f,0x20,0xdb,0x61,0xc1,0xc1,0xa2,0xc3,0x1f,0x19,0x1a,0x1a,0x36,
  0xe8,0xcc,0xc8,0xc8,0xbd,0xcd,0x1d,0x1d,0x1a,0x19,0x1c,0xbe,0x98,0xa6,0xb0,0x98,0xa7,0xa7,0xa7,0xa7,0xa1,0x82,0x99,0x93,
  0x86,0x9a,0x93,0x8b,0x85,0x3e,0x3e,0x85,0x87,0x31,0x31,0x2f,0x8b,0x8b,0x8a,0x96,0x81,0x99,0x96,0xa7,0x94,0x81,0x44,0x49,
  0x8a,0x8a,0x89,0x49,0x89,0x94,0x44,0x43,0xc0,0xc0,0xcf,0xc0,0xc0,0xcf,0xd1,0xd7,0xac,0x8e,0xdb,0xfc,0x69,0x6c,0xd6,0xd7,
  0xd6,0xd1,0xd7,0xd7,0xc1,0xc2,0xd0,0xc3,0xcf,0xc3,0xc0,0x5e,0x51,0xc0,0xcf,0x66,0xc0,0x66,0x66,0x63,0x62,0x35,0x35,0x34,
  0x29,0x34,0x35,0x34,0x34,0x62,0x1c,0x1f,0xf5,0x21,0x1c,0x74,0x66,0xc0,0x9d,0x5e,0x5e,0x5e,0x19,0x1d,0x67,0x36,0x1d,0x37,
  0xcf,0xc0,0xc0,0xc0,0xd5,0x1a,0x1d,0x6a,0x36,0x19,0x19,0xd6,0xd0,0xd1,0xd0,0xcf,0xd6,0x19,0x1d,0xd2,0x36,0x1a,0x18,0x6c,
  0xd1,0xd1,0xd0,0xcf,0xd6,0x1c,0x1f,0xdd,0x6a,0x1a,0x20,0xd6,0x61,0xc4,0xc2,0xd7,0x21,0x16,0x27,0x5c,0x1a,0x18,0x36,0x6b,
  0x19,0x21,0xcf,0x91,0x91,0x56,0xc0,0x1d,0x1b,0x9b,0x7f,0x4f,0x7f,0x85,0x30,0x18,0x24,0x7e,0x20,0x14,0x1d,0x8d,0x7e,0x7c,
  0x7e,0x7a,0x3a,0x3d,0x45,0x7f,0x80,0x7e,0x85,0x30,0x18,0x21,0x7e,0x20,0x15,0x1f,0x9c,0x82,0x83,0x7f,0x8c,0x21,0x19,0x46,
  0x9d,0x1f,0x1a,0x7c,0x7e,0x7e,0x80,0x7e,0x7e,0x83,0x7c,0x7c,0x83,0x7f,0x80,0x7c,0x18,0x4b,0x85,0x83,0x4f,0x7e,0x80,0x19,
  0x19,0x4b,0x30,0x18,0x20,0x9e,0x56,0x8f,0x86,0xa3,0x21,0x16,0x21,0x9b,0x1c,0x1a,0x9d,0x51,0x8c,0x8c,0x8c,0x53,0x19,0x1f,
  0x8e,0x27,0x19,0x21,0x9f,0x9b,0x8e,0x8c,0xc0,0x1d,0x1d,0xcf,0xc0,0x1b,0x20,0xc0,0x9b,0x9d,0x9b,0xc0,0x1d,0x1a,0x37,0x37,
  0x1c,0x16,0x36,0x9f,0x9f,0x9f,0x59,0xc0,0x1c,0x1a,0x53,0x5c,0x1d,0x27,0xd0,0x61,0xc1,0x60,0xd6,0x1c,0x1f,0xd7,0x61,0xa2,
  0xa2,0xd1,0x21,0x18,0x27,0xbd,0x20,0x19,0x69,0xc8,0xc6,0xbe,0xb1,0xd9,0x1a,0x19,0xa4,0xa4,0x19,0x21,0xb7,0x98,0xa8,0x97,
  0x99,0xa1,0xa7,0x9a,0x8b,0x93,0x9a,0x8b,0x82,0xa7,0x9a,0x86,0x4e,0x4e,0x80,0x7c,0x7f,0x7c,0x25,0x31,0x7f,0x44,0x81,0x94,
  0x57,0x81,0x99,0x94,0x8a,0x44,0x3f,0x57,0x94,0x89,0x48,0x49,0x89,0x8a,0x89,0x48,0xc0,0x66,0xc0,0xc0,0xd0,0x59,0xc2,0xd6,
  0xd4,0xec,0xf3,0xfc,0x36,0x46,0x6c,0xd7,0xd1,0xd4,0xd7,0xd7,0xd4,0xd0,0xc2,0xc3,0xcf,0xc3,0xcf,0xc0,0x66,0xcf,0xcf,0xcf,
  0xcf,0xc0,0x9d,0x9d,0x5e,0x35,0x35,0x62,0x35,0x62,0x29,0x29,0x35,0x32,0x17,0x1c,0x1d,0x1c,0x17,0x37,0xcf,0xc0,0x66,0x5e,
  0x66,0x21,0x19,0xd7,0xcf,0xcf,0xd5,0xc0,0xc0,0xcf,0x66,0xcf,0x27,0x19,0xdf,0xd0,0xdf,0x27,0x1a,0xd6,0xcf,0xd1,0xd0,0xdd,
  0x27,0x19,0xdf,0xd4,0xdf,0x27,0x18,0xc4,0xd4,0xd4,0xd0,0xd1,0x36,0x17,0x1f,0x1d,0x20,0x1c,0x1a,0xdd,0xc1,0xc3,0xc1,0xd6,
  0x21,0x1a,0xd6,0xd6,0x20,0x1c,0xdd,0xdb,0x1d,0x1d,0xc0,0x8d,0x59,0x56,0x9f,0x1f,0x1c,0x9b,0x7f,0x4f,0x83,0x9d,0x1c,0x1d,
  0x9b,0x7b,0x9b,0x1c,0x1f,0x8c,0x7e,0x80,0x80,0x80,0x83,0x83,0x7c,0x7e,0x80,0x7c,0x8c,0x1c,0x1d,0x9d,0x7e,0x9d,0x1b,0x1d,
  0x8c,0x83,0x8c,0x83,0x9d,0x1c,0x1a,0x1f,0x1d,0x1f,0x17,0x21,0x83,0x7c,0x7f,0x80,0x83,0x83,0x83,0x80,0x7f,0x83,0x83,0x48,
  0x19,0x30,0x8c,0x4f,0x83,0x7c,0x83,0x19,0x21,0x8d,0x9d,0x1d,0x1d,0xac,0x8d,0x8e,0x8d,0x9f,0x20,0x1a,0xc0,0x9b,0x30,0x19,
  0x59,0x9d,0x9d,0x8e,0xc0,0x21,0x1a,0xc0,0x51,0x66,0x21,0x1a,0x9f,0x9b,0x9d,0x9d,0x9f,0x36,0x19,0x9d,0x27,0x19,0x5f,0x9f,
  0x9d,0x9f,0x9d,0x53,0x18,0x4d,0x9f,0x9d,0x37,0x19,0x36,0xcf,0x9f,0x9f,0xa3,0x52,0x18,0x52,0x9f,0x9f,0xcf,0xac,0x9f,0xc1,
  0x60,0xa0,0xd1,0x1d,0x1f,0xd5,0x60,0xac,0x60,0xdd,0x1a,0x21,0xec,0xa5,0xd7,0x1a,0x20,0xd9,0xab,0xb7,0xa6,0xcd,0x1a,0x21,
  0xd9,0xd9,0x1f,0x1d,0xc5,0x96,0x96,0x99,0x89,0x89,0x9a,0x99,0x99,0x9a,0x9a,0x93,0x93,0x9a,0xa9,0x58,0x99,0x82,0x7b,0x7c,
  0x87,0x7f,0x42,0x31,0x42,0x48,0x7c,0x81,0x89,0x89,0x99,0x94,0x89,0x3f,0x41,0x89,0x96,0x8a,0x3f,0x43,0x48,0x48,0x44,0x3e,
  0x62,0x5b,0xc0,0xc1,0xc1,0x5d,0x60,0xd7,0xec,0xf3,0xdb,0xee,0xf3,0xd7,0x70,0xd7,0xc2,0x5f,0xdb,0xdc,0xd7,0xd1,0xd0,0xc3,
  0xcf,0xc1,0xd0,0xc1,0x5e,0x9d,0xcf,0xc0,0xc0,0x9d,0x4c,0x66,0x9d,0x62,0x62,0xc0,0xcf,0xc0,0x35,0x62,0x68,0x20,0x19,0x20,
  0x1f,0x20,0x19,0x1f,0xd5,0x66,0xc0,0xc0,0xd5,0x27,0x1a,0x77,0x67,0x61,0xd5,0xcf,0xc1,0xc0,0x66,0xd5,0x21,0x1a,0x77,0x5d,
  0xd5,0x27,0x1a,0xd6,0xd0,0xd6,0xd2,0xf5,0x27,0x1a,0xdd,0x5d,0xcf,0x36,0x19,0x70,0xd4,0xd4,0xd0,0xd7,0x27,0x17,0x1f,0x1d,
  0x1d,0x20,0x27,0xd7,0xc4,0xc3,0x61,0xd6,0x21,0x1c,0xd7,0xd6,0x20,0x1c,0xcf,0xd4,0x1d,0x1d,0xcf,0x59,0x9e,0x8e,0x9e,0x1d,
  0x1c,0x9d,0x8e,0x8e,0x8d,0xc0,0x1c,0x1f,0x83,0x42,0x80,0x1d,0x1d,0x9d,0x7f,0x80,0x7c,0x7f,0x7f,0x80,0x80,0x85,0x85,0x7f,
  0x9e,0x1b,0x1f,0x8c,0x42,0x8c,0x1c,0x1c,0x9f,0x54,0x8e,0x84,0x9d,0x1b,0x1a,0x1d,0x1c,0x1d,0x1f,0x30,0x87,0x83,0x4f,0x4f,
  0x4f,0x83,0x83,0x7f,0x80,0x83,0x83,0x7f,0x19,0x30,0x85,0x83,0x4f,0x83,0x8d,0x19,0x24,0x85,0x9d,0x1d,0x1d,0xc1,0x8d,0x8e,
  0x8c,0x9d,0x1f,0x1c,0x8d,0x8c,0x27,0x1a,0x5f,0xa2,0x9e,0x9e,0xcf,0x20,0x1b,0x9d,0x4d,0x5e,0x21,0x19,0xa3,0x9c,0x9d,0x9c,
  0x9b,0xc0,0x1a,0x21,0x1f,0x1d,0xc0,0x9d,0x9d,0x9f,0xa3,0x36,0x19,0x37,0x8c,0x4f,0x53,0x19,0x36,0xc1,0x60,0x9f,0xcf,0x36,
  0x19,0x53,0x8e,0x9b,0x9d,0x9d,0x9e,0x60,0x9f,0xa0,0xd6,0x1d,0x1f,0xd6,0xc1,0xc2,0xc1,0xdb,0x1a,0x27,0xc3,0x58,0xd1,0x1c,
  0x1f,0xd4,0xa6,0xae,0xa7,0xc6,0x1a,0x27,0xb7,0xc5,0x1f,0x1d,0xc5,0x96,0x96,0x89,0x82,0x57,0x99,0x99,0x94,0x92,0x97,0x8b,
  0x8a,0x9a,0x97,0x8a,0x97,0x7d,0x7c,0x44,0x82,0x88,0x2d,0x44,0x43,0x41,0x44,0x7d,0x89,0x94,0x8a,0x94,0x94,0x47,0x2d,0x55,
  0x96,0x47,0x3f,0x43,0x48,0x48,0x3a,0x3a,0x68,0x5e,0x66,0xc0,0xcf,0xc0,0x9f,0xdb,0xec,0xed,0xec,0xed,0xda,0xdc,0xed,0xf3,
  0xdd,0x70,0x70,0xda,0xec,0xd2,0xd1,0xd1,0xd0,0xcf,0xd0,0x66,0x51,0x9b,0xcf,0xc0,0xc0,0x9d,0x9d,0xcf,0x50,0x4a,0x66,0xc0,
  0xc0,0x5e,0x35,0x35,0x62,0x1b,0x20,0x74,0xd5,0x78,0x21,0x19,0xd5,0xc0,0xc0,0xcf,0xd0,0x67,0x19,0x27,0xdf,0xdf,0x27,0x61,
  0xcf,0xc0,0xc0,0xc0,0x5c,0x18,0x27,0xdf,0xdf,0x1c,0x19,0xd6,0xc2,0xd1,0xd6,0xd7,0x69,0x18,0x27,0xdf,0xf8,0x1d,0x18,0xc4,
  0xd1,0xd0,0xd0,0xd1,0x6a,0x19,0x27,0xf8,0xfb,0x36,0x69,0xdb,0xd4,0xc5,0xc4,0xdd,0x21,0x1b,0xd6,0xd6,0x20,0x1c,0xd1,0xd0,
  0x1d,0x1d,0xd1,0x9e,0x9e,0x87,0x9c,0x1d,0x1c,0x9f,0x86,0x8f,0x56,0x8d,0x20,0x19,0x4f,0x83,0x7c,0x18,0x1d,0x7c,0x7e,0x83,
  0x83,0x7e,0x7e,0x7e,0x85,0x88,0x43,0x86,0x9d,0x1f,0x19,0x8d,0x8c,0x4e,0x17,0x1f,0x9f,0x87,0x87,0x86,0x9c,0x1f,0x1a,0xc0,
  0xc0,0x8c,0x21,0x85,0x83,0x83,0x83,0x83,0x83,0x83,0x83,0x83,0x4f,0x83,0x83,0x7c,0x19,0x4b,0x8c,0x4f,0x8c,0x84,0x9f,0x1a,
  0x21,0x8c,0x9d,0x1d,0x1d,0xc1,0x9b,0x8e,0x8c,0x9d,0x20,0x1c,0x9c,0x9b,0x27,0x1a,0x59,0x9d,0x9c,0x59,0x9d,0x36,0x18,0x30,
  0x9d,0xc0,0x1b,0x1d,0xcf,0x59,0x9d,0x9d,0x9b,0xc0,0x20,0x1a,0x1a,0x27,0x9f,0x9d,0x9d,0x9d,0x9c,0xc0,0x1a,0x20,0xcf,0xcf,
  0x20,0x16,0x4d,0x9d,0x9d,0x9d,0x9d,0xc0,0x19,0x20,0xd5,0xc0,0x28,0x4b,0x9b,0x9c,0x9e,0x9e,0xd5,0x1d,0x1f,0xd6,0x61,0xc1,
  0x61,0xdb,0x1f,0x1c,0xd6,0xd7,0x5c,0x18,0x27,0xc3,0xa5,0xa1,0x9a,0xb9,0x1a,0x27,0xbe,0xc6,0x1d,0x1d,0xbe,0x94,0x94,0x81,
  0x7d,0x57,0x8a,0x8a,0x94,0x8a,0x97,0x8a,0x94,0x96,0x58,0x8a,0x93,0x7d,0x43,0x41,0x48,0x82,0x3e,0x3c,0x3e,0x3b,0x3c,0x44,
  0x57,0x89,0x89,0x94,0x57,0x46,0x3f,0x47,0x8a,0x3f,0x3f,0x89,0x94,0x57,0x3c,0x2b,0xcf,0x66,0x66,0xc1,0xd6,0xc0,0x70,0xd6,
  0xd7,0xdf,0xdd,0xed,0xda,0xf3,0xf3,0xf3,0xf3,0xf3,0xf3,0xec,0xda,0xda,0xd4,0xac,0xd7,0xd1,0xc3,0xcf,0xc1,0xc0,0xd0,0xc1,
  0xcf,0xc1,0xc0,0xcf,0x66,0x5b,0x5e,0x66,0xcf,0x66,0x35,0x35,0x28,0x18,0x37,0xc0,0x66,0xc0,0x6d,0x19,0x27,0xd5,0xd0,0xd0,
  0x6a,0xd5,0x21,0x19,0x1d,0x1c,0x1a,0x67,0xcf,0xc0,0xc0,0x66,0xd5,0x21,0x18,0x1d,0x1c,0x1a,0x1a,0x6e,0xcf,0xd0,0xc3,0xc2,
  0xd7,0x21,0x18,0x1d,0x1c,0x1a,0x19,0x6b,0xcf,0xd0,0xd0,0xcf,0xd6,0x27,0x18,0x1c,0x1c,0x1a,0x36,0xdb,0xc4,0xc4,0xc2,0xdd,
  0x21,0x1b,0xd5,0xd6,0x20,0x1c,0xdd,0xd0,0x1d,0x1f,0xd0,0x91,0x9c,0x8d,0x9c,0x1d,0x1c,0x9f,0x7f,0x85,0x51,0x4e,0x85,0x1c,
  0x19,0x1c,0x1b,0x19,0x1d,0x7c,0x7b,0x7f,0x7e,0x83,0x8c,0x9b,0x8f,0x7f,0x41,0x7c,0x80,0x85,0x1c,0x1a,0x1c,0x1a,0x18,0x1f,
  0x9f,0x87,0x8f,0x88,0x85,0x87,0x1a,0x19,0x1d,0x19,0x1c,0x8c,0x4e,0x83,0x83,0x80,0x80,0x83,0x4f,0x83,0x83,0x80,0x80,0x7b,
  0x19,0x52,0x9b,0x8e,0x8e,0x56,0x9e,0x1a,0x21,0x8c,0x9d,0x1d,0x1d,0x9f,0x8c,0x8e,0x8d,0x9d,0x20,0x1c,0xc0,0x9f,0x27,0x19,
  0x56,0x8c,0x9b,0x8d,0x8c,0x9d,0x20,0x19,0x1d,0x1a,0x1a,0x53,0x9d,0x9d,0x9d,0x9d,0x9d,0x9d,0x9d,0x17,0x1a,0x9f,0x9b,0x9d,
  0x9d,0x9d,0x9b,0x9d,0x28,0x18,0x1c,0x1c,0x1a,0x18,0x28,0x9d,0x9b,0x5e,0x9b,0x9d,0x28,0x19,0x1c,0x1c,0x19,0x28,0x9b,0x8c,
  0x8e,0x59,0xcf,0x1c,0x1f,0xd6,0x61,0xc1,0xc1,0xac,0x5d,0x1a,0x1a,0x1d,0x19,0x20,0xd4,0xaa,0xad,0xae,0x98,0xbe,0x1a,0x21,
  0x98,0xae,0x1d,0x1d,0xa7,0x55,0x89,0x49,0x89,0x94,0x8a,0x8a,0x8a,0x89,0x94,0x55,0x94,0x81,0x57,0x8a,0x57,0x99,0x81,0x43,
  0x3f,0x46,0x43,0x3c,0x3c,0x3c,0x3c,0x3c,0x48,0x8a,0x57,0x89,0x57,0x3f,0x3f,0x3f,0x89,0x2d,0x2d,0x57,0x8a,0x49,0x57,0x8a,
  0x74,0xcf,0xcf,0xcf,0xd6,0xd6,0xec,0x6d,0xdf,0x36,0x70,0xf7,0xed,0xf3,0xf3,0xed,0xf3,0xf7,0xf7,0xf7,0xda,0xc2,0xda,0x27,
  0x36,0xd7,0xcf,0xd7,0xd7,0xc3,0xd0,0xd1,0xc2,0xc1,0xd1,0x5d,0x4f,0x66,0x66,0x66,0xc0,0x66,0xcf,0x32,0x26,0x27,0x66,0xc0,
  0x66,0x66,0xd7,0x36,0x36,0xd5,0x6a,0xd0,0xd1,0xd0,0xd7,0x36,0x20,0x21,0x67,0xc0,0xc0,0xc0,0xc0,0xc1,0x6a,0xd7,0x36,0x20,
  0x27,0xd6,0x36,0xd0,0xd1,0xd1,0xd0,0xd0,0xd1,0xdd,0x36,0x20,0x27,0x6e,0x36,0xd1,0xd4,0xd1,0xd1,0xd1,0xc3,0xdd,0x69,0x21,
  0x21,0x6a,0xd7,0xc2,0xc3,0xcf,0xc1,0xcf,0x36,0x36,0xc3,0xd0,0x5c,0x36,0xcf,0xc0,0x36,0x37,0xa0,0x9e,0x9e,0x8e,0x87,0x30,
  0x30,0x9e,0x59,0x87,0x85,0x8c,0x83,0x80,0x24,0x1d,0x2b,0x7b,0x30,0x4e,0x4f,0x80,0x4e,0x8d,0x8e,0x8e,0x8f,0x85,0x8f,0x85,
  0x7f,0x87,0x9c,0x21,0x1f,0x36,0x37,0x30,0x9d,0x8e,0x87,0x87,0x88,0x85,0x8c,0x21,0x1f,0x30,0x9d,0x83,0x83,0x85,0x80,0x85,
  0x80,0x83,0x83,0x85,0x80,0x80,0x80,0x7e,0x30,0x8c,0x9b,0x8f,0x8f,0x9b,0x8c,0x30,0x4e,0x51,0x8c,0x27,0x46,0x8d,0x8e,0x8e,
  0x8e,0x9d,0x37,0x46,0x9f,0xa0,0x53,0x28,0x8c,0x9b,0x8e,0x9b,0x8d,0x9b,0x66,0x28,0x20,0x21,0x9d,0x9d,0x9b,0x9b,0x8c,0x5e,
  0x9b,0x9b,0x9d,0x36,0x37,0x9d,0x5e,0x9b,0x9b,0x8c,0x51,0x9b,0x9d,0x4d,0x20,0x20,0x5e,0x28,0x5a,0x9d,0x9d,0x9d,0x9d,0x9b,
  0x9d,0x4d,0x20,0x20,0x4d,0x5e,0x8c,0x5e,0x9d,0x9e,0x9c,0x36,0x4d,0x9f,0x60,0xac,0xa2,0x60,0xa3,0xc1,0x21,0x1f,0x27,0xc5,
  0xae,0xae,0xae,0xb9,0xb0,0xa8,0x27,0x52,0x57,0x92,0x46,0x46,0x8b,0x89,0x89,0x89,0x8a,0x8a,0x89,0x57,0x57,0x89,0x94,0x96,
  0x94,0x89,0x8a,0x82,0x89,0x99,0x8b,0x47,0x3f,0x47,0x3f,0x3c,0x3a,0x3a,0x3c,0x3f,0x49,0x89,0x89,0x89,0x46,0x2d,0x3f,0x3f,
  0x46,0x46,0x2d,0x47,0x8a,0x57,0x57,0x96,0x75,0xd5,0xd0,0xd0,0xd6,0xf5,0xed,0xdc,0xdf,0x27,0x37,0xf5,0xed,0xf7,0xf7,0xf7,
  0xf3,0xed,0xf3,0xec,0xda,0xd4,0xd1,0x60,0x69,0xdb,0xda,0xd7,0xd6,0xd1,0xc3,0xcf,0xc1,0xcf,0xcf,0x9b,0x4b,0xc0,0xcf,0xc0,
  0x66,0xc0,0xcf,0x5b,0x35,0xc0,0xc0,0x66,0x9d,0xc0,0xd1,0xd6,0xd5,0xcf,0x6a,0xd1,0xd0,0xd1,0xcf,0xd6,0x77,0xd5,0xcf,0x66,
  0x66,0xc1,0xcf,0xd0,0xcf,0xc0,0xd6,0xdf,0xdf,0xd6,0xd6,0xd6,0xd6,0xd6,0xd1,0xd1,0xd1,0xc2,0xd6,0xdf,0xdf,0xd1,0xd6,0xd6,
  0xd6,0xd4,0xd1,0xd1,0xd1,0xd1,0xd7,0xf5,0xdf,0xd1,0xc1,0xc3,0xc3,0xc3,0xc3,0xc2,0xc3,0xd6,0xd0,0xc4,0xd1,0xd0,0xc1,0x60,
  0xaa,0xac,0xa0,0x9e,0x9f,0x91,0x87,0x85,0x8f,0x88,0x7f,0x85,0x88,0x8e,0x7b,0x3a,0x83,0x8d,0x45,0x7c,0x83,0x7a,0x7c,0x83,
  0x8c,0x8e,0x8e,0x8e,0x8f,0x8f,0x8e,0x8f,0x8d,0x87,0x87,0x9f,0xc1,0x9e,0x9c,0x9c,0x59,0x8e,0x8e,0x87,0x88,0x88,0x7f,0x8e,
  0x9c,0x9c,0x87,0x83,0x83,0x85,0x83,0x7f,0x80,0x80,0x80,0x7e,0x80,0x7c,0x7e,0x80,0x83,0x83,0x8c,0x8c,0x83,0x8d,0x87,0x8c,
  0x9b,0x9b,0x9b,0x9c,0x9d,0x8d,0x9b,0x9d,0x8e,0x8e,0x9d,0x9d,0x8d,0x59,0x9c,0x9d,0x8c,0x9b,0x9b,0x9b,0x8e,0x9b,0x9d,0x9d,
  0x66,0x9d,0x8c,0x8c,0x8c,0x51,0x51,0x5e,0x9d,0x9b,0x9b,0x9d,0x9d,0x9b,0x9b,0x51,0x9b,0x51,0x51,0x9b,0x4f,0x51,0xc0,0x66,
  0x9d,0x5e,0x9b,0x9d,0x5e,0x9d,0x9d,0x9b,0x8c,0x9d,0x66,0x5e,0x9b,0x9b,0x9b,0x5e,0x9d,0xa2,0x9c,0x9b,0x9b,0x9d,0x9f,0x9e,
  0x9f,0x9f,0xa0,0x9e,0xc3,0xc3,0xa3,0xa0,0xaa,0xaa,0xa7,0xa7,0x9a,0x81,0x8b,0x99,0x8a,0x92,0x8b,0x89,0x89,0x89,0x89,0x8a,
  0x89,0x57,0x3f,0x48,0x48,0x94,0x8a,0x94,0x96,0x96,0x81,0x81,0x57,0x94,0x94,0x47,0x2d,0x3c,0x2d,0x2d,0x2a,0x3a,0x3a,0x3f,
  0x57,0x8a,0x3f,0x3f,0x2d,0x2d,0x3f,0x3a,0x46,0x3f,0x47,0x99,0x57,0x89,0x96,0x94,0x6d,0xcf,0xd0,0xd6,0xd7,0xdd,0xdd,0x78,
  0x77,0xdf,0x5a,0xda,0xf3,0xf3,0xf7,0xf7,0xed,0xed,0xf3,0xed,0xdb,0xdb,0xdb,0xd7,0xc4,0xda,0xdb,0xd7,0xd6,0xd6,0xd0,0xd1,
  0xcf,0xd0,0xc0,0x66,0x66,0xcf,0xc2,0xc0,0xc0,0xc0,0xc0,0xcf,0x35,0x5b,0x5e,0x9d,0xcf,0xd6,0x6e,0x6a,0x6a,0xd6,0xd6,0xd1,
  0xd0,0xd1,0xd1,0xcf,0x6a,0x6a,0xd0,0xc0,0xcf,0xd1,0xd0,0xc3,0xc0,0xc1,0xd1,0xd0,0xd1,0xd4,0xd2,0xd6,0xd6,0xd6,0xd6,0xd6,
  0xd1,0xd1,0xd1,0xd1,0xd1,0xd4,0xd2,0xd6,0xd6,0xd6,0xd1,0xd1,0xd1,0xd1,0xd4,0xd0,0xd0,0xd4,0xc4,0xc3,0xc3,0xc1,0xcf,0xcf,
  0xc4,0xd0,0xc4,0xc4,0xc3,0xc1,0xcf,0xc1,0xac,0xaa,0x60,0x91,0x9f,0x9f,0x8e,0x8e,0x87,0x7f,0x7b,0x4f,0x56,0x9e,0x3c,0x3b,
  0x83,0x7c,0x7e,0x7e,0x83,0x7a,0x7a,0x85,0x8e,0x8e,0x9b,0x8e,0x8d,0x87,0x8e,0x8f,0x8e,0x85,0x83,0x86,0x59,0x59,0x59,0x59,
  0x59,0x8e,0x8d,0x87,0x85,0x88,0x88,0x86,0x86,0x87,0x88,0x85,0x85,0x85,0x83,0x80,0x7e,0x7f,0x80,0x80,0x80,0x80,0x80,0x83,
  0x7e,0x7f,0x4f,0x4f,0x51,0x9b,0x8f,0x8e,0x8e,0x9c,0x8e,0x9b,0x9b,0x9b,0x9b,0x8c,0x8e,0x8e,0x8e,0x9b,0x8e,0x8e,0x9b,0x56,
  0x9b,0x9b,0x9b,0x8d,0x9b,0x8c,0x50,0x50,0x51,0x50,0x50,0x8c,0x50,0x8c,0x9b,0x9b,0x9b,0x9b,0x9b,0x9b,0x9b,0x8c,0x8c,0x51,
  0x51,0x8c,0x8c,0x8c,0x50,0x5e,0x5e,0x5e,0x9d,0x5e,0x50,0x5e,0x9d,0x5e,0x9b,0x9d,0x51,0x50,0x9b,0x51,0x9b,0x9d,0x9d,0x9b,
  0x5e,0x9f,0x9c,0x9e,0x60,0xc1,0x60,0xa2,0x9e,0x9e,0xa2,0xa0,0x9a,0xa0,0x9a,0xa7,0xae,0xa7,0xa1,0xa1,0x9a,0x86,0x8b,0x94,
  0x8a,0x49,0x47,0x8a,0x92,0x8a,0x8a,0x8a,0x89,0x57,0x3f,0x3f,0x46,0x57,0x57,0x8a,0x8a,0x94,0x89,0x57,0x49,0x96,0x98,0x48,
  0x3f,0x3c,0x3f,0x3a,0x2a,0x2a,0x2d,0x46,0x47,0x46,0x3f,0x3f,0x2d,0x2a,0x3a,0x3a,0x3f,0x47,0x94,0x8a,0x55,0x94,0x94,0x94,
  0x68,0x76,0x79,0x76,0x77,0x6d,0xd6,0xf5,0xde,0xf7,0x5b,0xda,0xfc,0xf7,0xf7,0xf7,0xf3,0xf7,0xf3,0xf7,0xf3,0xd7,0xd7,0x70,
  0x5c,0xdb,0xd1,0xda,0xdb,0xd6,0xd7,0xd4,0xd1,0xd1,0xd1,0x9f,0xcf,0xc1,0xcf,0xcf,0xcf,0xc0,0x66,0x9d,0x5e,0x62,0x62,0xcf,
  0xd6,0xd0,0xd1,0xd1,0xd0,0xd1,0xd6,0xd1,0xd1,0xd1,0xc1,0x66,0xd6,0xd0,0xd0,0xcf,0xcf,0xcf,0xcf,0xd0,0xcf,0xcf,0xd4,0xd6,
  0xd6,0xd6,0xd6,0xd6,0xd6,0xd6,0xd6,0xd6,0xd6,0xd6,0xd6,0xd6,0xd6,0xd6,0xd6,0xd7,0xd6,0xd6,0xd4,0xd6,0xd1,0xd4,0xd6,0xd1,
  0xc3,0xc2,0xc4,0xc3,0xc1,0xcf,0xc3,0xc2,0xc4,0xd4,0xc4,0xc4,0xc3,0xc3,0xc1,0xc0,0xc1,0x60,0x9f,0xa2,0xa2,0x59,0x59,0x9e,
  0x8f,0x83,0x9b,0x9b,0x9e,0x91,0x8f,0x85,0x80,0x83,0x80,0x85,0x40,0x40,0x7f,0x9b,0x8e,0x9b,0x9d,0x8e,0x8d,0x8e,0x8f,0x90,
  0xa0,0x7e,0x80,0x59,0x59,0x59,0x91,0x59,0x59,0x8d,0x8f,0x85,0x85,0x85,0x87,0x87,0x88,0x85,0x88,0x85,0x85,0x80,0x85,0x85,
  0x7e,0x80,0x83,0x7f,0x80,0x7e,0x80,0x83,0x7f,0x80,0x4f,0x4f,0x83,0x8c,0x9c,0x8e,0x59,0x91,0x91,0x8e,0x9b,0x8d,0x9b,0x9b,
  0x9b,0x8e,0x8e,0x8e,0x8e,0x8e,0x9b,0x9b,0x9b,0x8e,0x8c,0x8c,0x8c,0x9b,0x4c,0x50,0x8c,0x50,0x50,0x51,0x51,0x51,0x9b,0x8c,
  0x8c,0x9b,0x9b,0x9b,0x51,0x50,0x8c,0x8c,0x50,0x50,0x50,0x8c,0x8c,0x9d,0x5e,0x5e,0x9d,0x5e,0x51,0x50,0x51,0x9b,0x9b,0x8c,
  0x9b,0x9b,0x9d,0x9d,0x51,0x4f,0x8c,0x9d,0x9d,0x9f,0x9d,0x9f,0x9d,0xa2,0xa2,0x9e,0x9b,0x9e,0xa2,0xa2,0xac,0xa0,0x59,0xae,
  0x9a,0xa1,0xa1,0x8b,0x88,0x9a,0x9a,0x99,0x89,0x57,0x99,0x9a,0x93,0x89,0x94,0x8a,0x89,0x92,0x8b,0x46,0x55,0x7d,0x7d,0x49,
  0x48,0x81,0x57,0x89,0x48,0x89,0x94,0x57,0x3f,0x2d,0x46,0x3a,0x3a,0x2d,0x3f,0x3f,0x3f,0x3f,0x3f,0x3f,0x2d,0x2a,0x3a,0x3a,
  0x2d,0x55,0x98,0x98,0x96,0x96,0x89,0x57,0x73,0x77,0x78,0x75,0xdf,0x1f,0x36,0xf8,0xf3,0xf7,0xed,0xed,0xf7,0xf7,0xf7,0xed,
  0xf3,0xf3,0xf7,0xf7,0xfc,0xed,0xda,0xda,0xaa,0xdb,0xda,0xda,0xd7,0xd6,0xd6,0xd7,0xd1,0xd0,0xd6,0x51,0x4c,0xd1,0xd1,0xcf,
  0xc0,0xcf,0xcf,0x66,0x66,0x66,0xcf,0xd2,0xd1,0xd6,0xd1,0xcf,0xcf,0xd1,0xd0,0xd6,0xd6,0xd1,0xcf,0xd5,0x5e,0x66,0xd2,0xd0,
  0x66,0xcf,0xd0,0xd1,0xd1,0xd6,0xd6,0xd6,0xd6,0xd6,0xd6,0xd6,0xd7,0xd6,0xd6,0xd6,0xd6,0xd6,0xd6,0xd6,0xd6,0xd6,0xd6,0xd6,
  0xd6,0xd1,0xd6,0xd4,0xd6,0xd6,0xd6,0xd1,0xd1,0xc1,0xc3,0xc3,0xc3,0xc3,0xd1,0xd1,0xc4,0xc4,0xc3,0xc2,0xc2,0xc1,0xcf,0xc1,
  0xc1,0xac,0x9f,0x9f,0x9f,0x9e,0xa0,0xa0,0x9e,0x8e,0x59,0xa2,0xa0,0x9e,0x59,0x8f,0x44,0x3b,0x7b,0x83,0x7a,0x7a,0x83,0x8e,
  0x8e,0x59,0x9f,0x41,0x42,0x9d,0x87,0x91,0xa0,0xa1,0xa0,0xa0,0x91,0x59,0x91,0x91,0x59,0x8f,0x87,0x85,0x85,0x87,0x87,0x87,
  0x88,0x88,0x85,0x85,0x83,0x83,0x88,0x80,0x7c,0x80,0x80,0x80,0x80,0x7b,0x7e,0x7f,0x4f,0x83,0x7f,0x7f,0x7e,0x83,0x91,0x59,
  0x91,0x91,0x91,0x8e,0x9b,0x8c,0x8c,0x9b,0x9b,0x8d,0x8d,0x8e,0x8c,0x8c,0x8e,0x8e,0x8e,0x8c,0x8c,0x8c,0x8e,0x9b,0x9b,0x9b,
  0x9b,0x51,0x51,0x50,0x50,0x51,0x8c,0x51,0x51,0x9b,0x9b,0x51,0x50,0x50,0x50,0x50,0x51,0x50,0x50,0x9b,0x9b,0x51,0x5e,0x5e,
  0x8c,0x9b,0x8c,0x4c,0x50,0x50,0x51,0x9b,0x9b,0x9b,0x9d,0x9b,0x4c,0x4c,0x4c,0x8c,0x9f,0xc1,0xc0,0xc0,0x60,0x9f,0x9f,0x9b,
  0x4d,0x8c,0xaa,0xa0,0xa2,0xa0,0x56,0xa0,0x56,0xa0,0x9a,0x8b,0x8b,0xa9,0xae,0xa9,0x93,0x9a,0x93,0x99,0x92,0x99,0x8b,0x8b,
  0x8a,0x8a,0x48,0x82,0x89,0x89,0x57,0x44,0x48,0x47,0x8a,0x89,0x48,0x41,0x57,0x46,0x3f,0x2d,0x3f,0x2d,0x3a,0x3f,0x46,0x2d,
  0x2d,0x3a,0x3a,0x2d,0x3f,0x2d,0x3f,0x3f,0x49,0x49,0x3f,0xa8,0xb7,0x98,0x89,0x47,0x26,0x64,0x76,0x78,0xdf,0x5c,0x76,0xfc,
  0xf3,0xf3,0xf7,0xda,0xf7,0xed,0xf5,0xf5,0xf3,0xf3,0xf7,0xf7,0xfc,0xf9,0xf7,0xda,0xd1,0xda,0xdb,0xd6,0xd1,0xd6,0xd7,0xd4,
  0xd4,0xd6,0xd0,0xc1,0x9d,0xc0,0xd0,0x6a,0xcf,0x51,0x30,0xc0,0xc0,0xc0,0xd6,0xd1,0xd4,0xd6,0xd6,0xc0,0xc0,0xd1,0xd0,0xd0,
  0xd1,0xd6,0xd4,0xd6,0xc1,0xd0,0xd6,0xd0,0xd0,0xd1,0xd0,0xc0,0xcf,0xd6,0xd6,0xd1,0xd6,0xd1,0xd4,0xd6,0xd6,0xd6,0xd6,0xd6,
  0xd6,0xd6,0xd6,0xd6,0xd6,0xd6,0xd6,0xd6,0xd4,0xd6,0xc2,0xd4,0xd6,0xd6,0xd1,0xd1,0xd1,0xd0,0xa2,0xac,0xd1,0xc2,0xc3,0xc2,
  0xc2,0xc3,0xc1,0xc1,0xcf,0xcf,0xc1,0xc1,0xac,0xac,0x60,0x60,0xa2,0xa0,0xa0,0xa0,0x91,0x59,0x9e,0xa0,0xa0,0x59,0x8e,0x85,
  0x3b,0x1b,0x3b,0x80,0x83,0x4f,0x8c,0x59,0x59,0x9e,0x8d,0x7b,0x4f,0x8d,0x8f,0x90,0xa1,0xa1,0xa1,0x91,0x59,0x91,0x91,0x91,
  0x9e,0x8f,0x85,0x88,0x88,0x88,0x87,0x88,0x85,0x85,0x85,0x80,0x85,0x85,0x85,0x80,0x80,0x80,0x80,0x7e,0x7e,0x7c,0x7c,0x80,
  0x83,0x4f,0x83,0x80,0x4e,0x83,0x9e,0xa0,0x9e,0x91,0x8e,0x8e,0x9b,0x8c,0x8c,0x8e,0x9b,0x8e,0x9b,0x9b,0x8c,0x8c,0x8c,0x9b,
  0x9b,0x9b,0x8c,0x8c,0x8c,0x9b,0x9b,0x9b,0x9d,0x5e,0x4c,0x4c,0x33,0x50,0x8c,0x8c,0x51,0x8c,0x51,0x8c,0x50,0x4c,0x50,0x50,
  0x8c,0x51,0x51,0x51,0x8c,0x51,0x8c,0x9b,0x51,0x50,0x50,0x4c,0x4c,0x4c,0x51,0x8c,0x8c,0x51,0x9b,0x51,0x4c,0x4c,0x4c,0x8c,
  0x60,0xc1,0xc1,0xc0,0xc0,0x60,0x59,0x4b,0x4b,0x9b,0xa2,0x8e,0x8e,0x8e,0x8e,0x59,0x91,0xa7,0x8b,0x48,0x94,0xbe,0xae,0x9a,
  0x8b,0x93,0x92,0x99,0x93,0x81,0x8b,0x93,0x8b,0x82,0x3e,0x7d,0x57,0x89,0x47,0x3f,0x3f,0x47,0x8a,0x57,0x44,0x43,0x48,0x46,
  0x2b,0x3a,0x2d,0x2d,0x2a,0x3a,0x3f,0x3a,0x2a,0x22,0x2a,0x3a,0x2a,0x2b,0x47,0x99,0x46,0x3f,0x46,0x8a,0xa8,0xb0,0xb7,0x47,
  0x63,0x63,0x78,0x75,0xdf,0x68,0x76,0xed,0xf3,0xf3,0xf7,0xfb,0xf7,0xdc,0xf3,0xf3,0xf7,0xf3,0xf7,0xf9,0xfc,0xff,0x95,0x58,
  0xed,0xec,0xed,0xdb,0x66,0x67,0xdb,0xd4,0xd1,0xd6,0xd1,0xc1,0xcf,0xcf,0xcf,0xd1,0xd0,0x5a,0x24,0x66,0xc0,0xcf,0xd6,0xd0,
  0xd6,0xd6,0xd0,0xd0,0xcf,0xcf,0xd6,0xd1,0xd1,0xd6,0xd6,0xd6,0xd7,0xd4,0xd0,0xd6,0xd1,0xd0,0x51,0x9d,0xd6,0xd6,0xd6,0xd6,
  0xd1,0xd4,0xd6,0xd6,0xd6,0xd7,0xd6,0xcf,0xd1,0xd6,0xd6,0xd6,0xd6,0xd6,0xd1,0xd1,0xd4,0xd4,0xc2,0xd1,0xd6,0xd6,0xd1,0xd4,
  0xd1,0xd1,0xc1,0xc3,0xd4,0xd1,0xd0,0xcf,0xc3,0xc1,0xc1,0xc2,0xc2,0xc1,0xc1,0x60,0xc1,0x60,0x9f,0x9c,0xa0,0x9e,0xa0,0x91,
  0x59,0x9e,0x91,0x8e,0x9e,0x59,0x8f,0x83,0x7c,0x3b,0x41,0x4f,0x4f,0x83,0x87,0x8e,0x59,0x8e,0x8f,0x8e,0x85,0x87,0x8d,0x8e,
  0xa0,0xa0,0xa0,0x91,0x59,0x59,0x59,0x9e,0x59,0x8d,0x88,0x88,0x87,0x87,0x87,0x87,0x85,0x85,0x80,0x85,0x88,0x88,0x85,0x80,
  0x7c,0x7c,0x80,0x7c,0x7c,0x7b,0x7c,0x83,0x7f,0x83,0x8c,0x83,0x80,0x8d,0x9e,0x91,0x59,0x91,0x8e,0x8d,0x8e,0x9b,0x9b,0x9b,
  0x9b,0x8e,0x9c,0x9b,0x8e,0x8e,0x9b,0x9b,0x8e,0x8e,0x8e,0x9b,0x51,0x4f,0x8c,0x9b,0x5e,0x5e,0x50,0x50,0x51,0x50,0x50,0x51,
  0x51,0x50,0x8c,0x8c,0x50,0x50,0x4c,0x50,0x51,0x51,0x51,0x8c,0x8c,0x51,0x51,0x51,0x9b,0x9b,0x50,0x51,0x4c,0x4c,0x51,0x50,
  0x51,0x8c,0x51,0x50,0x4a,0x4a,0x50,0x9d,0xa2,0xa2,0x60,0x60,0x9f,0xc0,0x9d,0x8c,0x8c,0x9c,0xa2,0xa2,0x9e,0x9b,0x51,0x8d,
  0x56,0xa0,0xae,0x82,0x58,0xae,0x93,0x82,0x93,0x91,0x91,0x87,0x85,0x87,0x93,0x99,0x87,0x82,0x82,0x7d,0x48,0x49,0x3c,0x3c,
  0x3f,0x46,0x57,0x81,0x3f,0x3f,0x57,0x49,0x2d,0x2d,0x46,0x2d,0x3a,0x2a,0x3a,0x3a,0x2a,0x22,0x2a,0x22,0x2a,0x3a,0x3f,0x46,
  0x3f,0x2d,0x8a,0x98,0xa8,0xa8,0x98,0x96,0x75,0x75,0xde,0x78,0xde,0xf8,0x78,0x75,0xfb,0xdc,0xf3,0xf7,0xf3,0xf3,0xf7,0xf7,
  0xf3,0xf3,0xfb,0xfb,0xfc,0xf7,0xed,0xf3,0xf3,0xf3,0xf3,0xed,0xdb,0xdd,0xda,0xd7,0xd7,0xd6,0xd1,0xc0,0xc0,0xc0,0xc0,0xc0,
  0xc0,0xc0,0xcf,0xc0,0xc0,0xd0,0xc1,0xd1,0xdb,0xcf,0xcf,0xd0,0xd0,0x6a,0xd4,0xd6,0xd6,0xd6,0xd1,0xd7,0xd6,0xd4,0xd6,0xd1,
  0xd6,0xd0,0x66,0xd1,0xd7,0xd6,0xd1,0xd6,0xd6,0xd6,0xd4,0xd6,0xd6,0xd7,0xd4,0xd1,0xd6,0xd6,0xd6,0xd4,0xd6,0xd6,0xd1,0xd4,
  0xd4,0xd4,0xd4,0xd4,0xd4,0xd6,0xd6,0xd7,0xd6,0xd6,0xd4,0xc1,0xc4,0xc4,0xd0,0xc1,0xc1,0xc3,0xc4,0xc1,0xc1,0xac,0xc1,0xc1,
  0xc1,0xc1,0x9d,0x8c,0x7f,0x9e,0x91,0x9e,0xa2,0xa2,0x91,0x9e,0x91,0x8e,0x9b,0x8f,0x85,0x83,0x85,0x8c,0x8d,0x85,0x83,0x8c,
  0x8f,0x8f,0x59,0x59,0x90,0x91,0x9c,0x87,0x90,0xa0,0x9e,0x91,0x59,0x59,0x59,0x59,0x8f,0x80,0x88,0x87,0x88,0x87,0x8b,0x87,
  0x87,0x85,0x80,0x85,0x80,0x80,0x85,0x80,0x7c,0x7c,0x7e,0x45,0x7c,0x7e,0x7c,0x7f,0x80,0x7c,0x42,0x83,0x85,0x9c,0x59,0x59,
  0x59,0x59,0x91,0x59,0x9c,0x85,0x7e,0x56,0x9b,0x8e,0x8e,0x9d,0x59,0x59,0x9d,0x59,0x8e,0x8d,0x8e,0x8e,0x8c,0x4d,0x50,0x9b,
  0x9d,0x9b,0x8d,0x51,0x50,0x50,0x4a,0x4c,0x50,0x50,0x51,0x51,0x51,0x8c,0x51,0x4c,0x50,0x51,0x51,0x50,0x8c,0x50,0x51,0x8c,
  0x9b,0x51,0x4c,0x51,0x4c,0x4a,0x50,0x50,0x51,0x51,0x51,0x4d,0x4a,0x4a,0x4a,0x50,0x9d,0x9e,0x9f,0x9f,0x9f,0xa3,0x50,0x50,
  0x8e,0x51,0x9b,0x9c,0x59,0x9b,0x9b,0x8e,0x83,0x85,0x85,0x91,0xa7,0x86,0x80,0x85,0x8f,0x9a,0x91,0x87,0x86,0x93,0x9a,0x93,
  0x8b,0x8b,0x82,0x48,0x43,0x3c,0x3a,0x3c,0x44,0x3f,0x46,0x3f,0x3f,0x48,0x89,0x57,0x49,0x89,0x57,0x3f,0x3f,0x2d,0x2a,0x22,
  0x22,0x22,0x22,0x2a,0x3a,0x3f,0x3f,0x3f,0x46,0x3a,0x47,0x99,0xbe,0x55,0x57,0x96,0x38,0xf8,0xfb,0xde,0xf5,0xf3,0xde,0xf3,
  0x67,0x6f,0xde,0xf7,0xf3,0xf3,0xf3,0xf7,0xf7,0xfb,0x69,0xda,0xfb,0xf7,0xfc,0xf7,0xec,0xf7,0xf3,0xfc,0xd2,0xa0,0xf7,0xed,
  0xda,0xd6,0xcf,0xc0,0xc0,0x5e,0xcf,0xcf,0x9d,0xc0,0x9b,0x9f,0xc0,0xcf,0xd1,0xd7,0xcf,0xcf,0xc0,0x9d,0xd0,0xd1,0xd6,0xd6,
  0xd1,0xd4,0xd4,0xd6,0xd1,0xd6,0xd6,0xd6,0xd0,0xcf,0xcf,0xd1,0xd4,0xd1,0xd6,0xd6,0xd7,0xd7,0xd6,0xd7,0xcf,0xd1,0xd6,0xd6,
  0xd7,0xd6,0xd6,0xd6,0xd7,0xd6,0xd1,0xd1,0xd4,0xd1,0xd4,0xc3,0xc1,0xd7,0xd6,0xd4,0xd1,0xd4,0xc1,0xc1,0xc4,0xc4,0x60,0xc1,
  0xc3,0xc4,0xc2,0x9f,0x9f,0xc0,0xc1,0xc3,0xc3,0x60,0x9c,0x9b,0x8c,0x8e,0x9e,0xa0,0xa0,0xa0,0x59,0x59,0x8d,0x8d,0x8e,0x8f,
  0x85,0x8c,0x8f,0x8f,0x91,0x88,0x7c,0x8d,0x84,0x8e,0x9e,0x91,0x91,0x9c,0x8f,0x85,0x87,0xa0,0xa0,0x91,0x90,0x8f,0x8e,0x9e,
  0x82,0x7e,0x8f,0x8b,0x87,0x8b,0x87,0x8f,0x88,0x88,0x93,0x8b,0x7c,0x7c,0x80,0x7c,0x80,0x7c,0x7e,0x7c,0x7b,0x7c,0x7a,0x7a,
  0x7a,0x7b,0x42,0x83,0x83,0x83,0x59,0x59,0x8e,0x9e,0xa0,0xa0,0x9c,0x4f,0x7c,0x7c,0x8c,0x9b,0x8e,0x8e,0x9e,0x9c,0x9d,0x8e,
  0x8e,0x9b,0x9b,0x8c,0x8c,0x4f,0x50,0x50,0x9b,0x8d,0x50,0x50,0x4c,0x50,0x50,0x50,0x50,0x51,0x8c,0x8c,0x9b,0x9d,0x4d,0x2f,
  0x4a,0x4c,0x51,0x8c,0x51,0x51,0x4c,0x50,0x50,0x50,0x50,0x4a,0x4c,0x4c,0x4a,0x4c,0x50,0x8c,0x51,0x4c,0x2f,0x2e,0x2f,0x51,
  0x51,0x51,0x8c,0x9b,0xa2,0x4b,0x2f,0x2e,0x4d,0x8c,0x9b,0x8c,0x8d,0x8e,0x9e,0x84,0x87,0x7f,0x7a,0x85,0x8b,0x7b,0x41,0x7e,
  0x87,0x93,0x88,0x93,0xa1,0x8f,0x8b,0x87,0x8b,0x82,0x43,0x41,0x43,0x43,0x3a,0x3b,0x3c,0x3f,0x3c,0x2d,0x3f,0x3f,0x46,0x8a,
  0x94,0x94,0x57,0x2a,0x3a,0x3a,0x2a,0x22,0x1b,0x19,0x22,0x3a,0x3a,0x2a,0x3a,0x2d,0x3a,0x2a,0x49,0x46,0x47,0x3a,0x2d,0xbe,
  0x64,0xdc,0xdc,0xdf,0xf5,0xf8,0xf3,0xf8,0x38,0xda,0xf3,0xf3,0xf7,0xf3,0xf7,0xf7,0xf7,0xfb,0x6a,0x70,0xf7,0xf3,0xf7,0xf7,
  0xf3,0xf7,0x70,0xf3,0xf3,0xd1,0xf3,0xdb,0xd6,0xd6,0xd0,0xc0,0x66,0xc0,0x9f,0x9f,0xcf,0xc0,0x50,0x4f,0x9c,0xd6,0xd7,0xa2,
  0x9f,0xc0,0xc0,0xd1,0xd6,0xc1,0xd6,0xd6,0xd6,0xd0,0xd4,0xd5,0xcf,0xd4,0xd6,0xc1,0xc0,0xcf,0xcf,0xd1,0xd1,0xd6,0xd7,0xd6,
  0xd7,0xd7,0xd7,0xd7,0xdb,0xd7,0xd1,0xd7,0xd6,0xd7,0xd6,0xd7,0xd7,0xd7,0xd4,0xd1,0xd1,0xd4,0xd0,0x9d,0xc5,0xdb,0xd4,0xd1,
  0xd0,0xc3,0x60,0xcf,0xc3,0xc1,0x59,0xcf,0xc1,0x60,0x60,0xc1,0x60,0x9f,0x9f,0xc2,0xcf,0x9f,0x9e,0xa2,0x59,0x8e,0x59,0x9b,
  0x59,0x59,0x8d,0x9d,0x8d,0x8d,0x8f,0x87,0x8d,0x8f,0x8f,0x8e,0x93,0x87,0x45,0x87,0x8d,0x8e,0x9e,0x91,0xa0,0x8f,0x8f,0x88,
  0x87,0x9e,0x9e,0x91,0x59,0x59,0xa0,0x9e,0x7d,0x7f,0x93,0x87,0x87,0x87,0x85,0x85,0x88,0x88,0x93,0x93,0x88,0x7b,0x7c,0x7a,
  0x7e,0x7c,0x7c,0x7b,0x45,0x7a,0x7a,0x7b,0x7b,0x7c,0x85,0x83,0x8c,0x8d,0x8e,0x8d,0x8f,0x59,0x91,0xa0,0x9e,0x9e,0x84,0x7e,
  0x8c,0x9b,0x9b,0x8e,0x8e,0x9e,0x59,0x9c,0x59,0x8e,0x8d,0x8c,0x8c,0x4f,0x4f,0x8c,0x8c,0x8c,0x51,0x51,0x51,0x51,0x51,0x8c,
  0x51,0x51,0x8c,0x8c,0x8c,0x50,0x4a,0x4a,0x4c,0x33,0x4c,0x51,0x51,0x4c,0x4c,0x4c,0x50,0x4c,0x4c,0x4a,0x4c,0x4c,0x4c,0x4c,
  0x50,0x51,0x4c,0x4a,0x4a,0x4a,0x50,0x9b,0x4c,0x4c,0x50,0x9b,0x9b,0x2f,0x2f,0x25,0x4a,0x8c,0x8c,0x8c,0x9c,0xa0,0xa0,0x8e,
  0x4f,0x7c,0x80,0x85,0x45,0x3d,0x3c,0x7c,0x88,0x82,0x87,0x87,0x48,0x48,0x87,0x8f,0x88,0x7c,0x43,0x43,0x7d,0x44,0x3a,0x3f,
  0x3f,0x3f,0x3a,0x2d,0x3a,0x3a,0x3f,0x8a,0x96,0x46,0x3f,0x2a,0x2a,0x22,0x22,0x22,0x18,0x17,0x1e,0x1e,0x2a,0x2a,0x3a,0x3a,
  0x3a,0x47,0x57,0x46,0x3f,0x2d,0x47,0xb7,0xf5,0x79,0x76,0x6e,0xf5,0xf8,0xde,0xf3,0xf5,0x74,0xdc,0xfb,0xfc,0xf3,0xf3,0xf7,
  0xf7,0xfc,0xdf,0xf5,0xf3,0xf7,0xf7,0xee,0xfc,0xf7,0xda,0xdb,0xf7,0xfc,0xda,0xd6,0xd7,0xd6,0xd1,0xd1,0xcf,0xd7,0xa2,0x9d,
  0xcf,0x66,0x51,0x4c,0x9d,0xc0,0xc0,0x4e,0x9d,0xcf,0xd6,0xdb,0xd7,0xd7,0xd7,0xd0,0x9d,0xd6,0x70,0xd1,0xd0,0xd6,0xd7,0x9d,
  0x5e,0xcf,0xd0,0xd7,0xd1,0xcf,0xd6,0xd1,0xd4,0xdb,0xdb,0xda,0xda,0xd7,0xd4,0xd7,0xd6,0xd4,0xd7,0xd6,0xd4,0xd4,0xd4,0xd4,
  0xd4,0xc4,0xa3,0xd4,0xcf,0xd1,0xd4,0xd1,0xc4,0xc4,0xc1,0xc1,0xc0,0x9c,0x9f,0x4f,0xc1,0x9f,0x9f,0xcf,0xc1,0xc1,0xc0,0x9f,
  0x9f,0x9f,0x9f,0x9e,0x9e,0x56,0x8c,0x8c,0x9b,0x4f,0x8c,0x8c,0x56,0x8d,0x8c,0x7f,0x85,0x85,0x85,0x87,0x87,0x87,0x9c,0x85,
  0x88,0x90,0x91,0xa0,0x90,0x8f,0x8f,0x83,0x83,0x7f,0x9e,0x59,0x9e,0xa0,0xa0,0xa0,0x90,0x93,0x8f,0x87,0x8b,0x87,0x85,0x7d,
  0x87,0x87,0x8b,0x8b,0x85,0x41,0x42,0x7c,0x45,0x7c,0x7b,0x45,0x7c,0x7c,0x7c,0x7b,0x7c,0x7c,0x87,0x83,0x8d,0x8d,0x87,0x8d,
  0x8f,0x90,0x90,0x9d,0x91,0xa0,0xa0,0x9e,0x8d,0x8d,0x8c,0x9b,0x8c,0x9b,0x9b,0x9b,0x8e,0x8e,0x9c,0x9c,0x9c,0x9d,0x9b,0x8e,
  0x4f,0x4c,0x8c,0x8d,0x8c,0x8c,0x8c,0x31,0x2f,0x4a,0x51,0x50,0x51,0x4c,0x4a,0x2f,0x2f,0x4a,0x2f,0x50,0x50,0x4c,0x4a,0x4a,
  0x2f,0x2f,0x2f,0x2f,0x2f,0x4a,0x4a,0x4a,0x4c,0x50,0x4c,0x4c,0x50,0x8c,0x50,0x4c,0x4c,0x4c,0x4c,0x8c,0x51,0x51,0x4c,0x4c,
  0x4a,0x4f,0x51,0x9b,0x91,0x9e,0x9c,0x9b,0x4e,0x7b,0x7a,0x45,0x7a,0x3d,0x7c,0x85,0x7d,0x48,0x82,0x44,0x3c,0x82,0x87,0x82,
  0x44,0x45,0x3c,0x3e,0x43,0x3c,0x3f,0x2d,0x2d,0x3f,0x2d,0x3a,0x2a,0x3a,0x3f,0x3f,0x2d,0x2a,0x3a,0x3a,0x3a,0x3a,0x3f,0x2a,
  0x1e,0x1e,0x22,0x22,0x22,0x2d,0x3f,0x2d,0x46,0x96,0x57,0x49,0x89,0xa8,0xa8,0xa8,0xf5,0xfc,0xf8,0x6d,0xed,0xf3,0xf3,0xf3,
  0xf7,0xde,0x78,0x75,0xf3,0xfc,0xd6,0xdc,0xf7,0xf7,0xdc,0xdc,0xf5,0xf7,0xf3,0xf7,0xfc,0xf3,0xdb,0xdb,0xf3,0xec,0xd6,0xda,
  0xf3,0xda,0xd7,0xcf,0xd6,0xd1,0xcf,0xc0,0xc0,0xc0,0x4f,0x4b,0x5e,0x5e,0x9d,0x4e,0xc0,0xd6,0xdc,0xdc,0xda,0xda,0xdb,0xd2,
  0xd1,0xc0,0x5e,0xc0,0xc1,0xd6,0xd7,0xd0,0xc0,0xcf,0xc3,0x9d,0xd1,0xc3,0xd1,0xd0,0xd7,0xcf,0x70,0xda,0xda,0xdb,0xd4,0xd7,
  0xd7,0xd4,0xd7,0xd7,0xd1,0xd6,0xd1,0xd7,0xd7,0xac,0x9e,0xac,0x9d,0xc2,0xd4,0xc2,0xd0,0xd4,0xc1,0xac,0x8e,0x9e,0x8c,0x59,
  0xc3,0xa2,0x60,0x60,0xc1,0xc1,0xac,0x9b,0x8c,0xa2,0x9e,0x9d,0x83,0x83,0x9b,0x9b,0x4f,0x4f,0x4e,0x83,0x4f,0x83,0x7e,0x7c,
  0x7b,0x45,0x7c,0x80,0x87,0x9a,0x9a,0x90,0x83,0x87,0x87,0x8f,0x87,0x8f,0x8f,0x8e,0x8d,0x84,0x91,0xa0,0xa0,0xa0,0xa1,0x91,
  0x99,0x99,0x93,0x93,0x87,0x8b,0x88,0x82,0x8b,0x85,0x7e,0x7e,0x7c,0x7f,0x7c,0x7c,0x45,0x7c,0x7a,0x7a,0x7a,0x7a,0x7c,0x7e,
  0x85,0x85,0x85,0x83,0x8c,0x8d,0x8e,0x8e,0x8f,0x8e,0x59,0x8e,0x59,0xa0,0x91,0x91,0x59,0x59,0x91,0x9e,0x9c,0x59,0x8e,0x9c,
  0x9c,0x8d,0x9c,0x9f,0x9d,0x9e,0x8e,0x8c,0x4f,0x4c,0x50,0x8c,0x8c,0x51,0x4c,0x25,0x2e,0x4a,0x4c,0x4c,0x4c,0x4c,0x4a,0x4a,
  0x4a,0x4a,0x4a,0x4c,0x4a,0x2f,0x2e,0x2f,0x2e,0x2f,0x2e,0x2f,0x2e,0x2f,0x2e,0x2f,0x4a,0x4a,0x4a,0x4c,0x50,0x51,0x4a,0x2f,
  0x50,0x4a,0x4c,0x4d,0x31,0x9b,0x4f,0x4f,0x33,0x4d,0x8c,0x4b,0x52,0x8c,0x8c,0x56,0x42,0x40,0x7a,0x3d,0x3d,0x7a,0x7f,0x85,
  0x45,0x44,0x43,0x44,0x48,0x86,0x7d,0x41,0x3e,0x43,0x3c,0x3b,0x3a,0x41,0x41,0x3a,0x2d,0x2d,0x2d,0x2a,0x3a,0x3f,0x3f,0x2d,
  0x3a,0x2a,0x2a,0x2d,0x3f,0x3a,0x2d,0x22,0x2a,0x2d,0x2a,0x2a,0x22,0x2a,0x3a,0x2d,0x46,0x49,0x89,0x57,0x96,0xa8,0xb0,0x98,
  0xf3,0xf7,0x39,0xf3,0xfc,0xf7,0xfc,0xfc,0xf7,0xfc,0xde,0xdc,0xf7,0xf3,0x78,0x76,0xde,0xf5,0x78,0x73,0xd6,0x77,0xdc,0xfc,
  0xf7,0x6a,0xfd,0xfc,0xfc,0xd7,0xdb,0xf3,0xf7,0xed,0xd6,0xd7,0xd4,0x9d,0xc0,0xd0,0xcf,0xd5,0x31,0x3b,0x5e,0x66,0x9f,0x7e,
  0x4d,0x4e,0xd7,0xd7,0xdb,0xdb,0x70,0xd7,0xdb,0xc0,0x5b,0xd6,0xd6,0xcf,0xd6,0xdb,0xd7,0xc1,0x50,0x66,0xd7,0xd4,0xd6,0xd6,
  0xd7,0xd6,0xd0,0xd7,0xdb,0xdb,0xdb,0xda,0xec,0xdb,0x70,0xd7,0xd1,0xd7,0xc2,0xc2,0xd4,0xd4,0xec,0xc4,0xac,0xc1,0xc2,0xc1,
  0xc3,0xc1,0xc1,0x56,0x83,0x60,0x7b,0xa2,0x9f,0x9b,0xa2,0x9e,0x9f,0x9f,0xa2,0x9c,0x9f,0xa2,0x59,0x59,0x8e,0x4f,0x8c,0x8c,
  0x8c,0x8c,0x7f,0x7c,0x7c,0x80,0x7c,0x45,0x45,0x80,0x80,0x7f,0x93,0xa0,0xa0,0x59,0x8e,0x2d,0x44,0x85,0x85,0x90,0x87,0x8f,
  0x91,0xa0,0x93,0xa0,0x90,0x91,0xa1,0x91,0xa0,0xa0,0x9a,0x9a,0x86,0x82,0x8b,0x87,0x88,0x7f,0x7b,0x7d,0x3f,0x48,0x7f,0x7f,
  0x7b,0x45,0x3d,0x40,0x40,0x40,0x7b,0x88,0x87,0x8b,0x87,0x85,0x87,0x8c,0xa0,0xa0,0x8e,0x8d,0x8d,0x83,0x59,0xa0,0x59,0x9e,
  0x8f,0x8e,0xa0,0xa1,0xa1,0x9e,0x8d,0x59,0xa2,0x9c,0x8e,0x9f,0x9d,0x8c,0x9c,0x9e,0x9d,0x4f,0x4d,0x50,0x50,0x4a,0x4a,0x31,
  0x4c,0x33,0x4c,0x4c,0x4c,0x4c,0x4a,0x4a,0x4a,0x4a,0x2f,0x2e,0x2f,0x2e,0x2e,0x2f,0x2e,0x2e,0x25,0x25,0x2e,0x2e,0x2f,0x4a,
  0x4a,0x2f,0x2f,0x2f,0x4a,0x4a,0x2f,0x4a,0x4a,0x50,0x4d,0x2f,0x4b,0x8c,0x8c,0x4f,0x4b,0x4f,0x4d,0x4b,0x45,0x4b,0x7a,0x7c,
  0x31,0x25,0x7a,0x7e,0x7a,0x3d,0x45,0x7b,0x41,0x3c,0x3b,0x44,0x82,0x87,0x7d,0x43,0x3e,0x3a,0x3b,0x3c,0x41,0x43,0x3b,0x3b,
  0x3a,0x2a,0x22,0x22,0x3a,0x3f,0x2d,0x3f,0x3f,0x2d,0x46,0x2d,0x22,0x22,0x1e,0x1e,0x2d,0x55,0x3a,0x2d,0x2a,0x22,0x22,0x2d,
  0x2a,0x3f,0x8a,0x96,0x98,0xb0,0xb5,0x96,0xf7,0xf7,0xf2,0xf7,0xf7,0xf7,0xfc,0xfc,0xf7,0xf7,0xf3,0xf8,0xfb,0xf3,0xf8,0xde,
  0x79,0x79,0x62,0x35,0x62,0x73,0xf5,0xfc,0xf7,0xf3,0xf9,0xfc,0xfd,0xfc,0xfc,0xf7,0xed,0xd6,0xd7,0xd6,0xc0,0xd4,0xd6,0xd0,
  0xd1,0xcf,0x66,0xc0,0xd0,0xd0,0xcf,0xd6,0x53,0x52,0xd6,0xd1,0xd2,0xcf,0xc0,0xc0,0xd7,0x70,0xd0,0xd1,0xd6,0xd6,0xda,0xec,
  0xec,0xd7,0xc1,0xdb,0xd7,0x66,0xc1,0xd7,0xd0,0xc1,0xdb,0xd7,0xda,0x70,0xd4,0xec,0xf3,0xee,0xed,0xdb,0xd1,0xdb,0xc1,0x9f,
  0x60,0xd8,0xda,0xed,0xdb,0xd4,0xd0,0xc1,0x60,0x9e,0xad,0xac,0xc1,0xcf,0xc1,0x8e,0x4f,0x9c,0x9d,0x9d,0x9f,0x9f,0xa2,0x60,
  0xd0,0x91,0x8c,0x9b,0x7f,0x83,0x8c,0x83,0x8c,0x8c,0x4f,0x80,0x45,0x7e,0x7c,0x7c,0x85,0x85,0x7e,0x85,0x87,0x8f,0x91,0x90,
  0x8f,0x49,0x49,0x48,0x8f,0x8b,0x8f,0x90,0x9a,0xa1,0xaa,0x90,0x8e,0x91,0xa0,0x9a,0x9a,0x9a,0x9a,0x8b,0x87,0x82,0x82,0x88,
  0x8b,0x92,0x7f,0x48,0x87,0x42,0x41,0x40,0x7b,0x7a,0x40,0x7c,0x45,0x7a,0x7d,0x88,0x87,0x9a,0x92,0x8f,0x82,0x54,0x91,0xa0,
  0x90,0x8f,0x8d,0x9b,0x8f,0xa7,0x59,0x91,0x93,0x9a,0xa0,0xa0,0xa0,0xa0,0xa0,0xa2,0xa1,0xa0,0x9c,0x8e,0x8e,0x9b,0x9c,0x9e,
  0x9e,0x8e,0x50,0x50,0x4c,0x4a,0x50,0x8c,0x4b,0x4d,0x4c,0x4b,0x4a,0x4a,0x4c,0x4c,0x4a,0x4a,0x2f,0x2f,0x2e,0x25,0x2e,0x25,
  0x2e,0x2e,0x25,0x23,0x25,0x2e,0x2f,0x2f,0x2f,0x2f,0x25,0x2f,0x2f,0x2f,0x4a,0x4a,0x4a,0x4b,0x50,0x33,0x8c,0x9b,0x9b,0x4c,
  0x4c,0x4b,0x33,0x4b,0x31,0x4f,0x7e,0x40,0x40,0x40,0x7c,0x7c,0x7b,0x7a,0x7b,0x43,0x3a,0x2b,0x3b,0x40,0x41,0x44,0x44,0x41,
  0x3c,0x3a,0x2b,0x3e,0x3f,0x41,0x3c,0x3c,0x3a,0x2a,0x22,0x22,0x2a,0x3f,0x2d,0x2d,0x2d,0x2d,0x47,0x2a,0x22,0x22,0x22,0x22,
  0x46,0x46,0x22,0x3a,0x3a,0x3a,0x2d,0x2d,0x3a,0x3a,0x3f,0x55,0x96,0xa8,0x8a,0x46,0xf7,0xf3,0xf7,0xf7,0xf7,0xfc,0xfc,0xfc,
  0xf7,0xf7,0xf3,0x70,0x4d,0xf7,0xfc,0xfd,0xfb,0x73,0x62,0x62,0x75,0xf7,0xfc,0xfc,0xfc,0xfd,0xfc,0xfc,0xfc,0xfd,0xf7,0xdd,
  0xd6,0xed,0xdd,0xd0,0xcf,0xc1,0xcf,0xd6,0xd2,0xcf,0xd0,0xd1,0xc4,0xd6,0xd1,0xd1,0xd0,0xcf,0x9d,0xcf,0xcf,0xc0,0x5e,0x5f,
  0xd1,0xc1,0xd7,0xd6,0xd7,0xdb,0xd4,0xd7,0xdb,0xd6,0xdb,0xc0,0x66,0xd1,0xd1,0xd6,0xd1,0xd5,0xda,0xec,0xda,0xdb,0xda,0xd4,
  0xdb,0xda,0xd7,0xdb,0xda,0xdb,0xd4,0xc1,0xc3,0xd1,0xd4,0xec,0xec,0xd4,0xcf,0xc1,0x60,0xa2,0xa2,0xc1,0xc5,0xc4,0xc1,0x24,
  0x4e,0x9f,0x8c,0x9f,0x9c,0xa2,0x9b,0x8c,0xad,0xa0,0x9d,0x4f,0x83,0x4e,0x83,0x4e,0x4e,0x4f,0x7e,0x45,0x7c,0x85,0x8c,0x80,
  0x45,0x80,0x7c,0x85,0x85,0x87,0x88,0x87,0xa0,0xa7,0x91,0x90,0x93,0x87,0x8f,0x91,0xa0,0xa9,0x9a,0x7d,0x82,0xa1,0xa1,0xa7,
  0x9a,0x9a,0xa1,0x85,0x44,0x82,0x93,0x8b,0x93,0x99,0x8b,0x8b,0x88,0x7f,0x7a,0x40,0x7a,0x41,0x44,0x7c,0x7c,0x43,0x7c,0x88,
  0x88,0x87,0x93,0x9a,0x93,0x9a,0x9a,0x91,0x93,0x91,0x8f,0x91,0x8d,0x87,0x91,0xa0,0xaa,0xa1,0x91,0xa0,0xa0,0xa0,0xa0,0xa0,
  0x9e,0xa0,0xa2,0x9e,0x8e,0x8c,0x9d,0x59,0x9e,0x91,0x8e,0x4f,0x4d,0x4f,0x8c,0x51,0x4f,0x51,0x4f,0x4d,0x4b,0x4a,0x4c,0x2f,
  0x4a,0x4a,0x2f,0x2e,0x2e,0x2f,0x23,0x1c,0x25,0x25,0x2e,0x25,0x2f,0x2f,0x2e,0x25,0x2e,0x25,0x25,0x2f,0x2f,0x4a,0x4c,0x2f,
  0x2f,0x4a,0x4a,0x9b,0x4d,0x4d,0x4c,0x4f,0x4f,0x2f,0x2e,0x2f,0x4d,0x83,0x4e,0x3d,0x3d,0x80,0x85,0x7e,0x7a,0x41,0x45,0x3d,
  0x2c,0x2c,0x3b,0x3d,0x3d,0x3c,0x3c,0x3c,0x3c,0x3c,0x43,0x48,0x3f,0x3c,0x3a,0x3a,0x3a,0x3a,0x2d,0x2d,0x3a,0x3a,0x2b,0x3a,
  0x2a,0x2a,0x2d,0x2d,0x2a,0x2a,0x3a,0x3f,0x47,0x2d,0x2a,0x2b,0x2d,0x3f,0x46,0x46,0x2d,0x3f,0x46,0x3f,0x46,0x94,0x3f,0x89,
  0xfb,0xf3,0xfc,0xfb,0xfc,0xfc,0xfc,0xf7,0xf7,0xf7,0xfb,0x27,0x5c,0xfb,0xfc,0xfc,0xf8,0x1f,0x1f,0xd5,0xf2,0xfc,0xfc,0xf3,
  0xdd,0xfc,0xfc,0xfc,0xfc,0xed,0xd6,0xec,0xf7,0xf7,0x70,0xd6,0xd6,0xd5,0xcf,0xd6,0xd5,0xcf,0xd6,0xd6,0xd7,0xd6,0xd4,0xd6,
  0xc3,0xc0,0x66,0x51,0x66,0xc0,0x66,0xc0,0xd6,0xc0,0xd6,0xdb,0xd7,0xd7,0xd4,0xd6,0xd7,0xdb,0xc1,0xc1,0x66,0x70,0xec,0xdb,
  0xd1,0xd1,0xd6,0xda,0xdb,0xdb,0xd6,0xda,0xdb,0xdb,0xd7,0xdb,0xda,0xd7,0xdb,0xc4,0xd4,0xc2,0xd4,0xd2,0xd2,0xdb,0xd7,0xc3,
  0xa3,0xd1,0xc3,0xc3,0xcf,0xcf,0xcf,0x53,0x9f,0x8c,0x9c,0x9b,0x9d,0xa3,0x8c,0x4e,0x8c,0x9e,0x9c,0x83,0x8d,0x42,0x4f,0x7e,
  0x83,0x83,0x83,0x41,0x7a,0x83,0x85,0x80,0x45,0x7a,0x85,0x7f,0x88,0x87,0x87,0x93,0x9a,0x9a,0x93,0x93,0x9a,0x9a,0xa0,0xa1,
  0xa1,0xa1,0x9a,0x93,0x8b,0xa1,0xa1,0x9a,0x9a,0x9a,0x8b,0x8f,0x44,0x49,0xa1,0x8b,0x82,0x8b,0x87,0x8b,0x8b,0x8b,0x7d,0x43,
  0x41,0x41,0x43,0x3e,0x48,0x45,0x7d,0x8b,0x88,0x87,0xa9,0xa7,0x9a,0x9a,0x92,0xa0,0xa1,0x93,0x9a,0xa0,0x59,0x86,0x90,0xa1,
  0xa0,0x91,0xa0,0xa0,0xa0,0x9e,0xa1,0xa0,0xa1,0x9e,0xa7,0xa0,0x9e,0x9c,0x8c,0x9e,0x9e,0xa0,0xa1,0x9b,0x8c,0x59,0x8c,0x51,
  0x83,0x4f,0x4f,0x4f,0x4d,0x4c,0x4b,0x2f,0x2f,0x2f,0x4a,0x2f,0x2f,0x2e,0x25,0x1d,0x1b,0x1e,0x25,0x2f,0x2f,0x4a,0x2f,0x2f,
  0x25,0x25,0x2f,0x2e,0x2f,0x4a,0x4a,0x2f,0x2e,0x23,0x4a,0x50,0x4d,0x4c,0x4d,0x4f,0x51,0x51,0x23,0x23,0x7e,0x7f,0x7b,0x3d,
  0x41,0x80,0x7e,0x7c,0x7a,0x40,0x3d,0x2b,0x22,0x2b,0x3b,0x41,0x43,0x41,0x3c,0x3c,0x3e,0x43,0x48,0x57,0x46,0x2d,0x2d,0x3c,
  0x2d,0x3f,0x3f,0x2d,0x2a,0x1b,0x22,0x3a,0x2d,0x3a,0x3a,0x3a,0x3a,0x2d,0x46,0x47,0x3f,0x22,0x2a,0x2a,0x2d,0x46,0x57,0x57,
  0x46,0x89,0x49,0x46,0x46,0x46,0x57,0xa8,0x74,0xf7,0xfd,0xfb,0xfc,0xfc,0xf7,0xf7,0xf3,0xed,0xf3,0xde,0xfb,0xfc,0xfc,0xfd,
  0xf8,0x26,0x26,0x71,0xf5,0xf3,0xf7,0xf7,0xf5,0xf3,0xf7,0xfc,0xf3,0xd7,0xda,0xfc,0xf3,0xdb,0xed,0xf7,0xed,0xdb,0xf8,0x52,
  0x30,0xdd,0xd0,0xac,0xac,0xc4,0xdb,0xd4,0xd1,0xc1,0xc0,0xc0,0x30,0x30,0xd5,0xd2,0xd4,0xd2,0xd6,0xd7,0xdb,0xd4,0xd7,0xdb,
  0xdb,0xc1,0x5f,0xd6,0xdb,0xdb,0xd0,0xd6,0xdb,0xd1,0xd0,0xcf,0xd1,0xdb,0xda,0xda,0xda,0xd6,0xd1,0xd2,0xda,0xda,0xda,0xda,
  0xdb,0xcf,0xd4,0xc3,0xc3,0xd8,0xac,0xc5,0xdb,0xc3,0xc3,0xc3,0xc1,0xc1,0xcf,0xcf,0xc1,0x5d,0x9f,0x50,0x4b,0x8c,0x9d,0x8c,
  0x4a,0x51,0x7c,0x59,0x4b,0x7c,0x8c,0x40,0x7c,0x83,0x83,0x7b,0x40,0x80,0x7e,0x85,0x7f,0x7a,0x7c,0x7c,0x85,0x87,0x88,0x88,
  0x91,0x8f,0x9a,0x93,0x93,0xa7,0xb7,0x95,0x9a,0xa9,0xa7,0x9a,0xa1,0xa1,0x9a,0x93,0x8f,0x9a,0x87,0x93,0x9a,0x99,0x94,0x99,
  0x93,0x99,0x8b,0x88,0x8b,0x8a,0x81,0x48,0x3a,0x1b,0x3a,0x3e,0x43,0x7d,0x81,0x87,0x92,0x93,0x99,0x9a,0x9a,0x9a,0x99,0xa1,
  0x9a,0x93,0x91,0x59,0xa0,0xa0,0xa0,0x91,0xa7,0xa0,0xa1,0x9c,0xa0,0xa1,0xaa,0xa2,0xa2,0xa2,0xaa,0x91,0xa0,0x91,0x8e,0x9c,
  0x9b,0x8c,0x56,0x91,0x8d,0x4f,0x4f,0x51,0x51,0x4d,0x4b,0x4d,0x4c,0x4b,0x4b,0x2f,0x2f,0x2e,0x2f,0x2f,0x2e,0x2e,0x2f,0x25,
  0x23,0x23,0x25,0x2e,0x2e,0x2f,0x4a,0x4a,0x25,0x25,0x2e,0x2f,0x4a,0x4a,0x2e,0x2e,0x25,0x1b,0x2e,0x4a,0x4b,0x4a,0x31,0x4f,
  0x4f,0x4d,0x2f,0x40,0x45,0x7c,0x40,0x40,0x40,0x7a,0x7a,0x3d,0x7a,0x40,0x2c,0x2a,0x1e,0x22,0x2b,0x3b,0x3e,0x3c,0x3e,0x41,
  0x41,0x43,0x3e,0x43,0x3f,0x3f,0x48,0x49,0x47,0x3f,0x2d,0x2d,0x2a,0x1e,0x2a,0x2d,0x46,0x47,0x3a,0x2a,0x2d,0x55,0x96,0x47,
  0x2a,0x2a,0x3a,0x3a,0x3a,0x2d,0x2d,0x3a,0x46,0x96,0x96,0x49,0x2d,0x3f,0x57,0xa8,0x72,0xfb,0xfc,0xfc,0xfc,0xfc,0xfc,0xf7,
  0xf7,0xfc,0xfc,0xfc,0xfc,0xfc,0xfd,0xfb,0xf8,0xdf,0x78,0x72,0x73,0xde,0xf7,0xf5,0xf7,0xfc,0xde,0x76,0xf3,0xf7,0xfc,0xf7,
  0xf7,0xfc,0xf7,0xf3,0xf3,0xec,0xed,0xd7,0xd2,0xf3,0xd0,0x86,0x52,0xaa,0xd7,0xd1,0xd1,0xc1,0xcf,0xcf,0x5b,0x28,0x69,0xd7,
  0xdb,0xd1,0xd1,0xd1,0xd7,0xd6,0xd6,0xc1,0x70,0xda,0xf7,0xd1,0xc1,0xd2,0x5f,0xd6,0xd7,0xdb,0xdb,0x70,0xdb,0xd6,0xda,0xda,
  0xda,0x6a,0x6b,0xd6,0xd7,0x70,0xdb,0xdb,0xd4,0xd4,0xd1,0xcf,0xcf,0xc5,0xa2,0xdb,0xc1,0xc4,0xd4,0xc3,0x9f,0x53,0xa2,0xc4,
  0xc5,0xc3,0x9f,0x9b,0x4b,0x24,0x4f,0x9b,0x9b,0x31,0x31,0x4b,0x4e,0x51,0x4b,0x31,0x31,0x7a,0x7b,0x7a,0x40,0x7b,0x7c,0x7c,
  0x7a,0x40,0x7a,0x80,0x88,0x87,0x87,0x88,0x8b,0x8b,0x93,0x99,0xa7,0x97,0xae,0x55,0x97,0xa7,0xb7,0xb7,0xa8,0xa9,0xa9,0x9a,
  0x93,0x9a,0x9a,0x93,0x99,0x97,0x8b,0x8b,0x99,0x96,0x9a,0x99,0x94,0x89,0x57,0x47,0x2d,0x1b,0x2b,0x3f,0x44,0x48,0x81,0x8a,
  0x99,0x9a,0x9a,0x9a,0x93,0x97,0xae,0x8b,0x8b,0x9a,0xa0,0xa0,0xa7,0xae,0xae,0xa1,0xa2,0xa0,0xa0,0xa0,0xa0,0xa2,0xa7,0xa2,
  0x9e,0xa9,0xa0,0x59,0xa0,0x91,0x91,0x8c,0x9b,0x4c,0x51,0x9e,0x9e,0x8c,0x4d,0x4c,0x4d,0x4c,0x4d,0x4c,0x4b,0x4a,0x4a,0x4a,
  0x4a,0x2f,0x2e,0x25,0x2e,0x25,0x2e,0x2e,0x2f,0x4a,0x2e,0x2f,0x2f,0x2f,0x2f,0x2e,0x25,0x25,0x25,0x25,0x2e,0x4a,0x2f,0x2e,
  0x4a,0x2f,0x2f,0x4a,0x2e,0x2f,0x4a,0x4b,0x4b,0x4d,0x4e,0x83,0x7f,0x45,0x3b,0x7c,0x7a,0x3d,0x2c,0x40,0x3b,0x2c,0x2b,0x3b,
  0x3b,0x2c,0x3c,0x3c,0x3c,0x3b,0x41,0x2a,0x3c,0x3b,0x3c,0x3c,0x3c,0x48,0x57,0x57,0x3f,0x2d,0x2d,0x3a,0x2a,0x3a,0x2d,0x47,
  0x57,0x8a,0x46,0x3a,0x2d,0x57,0x94,0x3f,0x2a,0x2a,0x2d,0x2d,0x3f,0x3f,0x3a,0x2a,0x2d,0x8a,0x98,0x46,0x3f,0x46,0x89,0x8a,
  0xfb,0xf3,0xfc,0xff,0xfd,0xfc,0xfc,0xfc,0xfc,0xfc,0xfc,0xfc,0xfc,0xf7,0xf7,0xfc,0xf5,0xf5,0x72,0x65,0x71,0x74,0x74,0x79,
  0xf3,0xf5,0x75,0x6e,0xfc,0xfc,0xfc,0xfd,0xec,0x69,0xfb,0xf7,0xed,0xd6,0xcf,0x67,0xf7,0xf3,0xdb,0xd6,0xcf,0xd5,0xd1,0xd1,
  0xc1,0x9f,0xd2,0xd1,0xd7,0xdd,0xd6,0xd7,0xc1,0xd0,0xd6,0xd6,0xcf,0xc1,0xc1,0xd6,0xd6,0xd7,0x66,0x66,0xd6,0x6a,0x5d,0xdb,
  0x70,0xdb,0xd7,0xdb,0xee,0xda,0xec,0xec,0xdb,0x5c,0x53,0xdb,0xec,0x70,0xd4,0xdb,0xd4,0xd4,0xd7,0xd2,0xd4,0xc1,0xd9,0xc2,
  0xc0,0xc2,0xac,0xc4,0xd0,0xc1,0xc1,0xc4,0xd0,0xc1,0xc2,0x9b,0x33,0x24,0x9d,0x9c,0x9c,0x33,0x4a,0x4b,0x51,0x4f,0x7c,0x3d,
  0x3d,0x7a,0x40,0x7a,0x40,0x3d,0x40,0x40,0x3b,0x7a,0x40,0x7a,0x85,0x7f,0x82,0x87,0x82,0x91,0x9a,0xa1,0xa1,0x7f,0x9a,0xbe,
  0xae,0xae,0xb7,0xa9,0xb5,0xb7,0xae,0x9a,0x9a,0x9a,0x9a,0x9a,0x93,0x9a,0x97,0x99,0x96,0x96,0x96,0x95,0x57,0x89,0x89,0x49,
  0x48,0x41,0x43,0x44,0x81,0x81,0x8b,0x94,0x57,0x99,0x9a,0x9a,0xa1,0x98,0xa8,0x93,0xa1,0x9a,0x99,0xa9,0xa7,0xae,0xb7,0xae,
  0xa1,0x59,0xa0,0xa0,0xa2,0xa1,0xa1,0xaa,0xa2,0x9e,0xaa,0xa1,0x59,0x9e,0x9e,0x8e,0x9b,0x51,0x8d,0x9c,0xaa,0x9b,0x4a,0x9b,
  0x9b,0x4b,0x4f,0x33,0x2f,0x2f,0x2f,0x4a,0x4a,0x2f,0x2e,0x25,0x25,0x1e,0x23,0x2f,0x4c,0x4a,0x2f,0x4a,0x4a,0x2e,0x2e,0x2e,
  0x25,0x25,0x2e,0x2e,0x2f,0x2f,0x2f,0x2e,0x2f,0x4a,0x2e,0x4a,0x4a,0x4a,0x4a,0x4a,0x31,0x4d,0x4b,0x4e,0x83,0x40,0x2c,0x7a,
  0x40,0x23,0x2c,0x2b,0x23,0x2c,0x2c,0x2c,0x3b,0x3e,0x44,0x43,0x3c,0x41,0x3a,0x2b,0x3c,0x3a,0x7d,0x3f,0x3f,0x48,0x48,0x3f,
  0x2d,0x2d,0x3a,0x2d,0x3a,0x3f,0x2d,0x3f,0x89,0x89,0x46,0x3f,0x46,0x57,0x46,0x3a,0x3a,0x2d,0x46,0x46,0x47,0x46,0x2d,0x46,
  0x3f,0x94,0x46,0x46,0x49,0x49,0x57,0x49,0xfb,0xf7,0xfb,0xda,0xfc,0xf7,0xfc,0xfb,0xfc,0xfc,0xfd,0xfc,0xf7,0xf7,0xf3,0xf5,
  0xf5,0x75,0x63,0x74,0x75,0x65,0x71,0xf5,0x68,0xdf,0x66,0x5b,0xf3,0xfc,0xfc,0xfc,0xed,0x69,0xfb,0xee,0xf3,0xd7,0xd6,0x70,
  0xdb,0xdb,0xec,0xcf,0xd4,0xd6,0xd6,0xd1,0xd6,0xd6,0xd0,0x79,0xdb,0xd7,0xdb,0xda,0x66,0xd6,0xd6,0xd5,0x5b,0xcf,0xd6,0xd6,
  0x67,0xda,0x67,0xd7,0xdb,0xdb,0xdb,0xd1,0xd4,0xdb,0xd4,0xec,0xec,0xec,0xf3,0x70,0xda,0xf9,0x5c,0xda,0xda,0xda,0xdb,0xdb,
  0xc3,0xcf,0xd4,0xda,0xd4,0xd7,0xd4,0xc1,0xd4,0xc1,0x51,0xd1,0xd4,0xc4,0xc1,0xc1,0xc2,0xc1,0x59,0x9b,0x4b,0x31,0x9d,0x8c,
  0x50,0x4a,0x31,0x4e,0x4d,0x7b,0x40,0x40,0x40,0x41,0x3d,0x2f,0x2c,0x2c,0x3b,0x3b,0x3b,0x45,0x7c,0x7c,0x80,0x7f,0x87,0x8b,
  0x9a,0x93,0x9a,0x93,0x86,0x85,0x87,0xae,0xb7,0xb7,0xb5,0xae,0xb9,0xb7,0xb7,0x9a,0x97,0x9a,0xa1,0xae,0x9a,0x9a,0x98,0xa8,
  0x96,0x94,0x98,0x94,0x57,0x57,0x48,0x48,0x47,0x3f,0x57,0x7d,0x49,0x89,0x57,0x8a,0x8a,0x93,0x99,0x9a,0x9a,0xa9,0x9a,0x9a,
  0xa9,0xa9,0xa1,0xb7,0xa9,0x9a,0xa1,0xa9,0xa7,0xa1,0x91,0xae,0xa9,0xa2,0xa0,0xa7,0xa1,0xa2,0xaa,0xa1,0xa1,0xa0,0x56,0x59,
  0x8c,0x8c,0x8e,0x8e,0x4f,0x4a,0x50,0x59,0x4d,0x4b,0x4b,0x4a,0x4a,0x2f,0x2f,0x2f,0x2f,0x2f,0x2f,0x2e,0x23,0x23,0x23,0x2e,
  0x2f,0x2f,0x33,0x2e,0x2e,0x2e,0x2f,0x4a,0x2f,0x2f,0x2f,0x2f,0x2f,0x2e,0x2e,0x2e,0x2e,0x2f,0x2f,0x4c,0x4d,0x4a,0x4a,0x4b,
  0x4c,0x4b,0x7b,0x83,0x7f,0x40,0x3b,0x45,0x3b,0x23,0x2c,0x23,0x2c,0x2a,0x22,0x2a,0x41,0x43,0x41,0x43,0x41,0x3e,0x3a,0x3b,
  0x2b,0x3b,0x48,0x3f,0x44,0x3f,0x3f,0x3f,0x46,0x46,0x3f,0x2d,0x3f,0x3f,0x3a,0x2d,0xa8,0x95,0x89,0x57,0x47,0x47,0x2d,0x2a,
  0x2d,0x46,0x47,0x46,0x46,0x47,0x47,0x47,0x8a,0x57,0x46,0x49,0x89,0x89,0x49,0x46,0xff,0xfe,0x5d,0xcf,0xd7,0xf3,0xf2,0xf2,
  0xfc,0xfd,0xfc,0xfc,0xfc,0xf7,0xf7,0xde,0x78,0x71,0x63,0x71,0x74,0x73,0x75,0x75,0x75,0x75,0x78,0x73,0x6d,0x78,0xdc,0xf3,
  0xfd,0xff,0xfc,0xed,0xfc,0xf3,0xd7,0xc1,0xd4,0xc3,0x70,0xd7,0xdb,0x3f,0xc1,0xd6,0xac,0xc4,0xec,0xec,0xec,0xdc,0xec,0xd7,
  0xd7,0xd6,0xd0,0x5e,0xd6,0xd0,0xd1,0xd4,0xdb,0xf7,0xec,0x53,0xdb,0xd7,0xd4,0xd1,0xcf,0xd0,0xd0,0xec,0xec,0xf3,0xf7,0xec,
  0xfa,0xfd,0xec,0xec,0xd1,0xd2,0xc2,0xc3,0xd1,0xd1,0xd1,0xd4,0xdb,0x5c,0xd4,0xc3,0xc0,0x9f,0x61,0x4d,0xc4,0xd9,0xc3,0x9f,
  0x60,0xa2,0x9d,0x9f,0x9f,0x9f,0x2f,0x4a,0x4a,0x4a,0x2f,0x2f,0x2e,0x2f,0x2e,0x2f,0x2f,0x2f,0x2e,0x25,0x23,0x23,0x2c,0x2c,
  0x40,0x7a,0x45,0x45,0x7b,0x8b,0x8b,0x8b,0x9a,0x86,0x8b,0x82,0x7d,0x8b,0xae,0x94,0x98,0xa9,0xa9,0xbe,0xbe,0xa8,0xb7,0xa9,
  0xa8,0x99,0x97,0x98,0x8a,0x46,0xa8,0x98,0x8a,0x96,0x98,0x96,0x94,0x49,0x57,0x49,0x48,0x46,0x89,0x94,0x8a,0x47,0x7d,0x81,
  0x82,0x92,0xa7,0x9a,0x9a,0xa1,0x9a,0x9a,0xa7,0x9a,0xb7,0xb5,0xae,0xbe,0xbd,0xb7,0xae,0xae,0xa7,0xac,0xb7,0xa0,0xa0,0xa2,
  0xaa,0xaa,0xa0,0xa9,0xa0,0xa1,0x56,0x9b,0x4f,0x4f,0x4f,0x4d,0x4a,0x4a,0x51,0x4d,0x4f,0x8c,0x50,0x4c,0x4a,0x2e,0x2f,0x2f,
  0x2e,0x2f,0x2e,0x25,0x2f,0x2f,0x25,0x25,0x2f,0x4a,0x4a,0x2f,0x2e,0x2e,0x4c,0x50,0x4c,0x4a,0x2f,0x2f,0x2f,0x2f,0x23,0x25,
  0x2f,0x2f,0x2f,0x4c,0x4c,0x4a,0x4a,0x4f,0x4c,0x4c,0x7c,0x4e,0x7e,0x3d,0x7a,0x80,0x3b,0x3b,0x2c,0x40,0x7a,0x2b,0x2a,0x41,
  0x7d,0x43,0x41,0x41,0x41,0x3c,0x3c,0x3b,0x3c,0x3e,0x3a,0x3c,0x3c,0x48,0x48,0x47,0x57,0x57,0x47,0x46,0x46,0x3f,0x47,0xa8,
  0xa8,0x98,0xa8,0x8a,0x47,0x46,0x3a,0x2d,0x2d,0x2d,0x47,0x3a,0x3a,0x49,0x47,0x55,0x96,0x57,0x49,0x46,0x46,0x57,0x89,0x3f,
  0xfd,0xfd,0x6d,0x79,0xfd,0xfd,0xff,0xfb,0xfc,0xfc,0xfd,0xfc,0xfc,0xfc,0xfc,0x79,0xde,0x78,0x71,0x65,0x65,0x75,0x75,0x71,
  0xdf,0x78,0x64,0x39,0x76,0x75,0xde,0xfb,0xfd,0xfc,0xf7,0xf5,0xf7,0xec,0xdd,0x70,0xd7,0xd7,0xd7,0xda,0xec,0xa4,0xc2,0xd7,
  0x36,0x67,0xf3,0xec,0xdb,0xdc,0xdc,0xd7,0xd7,0xcf,0xcf,0x66,0xc0,0x70,0xd6,0xc0,0xd7,0xda,0xd1,0x5e,0xd6,0xd6,0xd1,0x66,
  0xc0,0xda,0xdb,0xdb,0xf7,0xf7,0xed,0xfa,0xc5,0xfc,0x46,0x6b,0xf7,0xdb,0xcf,0x70,0xdb,0xdb,0xda,0xdb,0xac,0x24,0xd2,0xd4,
  0xd4,0xd1,0x51,0x9b,0xd1,0xc3,0xa3,0xc0,0x60,0xc1,0x60,0x9f,0x5e,0x9d,0x4a,0x4a,0x4c,0x4c,0x50,0x4a,0x2f,0x2e,0x23,0x2e,
  0x2e,0x2e,0x25,0x23,0x23,0x23,0x23,0x2c,0x40,0x40,0x7b,0x7c,0x45,0x45,0x87,0x8b,0xa0,0x7f,0x88,0x99,0xa9,0x57,0xb7,0x98,
  0x9a,0xb7,0xbe,0xbe,0xb7,0xae,0xbe,0xb7,0xb7,0xa9,0xb0,0x49,0x94,0x48,0xa8,0x96,0x8a,0x96,0x94,0x89,0x81,0x57,0x8a,0x89,
  0x57,0x49,0x89,0x8a,0x94,0x99,0x8a,0x89,0x57,0x81,0x55,0xae,0x94,0x98,0x9a,0xa9,0x97,0xa5,0xb7,0xb7,0xb7,0xbd,0xbd,0xbe,
  0xb7,0xa9,0xb7,0xae,0xbe,0xa0,0x83,0x9a,0xae,0xaa,0xa0,0xa9,0x91,0x91,0x8e,0x59,0x56,0x8c,0x56,0x4c,0x2f,0x4a,0x9b,0x8c,
  0x4f,0x4c,0x4a,0x4c,0x25,0x2f,0x2f,0x2e,0x2e,0x2e,0x23,0x2e,0x4a,0x4c,0x4a,0x2e,0x2f,0x4a,0x4a,0x2f,0x25,0x2e,0x4c,0x4c,
  0x50,0x4c,0x2f,0x2f,0x2f,0x4a,0x2f,0x2f,0x4c,0x2f,0x2f,0x2e,0x4a,0x4a,0x2f,0x4a,0x4a,0x31,0x31,0x7a,0x40,0x40,0x7c,0x85,
  0x3e,0x2c,0x40,0x7b,0x7b,0x3d,0x2b,0x80,0x7b,0x3e,0x3c,0x3e,0x41,0x3c,0x3e,0x41,0x43,0x41,0x3b,0x3b,0x3b,0x57,0x8a,0x81,
  0x48,0x46,0x47,0x47,0x47,0x49,0x57,0x96,0xa8,0x96,0x98,0x94,0x89,0x89,0x2d,0x46,0x3f,0x2d,0x46,0x3a,0x3a,0x2d,0x47,0x8a,
  0x94,0x57,0x47,0x46,0x47,0x48,0x43,0x46,0xff,0xfb,0xf5,0xf5,0xfd,0xfd,0xfc,0xfb,0xfd,0xfc,0xfc,0xfc,0xfc,0xfc,0xfb,0x78,
  0xdf,0x79,0xde,0x74,0x65,0x72,0x74,0x65,0x63,0x78,0x28,0x29,0x78,0x78,0xf8,0xfc,0xfc,0xfc,0xf7,0x67,0x70,0xf3,0xf7,0xf7,
  0xdc,0xda,0xda,0xf3,0xec,0xf3,0xed,0xaa,0x46,0xdd,0xda,0xec,0xd7,0xdc,0xdc,0xd7,0xd4,0xcf,0xcf,0xcf,0x66,0xd6,0x4b,0x67,
  0xd7,0xd1,0xd6,0xc0,0x9f,0xdb,0xcf,0x5e,0xc1,0xc0,0xf7,0xda,0x5c,0xc4,0x5d,0xfa,0xd2,0xda,0xd7,0xdb,0xc1,0xd4,0xf7,0xf3,
  0xda,0xee,0xe8,0xd4,0xd4,0xd6,0xd7,0xec,0xda,0xd9,0xd4,0xe8,0x53,0x4d,0xc1,0xc0,0x9d,0x9d,0x9f,0x60,0x9b,0x51,0x4c,0x4c,
  0x4a,0x50,0x4d,0x4c,0x4a,0x2f,0x2f,0x40,0x2f,0x25,0x23,0x23,0x1e,0x1b,0x22,0x2c,0x3b,0x40,0x7a,0x7a,0x40,0x7a,0x82,0x88,
  0x87,0x48,0x93,0x97,0xa8,0xa9,0xb0,0xa8,0x9a,0xb7,0xb5,0xbe,0xb7,0xb7,0xbe,0xb5,0xbd,0xbe,0xa8,0x7d,0x9a,0xa8,0x96,0x89,
  0x94,0x96,0x8a,0x94,0x57,0x89,0x94,0x94,0x94,0x57,0x8a,0x96,0x94,0x96,0x95,0x8a,0x8a,0x94,0x95,0x9a,0x8a,0x96,0x55,0xb7,
  0xa8,0xb5,0xb5,0xa8,0xb7,0xbd,0xbe,0xb7,0xbe,0xae,0xb9,0xbe,0xab,0xab,0x91,0xaa,0xb9,0xa0,0x9a,0xa7,0xa0,0x59,0x91,0x91,
  0x59,0x9e,0x59,0x8d,0x4a,0x4a,0x4c,0x4d,0x4a,0x4a,0x2f,0x4a,0x25,0x2f,0x2f,0x25,0x2f,0x23,0x1e,0x2e,0x4a,0x4c,0x4a,0x2f,
  0x2e,0x2f,0x2f,0x2e,0x25,0x2e,0x4c,0x51,0x51,0x2f,0x4a,0x33,0x2e,0x2e,0x4a,0x31,0x23,0x2f,0x2f,0x25,0x2e,0x2f,0x2f,0x2f,
  0x2f,0x40,0x40,0x40,0x2b,0x3b,0x7c,0x7a,0x2a,0x2b,0x41,0x7a,0x3b,0x2c,0x2c,0x41,0x3d,0x3b,0x3b,0x41,0x41,0x41,0x41,0x44,
  0x44,0x41,0x41,0x3c,0x3c,0x48,0x8a,0x81,0x49,0x49,0x48,0x46,0x49,0x89,0x8a,0x89,0x98,0x98,0x98,0x96,0x98,0x96,0x47,0x47,
  0x46,0x46,0x46,0x2d,0x2d,0x2d,0x46,0x47,0x8a,0x89,0x49,0x48,0x3f,0x41,0x2d,0x3c,0xfb,0xfb,0xfb,0xfd,0xf7,0xfb,0xfb,0xfb,
  0xfb,0xfc,0xfc,0xfc,0xfc,0xf3,0xde,0xf5,0x78,0xf3,0xfc,0x75,0x65,0x78,0x63,0x63,0x65,0x73,0x71,0x65,0x39,0x35,0xfb,0xfc,
  0xfb,0xfc,0xfc,0xf7,0x70,0xed,0xf7,0xfc,0xf7,0xda,0xda,0xfc,0xda,0xec,0xf7,0x70,0xc4,0xdc,0xf3,0xf3,0xec,0xec,0xdb,0xd7,
  0xd6,0xdb,0xd0,0x9d,0xc0,0x5e,0x51,0xdb,0xd1,0x5f,0xda,0xdb,0xd7,0xda,0xd6,0xd0,0xd4,0xc1,0xd6,0xd7,0x66,0xdb,0xed,0xec,
  0xf9,0xdb,0xec,0xf9,0xdb,0xda,0xec,0xda,0xf3,0xf3,0xd9,0xda,0xd4,0xd7,0xd4,0xda,0xda,0xd1,0xd4,0xd0,0x9d,0xcf,0x9f,0x51,
  0xd1,0xc1,0x9f,0xc1,0x9f,0x51,0x50,0x51,0x4c,0x4c,0x4a,0x2f,0x2f,0x4a,0x2e,0x2e,0x2e,0x25,0x23,0x23,0x18,0x0d,0x22,0x23,
  0x2c,0x3d,0x7a,0x45,0x7b,0x7c,0x85,0x7f,0x7c,0x44,0x81,0x99,0x97,0xb7,0xa9,0x97,0xa9,0xb7,0xb5,0xb0,0xb7,0xb7,0xbd,0xc8,
  0xbe,0xb7,0xa9,0x9a,0x97,0x98,0x9a,0x8a,0x96,0x8a,0x98,0xb0,0x47,0x96,0x96,0x98,0x96,0x89,0x94,0x94,0x96,0x94,0xa8,0xa8,
  0x96,0x96,0xbe,0x98,0x96,0x96,0xa8,0xb7,0xa8,0xbd,0xb5,0xb7,0xb7,0xbd,0xbe,0xbd,0xc8,0xbd,0xc6,0xc8,0xb9,0xae,0xae,0xae,
  0xae,0xae,0xae,0xa7,0xa1,0x93,0xa0,0xa0,0x90,0x59,0x9b,0x8c,0x30,0x4f,0x31,0x45,0x31,0x4a,0x4a,0x4a,0x2f,0x2f,0x2e,0x2f,
  0x2e,0x25,0x25,0x2e,0x4a,0x4a,0x4a,0x2f,0x2e,0x2e,0x25,0x2e,0x25,0x2e,0x4a,0x50,0x50,0x4c,0x4a,0x4a,0x25,0x25,0x2e,0x23,
  0x1e,0x2e,0x25,0x2e,0x2e,0x25,0x25,0x25,0x2c,0x2c,0x3b,0x3b,0x2c,0x3d,0x7a,0x3b,0x2a,0x3a,0x3e,0x2c,0x2c,0x3b,0x3b,0x3d,
  0x3b,0x3b,0x3c,0x3c,0x41,0x43,0x44,0x48,0x44,0x3e,0x41,0x41,0x3f,0x47,0x49,0x57,0x8a,0x89,0x48,0x49,0x89,0x96,0x98,0x89,
  0x98,0xa8,0xa8,0xa8,0xa8,0x57,0x49,0x2d,0x2d,0x47,0x3f,0x3f,0x3f,0x3f,0x47,0x47,0x8a,0x8a,0x8a,0x49,0x41,0x43,0x3f,0x3f,
  0xdf,0xfd,0xfd,0xfb,0xf2,0xfd,0xfd,0xfb,0xfc,0xfc,0xfd,0xfb,0xfc,0xf7,0xfc,0xfc,0xfc,0x79,0xf7,0x75,0x64,0x63,0x63,0x65,
  0x72,0x65,0x65,0x73,0x72,0x64,0xfb,0xfc,0xfb,0xfc,0xfd,0xfc,0xfc,0xfc,0xfc,0xfd,0xfd,0xfc,0xfc,0xfc,0xf7,0xfc,0xf7,0xf7,
  0xf7,0xf3,0xf3,0xf7,0xf7,0xed,0xdc,0xd6,0xed,0xf3,0xdd,0x50,0x25,0x4a,0x66,0xcf,0xc0,0xd4,0xec,0xdd,0xc0,0xcf,0xd7,0xc1,
  0xd4,0xda,0xd6,0xd6,0xdb,0xdb,0xf9,0xee,0xec,0xee,0xf9,0xf7,0xda,0xcf,0xdb,0xee,0xf3,0xd7,0xda,0xec,0xda,0xec,0xec,0xd8,
  0xd4,0xd4,0xd4,0xc0,0xc1,0xc1,0xc0,0x53,0x4d,0x9f,0xd4,0xc5,0x9d,0x50,0x9f,0x8c,0x51,0x4a,0x2f,0x2f,0x2f,0x2f,0x2e,0x2f,
  0x2f,0x2e,0x25,0x23,0x1e,0x1e,0x23,0x23,0x2c,0x3d,0x7a,0x45,0x7b,0x7e,0x86,0x7a,0x41,0x8b,0x87,0x8b,0x9a,0x9a,0xa7,0xae,
  0xb7,0xb5,0xbd,0x98,0x98,0xc8,0xbd,0xa9,0x93,0xae,0x96,0xa6,0xa8,0x98,0x97,0x94,0x3f,0x94,0x98,0x98,0x96,0x98,0x98,0x98,
  0x8a,0x8a,0x96,0x96,0xa8,0xa8,0xa8,0x98,0xb7,0xbe,0x98,0xa8,0xb5,0x96,0x98,0xa8,0xb7,0x94,0x98,0x99,0xb7,0xbe,0xce,0xa4,
  0xaf,0xcd,0xb9,0xb7,0xb7,0xae,0xa3,0xa7,0xbe,0xb7,0xa9,0x9a,0xa7,0x8f,0x91,0xa0,0x87,0x8e,0x8d,0x84,0x4f,0x4a,0x4b,0x7c,
  0x7c,0x4b,0x4a,0x4a,0x2f,0x25,0x2e,0x1e,0x1b,0x2e,0x2f,0x4b,0x4b,0x4c,0x2e,0x4a,0x2f,0x2f,0x4c,0x4c,0x4c,0x4a,0x2f,0x4c,
  0x4a,0x4c,0x4a,0x25,0x25,0x2e,0x2f,0x2e,0x25,0x23,0x1e,0x23,0x2e,0x2e,0x23,0x25,0x2c,0x2c,0x3b,0x2a,0x2b,0x3c,0x41,0x2b,
  0x2a,0x2b,0x3e,0x3d,0x2b,0x3b,0x3b,0x41,0x3c,0x3a,0x3a,0x3b,0x3c,0x44,0x48,0x44,0x41,0x43,0x43,0x43,0x48,0x57,0x49,0x94,
  0x96,0x8a,0x57,0x8a,0x98,0xbe,0xb7,0x98,0x94,0xb5,0xb0,0xb7,0x81,0x47,0x46,0x2d,0x3a,0x2d,0x3f,0x3f,0x3f,0x47,0x57,0x46,
  0x49,0x8a,0x8a,0x57,0x44,0x48,0x48,0x81,0x39,0x6d,0xff,0xfb,0xfb,0xfc,0xfd,0xfc,0xfd,0xfd,0xff,0xfd,0xfc,0xfd,0xfc,0xfc,
  0xfc,0xf7,0x6d,0x62,0x65,0x64,0x63,0x63,0x65,0x75,0x78,0x71,0x78,0xfb,0xfc,0xfd,0xee,0xfc,0xfc,0xfc,0xfc,0xfc,0xfc,0xfe,
  0xef,0xf7,0xfd,0xfc,0xf7,0xfc,0xf7,0xf3,0xf3,0xf3,0xf7,0xfc,0xf7,0x21,0x69,0xf3,0xf3,0xd7,0xc0,0x23,0x15,0x23,0x50,0x50,
  0x5e,0xd0,0xd1,0xcf,0x66,0xd0,0xdb,0xd0,0xd1,0xf7,0xda,0xd6,0xda,0xda,0xfa,0xf9,0xf7,0xec,0xda,0xec,0xed,0x69,0x67,0xd7,
  0xd2,0xf3,0xf7,0xec,0xec,0xda,0xda,0xd4,0xd4,0xd9,0xc1,0x9f,0xc1,0x9d,0xc2,0x53,0x25,0x5d,0xd7,0xc2,0x4c,0x51,0x9b,0x4c,
  0x2f,0x2e,0x4a,0x4a,0x2f,0x2f,0x4a,0x4a,0x2f,0x2f,0x2f,0x25,0x23,0x23,0x2c,0x2c,0x3d,0x3d,0x40,0x7a,0x7c,0x7e,0x7b,0x85,
  0x7f,0x7f,0x82,0x7d,0x87,0x99,0x99,0xb7,0xb5,0xbd,0xbd,0xa7,0x99,0xbd,0xc8,0xa7,0x9a,0xa8,0x98,0xa8,0xb7,0x98,0x96,0x94,
  0x8a,0xa8,0x98,0x98,0xa8,0x57,0x98,0x98,0x94,0x94,0x96,0x98,0x96,0x95,0xb7,0x98,0xb7,0xbe,0x89,0x3f,0x46,0x55,0xbe,0xb7,
  0xbe,0x47,0x95,0xb7,0xb7,0xbd,0xcd,0xb1,0xa5,0xc8,0xbe,0xb7,0xae,0xb5,0xa7,0xa0,0xb7,0xb7,0xa9,0xa9,0xa7,0xa7,0x8b,0x93,
  0x8b,0x85,0x85,0x88,0x99,0x84,0x7f,0x7c,0x7b,0x7e,0x4a,0x2f,0x23,0x1e,0x2e,0x23,0x1e,0x25,0x2f,0x4b,0x4d,0x4f,0x4c,0x4c,
  0x4a,0x4c,0x51,0x4f,0x50,0x4c,0x2f,0x4a,0x50,0x4c,0x4a,0x2f,0x4a,0x4a,0x2f,0x2f,0x2e,0x25,0x25,0x23,0x23,0x23,0x23,0x23,
  0x2c,0x2c,0x2b,0x22,0x2b,0x3b,0x2c,0x2b,0x22,0x2a,0x40,0x7a,0x2b,0x2b,0x2a,0x3c,0x3b,0x3b,0x3b,0x3b,0x3c,0x3e,0x44,0x41,
  0x44,0x44,0x48,0x44,0x7d,0x57,0x89,0x8a,0x8a,0x89,0x57,0x94,0xbe,0xbd,0xb5,0x94,0x97,0xb5,0xbd,0x98,0x46,0x57,0x3f,0x2d,
  0x46,0x3a,0x3a,0x2d,0x3f,0x47,0x57,0x46,0x57,0x89,0x94,0x57,0x48,0x49,0x49,0x49,0x6c,0x5a,0xff,0xfd,0xfb,0xfd,0xfd,0xff,
  0xff,0xfd,0xfd,0xfc,0xfc,0xfd,0xfd,0xf7,0xde,0xfc,0x77,0x74,0x75,0x63,0x62,0x63,0x72,0xde,0xdf,0xdf,0xf5,0xf7,0xfc,0xfc,
  0xd9,0xf9,0xfc,0xfd,0xfd,0xfc,0xfc,0xff,0xda,0xda,0xfc,0xf7,0x61,0xd6,0xfc,0xfc,0xfc,0xf7,0xed,0xf7,0xf7,0x69,0xf4,0xf7,
  0xf3,0xd7,0x9d,0x25,0x1b,0x25,0x50,0xc1,0xd1,0xd5,0xc1,0xd7,0xc0,0xd6,0xfc,0xdb,0xd7,0xda,0xdb,0xc0,0x67,0xda,0xfc,0xdb,
  0xd1,0xd2,0x70,0xf7,0xf7,0x69,0x69,0xf3,0xfa,0x67,0x27,0xf3,0xd8,0x70,0xda,0xd4,0xd4,0xc3,0xc3,0xc5,0xc1,0xc3,0xce,0xcf,
  0x31,0x4b,0xc0,0x4c,0x50,0x9b,0x9b,0x4c,0x2f,0x25,0x2f,0x4a,0x4a,0x4a,0x4b,0x2f,0x2f,0x2f,0x2e,0x2f,0x2f,0x2c,0x40,0x40,
  0x7a,0x7a,0x7a,0x45,0x7c,0x85,0x24,0x23,0x85,0x7c,0x7f,0x7d,0x82,0xa7,0x99,0x9a,0xa9,0xbe,0xc8,0x47,0xa0,0xbd,0xc6,0xa8,
  0xa9,0xa8,0xa7,0x8b,0x98,0xb7,0xb0,0xa8,0xb7,0xa8,0xb7,0xb7,0x57,0x55,0x98,0x95,0x94,0x98,0xa8,0x96,0xa8,0xa4,0xb7,0xa8,
  0x96,0xb7,0x8a,0x46,0x46,0x95,0xbd,0xb7,0xbd,0x27,0x95,0xbd,0xbe,0xa8,0xbd,0xc8,0xb7,0xbe,0xbd,0xb5,0xbd,0xbe,0xa8,0xb5,
  0xb7,0x9a,0x8b,0xa9,0xa9,0xa8,0x97,0x8b,0x8f,0x82,0x81,0x9a,0x8b,0x88,0x7b,0x41,0x7c,0x45,0x40,0x2f,0x2e,0x25,0x2e,0x2f,
  0x25,0x1e,0x4a,0x4b,0x4d,0x4c,0x4a,0x33,0x4a,0x31,0x50,0x50,0x4f,0x4c,0x4a,0x4a,0x50,0x4f,0x4d,0x4a,0x33,0x4c,0x4c,0x2f,
  0x2f,0x2e,0x25,0x25,0x23,0x23,0x1e,0x2a,0x2a,0x2a,0x22,0x22,0x2c,0x2c,0x2a,0x22,0x22,0x2b,0x7a,0x7a,0x45,0x44,0x3c,0x3e,
  0x3c,0x3c,0x3e,0x41,0x3e,0x3c,0x2b,0x3c,0x7d,0x44,0x44,0x41,0x44,0x57,0x89,0x89,0x8a,0x8a,0x94,0xb7,0xc6,0xbe,0xa8,0x98,
  0xae,0xbd,0xc8,0x8a,0x3f,0x57,0x46,0x3f,0x46,0x3f,0x3f,0x48,0x41,0x48,0x46,0x48,0x57,0x57,0x57,0x81,0x48,0x7d,0x48,0x48,
  0xf8,0x67,0xde,0xfb,0xfb,0xfd,0xfd,0xfd,0xfb,0xfc,0xfd,0xfc,0xfc,0xfc,0xfc,0xf5,0xf5,0xfd,0x78,0x75,0x79,0x65,0x63,0x63,
  0x75,0x73,0x78,0x74,0xdf,0xf7,0xf7,0xdd,0xfb,0xf7,0xfc,0xfd,0xfd,0xfc,0xfb,0xe8,0xee,0xfd,0xf9,0xf7,0xdc,0xed,0xfc,0xfd,
  0xfd,0xfd,0xfc,0xf9,0xf7,0xf5,0xf7,0xfc,0xf7,0xd1,0x9f,0x5e,0x4a,0x5e,0x5e,0xcf,0xdb,0x28,0x61,0xda,0xd0,0xdb,0x67,0xda,
  0x6f,0xd5,0xd1,0x5e,0xd6,0xfa,0xc5,0x6c,0xed,0xec,0xed,0xed,0xee,0xf9,0xc1,0xf3,0xc1,0x5d,0x36,0xdb,0xda,0xe8,0xda,0xd4,
  0xc5,0xc0,0xd4,0xc4,0xa3,0xc1,0x9d,0x9b,0x9f,0x50,0x51,0x51,0x50,0x9f,0x9d,0x2f,0x2e,0x4a,0x2f,0x4a,0x2f,0x2f,0x4d,0x2f,
  0x2f,0x2e,0x2f,0x2f,0x40,0x3b,0x40,0x7c,0x7c,0x7c,0x7e,0x7f,0x7f,0x85,0x2d,0x2d,0x85,0x7c,0x7e,0x7f,0x82,0x9a,0xa9,0xae,
  0xa1,0xa9,0xbd,0x94,0xa7,0xb7,0xbd,0xa8,0xb0,0xb0,0x96,0x97,0x96,0xa8,0xb0,0xb7,0xa8,0x94,0x55,0x57,0x98,0xa8,0x8a,0x96,
  0xa8,0xb7,0xbe,0xbe,0xbd,0xbd,0xb7,0xbe,0x98,0xbe,0x21,0x2d,0xc5,0xc6,0xb7,0xbe,0xbd,0xa4,0xba,0xbd,0xb7,0xb5,0xbe,0xbd,
  0xae,0xbd,0xc6,0xbe,0xb5,0xb0,0xb5,0xbe,0x96,0x7d,0x47,0x57,0xbe,0xa8,0xa8,0x8b,0x93,0x48,0x48,0xa1,0x90,0x7b,0x7a,0x7d,
  0x48,0x45,0x85,0x40,0x2e,0x2e,0x40,0x3e,0x2c,0x40,0x2f,0x2e,0x4b,0x31,0x4f,0x4a,0x4b,0x31,0x4b,0x50,0x4b,0x2f,0x4a,0x50,
  0x4c,0x4d,0x4f,0x4b,0x4b,0x33,0x4a,0x4a,0x2f,0x2f,0x2c,0x2c,0x2c,0x23,0x23,0x22,0x22,0x1e,0x22,0x2b,0x2b,0x2a,0x2a,0x2b,
  0x3b,0x40,0x7a,0x3e,0x43,0x48,0x7d,0x7c,0x3e,0x3e,0x43,0x48,0x43,0x3c,0x3c,0x44,0x48,0x48,0x7d,0x82,0x82,0x57,0x8a,0x89,
  0x98,0xa8,0xa8,0xb7,0xc6,0xbe,0xb7,0xbd,0xc8,0xcd,0x98,0x49,0x47,0x47,0x49,0x47,0x48,0x43,0x48,0x44,0x41,0x48,0x48,0x49,
  0x81,0x49,0x48,0x48,0x44,0x44,0x43,0x49,0xfb,0xfb,0xf5,0xff,0xf7,0xfb,0xfd,0xfb,0xfb,0xfb,0xfd,0xfd,0xfc,0xfd,0xf7,0xdc,
  0xfc,0xf8,0x74,0x74,0x71,0xd5,0x1f,0x24,0x65,0x75,0xde,0x74,0xf5,0xf3,0xf3,0xed,0xfc,0xfc,0xfc,0xf2,0xf9,0xfd,0xff,0x6b,
  0xc7,0xff,0xf7,0xf9,0xf9,0xfd,0xfe,0xfd,0xfd,0xfc,0xfc,0xfc,0xf7,0xed,0xf3,0xed,0xd2,0xd7,0xd6,0xcf,0x5e,0xd0,0xd1,0x5f,
  0xcf,0x67,0xdd,0x4d,0x67,0xf5,0x28,0xdb,0x36,0x27,0xd6,0xcf,0xf3,0x67,0x5c,0xc2,0xd7,0xda,0xd0,0xec,0xf7,0xdb,0x6c,0x59,
  0x5f,0xd6,0xd0,0x9f,0xee,0xee,0xe8,0xe9,0xd2,0xc0,0xc0,0x5e,0x9d,0xac,0x8c,0x60,0x9f,0x4c,0x59,0xc5,0x9b,0x51,0x9b,0x2f,
  0x2e,0x2e,0x2f,0x25,0x2f,0x4c,0x8c,0x51,0x31,0x2f,0x7a,0x45,0x40,0x40,0x7a,0x7e,0x7e,0x7c,0x7a,0x7c,0x85,0x88,0x8f,0x2d,
  0x44,0x87,0x87,0x93,0x8f,0x93,0x94,0x46,0x99,0xa7,0xa9,0xa7,0x9a,0xa8,0xbd,0xb7,0xbe,0xb5,0xb7,0xb5,0xb7,0xa8,0xa8,0xb7,
  0xa8,0x98,0x8a,0x96,0xb5,0xa8,0xb7,0xbd,0xa6,0xb5,0xc6,0xc8,0xc6,0xbd,0xbd,0xbd,0xa8,0xa8,0xa8,0xc6,0x46,0x2d,0xe7,0xcd,
  0xc8,0xbd,0xbe,0xbd,0xbe,0xc8,0xbd,0xbd,0xb7,0xb7,0xb7,0xbe,0xb5,0xb5,0xb0,0xbe,0xb7,0x99,0x58,0x96,0xb0,0x94,0xa7,0x9a,
  0x99,0x92,0x88,0x93,0x9a,0x85,0x7b,0x48,0x7d,0x43,0x45,0x7a,0x3b,0x3b,0x41,0x40,0x3d,0x45,0x3b,0x7a,0x7c,0x31,0x4b,0x59,
  0x51,0x4d,0x8c,0x9b,0x4a,0x4a,0x8c,0x51,0x4f,0x4c,0x4a,0x31,0x31,0x33,0x4a,0x31,0x31,0x3b,0x3b,0x3b,0x3d,0x3d,0x2c,0x22,
  0x19,0x15,0x1e,0x22,0x22,0x2a,0x2c,0x2c,0x2b,0x3b,0x40,0x3b,0x7a,0x80,0x7c,0x43,0x3c,0x43,0x48,0x48,0x44,0x48,0x48,0x44,
  0x43,0x48,0x89,0x92,0x8a,0x8a,0x89,0x96,0xa8,0xb7,0xa8,0x96,0xb5,0xc8,0xc8,0xcd,0xe2,0xc8,0x96,0x57,0x3c,0x2d,0x89,0x57,
  0x7d,0x7d,0x49,0x44,0x44,0x81,0x57,0x57,0x57,0x8a,0x81,0x48,0x82,0x44,0x43,0x81,0xff,0x75,0xfb,0xff,0xff,0xff,0xf3,0xfb,
  0xfb,0xfd,0xff,0xfc,0xfc,0xfc,0xfc,0xf5,0xf7,0xdc,0x71,0x37,0x63,0xdf,0x26,0x28,0xd5,0xf5,0xde,0x6d,0xf5,0xf5,0x78,0xf3,
  0xfc,0xfb,0xfc,0xfd,0xf7,0xfd,0xfe,0xff,0xfc,0xfc,0xfc,0xfd,0xfc,0xfd,0xfd,0xfe,0xfd,0xfc,0xfc,0xf3,0xf3,0xf5,0x5b,0xda,
  0xdb,0xf7,0xd4,0xd1,0xd4,0xd7,0xd7,0x66,0xc1,0xdd,0xec,0xed,0xec,0xf3,0xf3,0xd7,0xdb,0x27,0x5c,0x5c,0x61,0xcf,0xc0,0xcf,
  0x66,0xd0,0x5b,0x6a,0xf7,0xdb,0x6c,0x4b,0xd7,0xc1,0xc4,0xc1,0xd4,0x4d,0x37,0xdb,0x9c,0x9f,0x5f,0x9b,0xac,0x8c,0x9f,0x9d,
  0x4c,0x50,0x51,0x9b,0x9b,0x50,0x4a,0x4a,0x2f,0x2f,0x4a,0x23,0x4a,0x9b,0x59,0x9b,0x51,0x7a,0x31,0x83,0x40,0x3d,0x7c,0x7c,
  0x7e,0x80,0x7a,0x7e,0x85,0x87,0x8b,0x82,0x87,0x93,0x8b,0x93,0x87,0x9a,0x9a,0x48,0x9a,0x9a,0xa7,0x48,0x3f,0xa9,0x96,0xa8,
  0xbd,0xbe,0xb0,0xa8,0x98,0x98,0x96,0x96,0x98,0xbe,0xb0,0x57,0x55,0xb7,0xbe,0xb0,0x8a,0xb7,0xb5,0xa8,0xb7,0xbd,0xbd,0xc6,
  0xbd,0x89,0xbe,0xd9,0x8a,0x46,0xe8,0xb3,0x46,0xb0,0xb5,0xb5,0xb5,0xbd,0xc8,0xbd,0xb7,0xb7,0xbe,0xb7,0xae,0xb5,0xb7,0xb7,
  0xb5,0x99,0x98,0xa8,0x98,0x98,0x9a,0x7d,0x81,0x92,0x86,0x8b,0x49,0x43,0x41,0x44,0x87,0x3e,0x3d,0x7a,0x3b,0x2c,0x3b,0x2b,
  0x3b,0x7b,0x7a,0x3d,0x41,0x7b,0x31,0xa3,0x4e,0x4f,0x4b,0x31,0x25,0x4f,0x4f,0x8c,0x8c,0x4c,0x4a,0x4f,0x4a,0x2f,0x4b,0x31,
  0x45,0x22,0x2b,0x2c,0x3b,0x3d,0x2b,0x22,0x1e,0x19,0x1e,0x22,0x2a,0x2b,0x2c,0x2b,0x3d,0x3b,0x2b,0x2b,0x3d,0x2b,0x2b,0x43,
  0x44,0x48,0x7d,0x48,0x7d,0x7d,0x44,0x44,0x43,0x7d,0x57,0x57,0x81,0x89,0x57,0x8a,0x9a,0x98,0x98,0x94,0xb7,0xc8,0xbd,0xc8,
  0xc8,0x98,0x94,0x48,0x3e,0x2b,0x49,0x8a,0x57,0x57,0x57,0x3a,0x41,0x82,0x82,0x81,0x81,0x89,0x8a,0x8b,0x81,0x81,0x7d,0x81,
  0xfb,0x5c,0x69,0xff,0xff,0xff,0xff,0xee,0xaf,0xfd,0xf7,0xf3,0xf7,0xfc,0xf3,0xf3,0xf3,0xd5,0x66,0x34,0x78,0xfd,0xf5,0x78,
  0x75,0xde,0x6e,0x68,0xf8,0xf5,0x78,0xf5,0xfc,0xfc,0xfc,0xfd,0xf8,0xfc,0xfe,0xfc,0xfd,0xfc,0xfc,0xfa,0xf9,0xfc,0xf7,0xfc,
  0xfc,0xfc,0xf7,0xdc,0xf7,0xf7,0x70,0xf7,0xf7,0xf3,0xd2,0xda,0xf3,0xec,0xd4,0xd7,0xc0,0xda,0xf3,0xf3,0xf3,0xec,0xed,0xcf,
  0x67,0x6a,0x6f,0xcf,0xc0,0x66,0xc0,0xd0,0xd4,0xc1,0xc0,0xcf,0xd1,0xd4,0xd1,0x66,0xc1,0xd9,0xdb,0xdb,0x6c,0x4d,0xc2,0x9f,
  0xc1,0xd4,0x5b,0x60,0xa3,0x60,0xc2,0x8c,0x8c,0x4c,0x51,0xc3,0x9d,0x4a,0x50,0x51,0x50,0x31,0x31,0x4a,0x4e,0xa2,0x9f,0x9d,
  0x3b,0x2b,0x9b,0x8c,0x45,0x7a,0x80,0x7f,0x85,0x80,0x3b,0x3c,0x85,0x86,0x93,0x9a,0x8b,0x9a,0x9a,0x9a,0x9a,0xa7,0xa9,0xaa,
  0x9a,0xa9,0xa9,0x94,0x94,0x93,0x96,0xb5,0xb7,0x97,0x96,0xa8,0xa6,0xbd,0x3f,0x2d,0xc6,0xbe,0xa8,0x98,0x3f,0xaf,0xbd,0x94,
  0xb5,0xb7,0x8a,0x98,0xb5,0xbd,0xbd,0xc8,0xcc,0x55,0xbd,0xbd,0xc6,0xd9,0xbd,0x96,0x95,0xb7,0xb0,0xb5,0xa4,0x57,0x47,0xbd,
  0xbd,0xbd,0xbe,0xa8,0xbd,0xb5,0xbd,0xbd,0x94,0x94,0x99,0x96,0xa8,0x94,0x89,0x49,0x48,0x57,0x7d,0x7c,0x48,0x3b,0x40,0x41,
  0x7f,0x43,0x3b,0x3d,0x2c,0x2c,0x23,0x22,0x3b,0x45,0x3d,0x2c,0x7a,0x7f,0x88,0x85,0x4f,0x8d,0x31,0x2f,0x2f,0x4c,0x9b,0x9c,
  0x4c,0x2f,0x4a,0x4b,0x7b,0x2f,0x2f,0x2c,0x40,0x23,0x22,0x2c,0x2c,0x3d,0x40,0x2a,0x22,0x22,0x22,0x22,0x2a,0x3b,0x2c,0x3a,
  0x3b,0x3b,0x2a,0x2b,0x40,0x22,0x3b,0x7c,0x43,0x43,0x48,0x48,0x48,0x48,0x48,0x81,0x48,0x49,0x81,0x81,0x7d,0x57,0x89,0x94,
  0x94,0x96,0xa8,0x98,0x98,0xb5,0xbe,0xbe,0xbd,0xb7,0x96,0x89,0x81,0x57,0x57,0x8a,0x8a,0x8a,0x49,0x3c,0x3e,0x88,0x48,0x41,
  0x7d,0x57,0x95,0x94,0x57,0x7d,0x41,0x7d,0xff,0xfd,0xfd,0xff,0xff,0xff,0xff,0xfe,0xf9,0xfb,0xfb,0xfc,0xf5,0xf7,0xf7,0xdb,
  0xdb,0xd7,0x68,0x76,0xde,0xf8,0xf5,0x75,0x78,0xf5,0xfb,0xfb,0xf5,0xde,0xde,0xfc,0xfc,0xfc,0xfd,0xfc,0xf7,0xfc,0xf7,0xfc,
  0xfe,0xfd,0xfd,0xfc,0xf7,0xee,0xd7,0xf3,0xda,0xf7,0xf3,0xfc,0xfc,0xff,0x67,0xda,0xf7,0xf3,0xd7,0xd7,0xf3,0xec,0x70,0xed,
  0xdb,0xdb,0xf7,0xf3,0xf3,0xec,0xdb,0x6d,0x5e,0xc0,0xd6,0xcf,0x66,0x66,0xc1,0x5e,0xd7,0xcf,0xcf,0xc1,0xc0,0xd1,0x5f,0x9f,
  0xd4,0xd2,0x5c,0xd9,0xc1,0xd0,0xd1,0x5e,0xc1,0xdb,0xd4,0x5d,0x5d,0xdb,0xc1,0x9f,0x9d,0x4c,0x9f,0x9d,0x4c,0x4f,0x50,0x2f,
  0x2f,0x4f,0x9b,0x4c,0x50,0xa3,0x42,0x4e,0x31,0x4e,0x85,0x85,0x45,0x7f,0x85,0x87,0x7f,0x41,0x7b,0x7b,0x87,0x9a,0x9a,0x9a,
  0x86,0xa8,0xa7,0xa1,0x9a,0xa9,0x9a,0xae,0xa9,0xb7,0xa8,0xae,0xa9,0xa8,0xbe,0x98,0x94,0x98,0xa8,0xb7,0xa8,0xb5,0x55,0xb0,
  0xbd,0xa8,0xb5,0xbd,0xc8,0xa4,0x3f,0xc6,0xb7,0xb7,0xb7,0x94,0xa8,0xc6,0xbd,0xc6,0xbd,0xcd,0xbd,0xa8,0xb7,0xb5,0xbe,0xce,
  0x96,0x95,0xbd,0xbd,0xbd,0xb5,0xa4,0xc6,0xc6,0xc6,0xbd,0xc6,0xce,0xbe,0xb5,0xb0,0xa8,0x96,0x81,0x8a,0x96,0x94,0x96,0xb0,
  0xa8,0x96,0x94,0x49,0x57,0x7b,0x82,0x7b,0x7a,0x43,0x3c,0x3c,0x2b,0x2c,0x23,0x22,0x23,0x40,0x3d,0x7a,0x87,0x80,0x7c,0x80,
  0x91,0x87,0x9c,0x8d,0x8c,0x9d,0x8c,0x4c,0x4a,0x33,0x4f,0x4b,0x4b,0x4f,0x2f,0x3b,0x7a,0x40,0x2a,0x2a,0x3b,0x40,0x2b,0x22,
  0x22,0x2a,0x2a,0x2a,0x2c,0x3a,0x2b,0x3d,0x3b,0x3d,0x40,0x40,0x43,0x41,0x41,0x48,0x48,0x48,0x7d,0x7d,0x82,0x81,0x58,0x92,
  0x48,0x82,0x82,0x7d,0x82,0x8a,0x97,0x94,0x92,0x8a,0x9a,0x9a,0x99,0x96,0xa8,0xb7,0xb7,0xa8,0x94,0x96,0x89,0x8b,0x9a,0x89,
  0x8a,0x57,0x48,0x82,0x48,0x88,0x48,0x3d,0x7c,0x7d,0x94,0x94,0x94,0x86,0x48,0x81,0xff,0xff,0xff,0xff,0xff,0xff,0xff,0xff,
  0xfb,0xfb,0xfc,0xf8,0xf7,0xf7,0xdb,0xed,0xda,0xd6,0xde,0xdc,0x39,0xf8,0x75,0xde,0xf8,0xf8,0xfb,0xf8,0xf3,0xf7,0xfc,0xfd,
  0xfc,0xf9,0xf7,0xfc,0xf7,0xf7,0xfc,0xfc,0xfd,0xfd,0xfd,0xfc,0xfd,0xf7,0xdb,0xd6,0xcf,0xf3,0xf3,0xfd,0xff,0xfe,0xff,0xff,
  0xfc,0xec,0x5c,0xd6,0xd1,0xec,0xec,0xda,0xf7,0xf3,0xf3,0xf3,0xf7,0xdb,0xd6,0xdb,0xdb,0xcf,0xd1,0xdb,0x66,0xc0,0xd7,0xc0,
  0xd1,0xc2,0xcf,0x4b,0x37,0xd6,0x5e,0xc0,0xcf,0x5e,0x5c,0xd4,0xc0,0xc1,0x66,0x33,0xc2,0xd4,0xcf,0xac,0xc1,0xc2,0x9d,0x9b,
  0x50,0x2f,0x5e,0x8c,0x8c,0x9d,0x50,0x4a,0x4c,0x50,0x8d,0x4c,0x8c,0xaa,0x52,0x91,0xa3,0xa1,0xa1,0x90,0x48,0x82,0x8f,0x85,
  0x85,0x7c,0x93,0x93,0x85,0x8f,0x9a,0xa1,0xa1,0x30,0x9a,0x49,0xa1,0xa1,0xa8,0xa8,0xa8,0xb7,0xbe,0xb7,0xa8,0xb7,0x96,0xa6,
  0xb7,0xb7,0xb7,0x98,0x98,0x98,0x55,0xbd,0xbe,0xbd,0xc8,0xbe,0xc8,0xbb,0x8a,0x8a,0xa8,0xb0,0xb5,0xb5,0xbd,0xb7,0xb7,0xbe,
  0xbe,0xb7,0xa8,0xb7,0xbd,0xc6,0xbd,0xc8,0xbd,0xbe,0xbd,0xc6,0xc8,0xc8,0xc6,0xb7,0xbd,0xc6,0xbd,0xbd,0xb5,0xb0,0xb5,0xa8,
  0xbe,0xb0,0x96,0x98,0x94,0x96,0x98,0x96,0x96,0x98,0x98,0x8a,0x81,0x82,0x85,0x7d,0x43,0x3c,0x3b,0x2b,0x2a,0x22,0x2a,0x2b,
  0x2b,0x3b,0x40,0x7b,0x87,0x7b,0x7c,0x44,0x8b,0x87,0x90,0x8c,0x9e,0x51,0x2f,0x4c,0x4c,0x4b,0x4f,0x4f,0x4f,0x4e,0x4e,0x45,
  0x2c,0x23,0x2c,0x40,0x7a,0x40,0x2c,0x2c,0x22,0x2b,0x3b,0x2c,0x2c,0x2b,0x2a,0x3b,0x3b,0x43,0x43,0x41,0x41,0x7b,0x7c,0x48,
  0x7d,0x7d,0x82,0x7d,0x92,0x8a,0x9a,0x99,0x87,0x44,0x82,0x82,0x92,0x99,0x97,0x9a,0x8a,0x99,0x99,0x9a,0x94,0x96,0x98,0xa8,
  0xa8,0x98,0x8a,0x89,0xa9,0x92,0x93,0x7f,0x48,0x81,0x82,0x99,0x87,0x88,0x82,0x44,0x7d,0x81,0x58,0x94,0x8a,0x8a,0x99,0x8a,
  0xff,0xff,0xff,0xff,0xff,0xff,0xff,0xfd,0xfd,0xfd,0xfb,0xfc,0xfb,0xf7,0xdc,0xdc,0xf2,0xdc,0xf7,0xf7,0xf8,0xde,0x75,0x78,
  0xf3,0xfc,0xfd,0xfb,0xfb,0xfb,0xf3,0xfd,0xfd,0xfc,0xf3,0xfc,0xf7,0xf7,0xfd,0xfd,0xfd,0xfd,0xfc,0xfc,0xfc,0xfc,0xfd,0x28,
  0x1f,0xf5,0xf9,0xfa,0xfe,0xff,0x27,0x69,0xff,0xd8,0x30,0xf5,0xdb,0xec,0xf3,0xec,0xfc,0xf7,0xec,0xf7,0xd2,0xda,0xf3,0xf9,
  0xf7,0xdb,0xdb,0x37,0x4d,0xcf,0x4d,0x5f,0xdd,0xdf,0x5a,0x28,0xd6,0x4b,0x69,0xd7,0x9f,0xc1,0xcf,0x9d,0xcf,0x9d,0x5f,0x28,
  0xd0,0xc4,0xc3,0xc3,0x9d,0x9d,0xc3,0xc0,0x4a,0x2f,0x4d,0x9f,0x9f,0xc3,0x4b,0x2f,0x2f,0x8c,0x9e,0x4f,0x4f,0x4e,0xae,0xb9,
  0xa0,0xaa,0xa0,0x8e,0x3e,0x41,0x85,0x9a,0x9a,0x9a,0x9a,0xa7,0xa7,0x9a,0xae,0xae,0xa7,0x53,0x9a,0x90,0xa7,0xa7,0xb5,0x98,
  0x98,0xb5,0xbd,0xbe,0xbe,0x30,0x2d,0x98,0xa4,0xa8,0x98,0xa8,0xb7,0xa8,0x3f,0xbe,0xc6,0xbd,0xbe,0xb5,0xbd,0xbe,0xa8,0x96,
  0x98,0xb7,0xa8,0xa8,0xb7,0xa8,0xbe,0x8a,0xa4,0x8a,0x8a,0x98,0xb5,0xc8,0xc6,0xbd,0xcd,0xaf,0xb3,0xe7,0xc8,0xc6,0xc8,0xbd,
  0xbe,0xbe,0xb5,0xb7,0x98,0x96,0xa8,0xbe,0xb5,0xb7,0xb7,0xa8,0x96,0x94,0xb7,0x98,0x94,0xb0,0x95,0x57,0x8a,0x48,0x44,0x43,
  0x43,0x43,0x3b,0x2a,0x1b,0x1b,0x2a,0x2b,0x2b,0x3d,0x7f,0x85,0x7c,0x7c,0x7b,0x45,0x87,0x8b,0x93,0x91,0x91,0x4b,0x4b,0x8c,
  0x8e,0x4d,0x4d,0x8c,0x7c,0x40,0x41,0x7c,0x2b,0x2a,0x3b,0x7a,0x3d,0x2c,0x3b,0x40,0x2a,0x2b,0x7a,0x7a,0x3b,0x2b,0x3c,0x2c,
  0x2c,0x3e,0x45,0x3e,0x44,0x48,0x7d,0x82,0x82,0x82,0x8b,0x88,0x87,0x93,0x93,0x92,0x7d,0x7d,0x8b,0x8b,0x99,0x9a,0x93,0x93,
  0x93,0x99,0x97,0x99,0x81,0x81,0x92,0x98,0xb7,0x89,0x89,0x8a,0x96,0x94,0x8f,0x8f,0x44,0x48,0x9a,0xa9,0x49,0x3e,0x7d,0x92,
  0x92,0x89,0x89,0x99,0x82,0x89,0x94,0x8a,0xff,0xff,0xff,0xff,0xff,0xff,0xfd,0xfd,0xfb,0xfb,0x79,0xf8,0xfc,0xf7,0xde,0x77,
  0xfb,0xfd,0xfd,0xf7,0xf7,0xde,0xdf,0xf5,0xfb,0xfd,0xfc,0xf8,0xfb,0xf8,0xfd,0xdc,0xee,0xf7,0xfc,0xf3,0xfc,0xfc,0xfc,0xfc,
  0x70,0xf3,0xfc,0xfc,0xff,0xf4,0x36,0x28,0x27,0xf7,0xfa,0xfc,0xfa,0xfd,0x27,0x69,0xfc,0xf7,0xf3,0xf3,0xf7,0xf3,0xf3,0xf3,
  0xf7,0xf7,0xec,0xdb,0x5e,0xd6,0xf9,0xf9,0xf7,0xdb,0xd6,0x61,0xc2,0xc0,0x66,0x5f,0x37,0x4d,0x5d,0xd6,0xc2,0x5d,0xd0,0xd1,
  0xc2,0xc0,0x5e,0xc0,0xc0,0x9d,0xd4,0xdb,0xd4,0xc5,0xa2,0x51,0x51,0x8c,0xc1,0xc1,0x4c,0x2e,0x25,0x4f,0xa2,0xc2,0x4e,0x4b,
  0x4b,0xc1,0xac,0xa3,0x9e,0x8d,0xaa,0xb9,0xa7,0xae,0xa3,0x85,0x9d,0x8f,0x90,0xa1,0xa1,0x90,0xae,0xb7,0xae,0x9a,0x9a,0xaa,
  0xa9,0xa1,0xae,0xb9,0xae,0xb5,0xb5,0xbe,0xbe,0xa6,0xa8,0xa4,0xb5,0x49,0x2d,0x8a,0x97,0x98,0x96,0x55,0xbe,0xc8,0xb1,0xb0,
  0xa6,0x98,0x98,0xb0,0xb5,0xbe,0xb7,0xb5,0xb7,0xb5,0xa8,0xb7,0xb0,0xb5,0xbe,0xb1,0x55,0x47,0x94,0x94,0xb7,0xbd,0xc6,0xcd,
  0xcc,0xcd,0xe2,0xaf,0xa4,0xbd,0xbd,0xbd,0xbd,0xbd,0xb5,0xb7,0xbe,0xa4,0xa4,0xbd,0xa8,0x98,0xa8,0xb7,0xa8,0x96,0xa8,0xa8,
  0x96,0xa8,0x98,0x81,0x89,0x49,0x41,0x41,0x48,0x41,0x3b,0x22,0x17,0x17,0x22,0x2b,0x3d,0x7d,0x7d,0x41,0x45,0x45,0x80,0x85,
  0x87,0x87,0x9a,0x8c,0x9b,0x56,0x4f,0x50,0x91,0x8e,0x9b,0x7e,0x7b,0x2c,0x2c,0x7a,0x45,0x7a,0x7a,0x7a,0x7a,0x40,0x3d,0x40,
  0x2b,0x2c,0x41,0x43,0x3b,0x3b,0x3c,0x41,0x3c,0x41,0x43,0x41,0x45,0x7f,0x82,0x87,0x87,0x8b,0x99,0x8b,0x92,0x93,0x8b,0x8f,
  0x48,0x82,0x9a,0x99,0x9a,0x93,0x8b,0x93,0x93,0x99,0x8a,0x87,0x88,0x8b,0x92,0x99,0xb7,0x98,0x93,0x8b,0x82,0x8a,0x57,0x93,
  0x87,0x8b,0x93,0x93,0x87,0x88,0x82,0x8b,0x8b,0x92,0x8b,0x57,0x92,0x99,0x94,0x8a,0xff,0xff,0xff,0xff,0xff,0xff,0xff,0xff,
  0xfd,0xfb,0xf7,0xf7,0xfc,0xfb,0xf8,0xf7,0x5c,0x36,0xf8,0xf3,0xf7,0xde,0xf5,0xf5,0xfb,0xfd,0xf8,0xf5,0xfb,0xfc,0xfb,0xd7,
  0xdb,0xf3,0xf3,0xfc,0xfd,0xfc,0xfc,0xed,0x6c,0xfc,0xfd,0xfd,0xfd,0xec,0x47,0xff,0xfb,0xec,0xfd,0xfc,0xfc,0xf3,0xd5,0x74,
  0xf3,0xf3,0xf7,0xf9,0xfc,0xf7,0xee,0xf3,0xf7,0xf3,0xdb,0xd0,0xd6,0xf3,0xfa,0xec,0xda,0xc0,0xda,0xdb,0x9f,0x9d,0xc0,0x9b,
  0x30,0x4d,0x61,0xc1,0xc0,0xd1,0xd6,0xc2,0xd4,0xd1,0x4b,0x51,0x4a,0x9f,0xc1,0xc3,0x61,0xc3,0x59,0x9b,0x3d,0x9b,0x9f,0x9d,
  0x50,0x50,0x51,0x9b,0x9f,0x8e,0x59,0xc2,0xd1,0x87,0xa7,0xc5,0xc4,0xad,0xaa,0xa9,0xa7,0x91,0xa7,0x85,0xa0,0x7f,0x87,0xad,
  0xb9,0x9a,0xa9,0xb7,0xb7,0xae,0xa1,0x91,0x9c,0xae,0x8f,0xaa,0xc6,0xc8,0xc8,0xc8,0xbd,0x96,0x98,0x97,0xb7,0xb7,0x55,0x46,
  0x57,0x99,0xbe,0xbd,0xbd,0xbd,0xbd,0xb7,0x8a,0x89,0x8a,0x89,0x98,0xb5,0xb5,0xb5,0xb5,0xb7,0xb7,0xb5,0xb7,0xb7,0xbe,0x94,
  0x96,0xa8,0xb7,0xb5,0xb5,0xc8,0xe7,0xbf,0xc8,0xcd,0xcd,0xb5,0xa8,0xbe,0xa8,0xb5,0xbd,0xbd,0xbe,0xbe,0xbe,0xbe,0xc8,0x98,
  0x57,0x8a,0x96,0xb0,0xb7,0x98,0x94,0x96,0x96,0x8a,0x46,0x49,0x89,0x47,0x44,0x44,0x44,0x3c,0x41,0x3a,0x1e,0x1e,0x2b,0x3e,
  0x41,0x3d,0x45,0x44,0x48,0x7f,0x87,0x87,0x87,0x87,0x87,0x87,0xa0,0xa0,0x93,0x8e,0xa0,0xa0,0x91,0x41,0x45,0x7a,0x7a,0x7a,
  0x7c,0x7b,0x43,0x41,0x3e,0x43,0x7d,0x3e,0x3b,0x3b,0x3b,0x3b,0x3c,0x41,0x3e,0x41,0x43,0x41,0x41,0x44,0x45,0x44,0x82,0x93,
  0x93,0x9a,0x99,0x93,0x99,0x93,0x8b,0x93,0x87,0x87,0xa1,0x9a,0x9a,0x87,0x8f,0x82,0x87,0x87,0x87,0x8b,0x9a,0x8b,0x81,0x97,
  0xb0,0xae,0x81,0x82,0x82,0x97,0x82,0x87,0xa1,0x8f,0x87,0x93,0x8b,0x8b,0x82,0x82,0x7d,0x99,0x92,0x87,0x89,0x8a,0x97,0x97,
  0xff,0xff,0xff,0xff,0xff,0xff,0xff,0xff,0xff,0xff,0xff,0xfc,0xfb,0xef,0xe4,0xff,0x21,0x1d,0xdf,0xfc,0xf8,0xf3,0xf3,0xfc,
  0xf8,0xfb,0xde,0xf7,0xf3,0xde,0xfc,0xf8,0xdf,0xfb,0xfc,0xfe,0xff,0xff,0xb3,0xef,0xff,0xfd,0xfd,0xfe,0xfd,0xfc,0xff,0x37,
  0x36,0xfd,0xfc,0xfe,0xfd,0xfc,0x67,0x69,0xed,0xf3,0xfc,0xfd,0xf7,0xfa,0xf3,0xf7,0xfd,0xf7,0xc2,0xd6,0x69,0xda,0xfc,0xd0,
  0xc2,0xd1,0xec,0xd4,0x66,0xc1,0x5e,0x24,0x37,0xcf,0xd1,0xc3,0x51,0x66,0x5f,0xcf,0x5b,0x51,0x4d,0xc0,0x9f,0xc1,0x5f,0x4d,
  0x50,0x9f,0x9f,0x9b,0x4d,0x26,0x8c,0x9d,0x4c,0x4c,0x4c,0xc1,0x60,0xc1,0xad,0x9f,0xc3,0xae,0xbe,0xc6,0xad,0xaa,0xa0,0x7f,
  0xad,0xae,0xae,0xa7,0x9a,0xa1,0xa1,0x86,0x8b,0x7b,0xa0,0xae,0xad,0xbe,0xb1,0xab,0xb8,0x52,0xa7,0xc6,0xc8,0xc8,0xc8,0xc8,
  0xc8,0xcd,0x99,0x97,0xbd,0xbe,0xbe,0x95,0x96,0xb0,0xbd,0xe7,0xbf,0x98,0xbd,0xb7,0x98,0x94,0xa8,0x98,0x46,0x98,0xb7,0xc8,
  0xb0,0xb7,0xbd,0xb0,0xb7,0x49,0x8a,0xaf,0xb1,0xbd,0xbd,0xa8,0xbe,0xcc,0xb5,0xbe,0xcc,0xe2,0xcd,0xc6,0xb5,0x95,0xb7,0xbd,
  0xbd,0xbd,0xbe,0xc6,0xb7,0xb7,0xc8,0x96,0x49,0x94,0x55,0x94,0xa8,0xbe,0x98,0x55,0x55,0x49,0x46,0x57,0x8a,0x57,0x43,0x48,
  0x44,0x3a,0x3c,0x3c,0x3a,0x3a,0x41,0x3c,0x43,0x3e,0x2c,0x43,0x7b,0x82,0x87,0x87,0x93,0x8f,0x42,0x91,0x59,0x86,0x8f,0x90,
  0xa0,0x93,0x85,0x7f,0x3d,0x80,0x83,0x85,0x80,0x7d,0x3e,0x44,0x48,0x48,0x7d,0x41,0x3c,0x3e,0x3b,0x3d,0x41,0x43,0x43,0x43,
  0x44,0x48,0x48,0x44,0x48,0x7d,0x87,0x93,0x99,0x92,0x92,0x8b,0x93,0x99,0x93,0x9a,0x93,0xa1,0x9a,0x9a,0x99,0x87,0x8b,0x81,
  0x8b,0x88,0x8b,0x93,0x8b,0x87,0x44,0x58,0xa7,0xae,0x82,0x7b,0x88,0x9a,0xa7,0xa7,0xb7,0xa9,0x8f,0x93,0x8b,0x7f,0x93,0x8a,
  0x43,0x9a,0x92,0x87,0x86,0x86,0x96,0x96,0xfb,0xff,0xff,0xff,0xff,0xff,0xff,0xff,0xff,0xff,0xff,0xf7,0xff,0x5c,0x36,0xff,
  0xf5,0x74,0xfb,0xfc,0xf2,0xf7,0xed,0xf7,0xfe,0xfd,0xf3,0xf7,0xf3,0xf3,0xf7,0xed,0x6c,0xfb,0xfc,0xfd,0xfe,0xff,0xfe,0xfe,
  0xfe,0xff,0xfd,0xff,0xff,0xff,0xf7,0x37,0xd8,0xfb,0xed,0xfd,0xfd,0xfe,0xff,0xe8,0xe8,0xfc,0xfe,0x69,0xf4,0xfa,0xf9,0xf9,
  0xd4,0xee,0xfd,0xfb,0x46,0x95,0x69,0xed,0xda,0xc1,0xdb,0xc0,0x66,0xd6,0x9d,0x4d,0x4d,0x66,0xc1,0x9d,0xc1,0x66,0x4c,0x4c,
  0x4a,0x5e,0xcf,0xc3,0x5f,0xc0,0x4d,0x26,0x9d,0x9d,0x60,0xac,0x5f,0x24,0x5f,0x9d,0x4f,0x9f,0x31,0x3c,0xc4,0x5f,0x9b,0xa2,
  0xac,0xce,0xe2,0xad,0xad,0xc5,0xc4,0xc4,0xc5,0xcd,0xcd,0x93,0x9a,0xad,0xae,0x8e,0x7a,0x40,0xaa,0xa7,0xa7,0xaa,0x53,0xa4,
  0xeb,0xcd,0xe5,0xcc,0xc6,0xbd,0xc8,0xcd,0xc8,0xa4,0xa6,0xc8,0xbd,0xbd,0xbd,0xcd,0xb5,0xb0,0xc6,0xc6,0x96,0x95,0xb7,0xa8,
  0xb7,0xb5,0xce,0x96,0x22,0x47,0xb7,0xbe,0xb5,0xb5,0xb7,0xb7,0x98,0x8a,0x98,0xc6,0xc8,0xc8,0xc6,0xb7,0xbd,0xc8,0xb0,0xb0,
  0xc8,0xe2,0xcd,0xcd,0xc6,0x8a,0xa8,0xbd,0xce,0xbd,0xb5,0xbd,0xc6,0xbd,0xbd,0xa4,0x57,0x89,0x3f,0x55,0x96,0xb7,0xb7,0x8a,
  0x46,0x96,0x96,0x57,0x8a,0x57,0x46,0x3f,0x41,0x48,0x48,0x3e,0x41,0x3c,0x48,0x44,0x41,0x48,0x3e,0x43,0x7c,0x88,0x87,0x8f,
  0x46,0x24,0x9f,0x59,0x91,0x7f,0x7f,0x90,0x8f,0x87,0x8c,0x88,0x7c,0x3d,0x45,0x85,0x45,0x45,0x44,0x7d,0x7f,0x48,0x44,0x3e,
  0x41,0x41,0x3b,0x3c,0x43,0x44,0x48,0x43,0x44,0x82,0x7d,0x48,0x82,0x87,0x93,0x93,0x9a,0x44,0x3c,0x9a,0x9a,0x99,0x99,0xa7,
  0xa1,0x9a,0x9a,0x9a,0x9a,0x87,0x88,0x88,0x8b,0x88,0x8b,0x87,0x88,0x7f,0x7d,0x92,0x93,0x99,0x93,0x7c,0x7c,0x9a,0xae,0xb7,
  0xb7,0xb7,0xa7,0x9a,0x87,0x99,0x9a,0xa7,0xa8,0xa6,0x8a,0x86,0x97,0xae,0xa8,0x94,0xfb,0xff,0xff,0xff,0xff,0xff,0xff,0xff,
  0xff,0xff,0xff,0xff,0xff,0xfd,0xfd,0xff,0xfd,0xfb,0xfc,0xfd,0xfc,0xfc,0xfc,0xfc,0xfc,0xfc,0xf5,0xf7,0xed,0xed,0xfd,0x5d,
  0x4e,0xff,0xf7,0xf7,0xfe,0xfd,0xfe,0xfe,0xfe,0xff,0xfd,0xff,0xff,0xfe,0xff,0xff,0xfb,0xda,0xfc,0xfc,0xfd,0xfd,0xfd,0xff,
  0xfe,0xfd,0xfe,0x69,0xfd,0xfd,0xfe,0x70,0x34,0xc0,0xf9,0xdb,0xff,0x56,0x4b,0xc1,0xd1,0xd7,0xd1,0x50,0xc0,0xd7,0xc1,0xcf,
  0xc0,0x66,0xc0,0xc0,0xc0,0xc0,0x5e,0x50,0x5e,0xc0,0x28,0x51,0x4d,0x51,0xc0,0x9b,0x9b,0x9d,0x9d,0x9b,0x9d,0x9d,0x9f,0xd0,
  0xce,0x60,0x31,0x3b,0xc3,0x9b,0xa2,0xc6,0xc5,0xe2,0xe5,0xa1,0xbe,0xcd,0xc8,0xc8,0xcc,0xcd,0xad,0x90,0xad,0xb9,0xb9,0xae,
  0x9d,0x50,0xa7,0xad,0xa2,0xad,0xc5,0xc8,0xe2,0xe9,0xb1,0xb7,0xce,0xc8,0xc8,0x94,0xe8,0x3f,0x94,0xe7,0xc6,0xcd,0xc8,0xbd,
  0xcd,0xe7,0xbe,0xb7,0xb7,0xa8,0xa8,0xa8,0xc8,0xcd,0xe2,0xe2,0x47,0x89,0xb5,0xbd,0xb7,0xb7,0x96,0xa4,0xa8,0x46,0x55,0xbd,
  0xb0,0xbd,0xcc,0xb5,0xc6,0xbd,0x96,0xb5,0xcc,0xe7,0xcd,0xe2,0xbd,0xbd,0xbe,0xb3,0xaf,0xcd,0xc8,0xb7,0x8a,0xbd,0xc8,0xbd,
  0xa8,0x8a,0x98,0x8a,0x96,0xb0,0xa8,0x57,0x55,0xa8,0x94,0x49,0x8a,0x89,0x49,0x46,0x46,0x89,0x57,0x43,0x41,0x3c,0x41,0x7d,
  0x43,0x48,0x7d,0x3d,0x7d,0x82,0x7f,0x82,0x52,0x2d,0x48,0xa0,0x9a,0xa1,0x7c,0x8b,0x80,0x8b,0x9a,0x87,0x85,0x7f,0x43,0x44,
  0x7f,0x87,0x88,0x7c,0x44,0x44,0x3c,0x3e,0x41,0x3c,0x43,0x3e,0x44,0x7d,0x48,0x44,0x7f,0x82,0x7d,0x82,0x88,0x87,0x99,0x93,
  0x93,0x8b,0x87,0x99,0x99,0x99,0x9a,0xae,0xa7,0x9a,0xa1,0x9a,0x99,0x8f,0x8f,0x91,0x8b,0x88,0x87,0x87,0x87,0x7c,0x84,0x87,
  0x8b,0x7e,0x88,0x93,0x9a,0x93,0x7d,0xae,0xb7,0xb7,0xb7,0xa8,0xa9,0x99,0x90,0x94,0xa8,0xb7,0xb9,0xbe,0x36,0x21,0x1b,0x1a,
  0xff,0xff,0xff,0xfd,0xff,0xff,0xff,0xff,0xff,0xff,0xff,0xff,0xfd,0xff,0xfd,0xfc,0xfb,0xfc,0xfb,0xfd,0xfc,0xf7,0xf7,0xfc,
  0xfc,0xf7,0xf3,0xf7,0xf3,0xf3,0xf7,0x70,0x70,0xfb,0xf7,0xfb,0xf7,0xfb,0xfd,0xfd,0xff,0xff,0xfe,0xff,0xff,0xff,0xf3,0xfd,
  0xfc,0xfc,0xfd,0xf3,0xfe,0xfd,0xfd,0xfd,0xfd,0xfe,0xfd,0xff,0xfd,0xfd,0xe8,0xdc,0x6d,0xf7,0xda,0xcf,0xf3,0x50,0x9d,0x5b,
  0x5e,0xdb,0x4d,0x9b,0xd1,0xc0,0xcf,0x5f,0x5e,0x9f,0x5f,0xc0,0xc0,0x9d,0x5e,0x9d,0x9d,0x4c,0x4b,0x51,0x9d,0xc1,0x5e,0x5e,
  0x8c,0x51,0x5e,0x50,0x9b,0x9f,0x9d,0xc5,0xd9,0x9f,0x9d,0x9f,0x9f,0x9c,0xc3,0xae,0xe7,0xe5,0xae,0x85,0xc6,0xe2,0xcd,0xcd,
  0xc8,0xc5,0xc2,0xc4,0xc3,0xb9,0xaa,0x9d,0x9f,0xa2,0x9e,0xa0,0xac,0xd0,0xc4,0xc5,0xbe,0xcd,0xcc,0xc8,0xbd,0xbe,0xbd,0x60,
  0x30,0xd9,0xc8,0xc6,0xbe,0xbd,0xbe,0xe2,0xe2,0xe5,0x98,0xbd,0xa8,0xb5,0xb5,0xcd,0xcd,0xcd,0xce,0xce,0x98,0xb7,0xcc,0xb7,
  0xa8,0x8a,0x8a,0x89,0x97,0x95,0x55,0xb0,0x96,0xb0,0xbd,0x98,0xb5,0xbd,0xb0,0xbe,0xc8,0xc8,0xe2,0xe2,0xcd,0xcd,0xcd,0xa4,
  0x55,0xc8,0xb5,0xbd,0x89,0x57,0xe7,0xbd,0xbd,0xc6,0xb5,0x98,0x96,0x96,0xb0,0x47,0x98,0x98,0x89,0x57,0x8a,0x96,0x47,0x46,
  0x57,0x89,0x49,0x49,0x41,0x41,0x44,0x48,0x7d,0x3e,0x42,0x82,0x7f,0x7d,0x43,0x58,0xa8,0x99,0x46,0xa1,0x9a,0x97,0x9a,0x81,
  0x90,0x91,0x93,0xa7,0x82,0x88,0x82,0x48,0x93,0x93,0x85,0x41,0x43,0x41,0x3b,0x41,0x41,0x3c,0x48,0x43,0x41,0x7c,0x44,0x7d,
  0x82,0x82,0x7d,0x82,0x87,0x8b,0x8b,0x93,0x93,0x93,0x93,0xa1,0xa7,0x9a,0x9a,0xa8,0xae,0xae,0xae,0xa1,0x9a,0x93,0x9a,0x99,
  0x8f,0x88,0x88,0x85,0x88,0x7c,0x83,0x88,0x8b,0x88,0x93,0x9a,0xa7,0x8e,0x83,0xa9,0xb5,0xbd,0xb7,0xb1,0x97,0x8b,0xa9,0xae,
  0x98,0x46,0x1f,0x1b,0x19,0x18,0x19,0x1b,0xff,0xff,0xff,0xff,0xff,0xff,0xff,0xff,0xff,0xff,0xff,0xff,0xfb,0xff,0xff,0xfd,
  0xfd,0xfb,0xfc,0xfd,0xf5,0xfc,0xf3,0xf3,0xf3,0xf3,0xf7,0xfc,0xf7,0xf7,0xf3,0xf7,0xfb,0xf7,0xfc,0xf9,0xf7,0xbb,0xd8,0xfd,
  0xfe,0xfd,0xfe,0xff,0x27,0x5c,0xfc,0xfe,0xfe,0xfd,0xfd,0xfc,0xfc,0xff,0xfe,0xfd,0xfd,0xfd,0xfd,0xfa,0xfd,0xd8,0x36,0xff,
  0xfe,0xfc,0xf7,0xda,0xc1,0xc0,0xd4,0x70,0xd6,0x51,0x66,0xd4,0x60,0x5e,0xc3,0x4d,0x4c,0x5e,0x33,0x33,0x50,0x51,0x51,0x26,
  0x4d,0x4c,0x4a,0x4c,0x4a,0x9d,0x9b,0x31,0x51,0x50,0x4f,0x8c,0x8c,0x9d,0x8c,0xc3,0xc5,0xc5,0x60,0xaa,0xc4,0xc4,0xce,0xe2,
  0xbb,0xcd,0x59,0x9e,0xc4,0xcd,0xc8,0xe2,0xc4,0xc4,0xce,0xc6,0xbe,0xc5,0xc4,0x9b,0x51,0xc0,0x60,0xac,0xc4,0xc5,0xc4,0xad,
  0xce,0x53,0xac,0xcd,0xe2,0xc8,0xbe,0xc8,0x97,0xb5,0xc8,0xb9,0xb7,0x95,0xcd,0xe5,0xe5,0xe5,0x96,0x57,0xa4,0xe2,0xe5,0xcd,
  0xbd,0xb7,0xb5,0x55,0x96,0xe5,0xe2,0xb5,0xa8,0x55,0x49,0xa8,0x98,0x98,0x94,0xb7,0xa8,0x94,0xa8,0x98,0xb7,0xc8,0xb5,0xb5,
  0xbd,0xe2,0xe2,0xc8,0xcd,0xcd,0xcd,0xa4,0x46,0xe8,0xc8,0xbd,0x46,0x55,0xcd,0xbd,0xc6,0xc6,0xb5,0xb5,0x95,0x8a,0x55,0x8a,
  0xb7,0xa8,0x8a,0x94,0x94,0x94,0x47,0x2d,0x2d,0x49,0x47,0x89,0x46,0x46,0x49,0x48,0x8b,0x3f,0x3c,0x82,0x41,0x44,0x8b,0x94,
  0x96,0x98,0x96,0x99,0x97,0x97,0x8b,0x82,0xa7,0xa7,0x9a,0xa8,0x48,0x48,0x93,0x82,0x7d,0x85,0x81,0x2d,0x3a,0x3c,0x3b,0x3e,
  0x41,0x44,0x48,0x48,0x44,0x41,0x44,0x82,0x87,0x82,0x7d,0x82,0x93,0x87,0x8b,0x93,0x93,0x99,0x93,0xa7,0xa7,0xa7,0x9a,0xa7,
  0xbe,0xbe,0xae,0xa7,0xa1,0xa0,0xa0,0x91,0x91,0x90,0x87,0x88,0x4b,0x23,0x2f,0x85,0x87,0x93,0x8f,0xa7,0xae,0x9a,0x93,0xa7,
  0xa6,0xa6,0xb7,0xce,0xc5,0x54,0x27,0x1f,0x1b,0x18,0x18,0x1a,0x1d,0x21,0x46,0xa7,0xff,0xff,0xff,0xff,0xff,0xff,0xff,0xff,
  0xff,0xff,0xff,0xfb,0xff,0xff,0xff,0xff,0xff,0xfd,0xf7,0xfc,0xfc,0xf7,0x79,0xf5,0xf5,0xf3,0xf7,0xf7,0xf3,0xf7,0xfc,0xf7,
  0xf7,0xfc,0xf7,0xdb,0xf8,0x6b,0x69,0xfd,0xfa,0xfd,0xfe,0xff,0x69,0xe9,0xff,0xfd,0xfd,0xfc,0xf7,0xfc,0xfe,0xff,0xfd,0xfd,
  0xfe,0xfc,0xfc,0xfe,0xf3,0xfc,0xff,0xfd,0xfd,0xf9,0xf7,0xf7,0xe8,0xf9,0xd1,0xda,0xd4,0x51,0x66,0xc1,0x51,0x5f,0xc0,0x4a,
  0x4c,0x4a,0x4a,0x4a,0x4a,0x4c,0x4c,0x31,0x4d,0x9d,0x31,0x31,0x4a,0x4a,0x50,0x50,0x24,0x31,0x4a,0x50,0x9b,0x4f,0x50,0xc5,
  0xc1,0xd9,0xc2,0xc5,0xcd,0xe2,0xcd,0xc8,0x52,0xc5,0xad,0xc5,0xce,0xe2,0xcd,0xcd,0xe2,0xce,0xce,0xc7,0xbe,0xc6,0xae,0xac,
  0x9d,0x9f,0xc2,0xc5,0xc2,0xc2,0xcf,0xc0,0xc5,0xaf,0xbb,0xad,0xe2,0xe9,0xe2,0xcd,0xcd,0xb9,0xbd,0xc8,0xe7,0xbd,0xc8,0xe5,
  0xe2,0xe2,0xc8,0xb5,0x96,0xe9,0xe5,0xcd,0xc8,0xa8,0x49,0x55,0xbe,0xe2,0xc8,0xce,0x8a,0x46,0x49,0x94,0xa8,0xb7,0xb7,0xb7,
  0xa8,0x96,0xb7,0xb5,0xa8,0xb7,0xb7,0xbd,0xcc,0xa4,0xe2,0xe2,0xcd,0xb7,0xbd,0xa4,0x36,0x95,0x96,0xcc,0x21,0xa4,0xa8,0xbd,
  0xc8,0xbe,0xb7,0xbe,0x94,0x47,0x94,0xa8,0xb0,0xb7,0xa8,0x98,0x94,0x8a,0x46,0x2a,0x22,0x47,0x57,0x49,0x46,0x3f,0x47,0x8a,
  0x8a,0x99,0x82,0x7d,0x82,0x8b,0x89,0x89,0x94,0x8a,0x8b,0x97,0xb7,0x99,0x9a,0x92,0x81,0x96,0x8a,0xa8,0x89,0x49,0x81,0x81,
  0x48,0x48,0x57,0x2a,0x22,0x3a,0x41,0x41,0x3c,0x48,0x44,0x82,0x48,0x44,0x48,0x48,0x87,0x82,0x82,0x8b,0x99,0x93,0x93,0x93,
  0x9a,0x9a,0x9a,0xa7,0xa7,0xae,0xae,0xb9,0xae,0xae,0xae,0xa7,0xa7,0xa1,0xa0,0x59,0x91,0x90,0x90,0x8f,0x31,0x18,0x23,0x4c,
  0x85,0x88,0x8f,0xa7,0xae,0xa0,0x90,0xa1,0xb9,0xc5,0xa4,0x27,0x1f,0x1a,0x17,0x18,0x1a,0x1f,0x30,0x95,0xbe,0xae,0xa1,0x9a,
  0xfd,0xff,0xfd,0xfe,0xfd,0xff,0xff,0xff,0xff,0xff,0xff,0xff,0xff,0xff,0xff,0xff,0xff,0xff,0xfc,0xfc,0xfd,0xf7,0xdf,0x73,
  0xde,0xf7,0xf3,0xf7,0xf7,0xed,0xfc,0xfc,0xf7,0xfc,0xf3,0xfb,0xf7,0xfb,0xf8,0xf3,0xfc,0xff,0xfc,0xfd,0xfa,0xfa,0xfb,0xfd,
  0xfe,0xfe,0xff,0xfe,0xfd,0xfc,0xf7,0xff,0xfe,0xfc,0xfc,0xd0,0xf7,0xfd,0xfd,0xfe,0xfe,0xfc,0xee,0xf0,0xee,0xc2,0xd6,0xec,
  0xcf,0x5e,0xd0,0xc3,0xc1,0xc3,0x51,0x4a,0x51,0x9d,0x5e,0x5e,0x9d,0x51,0x51,0x51,0x4a,0x9f,0x51,0x4c,0x50,0x8c,0x50,0x4c,
  0x2f,0x4a,0x1e,0x23,0x51,0x4b,0x5f,0x60,0xc0,0xe7,0xc8,0xcd,0xe2,0xcd,0x6b,0xc4,0x5d,0xc7,0xe5,0xe2,0xcd,0xe5,0xe2,0xe2,
  0xe5,0xe2,0xe9,0x52,0xa0,0xce,0xc5,0xc1,0xc3,0xc6,0xc4,0xc5,0xc4,0xcf,0x24,0x24,0xc0,0xc4,0xc3,0xac,0xbd,0xc8,0xcd,0xcd,
  0xcd,0xbd,0x8b,0xcd,0xe7,0xcd,0xc8,0xc8,0xe5,0xcd,0xe2,0xe5,0xe9,0xbe,0xcc,0xe2,0xe7,0xb5,0x96,0xbd,0xc6,0xc6,0xc6,0xc8,
  0xa4,0x57,0x89,0x95,0x58,0x21,0x96,0x98,0xa8,0xb7,0x94,0xa8,0xa8,0xb5,0xbe,0xbd,0xc8,0x95,0xcd,0xe2,0xcd,0xc6,0xc8,0xcd,
  0xe7,0x95,0x98,0xc8,0xbe,0xb5,0x96,0xc6,0x96,0x96,0xb7,0x95,0x57,0x94,0xa8,0x8a,0x89,0xa9,0x98,0x46,0x89,0x89,0x89,0x22,
  0x18,0x3f,0x57,0x46,0x46,0x47,0x57,0x94,0x49,0x89,0x96,0x49,0x48,0x8a,0x8a,0x8a,0x8a,0x57,0x8b,0x8a,0x57,0x57,0x98,0x8a,
  0x58,0x94,0x98,0xa8,0xa7,0x81,0x49,0x89,0x81,0x49,0x48,0x2b,0x22,0x2b,0x2d,0x2b,0x44,0x43,0x48,0x48,0x48,0x7d,0x82,0x41,
  0x7f,0x8b,0x8b,0x87,0x9a,0x9a,0x9a,0x99,0x9a,0xa1,0xa7,0xa9,0xa8,0xae,0xbe,0xbe,0xb7,0xad,0xb7,0xad,0xad,0xaa,0xa7,0xa7,
  0xa0,0xa0,0xa0,0x90,0x51,0x2f,0x4a,0x8c,0x88,0x7f,0x82,0xa0,0xa9,0x91,0xad,0xba,0x27,0x20,0x1b,0x18,0x18,0x1b,0x1f,0x27,
  0xa5,0xce,0xb7,0xa9,0xa6,0xa6,0xa6,0xa9,0xff,0xfe,0xf9,0xfd,0xff,0xff,0xff,0xff,0xff,0xff,0xff,0xff,0xff,0xff,0xff,0xff,
  0xff,0xff,0xfb,0xfc,0xff,0xfb,0xfb,0x73,0xdc,0xf3,0xf3,0xf3,0xf7,0xf7,0xf7,0xf7,0xfd,0xfc,0xf7,0xfc,0xf3,0xf3,0xf7,0xf3,
  0xfc,0xfc,0xf7,0xff,0xe4,0xe8,0xff,0xff,0xff,0xff,0xfd,0x70,0x69,0xff,0xf3,0x76,0xfd,0xfe,0xfe,0xed,0xfd,0xfa,0xff,0xff,
  0xff,0xfc,0xee,0xf9,0xc0,0xc0,0xd0,0xda,0x5f,0x5e,0x5e,0x5e,0xc1,0x5d,0x51,0x4c,0x2f,0x66,0xcf,0x9d,0x51,0x51,0x9d,0x4c,
  0x4a,0x8c,0x9b,0x9d,0x9d,0x9b,0x4c,0x4c,0x51,0x2f,0x1e,0x23,0x4c,0x4d,0x9d,0x9f,0xd8,0xac,0xc4,0xe5,0xc5,0x8c,0xc5,0xe9,
  0xe9,0xe7,0xe5,0xe5,0xe2,0xe5,0xe7,0xe2,0xe9,0xe9,0xe4,0x53,0xc5,0xc8,0xcc,0xc3,0xd0,0xc4,0xc4,0xc5,0xc5,0xcf,0x1d,0x1b,
  0x29,0x4d,0xc1,0xcd,0xb8,0xaa,0xaa,0xc6,0xe7,0xc6,0xb7,0xe2,0xc8,0xc8,0xcd,0xcd,0xc8,0xcd,0xe5,0xe5,0xe5,0xb5,0xcc,0xcd,
  0xe2,0xcd,0xc8,0xcd,0xc8,0xbe,0xbd,0xb7,0xa8,0x98,0x47,0xbe,0x89,0x20,0x98,0xa8,0x95,0x89,0xb7,0xa8,0xa8,0xb7,0xcd,0xbd,
  0xbb,0xbb,0xbb,0xcd,0xc8,0xbd,0xe2,0xcc,0xb5,0xbe,0xbe,0xa8,0xc8,0xbd,0xbe,0x98,0x3f,0xa8,0xa4,0x8a,0xa8,0x94,0x94,0x47,
  0x47,0x47,0x2d,0x57,0x8a,0x47,0x49,0x2b,0x1b,0x2d,0x49,0x57,0x55,0x46,0x89,0x94,0x8a,0x57,0x99,0x46,0x49,0xa8,0xa8,0x55,
  0x57,0x47,0x7d,0x49,0x48,0x99,0x98,0x94,0x94,0x94,0x96,0x98,0x58,0x94,0x89,0x57,0x81,0x82,0x44,0x43,0x3a,0x3a,0x2d,0x2a,
  0x44,0x43,0x44,0x7d,0x44,0x82,0x7d,0x41,0x41,0x82,0x81,0x82,0x9a,0x99,0x99,0x9a,0x9a,0xa7,0xa9,0xa9,0xae,0xae,0xb7,0xb7,
  0xb9,0xb7,0xae,0xae,0xb7,0xae,0xa8,0xa7,0xaa,0xa7,0xa1,0x91,0x91,0x8d,0x8f,0x88,0x86,0x82,0x85,0xa0,0xa3,0x46,0x20,0x1b,
  0x18,0x18,0x1c,0x21,0x27,0xae,0xc5,0xad,0xa8,0xb3,0xb3,0xb7,0xb7,0xb0,0xa8,0xae,0xfd,0xfc,0xc4,0xff,0xff,0xff,0xff,0xff,
  0xfd,0xff,0xff,0xff,0xff,0xff,0xff,0xfe,0xfd,0xfd,0xfd,0xfd,0xff,0xff,0xfc,0xfc,0xf5,0xf3,0xfc,0xf3,0xf3,0xf7,0xf7,0xf8,
  0xfb,0xfc,0xfc,0xf7,0xde,0xf3,0xf7,0xf7,0xfb,0xfb,0xfc,0xf9,0xf7,0xff,0xfe,0xfe,0xfd,0xff,0x6e,0x70,0xff,0xf9,0xff,0x70,
  0xf9,0xfe,0xff,0xff,0x70,0xd2,0xff,0xfe,0xff,0xf9,0xda,0xec,0xd1,0xd7,0x66,0xd7,0xc0,0x51,0x9d,0xc0,0xd1,0x5a,0x4d,0x5a,
  0x31,0xcf,0xc0,0xc0,0x9f,0x9f,0x50,0x4c,0x9d,0x50,0x50,0x4a,0x4a,0x4a,0x4c,0x51,0x4a,0x2f,0x4a,0x4c,0x51,0x8c,0xc3,0xc0,
  0x31,0xd4,0xcd,0xeb,0x4b,0xc5,0xf0,0xe9,0xe5,0xe9,0xe9,0xe7,0xe2,0xce,0xce,0xe2,0xe5,0xe5,0xe5,0xc4,0xe2,0xc8,0xc8,0xc2,
  0xd9,0xc5,0xce,0xd9,0xd9,0xc5,0xc0,0xc0,0x61,0xce,0xcd,0xe2,0xc4,0xac,0xaf,0xc6,0xe9,0xe9,0xe5,0xbf,0xcc,0xc8,0xe2,0xcd,
  0xe2,0xe9,0xe5,0xe2,0xe5,0xc8,0xc8,0xc8,0xe2,0xcc,0xe2,0xe5,0xbd,0xb5,0xbd,0xbe,0xbe,0x96,0x2d,0x98,0xb0,0xa8,0x94,0x96,
  0x8a,0x2d,0x96,0xb5,0xb7,0xbe,0x96,0x95,0x46,0x55,0x47,0xcd,0xc8,0xc6,0xc8,0xc8,0xbe,0xb7,0xb0,0xb5,0xc8,0xbd,0xb5,0x98,
  0x55,0xce,0xa8,0x96,0x98,0x98,0x94,0x57,0x8b,0x3f,0x2b,0x3f,0x2d,0x2d,0x3f,0x47,0x3f,0x2d,0x3f,0x89,0x47,0x46,0xa8,0x8a,
  0x94,0x8a,0x94,0xa8,0x3f,0x47,0x46,0x3f,0x47,0x96,0xa8,0x55,0x57,0xb7,0x98,0x89,0x94,0x8a,0x89,0x94,0x99,0x8a,0x96,0x8a,
  0x8a,0x49,0x48,0x48,0x3f,0x3f,0x44,0x3c,0x2d,0x48,0x3c,0x41,0x48,0x81,0x8b,0x43,0x41,0x45,0x82,0x88,0x93,0x93,0x93,0x9a,
  0xa7,0x97,0xa7,0xa8,0xae,0xae,0xa9,0xa7,0xa9,0xb7,0xae,0xb9,0xae,0xa9,0x9a,0x9a,0xae,0xae,0xa7,0xa7,0xa1,0x59,0x90,0x86,
  0x93,0xa1,0x42,0x21,0x1c,0x18,0x18,0x1a,0x1f,0x27,0xb9,0xc5,0xa3,0xb7,0xa6,0xa6,0xb7,0xbd,0xb5,0xbd,0xbd,0xb7,0xb7,0xb7,
  0xfb,0xfd,0xec,0xfc,0xff,0xff,0xff,0xff,0xf4,0xfe,0xff,0xff,0xff,0xff,0xff,0xd8,0xe8,0xf8,0xfc,0xff,0xff,0xff,0xff,0xff,
  0xfc,0xde,0xfc,0xf7,0xed,0xf3,0xda,0xfc,0xfc,0xf7,0xf3,0xf5,0xfc,0xfc,0xf3,0xf7,0xec,0x69,0xff,0xc5,0xa7,0xff,0xfc,0xfe,
  0xfd,0xfd,0xff,0xff,0xf3,0x6d,0xf9,0x6a,0xfd,0xff,0xfe,0xfe,0xf3,0xfc,0xfe,0xff,0xff,0xd0,0xec,0xf7,0xec,0xcf,0xcf,0xdb,
  0xd7,0x5e,0x5e,0xd1,0xd4,0x66,0x66,0x66,0xc0,0x4c,0x4c,0xd7,0xd2,0x9f,0x51,0x9d,0x4c,0x50,0x50,0x4a,0x4a,0x2f,0x4c,0x4a,
  0x4a,0x50,0x4f,0x8c,0xa3,0xc5,0xe4,0x30,0x9b,0xd9,0xe7,0xe5,0x61,0xad,0xe5,0xe5,0xe5,0xd8,0xe9,0xd4,0xc4,0xc4,0xa2,0xe5,
  0xcd,0xc8,0xc8,0xe5,0xc8,0xce,0xc4,0x24,0x5a,0xd9,0xe5,0xe9,0xe5,0xd9,0xe5,0xe6,0xe5,0xcd,0xcd,0xc4,0xc8,0xe5,0xe2,0xcd,
  0xe5,0xe7,0xc8,0xe5,0xcd,0xbe,0xc6,0xcd,0xe5,0xe2,0xcd,0xe2,0xe2,0xe2,0xcc,0xcd,0xe5,0x96,0xe2,0xe2,0xb5,0xbe,0xa8,0xb7,
  0xc8,0xc8,0xa8,0x98,0xb7,0x96,0x8a,0x98,0xbe,0x55,0x57,0xe7,0x8a,0xa4,0x98,0x98,0x8a,0xa8,0x8a,0xb5,0xc6,0xbe,0xc8,0xbd,
  0xc6,0xc8,0xc8,0xbd,0xbd,0xbd,0xbd,0xbd,0xc8,0xbd,0xbd,0x46,0x95,0xbe,0x94,0x57,0x8a,0x89,0x8a,0x49,0x47,0x49,0x89,0x94,
  0x57,0x47,0x47,0x46,0x49,0x89,0x96,0x94,0x98,0x55,0x94,0xb7,0x8a,0x96,0x2d,0x48,0x96,0x94,0xb7,0xa8,0xa8,0xb0,0xc6,0x2d,
  0x57,0x96,0x48,0x8a,0x8a,0x8a,0x8a,0x8a,0x47,0x47,0x81,0x48,0x49,0x48,0x3f,0x3f,0x3c,0x43,0x44,0x3c,0x43,0x43,0x93,0x82,
  0x7d,0x7c,0x82,0x88,0x8a,0x9a,0x93,0x8b,0x9a,0x9a,0xa7,0xa9,0xa9,0xae,0xae,0xa7,0xae,0xb7,0xb7,0xae,0xae,0xae,0x9a,0x9a,
  0xb7,0xae,0xa7,0xa7,0xa0,0xa1,0xc3,0x87,0x30,0x1d,0x19,0x17,0x19,0x1d,0x27,0xa4,0xc3,0xad,0xae,0x86,0x7f,0xbe,0xb7,0xb0,
  0xbe,0xc6,0xb5,0xbe,0xbd,0xbe,0xbe,0xbe,0xff,0xff,0xff,0xff,0xff,0x69,0xff,0xfc,0xdc,0xfd,0xfd,0xff,0xff,0xff,0xff,0xff,
  0xff,0xfb,0xfb,0xfd,0xff,0xff,0xff,0xff,0xfd,0xfc,0xfc,0xfc,0xde,0xdc,0xf5,0xfc,0xfc,0xfc,0xf7,0xed,0xf7,0xfc,0xf7,0xfc,
  0xec,0x69,0xfc,0xed,0xed,0xfc,0xfd,0xff,0xfe,0xfe,0xfd,0xf7,0xff,0xff,0xf3,0xfe,0xf3,0xf9,0xff,0xfe,0xd7,0xdc,0xda,0xfe,
  0xfd,0xd2,0xda,0xee,0x66,0x5b,0xd7,0x9f,0xd7,0xcf,0xc1,0xdb,0x5f,0x5e,0x66,0x9d,0xc1,0x4c,0x33,0xd1,0xc0,0x51,0x51,0x9d,
  0x50,0x51,0x51,0x50,0x2f,0x4a,0x4c,0x4c,0x8e,0x51,0x8e,0x51,0x31,0xc4,0xa0,0x30,0xa0,0x56,0xe5,0xc5,0xc5,0xe7,0xcd,0xe7,
  0xe8,0xe5,0xe5,0xc5,0xc5,0xc4,0xc1,0xe2,0xe2,0xe2,0xc6,0xcd,0xcd,0xcd,0xc4,0x29,0x1e,0x28,0xeb,0xe5,0xe5,0xc5,0xe5,0xe7,
  0xe2,0xcd,0xce,0x5a,0xce,0xe2,0xcd,0xc8,0xe5,0xe2,0xc8,0xe5,0xcd,0xc8,0xe2,0xcd,0xe9,0xe2,0xe5,0xe5,0xcd,0xe9,0xe5,0xcc,
  0xcc,0xcd,0xe2,0xcd,0xbe,0xc8,0xb7,0xb7,0xbd,0xc8,0xa4,0xa8,0xb7,0x98,0x94,0xb5,0xb0,0xa8,0xbe,0xcd,0xb5,0x8a,0xb7,0xbe,
  0xb7,0xb5,0x8a,0x8a,0xc6,0xbd,0xc8,0xa8,0x96,0xbd,0xc8,0xbd,0xb0,0x98,0x98,0xbd,0xbd,0xbd,0xb0,0xa8,0xa8,0xb7,0x8a,0x96,
  0x94,0x94,0x8a,0x57,0x99,0x46,0x49,0x96,0x8a,0x89,0x8a,0x47,0x57,0x47,0x8a,0xa8,0xa8,0x89,0x94,0xb0,0x96,0x96,0x96,0x44,
  0x95,0xb0,0xb5,0xb7,0x98,0xc6,0x3f,0x30,0xa8,0x94,0x48,0x46,0x8a,0x94,0x96,0x8a,0x2d,0x2d,0x47,0x47,0x49,0x81,0x48,0x3f,
  0x48,0x44,0x44,0x44,0x44,0x7d,0x81,0x81,0x7d,0x87,0x89,0x89,0x99,0x9a,0x9a,0x9a,0x99,0x9a,0xa7,0xa8,0xae,0xa7,0xae,0xae,
  0xb7,0xbe,0xb7,0xae,0xbe,0xae,0x9a,0xae,0x97,0xa9,0xa7,0xae,0xc3,0x94,0x21,0x1c,0x19,0x18,0x1a,0x21,0x36,0x8c,0xaa,0xae,
  0xa7,0xa6,0xa9,0x9a,0xb7,0xbd,0xbe,0xb7,0xbd,0xc6,0xbe,0xbe,0xbd,0xbd,0xbd,0xbd,0xfd,0xff,0xff,0xff,0xfe,0xec,0xff,0xff,
  0xff,0xff,0xff,0xff,0xff,0xff,0xff,0xff,0xfd,0xfd,0xff,0xff,0xff,0xff,0xff,0xff,0xfd,0xfd,0xf7,0xfc,0xfc,0xf8,0xf7,0xfc,
  0xfd,0xfc,0xf7,0xfc,0xf7,0xfc,0xfc,0xf7,0xfc,0xfd,0xfc,0xfc,0xfc,0xfc,0xfd,0xfe,0xfe,0xfe,0xfe,0xfd,0xfc,0xfd,0xff,0xff,
  0x70,0xf4,0xff,0xff,0xfd,0xfd,0xee,0xfa,0xf3,0xf7,0xda,0xd1,0x5b,0xda,0xda,0x66,0x67,0x5b,0x5a,0xdb,0xc1,0x5e,0x9d,0x9d,
  0xcf,0x4c,0x23,0x66,0x9f,0x4c,0x50,0x33,0x4a,0x51,0x50,0x4a,0x4a,0x31,0x2f,0x9b,0x9c,0x9b,0xa2,0x9b,0x50,0x50,0x51,0xd1,
  0xc5,0xc4,0xe5,0xcd,0xd9,0xe5,0xe5,0xe9,0xe8,0xeb,0xe7,0xc5,0xe7,0xc5,0xc4,0xe2,0xcd,0xcd,0xcd,0xad,0xc8,0xe2,0xc6,0x5e,
  0x33,0x67,0xc5,0xc2,0xeb,0xe5,0xe9,0xe5,0xe2,0xcd,0xce,0xcd,0xe2,0xcd,0xcd,0xcd,0xe7,0xcc,0xcd,0xe9,0xe2,0xe5,0xcd,0xcd,
  0xe9,0xe2,0xe7,0xe9,0xe2,0xeb,0xe7,0xe5,0xe2,0xe2,0xe5,0xcc,0x98,0xbe,0xb5,0xbe,0xc6,0xc8,0xb7,0xb5,0xb5,0xa8,0x96,0xa8,
  0xc8,0xb7,0xbd,0x8a,0xaf,0xb7,0xa8,0xb0,0xa8,0xb5,0xa8,0xa4,0xbd,0xc6,0xc8,0xb5,0xb7,0xbe,0xbd,0xbe,0xbd,0xbe,0xb0,0xb0,
  0xc8,0xbe,0xb7,0xb5,0xa8,0x96,0x94,0x96,0x96,0x89,0x8a,0x8a,0x89,0x89,0x94,0x98,0x98,0x96,0x8a,0x89,0x8a,0x8a,0x94,0x96,
  0x98,0xb0,0x98,0x98,0x98,0x96,0xa4,0x8a,0x57,0xa8,0xb0,0xb7,0xb7,0xbd,0x46,0x46,0x98,0xa8,0x47,0x2d,0x96,0x8a,0x96,0x97,
  0x3f,0x2d,0x3f,0x46,0x49,0x57,0x47,0x48,0x81,0x81,0x48,0x49,0x7d,0x49,0x81,0x8b,0x81,0x8b,0x8a,0x92,0x99,0x97,0x98,0x9a,
  0xa1,0x97,0xa8,0xa9,0xae,0xa9,0xa7,0xbe,0xbe,0xbe,0xb7,0xb7,0xc6,0xae,0xae,0xbe,0x90,0x9a,0x91,0x52,0x20,0x1a,0x18,0x19,
  0x1d,0x27,0xa5,0xbe,0xae,0x8b,0x94,0xae,0xb5,0xbd,0xb7,0xbe,0xc8,0xbd,0xbd,0xbe,0xc6,0xc6,0xc6,0xbe,0xb7,0xbd,0xc6,0xbd,
};

static const uint8_t SPLASH_PX[37591] = {
  0x34,0x34,0x29,0x29,0x35,0x62,0x62,0x62,0x35,0x35,0x62,0x1f,0x26,0x29,0x34,0x62,0x63,0x62,0x62,0x62,0x62,0x62,0x1f,0x1d,
  0x1c,0x1d,0x20,0x28,0x35,0x62,0x63,0x5b,0x62,0x4a,0x34,0x29,0x26,0x1f,0x1b,0x1b,0x1c,0x28,0x62,0x35,0x25,0x24,0x24,0x24,
  0x24,0x26,0x24,0x1a,0x26,0x32,0x32,0x23,0x25,0x25,0x2f,0x4c,0x21,0x1c,0x29,0x35,0x2f,0x4a,0x4a,0x2f,0x1f,0x1b,0x2f,0x4c,
  0x4c,0x2e,0x4a,0x2f,0x1b,0x1e,0x25,0x2e,0x4a,0x33,0x2e,0x26,0x1b,0x23,0x2e,0x25,0x25,0x2e,0x4a,0x23,0x1b,0x23,0x2e,0x2e,
  0x25,0x25,0x25,0x2f,0x1b,0x25,0x2e,0x2e,0x2e,0x23,0x23,0x25,0x2f,0x35,0x34,0x2f,0x29,0x18,0x0d,0x15,0x15,0x15,0x15,0x15,
  0x0d,0x0d,0x0d,0x0d,0x0d,0x0d,0x26,0x29,0x29,0x35,0x1f,0x16,0x0d,0x0d,0x0d,0x0d,0x0d,0x0d,0x16,0x17,0x18,0x19,0x1b,0x19,
  0x1c,0x1c,0x1d,0x1f,0x1a,0x17,0x19,0x1c,0x1f,0x24,0x26,0x28,0x33,0x33,0x33,0x34,0x26,0x1c,0x29,0x26,0x24,0x24,0x1f,0x1f,
  0x1f,0x1f,0x1f,0x24,0x28,0x4c,0x50,0x5e,0x51,0x62,0x35,0x35,0x35,0x29,0x26,0x1b,0x29,0x62,0x62,0x62,0x62,0x35,0x28,0x21,
  0x20,0x1f,0x1d,0x1d,0x1f,0x21,0x21,0x32,0x35,0x50,0x26,0x34,0x24,0x1b,0x35,0x62,0x62,0x62,0x62,0x63,0x68,0x68,0x63,0x62,
  0x28,0x24,0x1d,0x1b,0x19,0x26,0x4c,0x29,0x29,0x34,0x24,0x1f,0x62,0x62,0x62,0x62,0x5a,0x28,0x28,0x21,0x20,0x24,0x24,0x2f,
  0x1d,0x1d,0x4a,0x4a,0x4a,0x32,0x29,0x35,0x1f,0x24,0x29,0x26,0x21,0x20,0x24,0x26,0x28,0x32,0x33,0x32,0x1c,0x1b,0x2e,0x2f,
  0x2e,0x2f,0x2f,0x4a,0x33,0x28,0x1f,0x2e,0x24,0x32,0x32,0x33,0x35,0x35,0x35,0x34,0x1b,0x1e,0x25,0x25,0x25,0x25,0x2e,0x2f,
  0x2f,0x2f,0x26,0x1f,0x26,0x4c,0x4c,0x4a,0x2f,0x4a,0x35,0x32,0x1b,0x24,0x2e,0x2f,0x4a,0x1f,0x0d,0x1c,0x24,0x4c,0x4c,0x50,
  0x4a,0x34,0x26,0x1b,0x26,0x32,0x2f,0x4a,0x2f,0x25,0x1b,0x23,0x1e,0x4a,0x33,0x35,0x50,0x24,0x1b,0x2e,0x4a,0x2f,0x25,0x2f,
  0x2f,0x2e,0x2e,0x23,0x1e,0x2f,0x4a,0x50,0x24,0x1b,0x2f,0x4a,0x29,0x2f,0x25,0x2e,0x25,0x2e,0x2e,0x1e,0x23,0x25,0x4a,0x1f,
  0x1c,0x4a,0x32,0x33,0x4c,0x4a,0x25,0x25,0x2e,0x2e,0x2e,0x1e,0x23,0x2e,0x1d,0x1d,0x4a,0x4a,0x33,0x4c,0x4a,0x4a,0x2e,0x25,
  0x1e,0x23,0x1b,0x1f,0x33,0x2e,0x23,0x23,0x1b,0x1e,0x4a,0x4a,0x2e,0x1e,0x1b,0x23,0x2e,0x2f,0x2f,0x25,0x1e,0x23,0x2e,0x2e,
  0x2f,0x2f,0x32,0x29,0x29,0x29,0x24,0x17,0x0d,0x0d,0x0d,0x0d,0x0d,0x0d,0x15,0x15,0x15,0x15,0x15,0x15,0x15,0x0d,0x0d,0x0d,
  0x15,0x15,0x15,0x15,0x0d,0x0d,0x0d,0x0d,0x0d,0x0d,0x0d,0x34,0x29,0x26,0x29,0x1a,0x0d,0x16,0x15,0x15,0x15,0x15,0x0d,0x0d,
  0x0d,0x15,0x15,0x15,0x15,0x15,0x15,0x15,0x0d,0x0d,0x0d,0x0d,0x0d,0x0d,0x16,0x17,0x18,0x1a,0x1c,0x1f,0x34,0x34,0x2f,0x29,
  0x18,0x0d,0x15,0x15,0x15,0x15,0x15,0x0d,0x0d,0x0d,0x0d,0x0d,0x0d,0x0d,0x0d,0x0d,0x0d,0x16,0x19,0x1b,0x1d,0x1f,0x24,0x28,
  0x33,0x50,0x50,0x51,0x51,0x34,0x34,0x29,0x34,0x1d,0x0d,0x0d,0x0d,0x0d,0x0d,0x0d,0x13,0x0d,0x17,0x18,0x19,0x1b,0x1d,0x1f,
  0x1f,0x1d,0x1c,0x1d,0x1f,0x1f,0x1f,0x24,0x28,0x28,0x4d,0x50,0x4d,0x4d,0x32,0x29,0x29,0x29,0x34,0x1f,0x1a,0x1a,0x1b,0x1d,
  0x1f,0x24,0x24,0x1c,0x28,0x35,0x34,0x35,0x35,0x35,0x35,0x35,0x34,0x32,0x28,0x21,0x1f,0x1d,0x1c,0x1a,0x28,0x5e,0x5a,0x29,
  0x29,0x29,0x29,0x29,0x35,0x35,0x35,0x62,0x35,0x35,0x35,0x62,0x28,0x1c,0x28,0x62,0x35,0x35,0x35,0x35,0x35,0x35,0x33,0x28,
  0x24,0x24,0x28,0x1f,0x1d,0x29,0x32,0x29,0x29,0x35,0x62,0x62,0x62,0x35,0x35,0x62,0x35,0x35,0x62,0x28,0x1d,0x4d,0x35,0x35,
  0x33,0x28,0x24,0x24,0x24,0x28,0x33,0x62,0x21,0x1c,0x4c,0x26,0x29,0x29,0x32,0x62,0x62,0x62,0x62,0x62,0x62,0x62,0x62,0x62,
  0x35,0x62,0x24,0x24,0x31,0x20,0x24,0x24,0x28,0x35,0x35,0x35,0x62,0x20,0x1c,0x4a,0x2c,0x29,0x29,0x32,0x34,0x34,0x62,0x62,
  0x62,0x62,0x5b,0x62,0x62,0x62,0x35,0x4a,0x4a,0x1f,0x24,0x26,0x32,0x4a,0x32,0x34,0x32,0x4c,0x24,0x1c,0x35,0x2e,0x2f,0x4a,
  0x32,0x29,0x32,0x32,0x32,0x32,0x35,0x5a,0x35,0x35,0x35,0x35,0x34,0x32,0x24,0x24,0x1b,0x2e,0x2f,0x2e,0x2f,0x29,0x4a,0x1f,
  0x1c,0x33,0x4a,0x32,0x32,0x2e,0x2f,0x4a,0x32,0x33,0x4a,0x2f,0x33,0x35,0x32,0x4a,0x34,0x34,0x62,0x1f,0x0d,0x23,0x1e,0x25,
  0x25,0x25,0x2e,0x2f,0x1f,0x1b,0x4a,0x33,0x2f,0x2f,0x4a,0x2e,0x4a,0x2f,0x2f,0x4a,0x4c,0x4a,0x24,0x17,0x1f,0x4a,0x4a,0x34,
  0x35,0x26,0x1d,0x2e,0x1e,0x23,0x25,0x25,0x2f,0x1e,0x1c,0x4c,0x4a,0x33,0x4a,0x25,0x1a,0x24,0x2f,0x2f,0x2f,0x4a,0x26,0x19,
  0x21,0x4c,0x4a,0x32,0x2f,0x29,0x4a,0x2f,0x1e,0x25,0x25,0x2e,0x1e,0x1b,0x2f,0x4a,0x2f,0x2f,0x33,0x25,0x16,0x1e,0x2e,0x25,
  0x25,0x2e,0x4a,0x35,0x51,0x4c,0x4c,0x32,0x2f,0x2f,0x2f,0x24,0x23,0x2e,0x2e,0x1e,0x1b,0x2f,0x2f,0x2e,0x2f,0x4a,0x2f,0x25,
  0x2f,0x2f,0x2e,0x25,0x25,0x25,0x2e,0x4a,0x4c,0x4a,0x4a,0x2f,0x4a,0x32,0x4a,0x24,0x23,0x2e,0x1e,0x1b,0x2f,0x2e,0x2e,0x2e,
  0x2f,0x2f,0x2f,0x25,0x2e,0x25,0x2e,0x2e,0x25,0x25,0x25,0x2f,0x2f,0x4a,0x4a,0x4a,0x4c,0x33,0x33,0x1f,0x2f,0x1e,0x1b,0x2e,
  0x2e,0x25,0x25,0x25,0x2e,0x2e,0x4a,0x25,0x25,0x2e,0x2e,0x2e,0x23,0x23,0x25,0x2f,0x2f,0x2f,0x4a,0x33,0x4c,0x4a,0x4a,0x24,
  0x1d,0x1b,0x2e,0x25,0x25,0x25,0x2e,0x25,0x25,0x2e,0x2f,0x2e,0x2e,0x25,0x23,0x2e,0x4a,0x4a,0x4a,0x2f,0x4a,0x4a,0x2f,0x31,
  0x1b,0x1f,0x2e,0x25,0x25,0x25,0x25,0x4a,0x4a,0x4a,0x4c,0x4c,0x4a,0x2c,0x2f,0x1f,0x4a,0x25,0x25,0x2e,0x25,0x25,0x2f,0x2f,
  0x4a,0x4c,0x4a,0x4a,0x2f,0x2f,0x2f,0x2f,0x25,0x25,0x25,0x25,0x2f,0x2f,0x2f,0x4a,0x4a,0x4a,0x4a,0x2f,0x2e,0x25,0x2e,0x32,
  0x16,0x0d,0x0d,0x0d,0x0d,0x0d,0x0d,0x0d,0x0d,0x0d,0x0d,0x15,0x15,0x15,0x15,0x15,0x15,0x15,0x15,0x15,0x15,0x16,0x0d,0x1d,
  0x35,0x34,0x34,0x35,0x35,0x34,0x26,0x33,0x5a,0x0d,0x11,0x15,0x15,0x15,0x15,0x15,0x15,0x11,0x0d,0x15,0x15,0x15,0x15,0x0d,
  0x0d,0x0d,0x0d,0x0d,0x0d,0x0d,0x0d,0x17,0x1d,0x1d,0x1d,0x1f,0x1f,0x1f,0x24,0x31,0x33,0x5a,0x0d,0x0d,0x15,0x15,0x15,0x15,
  0x15,0x15,0x0d,0x0d,0x0d,0x0d,0x0d,0x0d,0x14,0x0d,0x16,0x17,0x18,0x1a,0x1b,0x1f,0x33,0x4c,0x35,0x28,0x1f,0x1d,0x1c,0x1a,
  0x33,0x4d,0x5b,0x0e,0x0d,0x0d,0x0d,0x0d,0x0d,0x0d,0x0d,0x11,0x16,0x17,0x19,0x1b,0x1a,0x19,0x24,0x26,0x33,0x4c,0x51,0x62,
  0x62,0x4c,0x28,0x21,0x24,0x26,0x29,0x1c,0x28,0x62,0x4d,0x5b,0x11,0x16,0x17,0x18,0x19,0x1b,0x1d,0x1f,0x24,0x26,0x34,0x34,
  0x35,0x35,0x1f,0x24,0x50,0x50,0x51,0x4d,0x28,0x24,0x24,0x21,0x28,0x32,0x35,0x1c,0x24,0x4c,0x33,0x4b,0x5a,0x24,0x26,0x33,
  0x33,0x34,0x35,0x35,0x35,0x35,0x35,0x35,0x34,0x35,0x35,0x62,0x1f,0x26,0x28,0x24,0x21,0x28,0x4b,0x35,0x35,0x35,0x35,0x1c,
  0x20,0x62,0x4c,0x31,0x33,0x37,0x29,0x29,0x29,0x29,0x29,0x35,0x35,0x35,0x62,0x35,0x35,0x35,0x35,0x50,0x35,0x35,0x35,0x35,
  0x35,0x35,0x35,0x35,0x35,0x35,0x35,0x50,0x33,0x1f,0x28,0x28,0x51,0x50,0x35,0x33,0x32,0x35,0x1d,0x1f,0x35,0x4d,0x5a,0x29,
  0x32,0x29,0x29,0x35,0x62,0x62,0x62,0x35,0x35,0x62,0x35,0x35,0x35,0x35,0x50,0x35,0x35,0x35,0x50,0x35,0x35,0x35,0x35,0x50,
  0x50,0x5a,0x21,0x24,0x4a,0x4a,0x2f,0x2f,0x2f,0x4a,0x1d,0x1f,0x4c,0x33,0x4a,0x35,0x26,0x29,0x29,0x32,0x62,0x62,0x62,0x62,
  0x62,0x62,0x62,0x62,0x62,0x35,0x50,0x4c,0x4c,0x4c,0x4c,0x4c,0x33,0x33,0x4c,0x35,0x62,0x1f,0x15,0x21,0x1d,0x23,0x2f,0x2f,
  0x2e,0x2f,0x1d,0x1d,0x35,0x4a,0x4a,0x4c,0x4d,0x29,0x29,0x32,0x34,0x34,0x62,0x62,0x62,0x62,0x5b,0x62,0x62,0x62,0x35,0x4a,
  0x2f,0x2f,0x2f,0x2f,0x24,0x2f,0x29,0x34,0x34,0x4c,0x24,0x1a,0x32,0x1f,0x24,0x32,0x2f,0x2f,0x1e,0x1d,0x35,0x4a,0x4a,0x4a,
  0x4c,0x4c,0x4a,0x32,0x29,0x32,0x32,0x32,0x32,0x35,0x5a,0x35,0x35,0x35,0x62,0x35,0x4a,0x2f,0x2e,0x23,0x1f,0x0d,0x1e,0x2f,
  0x29,0x4a,0x4a,0x4a,0x4c,0x33,0x1f,0x29,0x2f,0x25,0x1e,0x1b,0x4a,0x4a,0x2f,0x4a,0x4a,0x4a,0x4c,0x2f,0x2f,0x4a,0x32,0x33,
  0x4a,0x4a,0x4a,0x35,0x32,0x32,0x28,0x1a,0x21,0x35,0x4a,0x25,0x25,0x23,0x1b,0x23,0x2e,0x2f,0x2f,0x4a,0x2f,0x33,0x2f,0x1f,
  0x4a,0x2f,0x23,0x1b,0x2f,0x2f,0x2e,0x2f,0x4a,0x4a,0x2f,0x33,0x2e,0x2f,0x2f,0x2f,0x4c,0x21,0x26,0x32,0x4c,0x4a,0x4a,0x24,
  0x17,0x1f,0x32,0x29,0x2f,0x25,0x23,0x2e,0x2e,0x2e,0x2e,0x2f,0x4a,0x33,0x33,0x26,0x1f,0x50,0x28,0x1b,0x32,0x2e,0x2f,0x2f,
  0x2f,0x2f,0x18,0x1f,0x4c,0x4c,0x50,0x4c,0x32,0x32,0x29,0x29,0x29,0x2f,0x2e,0x25,0x25,0x25,0x2e,0x2e,0x2f,0x4a,0x2f,0x4a,
  0x26,0x21,0x32,0x1b,0x28,0x4a,0x2f,0x4a,0x2f,0x25,0x25,0x23,0x2e,0x4a,0x33,0x35,0x4c,0x4c,0x32,0x2f,0x4a,0x2f,0x2f,0x2e,
  0x25,0x2e,0x2e,0x2e,0x2f,0x2f,0x2f,0x2f,0x4a,0x24,0x24,0x1b,0x26,0x4a,0x2f,0x25,0x2f,0x2f,0x2e,0x25,0x25,0x25,0x2e,0x4a,
  0x4c,0x4a,0x4a,0x2f,0x4a,0x32,0x2f,0x4a,0x2e,0x25,0x25,0x25,0x2f,0x2e,0x2e,0x2e,0x2e,0x4a,0x24,0x19,0x26,0x4a,0x2f,0x2e,
  0x25,0x2e,0x25,0x2e,0x2e,0x25,0x25,0x25,0x2f,0x2f,0x4a,0x4a,0x4a,0x4c,0x33,0x4a,0x2f,0x2f,0x25,0x23,0x2e,0x2e,0x25,0x25,
  0x25,0x25,0x2f,0x1f,0x24,0x4c,0x4a,0x2f,0x2f,0x25,0x25,0x2e,0x2e,0x2e,0x23,0x23,0x25,0x2f,0x2f,0x2f,0x4a,0x33,0x4c,0x4a,
  0x4a,0x4a,0x4a,0x2e,0x2e,0x25,0x25,0x25,0x2e,0x25,0x25,0x2e,0x2f,0x2f,0x2f,0x2f,0x2f,0x2f,0x2f,0x4a,0x2f,0x4a,0x3b,0x2f,
  0x2e,0x4a,0x2f,0x2f,0x2e,0x2f,0x32,0x29,0x29,0x29,0x29,0x29,0x26,0x29,0x29,0x29,0x29,0x35,0x38,0xdf,0x21,0x0d,0x15,0x0d,
  0x0d,0x0d,0x34,0x34,0x29,0x29,0x29,0x34,0x29,0x29,0x29,0x29,0x34,0x35,0x63,0xfb,0x21,0x0d,0x15,0x0d,0x0d,0x0d,0x1a,0x1c,
  0x1f,0x1d,0x1d,0x1d,0x1d,0x1c,0x1d,0x1d,0x1f,0x1f,0x20,0x21,0x1c,0x0d,0x15,0x0d,0x15,0x15,0x0d,0x16,0x24,0x32,0x26,0x24,
  0x24,0x24,0x24,0x24,0x21,0x21,0x21,0x27,0x1d,0x0d,0x15,0x16,0x16,0x15,0x16,0x0d,0x17,0x24,0x35,0x29,0x29,0x32,0x34,0x32,
  0x4c,0x66,0xcf,0xdf,0x20,0x15,0x16,0x15,0x0d,0x0d,0x15,0x15,0x15,0x15,0x15,0x15,0x15,0x15,0x16,0x0d,0x1c,0x1f,0x1d,0x34,
  0x34,0x34,0x34,0x32,0x33,0x28,0x21,0x27,0x1d,0x0d,0x15,0x15,0x0d,0x0d,0x0d,0x0d,0x0d,0x0d,0x0d,0x18,0x32,0x62,0x1f,0x1f,
  0x32,0x34,0x28,0x24,0x1f,0x21,0x36,0xf8,0x20,0x0d,0x0d,0x0d,0x0d,0x16,0x17,0x19,0x1a,0x1c,0x1f,0x33,0x50,0x35,0x35,0x1d,
  0x24,0x28,0x20,0x28,0x4d,0x66,0x66,0xdf,0x20,0x0d,0x1c,0x1f,0x24,0x26,0x33,0x50,0x50,0x51,0x51,0x50,0x34,0x34,0x34,0x34,
  0x1f,0x28,0x34,0x62,0x5a,0x5b,0x37,0xf8,0x20,0x0d,0x35,0x35,0x35,0x50,0x50,0x50,0x4d,0x4d,0x4d,0x4d,0x34,0x34,0x32,0x24,
  0x21,0x1f,0x33,0x33,0x33,0x37,0x67,0x5c,0x18,0x0d,0x35,0x35,0x35,0x50,0x50,0x5a,0x5e,0x5e,0x5a,0x34,0x34,0x35,0x26,0x0d,
  0x1d,0x20,0x28,0x33,0x33,0x5a,0x5c,0x1f,0x1c,0x0e,0x29,0x29,0x35,0x35,0x35,0x62,0x35,0x35,0x35,0x35,0x50,0x35,0x35,0x35,
  0x35,0x35,0x35,0x35,0x35,0x35,0x35,0x35,0x50,0x50,0x50,0x4d,0x50,0x33,0x35,0x4c,0x33,0x34,0x34,0x34,0x1f,0x28,0x21,0x28,
  0x5b,0x4d,0x5f,0x1d,0x36,0x20,0x29,0x35,0x62,0x62,0x62,0x35,0x35,0x62,0x35,0x35,0x35,0x35,0x50,0x35,0x35,0x35,0x35,0x50,
  0x35,0x35,0x62,0x50,0x50,0x5a,0x4c,0x50,0x24,0x11,0x1f,0x4a,0x2f,0x2f,0x33,0x32,0x4c,0x4c,0x1f,0x28,0x5a,0xc0,0x1d,0x21,
  0xfd,0x1d,0x32,0x62,0x62,0x62,0x62,0x62,0x62,0x62,0x62,0x62,0x35,0x50,0x4c,0x4c,0x4c,0x4c,0x33,0x32,0x33,0x4c,0x21,0x33,
  0x35,0x4d,0x4c,0x4a,0x23,0x1b,0x24,0x2e,0x2e,0x2f,0x32,0x32,0x4a,0x4a,0x1f,0x33,0x66,0x20,0x20,0xd5,0xfb,0x1d,0x34,0x34,
  0x62,0x62,0x62,0x62,0x5b,0x62,0x62,0x62,0x35,0x4a,0x2f,0x2f,0x2f,0x2f,0x29,0x4a,0x32,0x21,0x0d,0x1d,0x34,0x4a,0x34,0x2e,
  0x2f,0x34,0x2f,0x2e,0x2e,0x4a,0x34,0x4a,0x4a,0x4a,0x1f,0x50,0x21,0x1d,0xd5,0x67,0xfb,0x1d,0x32,0x32,0x32,0x32,0x35,0x5a,
  0x35,0x35,0x35,0x35,0x34,0x4a,0x2f,0x24,0x1e,0x2e,0x2f,0x2e,0x2f,0x29,0x1d,0x26,0x2f,0x4a,0x4a,0x4a,0x29,0x2f,0x23,0x23,
  0x2f,0x2f,0x4a,0x2f,0x4a,0x2f,0x1f,0x28,0x1c,0x5a,0xcf,0x67,0xf8,0x1d,0x4a,0x4c,0x4a,0x2f,0x4a,0x35,0x32,0x29,0x34,0x34,
  0x34,0x35,0x32,0x18,0x1e,0x2e,0x25,0x25,0x2e,0x2f,0x4a,0x4a,0x2f,0x33,0x2f,0x2f,0x4a,0x2f,0x2e,0x2e,0x2f,0x2f,0x2f,0x2f,
  0x4a,0x26,0x1f,0x1c,0x28,0x66,0x66,0x67,0xf8,0x1d,0x2e,0x2f,0x2f,0x4a,0x33,0x4c,0x4a,0x4a,0x35,0x19,0x1d,0x4c,0x34,0x34,
  0x29,0x29,0x2e,0x25,0x23,0x25,0x25,0x2e,0x2e,0x2f,0x4a,0x33,0x4a,0x4a,0x4a,0x33,0x33,0x4a,0x2f,0x4a,0x2f,0x2f,0x2f,0x4c,
  0x26,0x19,0x24,0x51,0x2e,0x4a,0x1c,0x1d,0x2f,0x2f,0x2f,0x33,0x4c,0x26,0x28,0x33,0x32,0x2f,0x29,0x29,0x2f,0x2e,0x25,0x25,
  0x25,0x2e,0x2e,0x2f,0x4a,0x2f,0x2f,0x34,0x4c,0x32,0x33,0x33,0x4a,0x2f,0x2e,0x25,0x2f,0x2f,0x2e,0x23,0x31,0x4a,0x2e,0x4a,
  0x1d,0x1e,0x2e,0x23,0x2e,0x4a,0x33,0x51,0x4c,0x33,0x29,0x2f,0x4a,0x2f,0x2f,0x2e,0x25,0x2e,0x2e,0x2e,0x2f,0x2f,0x2f,0x2f,
  0x4a,0x2f,0x2f,0x4a,0x4a,0x4a,0x2f,0x2e,0x2e,0x25,0x25,0x2e,0x2e,0x2e,0x2f,0x30,0x25,0x2f,0x2f,0x2f,0x25,0x25,0x25,0x2e,
  0x4a,0x33,0x4a,0x4a,0x2f,0x4a,0x32,0x2f,0x4a,0x2e,0x25,0x25,0x25,0x2f,0x2e,0x2e,0x2e,0x2f,0x2f,0x2f,0x2f,0x4a,0x4a,0x2f,
  0x2e,0x2e,0x2f,0x2e,0x25,0x2f,0x25,0x24,0x24,0x30,0x25,0x2e,0x25,0x2e,0x2e,0x25,0x25,0x25,0x2f,0x2f,0x4a,0x4a,0x4a,0x4c,
  0x33,0x4a,0x2f,0x2f,0x25,0x23,0x2e,0x2e,0x25,0x25,0x25,0x2e,0x2e,0x4a,0x4a,0x4a,0x4a,0x2f,0x2f,0x2e,0x25,0x23,0x23,0x2f,
  0x2f,0x24,0x24,0x26,0x25,0x25,0x2e,0x2e,0x2e,0x23,0x23,0x25,0x2f,0x2f,0x2f,0x4a,0x33,0x4c,0x4a,0x4a,0x4a,0x4a,0x2e,0x2e,
  0x25,0x25,0x25,0x2e,0x25,0x25,0x2e,0x2f,0x2f,0x4a,0x2f,0x2f,0x2f,0x25,0x25,0x25,0x23,0x2e,0x2f,0x31,0x31,0x26,0x34,0x35,
  0x62,0xdf,0x21,0x0d,0x15,0x0d,0x0d,0x0d,0x0d,0x15,0x0d,0x1c,0xf8,0x76,0x78,0x6e,0x6a,0xcf,0x64,0x63,0x34,0x62,0x62,0xdf,
  0x21,0x0d,0x15,0x0d,0x0d,0x0d,0x0d,0x15,0x0d,0x1c,0xf8,0x75,0x74,0x68,0x66,0x68,0x63,0x63,0x26,0x1c,0x1d,0x20,0x1a,0x0d,
  0x15,0x0d,0x0d,0x0d,0x0d,0x15,0x0d,0x19,0x1f,0x1f,0x20,0x1f,0x1c,0x1c,0x20,0x63,0x29,0x29,0x29,0x29,0x29,0x29,0x29,0x29,
  0x29,0x29,0x29,0x1f,0x1b,0x36,0x21,0x0d,0x15,0x0d,0x0d,0x0d,0x0d,0x15,0x0d,0x1c,0xda,0x5c,0x27,0x20,0x21,0x1b,0x21,0x62,
  0x29,0x29,0x29,0x29,0x29,0x29,0x29,0x29,0x29,0x29,0x29,0x62,0x28,0x1f,0x1c,0x15,0x15,0x0d,0x0d,0x0d,0x0d,0x0e,0x0d,0x1c,
  0x36,0x21,0x21,0x62,0x21,0x20,0x62,0x5a,0x34,0x29,0x29,0x32,0x26,0x29,0x29,0x26,0x2f,0x29,0x29,0x32,0x39,0x69,0x1c,0x0d,
  0x15,0x0d,0x0d,0x0d,0x0d,0x16,0x0d,0x1a,0x36,0x37,0x63,0x21,0x1c,0x5a,0x4d,0x4d,0x1d,0x26,0x34,0x29,0x29,0x29,0x26,0x26,
  0x26,0x29,0x32,0x5a,0x37,0xdf,0x21,0x0d,0x16,0x15,0x15,0x15,0x16,0x16,0x0d,0x1c,0x74,0x62,0x28,0x1c,0x32,0x4c,0x35,0x5a,
  0x0d,0x17,0x26,0x34,0x29,0x2f,0x26,0x2f,0x29,0x32,0x4d,0x5a,0x5c,0xf5,0x20,0x0d,0x15,0x15,0x16,0x16,0x15,0x15,0x0d,0x1c,
  0xd5,0x5a,0x1c,0x26,0x4c,0x33,0x4c,0x4c,0x16,0x0d,0x1b,0x29,0x29,0x29,0x29,0x29,0x34,0x32,0x33,0x5a,0x37,0xf5,0x20,0x0d,
  0x15,0x0d,0x15,0x15,0x0d,0x15,0x0d,0x1d,0x74,0x1f,0x1f,0x35,0x28,0x28,0x32,0x33,0x15,0x15,0x16,0x0d,0x1c,0x35,0x32,0x34,
  0x32,0x34,0x34,0x26,0x33,0x5a,0x5c,0xf5,0x20,0x0d,0x15,0x0d,0x15,0x15,0x0d,0x15,0x0d,0x20,0x27,0x1d,0x35,0x0d,0x0d,0x0d,
  0x18,0x32,0x35,0x34,0x34,0x34,0x34,0x32,0x31,0x31,0x5a,0x5c,0xf5,0x20,0x0d,0x15,0x0d,0x15,0x15,0x0d,0x15,0x15,0x1c,0x1d,
  0x5a,0x32,0x1a,0x1c,0x1f,0x33,0x50,0x35,0x34,0x2f,0x32,0x34,0x33,0x51,0x5b,0x5b,0x5c,0xf5,0x20,0x0d,0x15,0x0d,0x0d,0x0d,
  0x0d,0x15,0x0d,0x19,0x5c,0x5a,0x33,0x50,0x51,0x51,0x50,0x34,0x34,0x32,0x29,0x4a,0x32,0x34,0x1c,0x21,0x63,0x37,0xf5,0x20,
  0x0d,0x15,0x0d,0x0d,0x0d,0x0d,0x15,0x0d,0x20,0xd5,0x4d,0x4c,0x50,0x4d,0x4d,0x4d,0x35,0x34,0x32,0x34,0x34,0x32,0x28,0x16,
  0x1c,0x66,0x37,0xf8,0x1f,0x0d,0x15,0x0d,0x0d,0x0d,0x0d,0x15,0x0d,0x20,0x68,0x4b,0x4c,0x5a,0x5b,0x5b,0x34,0x20,0x32,0x34,
  0x32,0x4c,0x4d,0x50,0x28,0x4a,0x5a,0x5c,0xf8,0x1d,0x0d,0x15,0x0d,0x0d,0x0d,0x0d,0x15,0x0d,0x20,0x68,0x4d,0x4c,0x29,0x29,
  0x35,0x35,0x35,0x62,0x35,0x35,0x35,0x35,0x50,0x35,0x35,0x35,0x35,0x35,0x35,0x35,0x35,0x35,0x35,0x35,0x50,0x50,0x51,0x50,
  0x50,0x4d,0x4c,0x35,0x24,0x0d,0x1d,0x35,0x32,0x33,0x4d,0x4d,0x5a,0x5a,0x5a,0x5c,0xf8,0x1d,0x29,0x35,0x62,0x62,0x62,0x35,
  0x35,0x62,0x35,0x35,0x35,0x35,0x50,0x35,0x35,0x35,0x35,0x35,0x35,0x35,0x35,0x50,0x50,0x5a,0x32,0x4a,0x4a,0x4a,0x2f,0x4a,
  0x2f,0x1f,0x26,0x32,0x33,0x33,0x4a,0x35,0x5a,0x9d,0x66,0x5d,0xf8,0x1d,0x32,0x62,0x62,0x62,0x62,0x62,0x62,0x62,0x62,0x62,
  0x35,0x50,0x4c,0x4c,0x4c,0x4c,0x33,0x4c,0x4c,0x4c,0x35,0x35,0x4d,0x4c,0x18,0x1f,0x2e,0x2f,0x2f,0x2e,0x2e,0x2f,0x32,0x32,
  0x4a,0x4a,0x4c,0x4d,0x5a,0x9d,0x67,0x67,0xfb,0x1d,0x34,0x34,0x62,0x62,0x62,0x62,0x5b,0x62,0x62,0x62,0x35,0x4a,0x2f,0x2f,
  0x2f,0x2f,0x32,0x24,0x26,0x34,0x34,0x33,0x4a,0x32,0x26,0x25,0x2f,0x32,0x2f,0x2e,0x2e,0x2f,0x34,0x4a,0x4a,0x4a,0x4c,0x4c,
  0x5a,0x9d,0xc0,0x67,0xfb,0x1d,0x32,0x32,0x32,0x32,0x35,0x5a,0x35,0x35,0x35,0x35,0x35,0x33,0x2f,0x2e,0x23,0x2e,0x4a,0x18,
  0x1d,0x4a,0x2f,0x4a,0x2f,0x4a,0x4a,0x32,0x29,0x2f,0x23,0x23,0x2f,0x2f,0x4a,0x2f,0x2f,0x4a,0x4a,0x4c,0x4d,0x5b,0x66,0x67,
  0xf8,0x1d,0x32,0x33,0x4a,0x4a,0x33,0x35,0x32,0x4a,0x34,0x35,0x1c,0x1f,0x4a,0x25,0x25,0x25,0x25,0x25,0x2e,0x2f,0x2f,0x4a,
  0x2f,0x33,0x2f,0x2f,0x4a,0x2f,0x2e,0x2e,0x2f,0x2f,0x2f,0x2f,0x4a,0x4a,0x2f,0x33,0x5a,0x5e,0x67,0x67,0xf8,0x1d,0x2e,0x2f,
  0x2f,0x4a,0x4a,0x50,0x24,0x1f,0x35,0x4a,0x4a,0x4a,0x35,0x1f,0x24,0x4a,0x2f,0x25,0x23,0x25,0x2e,0x2e,0x2e,0x2f,0x4a,0x33,
  0x4a,0x4a,0x4a,0x33,0x33,0x4a,0x2f,0x4a,0x2f,0x2f,0x2f,0x4a,0x4a,0x2f,0x4a,0x4d,0x2e,0x4a,0x2f,0x2f,0x2e,0x2f,0x1b,0x1c,
  0x35,0x4c,0x4c,0x32,0x32,0x29,0x29,0x29,0x2f,0x2e,0x25,0x25,0x25,0x2e,0x2e,0x2f,0x4a,0x2f,0x2f,0x34,0x4c,0x32,0x33,0x33,
  0x4a,0x2f,0x2e,0x25,0x2f,0x2f,0x2f,0x2e,0x31,0x4a,0x25,0x4a,0x2f,0x25,0x25,0x25,0x2e,0x4a,0x33,0x35,0x4c,0x4c,0x29,0x2f,
  0x2f,0x2f,0x2f,0x2e,0x25,0x2e,0x2e,0x2e,0x2f,0x2f,0x2f,0x2f,0x4a,0x2f,0x2f,0x4a,0x4a,0x4a,0x2f,0x2e,0x2e,0x25,0x25,0x2e,
  0x25,0x25,0x26,0x30,0x25,0x2f,0x2f,0x2e,0x25,0x25,0x25,0x2e,0x4a,0x4c,0x4a,0x4a,0x2f,0x4a,0x32,0x2f,0x4a,0x2e,0x25,0x25,
  0x25,0x2f,0x2e,0x2e,0x2e,0x2f,0x2f,0x2f,0x2f,0x4a,0x4a,0x2f,0x2e,0x2e,0x2f,0x2e,0x25,0x2f,0x25,0x24,0x24,0x30,0x1a,0xe4,
  0xfd,0xf3,0xf4,0xf2,0xf5,0xdc,0xda,0xdc,0xd7,0x6e,0x6a,0x5c,0x5c,0x5c,0x37,0x5a,0xfd,0xff,0xfb,0xfb,0xf8,0xf8,0xf8,0xdf,
  0xdf,0xdf,0xdf,0xdf,0xd5,0xcf,0x66,0x5b,0x66,0x5a,0x34,0x35,0x62,0xf5,0x27,0x0d,0x15,0x0d,0x0d,0x0d,0x0d,0x15,0x0d,0x1a,
  0x69,0x36,0x36,0x36,0x27,0x27,0x27,0x27,0x27,0x27,0x21,0x21,0x20,0x20,0x21,0x1d,0x1f,0x21,0x5a,0x34,0x35,0x62,0xf5,0x27,
  0x0d,0x15,0x0d,0x0d,0x0d,0x0d,0x15,0x0d,0x19,0x21,0x20,0x20,0x20,0x21,0x20,0x20,0x21,0x21,0x21,0x21,0x21,0x27,0x21,0x1f,
  0x1d,0x1a,0x20,0x4c,0x29,0x35,0x38,0xdf,0x21,0x0d,0x15,0x0d,0x0d,0x0d,0x0d,0x15,0x0d,0x18,0x36,0xff,0xf8,0xf5,0xdf,0xdf,
  0xdf,0xd5,0xd5,0x74,0xd5,0x5a,0x27,0x21,0x37,0x21,0x1d,0x4c,0x33,0x34,0x35,0x62,0xdf,0x21,0x0d,0x15,0x0d,0x0d,0x0d,0x0d,
  0x15,0x0d,0x1a,0x20,0x1f,0x6e,0x76,0x67,0x6a,0x66,0x68,0x66,0x28,0x20,0x20,0x28,0x5a,0x37,0x1c,0x4b,0x32,0x28,0x32,0x35,
  0x35,0xdf,0x21,0x0d,0x15,0x0d,0x0d,0x0d,0x0d,0x15,0x0d,0x1c,0xfb,0x27,0x1d,0x36,0x68,0x68,0x39,0x28,0x21,0x21,0x28,0x5a,
  0x62,0x5a,0x1c,0x28,0x5e,0x4d,0x4c,0x29,0x35,0x5a,0x78,0x21,0x0d,0x15,0x0d,0x0d,0x0d,0x0d,0x15,0x0d,0x1c,0xdf,0xdf,0x36,
  0x1d,0x28,0x28,0x20,0x21,0x37,0x66,0x5a,0x5a,0x5e,0x1d,0x21,0x5e,0x5a,0x5a,0x37,0x35,0x5a,0xdf,0x21,0x0d,0x15,0x0d,0x0d,
  0x0d,0x0d,0x15,0x0d,0x1c,0xdf,0x67,0xd5,0x28,0x1f,0x28,0x28,0x62,0x5a,0x4d,0x4d,0x62,0x21,0x1d,0x5e,0x35,0x38,0xdf,0x21,
  0x0d,0x15,0x0d,0x0d,0x0d,0x0d,0x15,0x0d,0x1c,0xdf,0x66,0x63,0x63,0x21,0x20,0x5a,0x5a,0x4d,0x35,0x33,0x28,0x1c,0x5a,0x5a,
  0x33,0x5a,0xf5,0x21,0x0d,0x15,0x0d,0x0d,0x0d,0x0d,0x15,0x0d,0x1c,0x74,0x63,0x28,0x19,0x21,0x1f,0x28,0x50,0x4d,0x4d,0x4c,
  0x1c,0x28,0x5e,0x5a,0x5a,0x5a,0xdf,0x20,0x0d,0x15,0x0d,0x0d,0x0d,0x0d,0x15,0x0d,0x1c,0xd5,0x62,0x28,0x17,0x20,0x28,0x21,
  0x5b,0x4b,0x35,0x1f,0x1f,0x62,0x5a,0x5a,0x5a,0x5c,0xf5,0x20,0x0d,0x15,0x0d,0x0d,0x0d,0x0d,0x15,0x0d,0x1c,0xd5,0x5a,0x4d,
  0x28,0x35,0x24,0x28,0x50,0x4c,0x24,0x1c,0x51,0x5a,0x37,0x5a,0x5a,0x37,0xf5,0x20,0x0d,0x15,0x0d,0x0d,0x0d,0x0d,0x15,0x0d,
  0x1d,0xd5,0x5a,0x4c,0x32,0x32,0x24,0x24,0x4c,0x28,0x1b,0x33,0x50,0x5a,0x5a,0x37,0x15,0x16,0x0d,0x1c,0x35,0x32,0x34,0x32,
  0x34,0x32,0x26,0x33,0x5a,0x53,0xf8,0x20,0x0d,0x15,0x0d,0x0d,0x0d,0x0d,0x15,0x0d,0x1d,0xd5,0x4d,0x4c,0x28,0x32,0x1f,0x24,
  0x33,0x1c,0x26,0x0d,0x0d,0x18,0x32,0x35,0x34,0x34,0x34,0x34,0x32,0x4a,0x33,0x5a,0x5d,0x69,0x1f,0x0d,0x15,0x0d,0x0d,0x0d,
  0x0d,0x15,0x0d,0x1f,0xd5,0x4d,0x32,0x28,0x33,0x1f,0x26,0x1d,0x1f,0x4c,0x1c,0x1f,0x33,0x50,0x35,0x34,0x2f,0x32,0x34,0x33,
  0x4d,0x4d,0x5e,0x37,0x16,0x15,0x16,0x0d,0x0d,0x0d,0x0d,0x0d,0x15,0x0d,0x20,0xd5,0x5a,0x33,0x28,0x31,0x1f,0x1d,0x1c,0x33,
  0x28,0x51,0x51,0x50,0x34,0x34,0x32,0x29,0x34,0x34,0x4c,0x4d,0x5a,0x5b,0x5c,0x20,0x1a,0x15,0x15,0x0d,0x0d,0x0d,0x0d,0x15,
  0x0d,0x20,0xd5,0x4d,0x4c,0x33,0x33,0x1d,0x1a,0x26,0x28,0x50,0x4d,0x4d,0x4d,0x34,0x34,0x32,0x32,0x1b,0x24,0x4c,0x33,0x33,
  0x5a,0x5c,0xfb,0x20,0x0d,0x15,0x0d,0x0d,0x0d,0x0d,0x15,0x0d,0x20,0xd5,0x4b,0x4c,0x4b,0x50,0x1f,0x24,0x31,0x4c,0x21,0x66,
  0x5e,0x34,0x34,0x35,0x34,0x32,0x1c,0x26,0x50,0x31,0x33,0x37,0x5c,0xf5,0x1d,0x0d,0x15,0x0d,0x0d,0x0d,0x0d,0x15,0x0d,0x20,
  0x68,0x4d,0x4c,0x32,0x32,0x33,0x33,0x4c,0x21,0x17,0x29,0x29,0x35,0x35,0x35,0x62,0x35,0x35,0x35,0x35,0x50,0x35,0x35,0x35,
  0x35,0x35,0x35,0x35,0x35,0x35,0x35,0x35,0x35,0x50,0x50,0x50,0x50,0x50,0x21,0x28,0x34,0x34,0x34,0x33,0x32,0x35,0x5a,0x4d,
  0x4d,0x5a,0x5a,0x5f,0x29,0x35,0x62,0x62,0x62,0x35,0x35,0x62,0x35,0x35,0x35,0x35,0x50,0x35,0x35,0x35,0x35,0x50,0x35,0x35,
  0x35,0x51,0x51,0x5a,0x4d,0x4c,0x4a,0x4a,0x19,0x1f,0x4a,0x2f,0x33,0x33,0x33,0x33,0x4a,0x4d,0x5a,0x9d,0x66,0x5d,0x32,0x62,
  0x62,0x62,0x62,0x62,0x62,0x62,0x62,0x62,0x35,0x50,0x4c,0x4c,0x4c,0x4c,0x33,0x32,0x33,0x4c,0x35,0x24,0x28,0x50,0x4c,0x2f,
  0x2c,0x2f,0x4a,0x2e,0x2e,0x2f,0x32,0x32,0x4a,0x4a,0x4c,0x4d,0x5a,0x9d,0x67,0x67,0x34,0x34,0x62,0x62,0x62,0x62,0x5b,0x62,
  0x62,0x62,0x35,0x4a,0x2f,0x2f,0x2f,0x4a,0x29,0x4a,0x29,0x34,0x35,0x19,0x1d,0x4c,0x32,0x2e,0x2f,0x32,0x2f,0x2e,0x2e,0x4a,
  0x34,0x4a,0x4a,0x4a,0x4c,0x4c,0x5a,0x9d,0xc0,0x67,0x32,0x32,0x32,0x32,0x35,0x5a,0x35,0x35,0x35,0x35,0x34,0x4a,0x2f,0x2f,
  0x1b,0x1f,0x4a,0x2e,0x2f,0x29,0x4a,0x2f,0x2f,0x4a,0x4a,0x4a,0x32,0x2f,0x23,0x23,0x2f,0x2f,0x4a,0x2f,0x2f,0x4a,0x4a,0x4c,
  0x4d,0x5b,0x66,0x67,0x4a,0x33,0x4a,0x2f,0x4a,0x35,0x32,0x29,0x33,0x35,0x34,0x34,0x2f,0x2e,0x1b,0x1b,0x25,0x25,0x2e,0x2f,
  0x2f,0x4a,0x2f,0x33,0x2f,0x2f,0x4a,0x2f,0x2e,0x2e,0x2f,0x2f,0x2f,0x2f,0x4a,0x4a,0x2f,0x33,0x5a,0x5e,0x67,0x67,0x2e,0x2f,
  0x2f,0x4a,0x33,0x4c,0x4a,0x32,0x4c,0x4a,0x24,0x24,0x35,0x34,0x29,0x4a,0x2f,0x25,0x23,0x25,0x25,0x2e,0x2e,0x2f,0x33,0x2e,
  0x2f,0x4a,0x24,0x24,0x2f,0x2f,0x33,0x4c,0x50,0x4c,0x33,0x32,0x2f,0x29,0x29,0x2f,0x25,0x25,0x25,0x25,0x2e,0x2e,0x2f,0x4a,
  0x2f,0x4a,0x2f,0x25,0x23,0x25,0x2e,0x4a,0x33,0x35,0x4c,0x33,0x32,0x2f,0x4a,0x2f,0x2f,0x2e,0x25,0x2e,0x2e,0x2e,0x2f,0x2f,
  0x2f,0x27,0xf7,0xff,0xfb,0xf7,0xf3,0xf4,0xf7,0xf7,0xfc,0xfb,0xfc,0xf7,0xfc,0xf7,0xfb,0xf7,0xf3,0xf4,0xfc,0xfc,0xf4,0xf3,
  0xed,0xec,0xec,0xec,0xed,0xed,0xf3,0x0d,0x0d,0x0d,0x15,0x0d,0x15,0x1d,0x69,0xff,0xff,0xf8,0xfb,0xfb,0xfb,0xfb,0xfb,0xfb,
  0xf8,0xdf,0xdf,0xdf,0xdf,0xf5,0xf5,0xf8,0xf8,0xf7,0xfd,0x20,0x0d,0x15,0x0d,0x15,0x0e,0x0d,0x1a,0x36,0xfd,0xfd,0xec,0xed,
  0xda,0x36,0x36,0x36,0x36,0x27,0x27,0x27,0x21,0x21,0x21,0x21,0x21,0x20,0x20,0x21,0x1f,0x1f,0x18,0x0d,0x0d,0x15,0x0d,0x16,
  0x20,0xfb,0xfd,0xf4,0xfb,0xd8,0x1a,0x1c,0x21,0x20,0x20,0x20,0x20,0x21,0x20,0x21,0x21,0x21,0x21,0x27,0x36,0x27,0x20,0x21,
  0x1c,0x0d,0x15,0x0d,0x0d,0x18,0x27,0xff,0xfc,0xf4,0xfb,0xf7,0xf8,0x36,0x1d,0x21,0xf8,0xdf,0xd7,0xd7,0xd6,0xd6,0xcf,0xcf,
  0xd5,0xd5,0x5c,0x27,0x21,0x36,0x36,0x17,0x15,0x0d,0x0d,0x1a,0xe8,0xfd,0xf3,0xf7,0xf7,0xf5,0xde,0xda,0xf8,0xdc,0x20,0x1d,
  0x36,0xcf,0x5c,0x37,0x37,0x5c,0x5a,0x27,0x21,0x21,0x27,0xd1,0xd6,0x19,0x0d,0x15,0x0d,0x0d,0xf9,0xfb,0xf4,0xf7,0xf5,0xdc,
  0xdc,0x78,0x78,0x76,0xd6,0xdf,0x27,0x1c,0x27,0x39,0x5a,0x5a,0x28,0x20,0x21,0x36,0x67,0x61,0xd5,0x1c,0x0d,0x15,0x0d,0x0d,
  0x0d,0x1c,0xff,0xf4,0xf7,0xf5,0x79,0x79,0x77,0xd6,0xd6,0xd6,0x6a,0x67,0xd5,0x5c,0x1d,0x21,0x28,0x20,0x21,0x30,0x5a,0x5a,
  0x37,0xcf,0x21,0x15,0x15,0x0d,0x1a,0xfb,0xed,0xf5,0xdf,0x78,0x76,0xd6,0x6a,0x6a,0xcf,0xcf,0x67,0x5c,0x66,0x4d,0x1f,0x28,
  0x26,0x50,0x33,0x4b,0x5a,0x5a,0x36,0x17,0x0d,0x15,0x0d,0x1a,0xfb,0xdc,0xde,0x77,0xd6,0x6e,0x6a,0x6d,0x66,0x63,0x39,0x5a,
  0x5b,0x37,0x68,0x28,0x1d,0x28,0x33,0x28,0x4b,0x5a,0x39,0x19,0x0d,0x15,0x0d,0x0d,0x1c,0xf8,0x76,0x78,0x6e,0x6a,0xcf,0x68,
  0x63,0x63,0x39,0x5a,0x4d,0x5a,0x4d,0x20,0x5a,0x20,0x24,0x33,0x28,0x4b,0x5e,0x1c,0x0d,0x15,0x0d,0x0d,0x0d,0x1c,0xf5,0x6f,
  0x6e,0x68,0x68,0x63,0x63,0x39,0x63,0x63,0x5a,0x5a,0x62,0x21,0x0d,0x1f,0x5a,0x1f,0x50,0x33,0x51,0x1f,0x0d,0x15,0x0d,0x0d,
  0x0d,0x0d,0x1c,0xf5,0x6e,0x68,0x39,0x5a,0x35,0x5a,0x66,0x62,0x38,0x5a,0x5a,0x5a,0x5a,0x21,0x5a,0x28,0x21,0x5a,0x5e,0x21,
  0x16,0x15,0x0d,0x0d,0x0d,0x0d,0x0d,0x1c,0xdf,0x6a,0x66,0x62,0x4d,0x4d,0x5a,0x21,0x28,0x5a,0x4d,0x5a,0x5a,0x5a,0x5e,0x62,
  0x28,0x21,0x68,0x27,0x16,0x1c,0x78,0x5c,0x63,0x62,0x4d,0x5a,0x28,0x0d,0x1d,0x62,0x32,0x4d,0x5a,0x5a,0x4d,0x5a,0x28,0x21,
  0x36,0x17,0x0d,0x1c,0xdf,0x63,0x5a,0x35,0x35,0x5a,0x35,0x20,0x28,0x50,0x33,0x4d,0x5a,0x5a,0x5a,0x5a,0x27,0x20,0x18,0x0d,
  0x15,0x1c,0x20,0x21,0x5a,0x4d,0x32,0x4c,0x5a,0x5e,0x4d,0x33,0x4d,0x4c,0x4d,0x5a,0x5a,0x66,0x27,0x16,0x0d,0x15,0x0d,0x1c,
  0x16,0x1b,0x62,0x32,0x33,0x33,0x4c,0x4c,0x33,0x33,0x33,0x4c,0x5a,0x37,0x5a,0x37,0x18,0x0d,0x15,0x0d,0x0d,0x1f,0x36,0x4d,
  0x35,0x32,0x32,0x28,0x32,0x33,0x33,0x33,0x33,0x4c,0x5a,0x5a,0x37,0x18,0x0d,0x15,0x0d,0x0d,0x0d,0x15,0x15,0x15,0x15,0x16,
  0x0d,0x1c,0x35,0x32,0x34,0x32,0x34,0x32,0x26,0x33,0x5a,0x5c,0xf5,0x20,0x0d,0x15,0x0d,0x0d,0x0d,0x0d,0x15,0x0d,0x1d,0xd5,
  0x4d,0x33,0x28,0x32,0x32,0x28,0x26,0x33,0x33,0x0d,0x0d,0x0d,0x0d,0x0d,0x18,0x32,0x35,0x34,0x34,0x34,0x34,0x32,0x4a,0x33,
  0x5a,0x5c,0xf5,0x20,0x0d,0x15,0x0d,0x0d,0x0d,0x0d,0x15,0x0d,0x1f,0xd5,0x4d,0x32,0x32,0x31,0x26,0x2f,0x31,0x28,0x28,0x17,
  0x19,0x1a,0x1c,0x1f,0x33,0x50,0x35,0x34,0x2f,0x29,0x34,0x33,0x4d,0x5a,0x5b,0x5c,0xf5,0x20,0x0d,0x15,0x0d,0x0d,0x0d,0x0d,
  0x15,0x0d,0x20,0xd5,0x5a,0x33,0x28,0x2f,0x24,0x24,0x31,0x28,0x31,0x33,0x50,0x50,0x51,0x51,0x50,0x34,0x34,0x32,0x29,0x4a,
  0x32,0x4c,0x5a,0x19,0x21,0xc0,0xdd,0x20,0x0d,0x15,0x0d,0x0d,0x0d,0x0d,0x15,0x0d,0x20,0xd5,0x4d,0x4c,0x33,0x31,0x28,0x31,
  0x30,0x28,0x51,0x50,0x35,0x50,0x4d,0x4d,0x4d,0x34,0x35,0x34,0x32,0x34,0x32,0x33,0x33,0x1f,0x28,0x5c,0xf8,0x1f,0x0d,0x15,
  0x0d,0x0d,0x0d,0x0d,0x15,0x0d,0x20,0xd5,0x4b,0x4c,0x4d,0x4c,0x33,0x28,0x28,0x4c,0x21,0x4d,0x4d,0x5a,0x5b,0x5a,0x33,0x35,
  0x1d,0x20,0x33,0x33,0x4d,0x4c,0x31,0x4c,0x5b,0x5c,0xf8,0x1d,0x0d,0x15,0x0d,0x0d,0x0d,0x0d,0x15,0x0d,0x20,0x68,0x4d,0x4c,
  0x32,0x32,0x28,0x28,0x4c,0x21,0x17,0x29,0x29,0x29,0x29,0x29,0x35,0x35,0x35,0x62,0x35,0x35,0x35,0x35,0x50,0x35,0x35,0x35,
  0x35,0x35,0x35,0x35,0x35,0x35,0x35,0x35,0x50,0x50,0x4d,0x5e,0x5e,0x4d,0x4c,0x4c,0x33,0x34,0x1c,0x20,0x4c,0x33,0x4d,0x4d,
  0x5a,0x4d,0x4d,0x5c,0x29,0x32,0x29,0x29,0x35,0x62,0x62,0x62,0x35,0x35,0x62,0x35,0x35,0x35,0x35,0x50,0x35,0x35,0x35,0x35,
  0x50,0x35,0x35,0x35,0x50,0x50,0x4d,0x51,0x1f,0x1f,0x4c,0x2f,0x2f,0x2f,0x2f,0x4c,0x34,0x33,0x33,0x4a,0x35,0x5a,0x9d,0x66,
  0x5d,0x26,0x29,0x29,0x32,0x62,0x62,0x62,0x62,0x62,0x62,0x62,0x62,0x62,0x35,0x50,0x4c,0x4c,0x4c,0x4c,0x33,0x32,0x33,0x4c,
  0x35,0x50,0x35,0x4d,0x50,0x1c,0x1b,0x4a,0x2f,0x2e,0x2e,0x2f,0x32,0x32,0x4a,0x4a,0x4c,0x4d,0x5a,0x9d,0x67,0x67,0x29,0x29,
  0x32,0x34,0x34,0x62,0x62,0x62,0x62,0x5b,0x62,0x62,0x62,0x35,0x4a,0x2f,0x2f,0x2f,0x2f,0x29,0x29,0x26,0x28,0x34,0x33,0x4a,
  0x4a,0x32,0x2f,0x2f,0x32,0x2f,0x2e,0x2e,0x4a,0x34,0x4a,0x4a,0x4a,0x4c,0x4c,0x5a,0x9d,0xc0,0x67,0x4a,0x32,0x29,0x32,0x32,
  0x32,0x32,0x35,0x62,0x35,0x35,0x35,0x35,0x34,0x4a,0x4a,0x2e,0x23,0x2e,0x2f,0x2e,0x25,0x26,0x4a,0x4a,0x2f,0x4a,0x4a,0x32,
  0x29,0x2f,0x23,0x23,0x2f,0x2f,0x4a,0x2f,0x2f,0x4a,0x4a,0x4c,0x4d,0x5b,0x66,0x67,0x2e,0x2f,0x4a,0x32,0x33,0x4a,0x2f,0x33,
  0x35,0x32,0x4a,0x34,0x34,0x35,0x28,0x24,0x2e,0x25,0x25,0x25,0x25,0x2e,0x2f,0x2f,0x4a,0x2f,0x33,0x2f,0x2f,0x4a,0x2f,0x2e,
  0x2e,0x2f,0x2f,0x2f,0x2f,0x4a,0x4a,0x2f,0x33,0x5a,0x5e,0x67,0x67,0x2e,0x2f,0x2f,0x4a,0x4a,0x4c,0x4a,0x26,0x28,0x4a,0x4a,
  0x4a,0x34,0x34,0x29,0x26,0x2f,0x25,0x23,0x25,0x25,0x2e,0x2e,0x2f,0x4a,0x2e,0x26,0x4a,0x2f,0x2f,0x2f,0x4a,0x26,0x26,0x50,
  0x4c,0x32,0x32,0x2f,0x29,0x32,0x2f,0x2e,0x25,0x25,0x25,0x2e,0x2e,0x2f,0x4a,0x25,0x24,0x2f,0x25,0x25,0x25,0x2e,0x4a,0x4c,
  0x35,0x4c,0x4c,0x32,0x2f,0x4a,0x2f,0x2f,0x2e,0x25,0x2e,0x2e,0x2e,0x2f,0x2f,0x2f,0x11,0x0d,0x0d,0x0d,0x15,0x15,0x15,0x15,
  0x0d,0x0d,0x0d,0x0d,0x0d,0x0d,0x0d,0x0d,0x0d,0x0d,0x0d,0x0d,0x0d,0x0d,0x0d,0x0d,0x15,0x0d,0x18,0x5a,0x5a,0x5a,0x5e,0x5c,
  0x0d,0x15,0x15,0x0d,0x0d,0x0d,0x0d,0x16,0x18,0x19,0x1c,0x1c,0x1c,0x1c,0x19,0x18,0x16,0x0d,0x0d,0x0d,0x0d,0x0d,0x0d,0x0d,
  0x11,0x11,0x28,0x66,0x5b,0x5a,0x5c,0x0d,0x0d,0x0d,0x16,0x19,0x1d,0x27,0x69,0x6c,0x69,0x36,0x27,0x27,0x27,0x27,0x21,0x1a,
  0x0d,0x0d,0x0d,0x0d,0x0d,0x0d,0x0d,0x15,0x0d,0x1a,0x1c,0x1f,0x5a,0x5a,0x11,0x19,0x20,0x36,0xfb,0xff,0xfd,0xfb,0xec,0x1a,
  0x1c,0x27,0x21,0x21,0x21,0x27,0x27,0x20,0x0d,0x15,0x0d,0x0d,0x0d,0x0d,0x15,0x15,0x1b,0x1c,0x21,0x5b,0x5a,0x27,0xf7,0xff,
  0xfb,0xf7,0xf3,0xf4,0xf4,0xfb,0xec,0x20,0x21,0xfd,0xff,0xfd,0xfd,0xff,0xe0,0x17,0x0d,0x0d,0x0d,0x15,0x16,0x16,0x15,0x19,
  0x20,0x5e,0x4d,0x5a,0xfd,0xf7,0xf3,0xf7,0xfb,0xfb,0xf7,0xf7,0xf3,0xf3,0xfc,0x27,0x1d,0x27,0xfb,0xec,0xfb,0x36,0x16,0x0d,
  0x15,0x16,0x16,0x15,0x15,0x0d,0x1a,0x5a,0x35,0x4d,0x5a,0x1d,0x69,0xff,0xfd,0xf4,0xf7,0xf7,0xf7,0xf7,0xf3,0xed,0xdc,0x77,
  0xd7,0xd2,0xd2,0xf8,0x69,0x1d,0x27,0xdd,0xfb,0x20,0x0d,0x16,0x16,0x15,0x0d,0x0d,0x0d,0x15,0x27,0x66,0xff,0xfd,0xf9,0xfb,
  0xfc,0xf3,0xde,0xdc,0xdc,0xda,0xd7,0xd6,0xd6,0xd6,0xd6,0xd6,0xd2,0xdb,0xf5,0x20,0x27,0x67,0x19,0x0d,0x15,0x0d,0x0d,0x0d,
  0x15,0x0d,0x18,0x5c,0x5a,0xf4,0xfb,0xfb,0xf7,0xed,0x79,0xdc,0xd7,0xd6,0xd6,0xd1,0xcf,0xcf,0x6a,0xcf,0x6a,0xd6,0x6a,0xd6,
  0x69,0x21,0x20,0x0d,0x15,0x0d,0x0d,0x0d,0x0d,0x15,0x0d,0x1f,0x68,0x4d,0xfb,0xf7,0xf5,0xde,0xda,0x77,0xd6,0xd1,0x6a,0x6a,
  0x6a,0x67,0x5c,0x5c,0x5c,0x67,0x61,0x67,0x6a,0xf5,0x36,0x16,0x16,0x0d,0x0d,0x0d,0x0d,0x11,0x0d,0x17,0x69,0x5c,0x4d,0xf5,
  0xde,0xda,0xde,0xda,0xd6,0x6a,0x67,0x5c,0x5c,0x5c,0x5a,0x37,0x5a,0x5c,0x5c,0x5c,0x6a,0x36,0x20,0x1c,0x0d,0x16,0x0d,0x0d,
  0x0d,0x0d,0x15,0x0d,0x20,0xf8,0x37,0x5a,0xdc,0x78,0x78,0x76,0xd6,0x6a,0x67,0x5c,0x37,0x5a,0x5a,0x5a,0x37,0x37,0x37,0x5c,
  0x5c,0xcf,0x21,0x0d,0x0d,0x15,0x15,0x0d,0x0d,0x0d,0x15,0x0d,0x18,0xe8,0x6c,0x5c,0x37,0xd6,0xd6,0xd6,0x6a,0x6a,0xcf,0x5c,
  0x5a,0x4d,0x5a,0x4d,0x5e,0x4d,0x5a,0x5a,0x5c,0xc0,0x36,0x17,0x6a,0x6a,0xcf,0xcf,0x67,0x5d,0x5c,0x37,0x4d,0x4d,0x33,0x1f,
  0x28,0x4d,0x5a,0x5a,0x5c,0x19,0x0d,0x6d,0x66,0x63,0x39,0x5a,0x5b,0x37,0x5b,0x5a,0x4c,0x24,0x0d,0x1d,0x51,0x37,0x66,0x1a,
  0x0d,0x15,0x63,0x63,0x39,0x5a,0x5a,0x5a,0x5a,0x5a,0x5a,0x4c,0x33,0x1f,0x28,0x4d,0x5e,0x1d,0x0d,0x15,0x0d,0x63,0x63,0x39,
  0x5e,0x28,0x5a,0x5a,0x5a,0x5a,0x5a,0x4d,0x35,0x33,0x51,0x20,0x0d,0x15,0x0d,0x0d,0x39,0x38,0x62,0x28,0x11,0x1c,0x5e,0x5a,
  0x5a,0x5a,0x5a,0x4d,0x5e,0x21,0x15,0x15,0x0d,0x0d,0x0d,0x1c,0xdf,0x6a,0x66,0x62,0x4d,0x4d,0x5a,0x5a,0x4d,0x5a,0x4d,0x1c,
  0x21,0x5b,0x4d,0x4d,0x5a,0x5a,0x66,0x27,0x17,0x1c,0xdf,0x66,0x63,0x62,0x28,0x4d,0x62,0x5a,0x5a,0x35,0x33,0x51,0x62,0x5a,
  0x5a,0x5a,0x5a,0x66,0x27,0x17,0x0d,0x1c,0x74,0x38,0x5a,0x62,0x19,0x1d,0x62,0x4c,0x5a,0x4d,0x33,0x4d,0x4d,0x5a,0x5a,0x5a,
  0x39,0x28,0x17,0x0d,0x15,0x1c,0xd5,0x5a,0x4d,0x35,0x26,0x28,0x5a,0x5a,0x4d,0x33,0x4d,0x4c,0x4d,0x5a,0x5a,0x66,0x36,0x18,
  0x0d,0x15,0x0d,0x1c,0xd5,0x5a,0x4d,0x32,0x4c,0x4c,0x4c,0x4c,0x33,0x33,0x33,0x4c,0x5a,0x37,0x5a,0x37,0x18,0x0d,0x15,0x0d,
  0x0d,0x1d,0xd5,0x5a,0x4c,0x32,0x32,0x28,0x32,0x33,0x33,0x33,0x33,0x4c,0x5a,0x5a,0x37,0x18,0x0d,0x15,0x0d,0x0d,0x0d,0x15,
  0x15,0x15,0x15,0x16,0x0d,0x1c,0x35,0x32,0x34,0x32,0x34,0x32,0x26,0x33,0x5a,0x5c,0xf5,0x20,0x0d,0x15,0x0d,0x0d,0x0d,0x0d,
  0x15,0x0d,0x1d,0xd5,0x4d,0x4c,0x0d,0x0d,0x0d,0x0d,0x0d,0x18,0x32,0x35,0x34,0x34,0x34,0x34,0x32,0x4a,0x33,0x5a,0x5c,0xdd,
  0x1d,0x0d,0x15,0x0d,0x0d,0x0d,0x0d,0x15,0x0d,0x1f,0xd5,0x4d,0x32,0x17,0x19,0x1a,0x1c,0x1f,0x33,0x50,0x35,0x34,0x2f,0x29,
  0x34,0x32,0x4d,0x4d,0x5b,0x5c,0xdc,0x1a,0x0d,0x15,0x0d,0x0d,0x0d,0x0d,0x15,0x0d,0x20,0xd5,0x5a,0x33,0x33,0x50,0x50,0x51,
  0x51,0x50,0x34,0x34,0x32,0x29,0x32,0x34,0x34,0x4d,0x5a,0x5b,0x37,0xf5,0x20,0x0d,0x15,0x0d,0x0d,0x0d,0x0d,0x15,0x0d,0x20,
  0xd5,0x4d,0x4c,0x50,0x50,0x50,0x4d,0x4d,0x4d,0x34,0x34,0x32,0x32,0x35,0x1a,0x1c,0x4c,0x33,0x5a,0x5c,0xf8,0x1f,0x0d,0x15,
  0x0d,0x0d,0x0d,0x0d,0x15,0x0d,0x20,0xd5,0x4b,0x4c,0x50,0x5a,0x5a,0x5b,0x5e,0x35,0x34,0x35,0x34,0x32,0x35,0x21,0x21,0x33,
  0x33,0x37,0x5c,0xf8,0x1d,0x0d,0x15,0x0d,0x0d,0x0d,0x0d,0x15,0x0d,0x20,0x68,0x4d,0x4c,0x29,0x29,0x29,0x29,0x29,0x35,0x35,
  0x35,0x62,0x35,0x35,0x35,0x35,0x50,0x35,0x35,0x35,0x35,0x35,0x35,0x35,0x35,0x35,0x35,0x35,0x50,0x50,0x50,0x50,0x50,0x4d,
  0x50,0x28,0x28,0x34,0x34,0x33,0x32,0x33,0x62,0x5b,0x4d,0x5a,0x5a,0x5f,0x29,0x32,0x29,0x29,0x35,0x62,0x62,0x62,0x35,0x35,
  0x62,0x35,0x35,0x35,0x35,0x50,0x35,0x35,0x35,0x35,0x50,0x35,0x35,0x35,0x50,0x35,0x5a,0x4d,0x4c,0x4a,0x4a,0x4a,0x26,0x24,
  0x4a,0x33,0x33,0x33,0x33,0x4a,0x35,0x5a,0x9d,0x66,0x5d,0x26,0x29,0x29,0x32,0x62,0x62,0x62,0x62,0x62,0x62,0x62,0x62,0x62,
  0x35,0x50,0x4c,0x4c,0x4c,0x4c,0x33,0x32,0x33,0x4c,0x35,0x35,0x28,0x28,0x50,0x2f,0x25,0x2f,0x2f,0x2e,0x2e,0x2f,0x32,0x32,
  0x4a,0x4a,0x4c,0x4d,0x5a,0x9d,0x67,0x67,0x29,0x29,0x32,0x34,0x34,0x62,0x62,0x62,0x62,0x5b,0x62,0x62,0x62,0x35,0x4a,0x2f,
  0x2f,0x2f,0x2f,0x32,0x4a,0x29,0x34,0x34,0x33,0x28,0x26,0x4c,0x2e,0x2f,0x32,0x2f,0x2e,0x2e,0x4a,0x34,0x4a,0x4a,0x4a,0x4c,
  0x4c,0x5a,0x9d,0xc0,0x67,0x4a,0x32,0x29,0x32,0x32,0x32,0x32,0x35,0x5a,0x35,0x35,0x35,0x35,0x34,0x4a,0x2f,0x2e,0x23,0x25,
  0x1f,0x2f,0x2f,0x29,0x4a,0x4a,0x4a,0x4a,0x4a,0x4a,0x32,0x2f,0x23,0x23,0x2f,0x2f,0x4a,0x2f,0x2f,0x4a,0x4a,0x4c,0x4d,0x5b,
  0x66,0x67,0x2f,0x2f,0x4a,0x32,0x33,0x4a,0x2f,0x4a,0x35,0x32,0x32,0x32,0x32,0x34,0x34,0x4a,0x25,0x25,0x25,0x25,0x25,0x2e,
  0x2f,0x2f,0x4a,0x2f,0x33,0x2f,0x2f,0x4a,0x2f,0x2e,0x2e,0x2f,0x2f,0x2f,0x2f,0x4a,0x4a,0x2f,0x33,0x5a,0x5e,0x67,0x67,0x2e,
  0x2f,0x2f,0x4a,0x4a,0x4c,0x4a,0x32,0x4c,0x4a,0x4a,0x24,0x21,0x35,0x29,0x4a,0x2e,0x2f,0x2f,0x2f,0x2f,0x2f,0x2f,0x33,0x4c,
  0x50,0x4c,0x33,0x32,0x2f,0x29,0x29,0x2f,0x4a,0x2f,0x25,0x25,0x25,0x2e,0x4a,0x33,0x35,0x4c,0x33,0x32,0x2f,0x4a,0x2f,0x27,
  0x27,0x37,0x68,0xcf,0xc0,0x5c,0x5c,0x5c,0x66,0x66,0x66,0x5d,0x61,0x67,0x61,0x5d,0xcf,0x6a,0x6a,0x6a,0xcf,0x6a,0x6a,0x6a,
  0x6a,0x6a,0x0d,0x16,0x18,0x1a,0x20,0x36,0xcf,0xc0,0x37,0x5b,0x53,0x5c,0x5c,0x5c,0x5c,0x67,0x67,0x67,0x67,0x67,0x67,0x67,
  0x67,0x67,0x67,0x6a,0xcf,0x0d,0x0d,0x0d,0x0d,0x0d,0x17,0x1c,0x36,0xcf,0x9d,0x66,0x66,0xc0,0xcf,0xcf,0xd5,0xd5,0xd6,0xd7,
  0xd6,0xd7,0xd6,0xd7,0xd6,0xd6,0x67,0x6a,0x0d,0x0d,0x0d,0x15,0x15,0x0d,0x0d,0x17,0x1f,0x28,0x21,0x21,0x21,0x21,0x21,0x21,
  0x20,0x21,0x21,0x20,0x20,0x21,0x20,0x20,0x21,0x67,0x67,0x0d,0x0d,0x0d,0x0d,0x0d,0x0d,0x15,0x0d,0x0d,0x19,0x21,0x21,0x21,
  0x21,0x21,0x21,0x21,0x21,0x21,0x27,0x27,0x1f,0x1f,0x1c,0x1d,0xcf,0x5c,0x0d,0x0d,0x0d,0x0d,0x0d,0x0d,0x0d,0x15,0x15,0x16,
  0x21,0x68,0xcf,0xcf,0xc0,0xcf,0xd5,0xd5,0x5d,0x27,0x21,0x27,0x36,0x1d,0x61,0x5d,0x5c,0x0d,0x0d,0x0d,0x0d,0x0d,0x0d,0x0d,
  0x0d,0x0d,0x15,0x15,0x0d,0x0d,0x0d,0x0d,0x0d,0x15,0x0d,0x18,0x5a,0x5a,0x5a,0x66,0x5d,0x36,0x21,0x21,0x27,0x5c,0x67,0x1c,
  0x27,0xc0,0x16,0x18,0x19,0x1a,0x1c,0x1c,0x1a,0x19,0x17,0x0d,0x0d,0x0d,0x0d,0x0d,0x0d,0x0d,0x0d,0x15,0x15,0x21,0x5e,0x5a,
  0x28,0x21,0x21,0x36,0x67,0xc0,0xd5,0x1d,0x21,0xcf,0x5c,0x36,0xda,0xf3,0xfb,0xfd,0xff,0xfb,0xf5,0x69,0x21,0x17,0x0d,0x0d,
  0x0d,0x0d,0x0d,0x0d,0x15,0x0d,0x1d,0x28,0x1f,0x21,0x4d,0x39,0xc0,0x5f,0xd5,0x21,0x1f,0xcf,0x5c,0x5c,0xfb,0xf8,0xf7,0xf7,
  0xf4,0xf4,0xf3,0xf5,0xf7,0xff,0x21,0x0d,0x15,0x0d,0x0d,0x0d,0x0d,0x15,0x0d,0x1a,0x28,0x28,0x66,0x5a,0x5a,0x5c,0xc0,0x27,
  0x1c,0x67,0x5c,0x5c,0x5c,0xf7,0xf7,0xfc,0xfc,0xfc,0xf7,0xfc,0xf7,0xf4,0xfb,0x69,0x17,0x0d,0x0d,0x0d,0x0d,0x0d,0x15,0x0d,
  0x1a,0x20,0x4d,0x4d,0x5a,0x5a,0x5c,0x53,0x1c,0x37,0x5d,0x5c,0x5c,0x5f,0xf7,0xf3,0xec,0xed,0xed,0xed,0xf3,0xf7,0xf3,0xfb,
  0x36,0x16,0x0d,0x0d,0x0d,0x0d,0x0d,0x15,0x0d,0x1f,0x21,0x21,0x5b,0x4d,0x4b,0xc0,0x1d,0x27,0xc0,0x5b,0x5f,0x5f,0x5e,0xdc,
  0x77,0xd7,0xd2,0xd6,0x70,0xd7,0xdc,0xec,0xda,0xfb,0x20,0x0d,0x15,0x0d,0x0d,0x0d,0x0d,0x15,0x0d,0x1d,0x27,0x21,0x5b,0x4d,
  0x66,0x20,0x1f,0xc0,0x4b,0xd6,0xd6,0xd6,0xd6,0xd6,0x70,0xd7,0xdb,0xda,0xec,0xf7,0x19,0x0d,0x15,0x0d,0x0d,0x0d,0x15,0x0d,
  0x18,0x66,0x27,0x21,0x50,0x51,0x21,0x1d,0x66,0x5a,0x4d,0xcf,0xcf,0x6a,0xcf,0x6a,0xd6,0xd1,0xd1,0x6c,0xfb,0x21,0x0d,0x15,
  0x0d,0x0d,0x0d,0x0d,0x15,0x0d,0x1f,0xd5,0x21,0x21,0x4c,0x28,0x1c,0x37,0x5a,0x4d,0x4d,0x67,0x5c,0x5c,0x5c,0x67,0x67,0x67,
  0x67,0xd6,0x69,0x17,0x0d,0x0d,0x0d,0x0d,0x0d,0x11,0x0d,0x17,0x69,0x66,0x21,0x21,0x50,0x1c,0x28,0x51,0x4d,0x4d,0x4d,0x37,
  0x37,0x5a,0x5c,0x5c,0xc0,0x6a,0x67,0xdf,0x1c,0x0d,0x15,0x0d,0x0d,0x0d,0x0d,0x15,0x0d,0x20,0xf8,0x5f,0x21,0x28,0x1f,0x1f,
  0x5e,0x4b,0x4d,0x4d,0x4d,0x5a,0x5a,0x5a,0x37,0x5c,0x27,0x36,0xd7,0x21,0x0d,0x15,0x0d,0x0d,0x0d,0x0d,0x15,0x0d,0x18,0xe8,
  0x6a,0x5d,0x21,0x1f,0x1d,0x51,0x4b,0x31,0x4b,0x4d,0x4d,0xd6,0xd6,0xd6,0x6a,0x6a,0xcf,0x5c,0x5a,0x4d,0x5a,0x4d,0x4d,0x4d,
  0x5a,0x27,0x0d,0x1c,0x5c,0x17,0x0d,0x11,0x0d,0x0d,0x0d,0x0d,0x15,0x0d,0x21,0xfb,0x5c,0x5e,0x1d,0x1b,0x4c,0x4d,0x6a,0x6a,
  0xcf,0xcf,0x67,0x5d,0x5c,0x5a,0x4d,0x4d,0x32,0x4c,0x33,0x4d,0x5a,0x1d,0x27,0x1a,0x0d,0x15,0x0d,0x0d,0x0d,0x0d,0x15,0x0d,
  0x1c,0xff,0xd8,0x5c,0x9d,0x1f,0x24,0x33,0x4b,0x6d,0x66,0x63,0x39,0x5a,0x5b,0x37,0x5a,0x63,0x4c,0x28,0x33,0x32,0x4b,0x5a,
  0xd5,0x1c,0x0d,0x15,0x0d,0x0d,0x0d,0x0d,0x0d,0x0d,0x18,0xe0,0xfd,0x6a,0x53,0x28,0x4b,0x26,0x30,0x31,0x63,0x63,0x39,0x5a,
  0x5a,0x5a,0x5a,0x66,0x1c,0x1f,0x34,0x28,0x33,0x4b,0x5e,0x1d,0x0d,0x15,0x0d,0x0d,0x0d,0x0d,0x0d,0x15,0x0d,0x27,0xff,0xd2,
  0x5d,0x37,0x28,0x24,0x24,0x26,0x26,0x63,0x39,0x39,0x5a,0x5a,0x5a,0x4d,0x5e,0x1d,0x21,0x62,0x33,0x33,0x51,0x20,0x0d,0x15,
  0x0d,0x0d,0x0d,0x0d,0x0d,0x15,0x0d,0x1d,0xfd,0xda,0xc1,0x37,0x4d,0x4b,0x26,0x24,0x24,0x24,0x38,0x66,0x63,0x5a,0x5a,0x5a,
  0x5a,0x5a,0x5e,0x66,0x37,0x37,0x5e,0x21,0x15,0x15,0x0d,0x0d,0x0d,0x0d,0x0d,0x15,0x0d,0x1a,0xfa,0xf4,0x67,0x53,0x28,0x28,
  0x30,0x30,0x30,0x24,0x24,0xdf,0x6a,0x66,0x62,0x4d,0x35,0x5a,0x63,0x1d,0x1f,0x5e,0x4d,0x5a,0x5a,0xdf,0x39,0x39,0x62,0x5a,
  0x5a,0x5a,0x5e,0x1d,0x1f,0x4c,0x4d,0x5a,0x5a,0x74,0x39,0x62,0x4d,0x35,0x5a,0x4d,0x4d,0x62,0x5b,0x33,0x4d,0x5a,0x5a,0x74,
  0x1d,0x1c,0x50,0x32,0x4c,0x5a,0x5a,0x4d,0x33,0x50,0x4c,0x4d,0x5a,0x74,0x21,0x1f,0x4c,0x33,0x33,0x4c,0x4c,0x33,0x33,0x33,
  0x4c,0x5a,0x37,0xd5,0x66,0x62,0x32,0x32,0x28,0x32,0x33,0x33,0x33,0x33,0x4c,0x5a,0x5a,0x15,0x15,0x15,0x16,0x0d,0x1c,0x35,
  0x32,0x34,0x32,0x34,0x32,0x26,0x33,0x5a,0x5c,0xf5,0x20,0x0d,0x15,0x0d,0x0d,0x0d,0x0d,0x15,0x0d,0x1d,0xd5,0x4d,0x33,0x0d,
  0x0d,0x0d,0x0d,0x18,0x32,0x35,0x34,0x34,0x34,0x34,0x32,0x4a,0x33,0x5a,0x5c,0xf5,0x20,0x0d,0x15,0x0d,0x0d,0x0d,0x0d,0x15,
  0x0d,0x1f,0xd5,0x4d,0x32,0x19,0x1a,0x1c,0x1f,0x33,0x50,0x35,0x34,0x2f,0x29,0x34,0x33,0x4d,0x5a,0x37,0x37,0xf5,0x20,0x0d,
  0x15,0x0d,0x0d,0x0d,0x0d,0x15,0x0d,0x20,0xd5,0x5a,0x33,0x50,0x50,0x51,0x51,0x50,0x34,0x34,0x32,0x29,0x4a,0x32,0x4c,0x4d,
  0x5a,0x27,0x27,0xf8,0x20,0x0d,0x15,0x0d,0x0d,0x0d,0x0d,0x15,0x0d,0x20,0xd5,0x4d,0x4c,0x50,0x50,0x4d,0x4d,0x4d,0x34,0x34,
  0x34,0x34,0x34,0x33,0x33,0x33,0x33,0x5b,0x5d,0xf5,0x1f,0x0d,0x15,0x0d,0x0d,0x0d,0x0d,0x15,0x0d,0x20,0xd5,0x4b,0x4c,0x4d,
  0x5a,0x5b,0x51,0x34,0x34,0x35,0x26,0x24,0x35,0x4d,0x4c,0x31,0x4b,0x37,0x5c,0xf8,0x1d,0x0d,0x15,0x0d,0x0d,0x0d,0x0d,0x15,
  0x0d,0x20,0x68,0x4d,0x4c,0x35,0x35,0x35,0x50,0x35,0x35,0x35,0x35,0x35,0x35,0x35,0x35,0x35,0x35,0x35,0x50,0x50,0x50,0x50,
  0x50,0x51,0x4c,0x4c,0x33,0x34,0x34,0x32,0x31,0x34,0x4d,0x4d,0x62,0x35,0x35,0x35,0x35,0x50,0x35,0x35,0x35,0x35,0x50,0x35,
  0x35,0x4c,0x50,0x50,0x5a,0x4d,0x4c,0x31,0x24,0x4a,0x2f,0x2f,0x2f,0x33,0x32,0x33,0x33,0x4a,0x35,0x62,0x62,0x62,0x35,0x50,
  0x4c,0x4c,0x4c,0x4c,0x33,0x32,0x33,0x4c,0x35,0x35,0x4c,0x4d,0x4c,0x2f,0x25,0x24,0x2f,0x2e,0x2e,0x2f,0x32,0x32,0x4a,0x4a,
  0x4c,0x4d,0x62,0x62,0x62,0x35,0x4a,0x2f,0x2f,0x2f,0x2f,0x29,0x4a,0x32,0x32,0x24,0x32,0x4a,0x4a,0x34,0x2e,0x2f,0x34,0x2f,
  0x2e,0x2e,0x4a,0x34,0x4a,0x4a,0x4a,0x4c,0x4c,0x35,0x35,0x35,0x34,0x4a,0x2f,0x2e,0x23,0x2e,0x2f,0x2e,0x2f,0x2f,0x24,0x4a,
  0x2f,0x4a,0x4a,0x4a,0x32,0x2f,0x23,0x23,0x2f,0x2f,0x4a,0x2f,0x2f,0x4a,0x4a,0x4c,0x4a,0x34,0x34,0x34,0x34,0x4a,0x25,0x25,
  0x25,0x25,0x25,0x2e,0x2f,0x4a,0x4a,0x2f,0x33,0x2f,0x2f,0x4a,0x2f,0x2e,0x2e,0x2f,0x2f,0x2f,0x2f,0x4a,0x4a,0x2f,0x33,0x4a,
  0x34,0x34,0x29,0x2f,0x32,0x32,0x2f,0x29,0x29,0x4c,0x32,0x2f,0x4a,0x2f,0x67,0x67,0x6a,0x67,0x6a,0x6a,0x6a,0x6c,0xd6,0xd2,
  0xd1,0x6a,0x6a,0x6a,0x67,0x6a,0x67,0x67,0x67,0x6a,0x61,0x61,0x67,0x67,0x67,0x61,0x56,0xd5,0xd7,0xd7,0xd5,0xd7,0xdd,0xd7,
  0xd7,0xd6,0xd5,0xd5,0xd5,0xcf,0xcf,0xcf,0x6a,0x6a,0xc1,0x5d,0x61,0xc0,0x6a,0x66,0x20,0x27,0x27,0x27,0x27,0x27,0x27,0x27,
  0x36,0x36,0x36,0x36,0x36,0x36,0x36,0x5c,0x5d,0x67,0x5d,0xc0,0xc0,0xc0,0x61,0xcf,0x1d,0x1a,0x21,0x21,0x20,0x20,0x20,0x20,
  0x1f,0x1f,0x1f,0x1d,0x1f,0x1f,0x1f,0x1f,0x1f,0x1d,0x1c,0x1d,0x5c,0xc0,0x5c,0x5c,0x66,0x66,0x66,0x5d,0x61,0x67,0x61,0xd5,
  0x21,0x1f,0xd6,0xdf,0xd7,0x77,0x77,0xd7,0xd6,0xd5,0xd5,0xd6,0xd6,0x6a,0x36,0x21,0x21,0x1d,0x20,0xcf,0xa2,0xc0,0x53,0x5f,
  0x5c,0x5c,0x5c,0x5c,0x67,0x6a,0x67,0xd7,0x27,0x1c,0x27,0xd6,0x67,0x67,0x67,0xcf,0xd6,0xcf,0x36,0x21,0x21,0x21,0x67,0x27,
  0x1f,0xd5,0x5c,0x5c,0x36,0xcf,0x5a,0x5b,0x5b,0x5b,0x5c,0x5d,0x67,0x61,0x5d,0xd5,0x36,0x1c,0x27,0xd6,0xcf,0xd5,0x5c,0x27,
  0x21,0x21,0x36,0x67,0xd7,0x36,0x1c,0x5c,0x66,0x5c,0xc0,0x17,0x20,0x66,0x5a,0x37,0x5b,0x5c,0x5c,0x5c,0x5c,0x61,0x67,0xd5,
  0x6a,0x1f,0x27,0x36,0x21,0x21,0x27,0x5c,0xd0,0xcf,0xcf,0x36,0x1c,0x37,0xc0,0x5c,0x5f,0x37,0x0d,0x0d,0x1d,0x66,0x5a,0x5f,
  0x5c,0x5c,0x5f,0x37,0x5c,0x61,0x67,0xcf,0x36,0x20,0x36,0x27,0xcf,0xcf,0xc0,0x67,0x61,0xd0,0x1d,0x27,0xcf,0x5c,0x37,0xc0,
  0x21,0x11,0x15,0x0d,0x21,0x66,0x5c,0x5f,0x5f,0x5c,0x5c,0x61,0x66,0x5c,0x5f,0x74,0x21,0x21,0x66,0x5d,0x5c,0x60,0x60,0xd6,
  0x1f,0x21,0xd5,0x5c,0x5c,0x37,0xd5,0x1c,0x0d,0x18,0x5a,0x5a,0x5a,0x5e,0x5c,0x5c,0x61,0xc0,0x5d,0x5d,0x20,0x27,0x1f,0x36,
  0xc0,0x5d,0x5c,0xd5,0x20,0x20,0xd5,0x5c,0x11,0x0d,0x21,0x5b,0x5a,0x5a,0x53,0x5c,0x5c,0x5c,0xc0,0x36,0x0d,0x1c,0x27,0x21,
  0xc0,0x5c,0xd5,0x27,0x1d,0xcf,0x5c,0x5c,0x15,0x0d,0x1f,0x5e,0x4d,0x66,0x5b,0x37,0x5c,0x5d,0x5c,0x66,0x21,0x37,0x21,0x27,
  0x5d,0xc0,0x27,0x1c,0x5c,0xc0,0x53,0x53,0x15,0x0d,0x1c,0x5e,0x4d,0x21,0x28,0x5b,0x5c,0x5c,0x5d,0x5c,0xc0,0xcf,0x21,0x36,
  0xc0,0x36,0x1c,0x37,0xc0,0x5c,0x5c,0x53,0x15,0x0d,0x1c,0x66,0x4b,0x0d,0x1a,0x66,0x37,0x5c,0x5c,0x5c,0x53,0x66,0x20,0x37,
  0xc0,0x1c,0x27,0xcf,0x5c,0x5c,0x53,0x53,0x15,0x0d,0x1f,0x5e,0x35,0x21,0x28,0x4d,0x5f,0x5b,0x37,0x5c,0x5b,0x5f,0x20,0xc0,
  0x1f,0x21,0xcf,0x37,0x5c,0x53,0x9b,0x53,0xd7,0xd2,0xd6,0x70,0xd7,0xdc,0xec,0xda,0xfb,0x20,0x0d,0x15,0x0d,0x0d,0x0d,0x0d,
  0x0d,0x16,0x27,0x5b,0x5a,0x5e,0x51,0x5a,0x5a,0x5a,0x53,0x4d,0x5b,0x37,0x21,0x20,0x1f,0xc0,0x37,0xd6,0xd6,0xd6,0x70,0xd7,
  0xdb,0xda,0xec,0xf7,0x19,0x0d,0x15,0x0d,0x0d,0x0d,0x15,0x0d,0x18,0x5c,0x5a,0x5a,0x4c,0x4c,0x5a,0x5a,0x5a,0x5a,0x4d,0x56,
  0x37,0x1c,0x1d,0x5f,0x53,0x59,0x6a,0xcf,0x6a,0xd6,0xd1,0xd1,0x6c,0xf8,0x21,0x0d,0x15,0x0d,0x0d,0x0d,0x0d,0x15,0x0d,0x1f,
  0x68,0x4d,0x4c,0x33,0x4c,0x5a,0x5a,0x37,0x4d,0x4d,0x8c,0x4d,0x1c,0x37,0x53,0x4d,0x53,0x5c,0x5c,0x67,0x61,0x6a,0x67,0xd6,
  0x69,0x17,0x0d,0x15,0x0d,0x0d,0x0d,0x11,0x0d,0x17,0x69,0x5c,0x4d,0x4c,0x31,0x33,0x4d,0x4d,0x4d,0x4d,0x4d,0x4d,0x4d,0x51,
  0x4d,0x37,0x4d,0x56,0x37,0x5c,0x5c,0x5d,0x67,0x67,0xdf,0x1a,0x0d,0x15,0x0d,0x0d,0x0d,0x0d,0x15,0x0d,0x20,0xf8,0x37,0x5a,
  0x4b,0x4b,0x4b,0x4d,0x4d,0x4d,0x4d,0x4d,0x4d,0x4b,0x4b,0x4d,0x8c,0x37,0x4d,0x37,0x37,0x5c,0x5c,0x5c,0xd7,0x21,0x0d,0x15,
  0x0d,0x0d,0x0d,0x0d,0x15,0x0d,0x18,0xe8,0x6c,0x5c,0x37,0x4d,0x4c,0x4d,0x4d,0x31,0x4b,0x4d,0x4d,0x4d,0x4d,0x4b,0x30,0x4f,
  0x4d,0x4d,0x79,0x79,0x77,0xd6,0xd6,0xd6,0x6a,0x6a,0xcf,0x5c,0x5a,0x4d,0x5a,0x4d,0x4d,0x5b,0x38,0x5a,0x5c,0x67,0x36,0x17,
  0x0d,0x15,0x0d,0x0d,0x0d,0x0d,0x15,0x0d,0x21,0xfb,0x5c,0x37,0x4d,0x33,0x33,0x4d,0x78,0x76,0xd6,0x6a,0x6a,0xcf,0xcf,0x67,
  0x5d,0x5c,0x37,0x5a,0x4d,0x32,0x4c,0x1c,0x1f,0x5b,0x5a,0x5c,0x19,0x0d,0x15,0x0d,0x0d,0x0d,0x0d,0x15,0x0d,0x1c,0xff,0xd8,
  0x5c,0x53,0x4b,0x31,0x33,0x4c,0xd6,0x6e,0x6a,0x6d,0x66,0x63,0x39,0x5a,0x5a,0x37,0x5b,0x5a,0x4c,0x32,0x33,0x1d,0x1f,0x5a,
  0x66,0x1a,0x0d,0x15,0x0d,0x0d,0x0d,0x0d,0x0d,0x0d,0x18,0xe0,0xfd,0x6a,0x53,0x28,0x30,0x26,0x31,0x31,0x6a,0xcf,0x68,0x63,
  0x63,0x39,0x5a,0x4d,0x62,0x62,0x5a,0x5a,0x4b,0x28,0x28,0x33,0x4d,0x5e,0x1d,0x0d,0x15,0x0d,0x0d,0x0d,0x0d,0x0d,0x15,0x0d,
  0x27,0xff,0xd2,0x5d,0x37,0x28,0x26,0x24,0x26,0x26,0x68,0x63,0x63,0x63,0x63,0x63,0x5a,0x5a,0x21,0x21,0x62,0x5a,0x5a,0x4d,
  0x4c,0x33,0x50,0x20,0x0d,0x15,0x0d,0x0d,0x0d,0x0d,0x0d,0x15,0x0d,0x1d,0xfd,0xda,0xc1,0x37,0x4d,0x4b,0x26,0x24,0x24,0x24,
  0x62,0x35,0x5a,0x39,0x38,0x38,0x5a,0x66,0x1c,0x1c,0x5e,0x5a,0x5a,0x5a,0x37,0x5e,0x21,0x15,0x15,0x0d,0x0d,0x0d,0x0d,0x0d,
  0x15,0x0d,0x1a,0xfa,0xf4,0x67,0x53,0x28,0x28,0x30,0x30,0x30,0x24,0x24,0xdf,0x6a,0x66,0x62,0x4d,0x35,0x62,0x62,0x4d,0x4d,
  0x4d,0x5a,0xdf,0x66,0x63,0x5a,0x5b,0x20,0x1d,0x62,0x4d,0x4d,0x32,0x4d,0x74,0x38,0x5a,0x4d,0x62,0x1f,0x1c,0x5b,0x4d,0x4d,
  0x33,0x4d,0xd5,0x5a,0x4d,0x4d,0x33,0x35,0x62,0x5a,0x4d,0x33,0x4d,0x4c,0xd5,0x5a,0x4d,0x32,0x33,0x33,0x4c,0x4c,0x33,0x33,
  0x33,0x4c,0xd5,0x5a,0x4c,0x32,0x28,0x28,0x32,0x33,0x33,0x33,0x33,0x4c,0x15,0x15,0x15,0x16,0x0d,0x1c,0x35,0x32,0x34,0x32,
  0x34,0x32,0x26,0x33,0x5a,0x5c,0xf5,0x20,0x0d,0x15,0x0d,0x0d,0x0d,0x0d,0x15,0x0d,0x1d,0xd5,0x4d,0x4c,0x0d,0x0d,0x0d,0x0d,
  0x18,0x32,0x35,0x34,0x34,0x34,0x34,0x32,0x4a,0x33,0x5a,0x5c,0xf5,0x20,0x0d,0x15,0x0d,0x0d,0x0d,0x0d,0x15,0x0d,0x1f,0xd5,
  0x4d,0x32,0x19,0x1a,0x1c,0x1f,0x33,0x50,0x35,0x34,0x2f,0x32,0x34,0x33,0x50,0x4d,0x5e,0x5c,0xf5,0x20,0x0d,0x15,0x0d,0x0d,
  0x0d,0x0d,0x15,0x0d,0x20,0xd5,0x5a,0x33,0x50,0x50,0x51,0x51,0x50,0x34,0x34,0x32,0x29,0x4a,0x32,0x32,0x28,0x5a,0x5b,0x37,
  0xf5,0x20,0x0d,0x15,0x0d,0x0d,0x0d,0x0d,0x15,0x0d,0x20,0xd5,0x4d,0x4c,0x50,0x50,0x4d,0x4d,0x4d,0x34,0x34,0x32,0x34,0x34,
  0x32,0x31,0x24,0x4b,0x5a,0x5c,0xf8,0x1f,0x0d,0x15,0x0d,0x0d,0x0d,0x0d,0x15,0x0d,0x20,0xd5,0x4b,0x4c,0x5a,0x5a,0x5b,0x5a,
  0x35,0x34,0x35,0x34,0x32,0x4c,0x4d,0x4c,0x4b,0x33,0x37,0x5c,0xf8,0x1d,0x0d,0x15,0x0d,0x0d,0x0d,0x0d,0x15,0x0d,0x20,0x68,
  0x4d,0x4c,0x35,0x35,0x35,0x35,0x50,0x50,0x50,0x50,0x50,0x4d,0x4c,0x4c,0x32,0x24,0x34,0x33,0x32,0x33,0x35,0x35,0x35,0x50,
  0x50,0x5a,0x4d,0x4c,0x4a,0x4a,0x2f,0x2f,0x2f,0x2f,0x4a,0x33,0x33,0x33,0x33,0x4c,0x35,0x50,0x35,0x4d,0x4c,0x2f,0x25,0x2f,
  0x2f,0x2e,0x2e,0x2f,0x32,0x32,0x4a,0x4a,0x29,0x34,0x34,0x33,0x4a,0x4a,0x34,0x2e,0x2f,0x32,0x2f,0x2e,0x2e,0x4a,0x34,0x4a,
  0x4a,0x4a,0x2f,0x29,0x4a,0x4a,0x2f,0x4a,0x4a,0x4a,0x32,0x2f,0x23,0x23,0x2f,0x2f,0x4a,0x2f,0x2f,0x4a,0x2e,0x2f,0x2f,0x4a,
  0x2f,0x33,0x2f,0x2f,0x4a,0x2f,0x2e,0x2e,0x2f,0x2f,0x2f,0x2f,0x4a,0x4a,0xd6,0xd2,0xd6,0xd6,0xd6,0x6a,0x6a,0xd6,0xd2,0xac,
  0xcf,0xcf,0xd1,0xd7,0xda,0xdb,0xec,0xd2,0xac,0xc3,0xd7,0xd6,0xd6,0xd6,0xd1,0x6a,0x67,0x67,0x6c,0x6b,0x61,0xc2,0xd1,0xd6,
  0xd6,0xdb,0xec,0xec,0xd2,0xc2,0x67,0x67,0x67,0x6a,0xd6,0x74,0xd7,0x77,0xdf,0xdf,0xdf,0xdd,0xd7,0xd6,0xd7,0xd7,0xdb,0xda,
  0xda,0x70,0xd0,0x6a,0x67,0x6a,0x6a,0x6a,0xd6,0xd7,0xdb,0xda,0xda,0xd6,0xdd,0x20,0x1a,0x20,0x1d,0x1f,0x1f,0x20,0x20,0x21,
  0x27,0x27,0x27,0x36,0x36,0x5d,0x6a,0xd7,0xdd,0xdf,0xdf,0xd6,0xd4,0xd4,0x6a,0xcf,0xcf,0xcf,0x6a,0x6a,0xd6,0xd7,0xd7,0xd6,
  0xd6,0xd1,0x6a,0x6e,0x20,0x20,0x6a,0x5c,0x36,0x27,0x27,0x21,0x21,0x20,0x20,0x20,0x1f,0x1f,0x1f,0x20,0x20,0x1f,0x20,0x5c,
  0xd6,0xd2,0x67,0x6a,0x6a,0x67,0x6a,0x6a,0x6a,0xd6,0xd6,0xd4,0xd6,0xd1,0x6a,0x6a,0x77,0x20,0x1d,0xd6,0xd6,0xd5,0xd5,0xd5,
  0xd7,0xd5,0xd5,0xd6,0xd6,0xd0,0x36,0x21,0x21,0x1f,0x1a,0x5c,0xd0,0xd1,0x67,0x61,0x56,0x67,0x6a,0x6a,0x6a,0x6a,0xd1,0xd6,
  0x6a,0x6a,0x6a,0x6a,0x67,0xd7,0x21,0x1d,0x5c,0xd0,0x5d,0x5d,0xc1,0xcf,0x5c,0x36,0x27,0x21,0x21,0x36,0x5c,0x1d,0x36,0xd0,
  0xc1,0xc3,0x67,0xc0,0x42,0x5d,0x6a,0xcf,0x6a,0x6a,0xd0,0xcf,0xcf,0xcf,0xcf,0xcf,0xcf,0x67,0xd7,0x27,0x1f,0x67,0x5d,0x5c,
  0x36,0x21,0x21,0x21,0x27,0x5c,0xd5,0x67,0x1c,0x27,0xd5,0x5d,0xc1,0x61,0x61,0x5d,0x61,0xcf,0x6a,0xcf,0x6a,0x6a,0x6a,0x6a,
  0x6a,0x6a,0x6a,0x67,0xcf,0xcf,0x67,0x77,0x21,0x21,0x27,0x21,0x27,0x36,0x5f,0xcf,0xd6,0xd5,0x67,0x1d,0x27,0xd5,0x5f,0x5d,
  0xc1,0xc1,0x5d,0xcf,0x6a,0x6a,0x6a,0xcf,0x6a,0x6a,0xcf,0x6a,0x6a,0x6a,0x67,0x6a,0x6a,0x67,0x5d,0x20,0x27,0x37,0xcf,0xc0,
  0xc0,0xcf,0x21,0x1c,0x19,0x1c,0x5d,0xc0,0x5f,0x5d,0x6a,0x6a,0xcf,0x6a,0x6a,0x6a,0x6a,0x67,0xcf,0x6a,0xcf,0x67,0x61,0x61,
  0x61,0xc1,0xd7,0x27,0x20,0x61,0x5f,0x5c,0xc0,0x1c,0x0d,0x0d,0x0d,0x0d,0x17,0x21,0xcf,0x60,0x61,0x6a,0xcf,0x6a,0x6a,0x67,
  0xcf,0x6a,0x6a,0x67,0x6a,0x6a,0x61,0x61,0xcf,0x36,0x1a,0x21,0x20,0x36,0x5c,0xc0,0x1d,0x0d,0x15,0x15,0x15,0x15,0x0d,0x17,
  0x37,0xc0,0x5c,0x61,0x6a,0x6a,0x61,0x6a,0xcf,0x67,0x61,0xcf,0xcf,0x61,0x6a,0x67,0xcf,0x36,0x17,0x20,0x27,0x27,0x66,0x37,
  0x17,0x0d,0x0d,0x0d,0x0d,0x0d,0x15,0x0d,0x1d,0xd5,0x37,0x5c,0x61,0x67,0x61,0x61,0x61,0x61,0xc1,0x27,0x36,0xc1,0x61,0xc1,
  0x61,0xcf,0x5c,0x66,0x20,0x37,0xcf,0x21,0x0d,0x15,0x0d,0x0d,0x0d,0x0d,0x11,0x0d,0x18,0x5d,0x5c,0x61,0x5d,0x5c,0x5d,0x66,
  0x5d,0xc0,0x36,0x0d,0x1a,0xd5,0x60,0xc1,0xc1,0x5d,0x5d,0x37,0x20,0x5c,0xd5,0x1c,0x0d,0x15,0x0d,0x0d,0x0d,0x0d,0x0d,0x15,
  0x0d,0x21,0x0d,0x18,0x5a,0x5a,0x5a,0x5e,0x5c,0x5c,0x66,0xcf,0xc0,0x5c,0x5f,0x5d,0x5d,0x5d,0x1f,0x27,0x67,0x5d,0x60,0x61,
  0x61,0xc0,0x36,0x20,0xd5,0x27,0x16,0x15,0x0d,0x11,0x0d,0x21,0x5b,0x5a,0x5a,0x53,0x5c,0xc0,0x36,0x36,0x66,0x5c,0x5c,0x5c,
  0x5d,0xd5,0xc0,0x5d,0x60,0x60,0x60,0x5c,0xc0,0x28,0x21,0x27,0x1a,0x11,0x11,0x0d,0x15,0x0d,0x1f,0x5e,0x4d,0x5a,0x5a,0x5a,
  0x5c,0x17,0x19,0x68,0x5c,0x5c,0x5c,0x5c,0x5c,0x5c,0x60,0x60,0x60,0x9f,0x53,0x5f,0x28,0x1f,0x1f,0x1d,0x0d,0x15,0x0d,0x15,
  0x0d,0x1c,0x5e,0x5a,0x5a,0x5a,0x5a,0x66,0x1f,0x20,0x67,0x5c,0x5c,0x5c,0x5c,0x5c,0x5c,0x5c,0x5d,0x9f,0x5d,0x37,0x66,0x20,
  0x1a,0x5c,0x19,0x0d,0x15,0x0d,0x15,0x0d,0x1d,0x66,0x4d,0x4d,0x5a,0x5a,0x5c,0xc0,0xcf,0x5c,0x5c,0x5c,0x5c,0x5f,0x5c,0x5f,
  0x5c,0x5c,0x5c,0x5c,0x53,0x5f,0x21,0x37,0x27,0x11,0x0d,0x0d,0x0d,0x11,0x16,0x16,0x21,0x62,0x4d,0x5a,0x4b,0x5f,0x5a,0x37,
  0x5c,0x5b,0x53,0x5f,0x5e,0x9b,0x53,0x5c,0x5c,0x5c,0x53,0x9b,0x53,0x5f,0xcf,0x1d,0x0d,0x15,0x0d,0x0d,0xd7,0xd2,0xd6,0x70,
  0xd7,0xdc,0xec,0xda,0xfb,0x20,0x0d,0x15,0x0d,0x0d,0x0d,0x0d,0x0d,0x16,0x1d,0x28,0x5a,0x4d,0x4d,0x5a,0x5a,0x5a,0x53,0x4d,
  0x8c,0x5a,0x5b,0x5a,0x8c,0x59,0x53,0x5c,0x5c,0x53,0x59,0x53,0x53,0x5c,0xd6,0xd6,0xd6,0x70,0xd7,0xdb,0xda,0xec,0xf7,0x19,
  0x0d,0x15,0x0d,0x0d,0x0d,0x15,0x0d,0x18,0xcf,0x5a,0x5a,0x4c,0x4c,0x5a,0x5a,0x5a,0x5a,0x4d,0x5a,0x5a,0x56,0x56,0x4d,0x56,
  0x59,0x59,0x53,0x59,0x53,0x5f,0xcf,0x27,0x6a,0xcf,0x6a,0xd6,0xd1,0xd1,0x6c,0xfb,0x21,0x0d,0x15,0x0d,0x0d,0x0d,0x0d,0x15,
  0x0d,0x1f,0x68,0x4d,0x4c,0x33,0x4c,0x5a,0x5a,0x37,0x4d,0x4d,0x4d,0x37,0x56,0x53,0x37,0x53,0x53,0x8c,0x56,0x53,0x53,0x5c,
  0xd6,0x1f,0x5c,0x5c,0x67,0x61,0x67,0x67,0xd6,0x69,0x17,0x0d,0x15,0x0d,0x0d,0x0d,0x0d,0x0d,0x17,0x69,0x5a,0x4d,0x4c,0x31,
  0x33,0x4d,0x4d,0x4d,0x4d,0x4d,0x4d,0x4d,0x4d,0x4d,0x4d,0x4d,0x56,0x4d,0x56,0x53,0x5f,0x5c,0xc1,0x19,0x5a,0x5c,0x5c,0x5c,
  0xd5,0xd6,0xdd,0x1c,0x0d,0x15,0x0d,0x0d,0x0d,0x0d,0x15,0x0d,0x20,0xf8,0x37,0x5a,0x4b,0x4b,0x4b,0x4d,0x4d,0x4d,0x4d,0x4d,
  0x4d,0x4b,0x4b,0x4d,0x8c,0x37,0x4d,0x4d,0x37,0x4d,0x53,0xc1,0x27,0x16,0x5a,0x37,0x5c,0xcf,0x21,0x27,0x27,0x0d,0x15,0x0d,
  0x0d,0x0d,0x0d,0x15,0x0d,0x18,0xe8,0x6c,0x5c,0x37,0x4d,0x4c,0x4d,0x4d,0x31,0x4b,0x4d,0x4d,0x4d,0x4d,0x4b,0x30,0x4f,0x4d,
  0x4d,0x4d,0x4d,0x56,0x59,0xd6,0x20,0x0d,0x79,0x79,0x77,0xd6,0xd6,0xd6,0x6a,0x6a,0xcf,0x5c,0x5a,0x4d,0x37,0x4d,0x4d,0x4d,
  0x5a,0x37,0x67,0x1d,0x1a,0x18,0x0d,0x0d,0x78,0x76,0xd6,0x6a,0x6a,0xcf,0xcf,0x67,0x5d,0x5c,0x37,0x4d,0x5b,0x4c,0x33,0x33,
  0x4d,0x37,0x5a,0x66,0x19,0x0d,0x15,0x0d,0xd6,0x6e,0x6a,0x6d,0x66,0x63,0x39,0x5a,0x5b,0x37,0x5b,0x5a,0x21,0x1f,0x4c,0x28,
  0x4b,0x37,0x66,0x1a,0x0d,0x15,0x0d,0x0d,0x6a,0xcf,0x68,0x63,0x63,0x39,0x5a,0x5a,0x5a,0x5a,0x5a,0x5e,0x1d,0x1a,0x33,0x31,
  0x4b,0x5e,0x1d,0x0d,0x15,0x0d,0x0d,0x0d,0x68,0x63,0x63,0x63,0x63,0x63,0x5b,0x4d,0x5a,0x5a,0x5a,0x5a,0x5a,0x5a,0x33,0x28,
  0x51,0x20,0x0d,0x15,0x0d,0x0d,0x0d,0x0d,0x5a,0x35,0x5a,0x39,0x39,0x38,0x36,0x5a,0x5a,0x5a,0x5a,0x5a,0x5a,0x5a,0x5a,0x5e,
  0x21,0x15,0x15,0x0d,0x0d,0x0d,0x0d,0x0d,0x6a,0x66,0x62,0x4d,0x4d,0x62,0x5a,0x5a,0x28,0x21,0x5a,0x66,0x63,0x5a,0x5a,0x5a,
  0x5a,0x5a,0x5a,0x35,0x32,0x4c,0x38,0x5a,0x32,0x35,0x5a,0x4d,0x4d,0x5a,0x4d,0x33,0x4d,0x62,0x28,0x26,0x32,0x4c,0x5a,0x5a,
  0x4d,0x33,0x4d,0x4c,0x5a,0x35,0x33,0x33,0x33,0x4c,0x4c,0x33,0x33,0x33,0x4c,0x5a,0x4c,0x32,0x32,0x28,0x32,0x33,0x33,0x33,
  0x33,0x4c,0x0d,0x18,0x32,0x35,0x34,0x34,0x34,0x34,0x32,0x4a,0x33,0x5a,0x5c,0xf8,0x1f,0x33,0x50,0x35,0x34,0x2f,0x29,0x34,
  0x33,0x4d,0x4d,0x5e,0x37,0x36,0x51,0x50,0x34,0x34,0x32,0x29,0x4a,0x32,0x4c,0x4d,0x5a,0x5b,0x37,0x36,0x4d,0x4d,0x34,0x34,
  0x32,0x34,0x34,0x32,0x33,0x33,0x33,0x5a,0x5c,0xf8,0x51,0x34,0x34,0x35,0x34,0x32,0x4c,0x4d,0x4c,0x31,0x33,0x37,0x5c,0xf5,
  0x33,0x34,0x34,0x2f,0x2f,0x33,0x36,0xf3,0xd6,0xd7,0xd6,0x6e,0xd6,0xd6,0xd1,0xd6,0xd1,0x19,0x0d,0x16,0x36,0xfb,0xed,0xec,
  0xdd,0x21,0x0d,0x15,0x0d,0x18,0xac,0xee,0xec,0xec,0xec,0xec,0xc4,0x91,0x30,0x18,0x0d,0x0d,0xdf,0xd7,0xd6,0xd6,0xd1,0x6a,
  0x6a,0x6a,0xd1,0x1d,0x0d,0x17,0x20,0x27,0x36,0x69,0xec,0xd0,0x1a,0x16,0x17,0x21,0xec,0xec,0xd8,0xd8,0xda,0xda,0xdb,0xa0,
  0x87,0x4e,0x1c,0x18,0x70,0xd7,0xd1,0xd6,0x6a,0x6a,0x6a,0x6e,0xc2,0xa2,0x21,0x36,0x1f,0x1a,0x21,0x20,0x1f,0x1f,0x1f,0x1c,
  0x20,0x36,0xbb,0xed,0xf8,0xf5,0xf5,0xdd,0xdb,0xc3,0x8b,0x87,0x8c,0x7b,0xd6,0xd2,0xd6,0xd6,0xd6,0x6a,0x6a,0xd6,0xd2,0xac,
  0xcf,0xd0,0xdd,0x20,0x27,0xfb,0x69,0x36,0x27,0x27,0x20,0x1f,0x20,0x1f,0x20,0x21,0x27,0x27,0x5d,0x70,0xd4,0xac,0x87,0x8b,
  0xd6,0xd6,0xd6,0xd6,0xd6,0xd6,0x6a,0x6a,0xd1,0xd0,0xc1,0xc2,0xd6,0x77,0x1d,0x21,0xfb,0xed,0xdb,0xd6,0xd7,0xdd,0x70,0x69,
  0x36,0x27,0x21,0x20,0x1f,0x1c,0x1d,0x21,0xc3,0xa2,0xd1,0xd1,0xd6,0xd0,0xd1,0xcf,0xcf,0x6a,0xd1,0xd6,0xd6,0xd4,0xd1,0xd1,
  0xdf,0x1d,0x21,0xf7,0xda,0x70,0xd1,0xd7,0xdd,0xdd,0xdb,0x69,0x36,0x27,0x27,0x27,0x1a,0x21,0xd6,0xcf,0xd7,0xd6,0x6a,0x6a,
  0xcf,0x6a,0x6a,0x6a,0x6a,0x6a,0xd6,0xd6,0xd4,0xd1,0xd0,0xd0,0xd6,0xdd,0x20,0x27,0xdd,0xdb,0x6a,0x36,0x27,0x21,0x21,0x27,
  0x27,0x5c,0x70,0x1f,0x21,0xd5,0xd1,0x6a,0x6a,0x6a,0x6a,0x6a,0x6a,0x6a,0xcf,0x67,0xcf,0xd6,0xd1,0xcf,0x6a,0xcf,0xc1,0xd6,
  0x5c,0x20,0x5c,0x27,0x21,0x27,0x27,0x5c,0xd0,0xd7,0xdf,0xd6,0x1d,0x21,0xc0,0x5f,0xd0,0x6a,0x6a,0x6a,0xcf,0x67,0x67,0x67,
  0x6a,0x61,0x61,0x67,0x67,0x61,0x61,0x61,0x6a,0x6a,0xdd,0x21,0x27,0x36,0xc2,0xd6,0xd7,0xd1,0xcf,0xd6,0x67,0x1d,0x27,0xdd,
  0x61,0x5e,0x6a,0x6a,0x6a,0x6a,0x6a,0x6a,0x6a,0x61,0x6a,0x61,0x66,0x67,0xc0,0x66,0x66,0x66,0xc1,0xd5,0xdd,0x36,0x20,0x5d,
  0xc1,0xc1,0xcf,0x61,0xd6,0x5c,0x1d,0x27,0xdd,0xc2,0xd4,0x9f,0xcf,0xcf,0xcf,0xcf,0x6a,0x6a,0x6a,0x6a,0x61,0x5c,0x5c,0x5d,
  0x66,0x66,0x5c,0x5c,0xc1,0x36,0x18,0x21,0x21,0x36,0xcf,0xc1,0x61,0xd6,0x36,0x1c,0x36,0xd6,0xc2,0xc3,0xc3,0xcf,0x6a,0x6a,
  0x67,0xcf,0xcf,0xcf,0x6a,0x67,0x60,0x5c,0x5c,0xcf,0xc0,0x5d,0x5d,0xd5,0xd5,0x5c,0x19,0x21,0x27,0x27,0xcf,0x60,0xd6,0x36,
  0x1c,0x36,0xd6,0x61,0xc1,0xc1,0x61,0xc1,0x6a,0x6a,0x6a,0xcf,0x6a,0x6a,0xcf,0x6a,0x6a,0x6a,0x67,0x6a,0x6a,0x67,0x61,0x5d,
  0x5c,0xc0,0x27,0x36,0xc0,0xcf,0x21,0x1c,0x1c,0x20,0x5c,0x21,0x5c,0x5d,0xd5,0x27,0x1c,0x36,0xd1,0x61,0xcf,0xcf,0x6a,0x6a,
  0x6a,0x6a,0x67,0xcf,0x6a,0xcf,0x67,0x61,0x5d,0x5d,0x61,0x67,0x5c,0xc0,0x36,0x0d,0x1a,0xd5,0x1c,0x0d,0x0d,0x0d,0x0d,0x17,
  0x1f,0xcf,0xd5,0x27,0x1c,0x5c,0xc3,0x61,0x61,0xc1,0xcf,0x6a,0x6a,0x67,0xcf,0x6a,0x6a,0x67,0x6a,0xc1,0xcf,0xd5,0xd6,0x67,
  0x61,0x5d,0x60,0x61,0x20,0x28,0x1f,0x0d,0x15,0x15,0x15,0x16,0x0d,0x17,0x5c,0x27,0x1c,0x5c,0xc3,0x61,0x61,0xc1,0xc1,0x6a,
  0x6a,0x61,0x6a,0xcf,0x67,0x61,0x61,0x61,0x61,0x6a,0x1c,0x1d,0xd5,0x60,0x67,0x5c,0x5c,0xc0,0x37,0x16,0x0d,0x15,0x0d,0x0d,
  0x0d,0x15,0x0d,0x1a,0x1f,0x5f,0xc0,0xa2,0x60,0x61,0xac,0x61,0x61,0x67,0x61,0x61,0x60,0x60,0x61,0x61,0x5d,0x61,0x67,0x18,
  0x1a,0xd5,0x5c,0x5c,0x5c,0x37,0xc0,0x20,0x0d,0x15,0x0d,0x0d,0x0d,0x0d,0x0d,0x0d,0x17,0x5d,0x9f,0x5d,0x9f,0x9f,0x60,0x60,
  0x60,0x66,0x5c,0x5d,0x5d,0xcf,0xd5,0x9f,0x5c,0x5c,0x60,0xcf,0xc1,0x6a,0x61,0x5c,0x5c,0x5c,0x37,0xd5,0x1c,0x0d,0x15,0x0d,
  0x0d,0x0d,0x0d,0x0d,0x15,0x15,0x21,0xcf,0x9f,0xa2,0x9f,0x9f,0x9f,0x9f,0x0d,0x18,0x5a,0x5a,0x5a,0x5e,0x5c,0x5c,0x61,0xc0,
  0x60,0x5c,0xcf,0x1f,0x1d,0xcf,0x5f,0x9f,0x5c,0x5d,0x61,0x61,0x61,0x61,0x5c,0x5c,0x5c,0x5d,0x18,0x0d,0x11,0x11,0x0d,0x21,
  0x62,0x5a,0x5a,0x37,0x5c,0x5c,0x5c,0x66,0x5c,0xcf,0x20,0x20,0xcf,0x5c,0x5c,0x5d,0x60,0x60,0x60,0x5c,0x5c,0x53,0x4d,0xc0,
  0x27,0x0d,0x15,0x0d,0x15,0x0d,0x1f,0x5e,0x4d,0x5a,0x66,0x5e,0x5f,0x5d,0x5c,0x5d,0x5c,0xcf,0xcf,0x5c,0x5c,0x5c,0x60,0x60,
  0x60,0x9f,0x53,0x53,0x53,0x4d,0xd5,0x1d,0x0d,0x15,0x0d,0x15,0x0d,0x1c,0x5e,0x5a,0x5b,0x1c,0x20,0xcf,0x5c,0x5c,0x5c,0x5c,
  0x5c,0x5c,0x5c,0x5c,0x5c,0x5c,0x5d,0x9f,0x5d,0x5c,0x53,0x53,0x53,0xc1,0x19,0x0d,0x15,0x0d,0x15,0x0d,0x1c,0x5e,0x4d,0x5b,
  0x1d,0x20,0xcf,0x5c,0x5c,0x5c,0x5c,0x5c,0x5c,0x5f,0x5c,0x5f,0x5c,0x5c,0x5c,0x5c,0x53,0x53,0x53,0xc0,0x27,0x15,0x0d,0x0d,
  0x0d,0x15,0x0d,0x1f,0x5e,0x4d,0x4d,0x5e,0x51,0x53,0x5b,0x37,0x5c,0x5b,0x53,0x5f,0x5e,0x9b,0x53,0x5c,0x5c,0x5c,0x53,0x9b,
  0x53,0x37,0xcf,0x1d,0x0d,0x15,0x0d,0x0d,0x70,0xd7,0xdc,0xec,0xda,0xfb,0x20,0x0d,0x15,0x0d,0x0d,0x0d,0x0d,0x0d,0x16,0x27,
  0x5b,0x5a,0x4d,0x4d,0x5a,0x5a,0x5a,0x53,0x4d,0x8c,0x5a,0x5b,0x5a,0x8c,0x59,0x53,0x5c,0x5c,0x53,0x59,0x53,0x53,0xa2,0x70,
  0xd7,0xdb,0xda,0xec,0xf7,0x19,0x0d,0x15,0x0d,0x0d,0x0d,0x15,0x0d,0x18,0x5c,0x5a,0x5a,0x4c,0x4c,0x5a,0x5a,0x5a,0x5a,0x4d,
  0x5a,0x5a,0x56,0x56,0x4d,0x56,0x59,0x59,0x53,0x59,0x53,0x5f,0xcf,0x27,0xd6,0xd1,0xd1,0x6c,0xfb,0x21,0x0d,0x15,0x0d,0x0d,
  0x0d,0x0d,0x15,0x0d,0x1f,0x68,0x4d,0x4c,0x33,0x4c,0x5a,0x5a,0x37,0x4d,0x4d,0x4d,0x37,0x56,0x53,0x37,0x53,0x53,0x8c,0x56,
  0x53,0x53,0x5c,0xd6,0x1f,0x61,0x6a,0x67,0xd6,0x69,0x17,0x0d,0x15,0x0d,0x0d,0x0d,0x11,0x0d,0x17,0x69,0x5c,0x4d,0x4c,0x31,
  0x33,0x4d,0x4d,0x4d,0x4d,0x4d,0x4d,0x4d,0x4d,0x4d,0x4d,0x4d,0x56,0x4d,0x56,0x53,0x5f,0x5c,0xc1,0x19,0x5d,0x67,0x67,0xdf,
  0x1c,0x0d,0x15,0x0d,0x0d,0x0d,0x0d,0x15,0x0d,0x20,0xf8,0x37,0x5a,0x4b,0x4b,0x4b,0x4d,0x4d,0x4d,0x4d,0x4d,0x4d,0x4b,0x4b,
  0x4d,0x8c,0x37,0x4d,0x4d,0x37,0x4d,0x53,0xc1,0x27,0x16,0x5c,0x5c,0xd7,0x21,0x0d,0x15,0x0d,0x0d,0x0d,0x0d,0x15,0x0d,0x18,
  0xe8,0x6c,0x5c,0x37,0x4d,0x4c,0x4d,0x4d,0x31,0x4b,0x4d,0x4d,0x4d,0x4d,0x4b,0x30,0x4f,0x4d,0x4d,0x4d,0x4d,0x56,0x59,0xd6,
  0x20,0x0d,0x77,0xd6,0xd6,0xd6,0x6a,0x6a,0xcf,0x5c,0x5a,0x4d,0x5a,0x4d,0x4d,0x4d,0x5a,0x37,0x5c,0x67,0x36,0x17,0x0d,0x11,
  0xd6,0x6a,0x6a,0xcf,0xcf,0x67,0x5d,0x5c,0x37,0x5a,0x4d,0x33,0x33,0x4c,0x28,0x21,0x66,0x53,0x19,0x0d,0x15,0x0d,0x6a,0x6d,
  0x66,0x63,0x39,0x5a,0x5b,0x37,0x5b,0x5a,0x4c,0x32,0x33,0x32,0x33,0x5a,0x66,0x1a,0x0d,0x15,0x0d,0x0d,0x68,0x63,0x63,0x39,
  0x5a,0x5a,0x5a,0x5a,0x5a,0x5a,0x4b,0x28,0x28,0x33,0x4b,0x5e,0x1d,0x0d,0x15,0x0d,0x0d,0x0d,0x62,0x63,0x63,0x63,0x5a,0x4d,
  0x5a,0x28,0x21,0x5b,0x5a,0x4d,0x4c,0x33,0x51,0x20,0x0d,0x15,0x0d,0x0d,0x0d,0x0d,0x5a,0x39,0x38,0x38,0x5a,0x5a,0x5a,0x5a,
  0x5a,0x5a,0x5a,0x5a,0x5a,0x5e,0x21,0x15,0x15,0x0d,0x0d,0x0d,0x0d,0x0d,0xdf,0x6a,0x66,0x62,0x4d,0x4d,0x62,0x62,0x4d,0x4d,
  0x4d,0x5a,0xdf,0x66,0x63,0x62,0x4d,0x62,0x28,0x21,0x5b,0x4d,0x32,0x4d,0x74,0x38,0x5a,0x35,0x35,0x35,0x5a,0x4d,0x5a,0x4d,
  0x33,0x4d,0x74,0x5a,0x4d,0x4d,0x32,0x4c,0x5a,0x5a,0x4d,0x33,0x4d,0x4c,0x27,0x39,0x4d,0x33,0x33,0x33,0x4c,0x4c,0x33,0x33,
  0x33,0x4c,0xcf,0x5a,0x4d,0x32,0x32,0x28,0x32,0x33,0x33,0x33,0x33,0x4c,0x5c,0xf5,0x20,0x0d,0x15,0x0d,0x0d,0x0d,0x0d,0x15,
  0x0d,0x1f,0x5c,0xf5,0x20,0x0d,0x15,0x0d,0x0d,0x0d,0x0d,0x15,0x0d,0x1f,0x5c,0xf5,0x20,0x0d,0x15,0x0d,0x0d,0x0d,0x0d,0x15,
  0x0d,0x20,0x37,0xf5,0x20,0x0d,0x15,0x0d,0x0d,0x0d,0x0d,0x15,0x0d,0x20,0x5c,0xf8,0x1f,0x0d,0x15,0x0d,0x0d,0x0d,0x0d,0x15,
  0x0d,0x20,0x5c,0xf8,0x1d,0x0d,0x15,0x0d,0x0d,0x0d,0x0d,0x15,0x0d,0x20,0xd8,0xf3,0xec,0xf8,0x1f,0x0d,0x0d,0x1f,0x1d,0x0d,
  0x0d,0x21,0xfd,0xed,0xec,0xf3,0x36,0x16,0x0d,0x19,0xdb,0xd2,0xd0,0x6a,0x6a,0xd6,0x69,0x19,0x0d,0x19,0x69,0xf3,0xec,0xfb,
  0x27,0x16,0x0d,0x18,0x17,0x0d,0x17,0x5c,0xfb,0xfb,0xfb,0xf3,0x9f,0x19,0x0d,0x16,0x27,0xdf,0x67,0x61,0xd5,0x5c,0x19,0x0d,
  0x16,0x27,0x69,0xf7,0xec,0xf7,0xc4,0x18,0x0d,0x0d,0x0d,0x0d,0x1c,0x27,0x1c,0x21,0x27,0x36,0xd1,0x20,0x15,0x0d,0x19,0x5c,
  0xd5,0xd5,0x27,0x18,0x0d,0x0d,0x20,0xdb,0x69,0xf7,0xda,0xec,0xdd,0x1c,0x0d,0x15,0x15,0x0d,0x21,0xf3,0x1d,0x20,0x27,0x20,
  0x1d,0x1f,0x17,0x0d,0x0d,0x18,0x1c,0x1a,0x15,0x0d,0x0d,0x1d,0xc4,0xc5,0x16,0x36,0xf5,0xd8,0xda,0xdd,0x21,0x0d,0x15,0x0d,
  0x18,0x5d,0xf7,0xec,0x1f,0x69,0xfb,0x5c,0x30,0x21,0x18,0x0d,0x0d,0x0d,0x0d,0x0d,0x17,0x20,0xd5,0xac,0xda,0xec,0x5c,0x17,
  0x0d,0x18,0x69,0xed,0xda,0xda,0xec,0x6b,0x1a,0x0d,0x16,0x20,0xdb,0xda,0xed,0x69,0x1c,0x69,0xdd,0xaa,0x91,0x4e,0x1c,0x18,
  0x16,0x18,0x1a,0x1b,0x21,0x27,0x69,0xf7,0xfb,0xd8,0x19,0x0d,0x36,0xdd,0xda,0xda,0xec,0xec,0xc5,0x53,0x21,0x27,0xc3,0xd8,
  0xec,0xd2,0xf5,0x36,0x1d,0xda,0xc2,0x54,0x87,0x8c,0x7c,0x42,0x8d,0xc0,0x53,0x21,0x20,0x1d,0x1d,0x21,0xd0,0x37,0x21,0xcf,
  0xd1,0xd7,0xda,0xda,0xec,0xd2,0xac,0xc3,0xc3,0xc4,0xda,0xda,0xdb,0xd2,0xf8,0x21,0x21,0xdb,0xc5,0xa3,0x54,0x81,0x52,0x27,
  0x30,0x27,0x27,0x27,0x27,0x1c,0x1d,0xc2,0xa3,0xc1,0xc2,0xd6,0xd6,0xd6,0xdb,0xec,0xec,0xd2,0xc2,0xc2,0xda,0xda,0xd7,0xd4,
  0xd6,0xd7,0xd2,0x20,0x5c,0x27,0x21,0x21,0x21,0x21,0x27,0x36,0x36,0xc2,0x6e,0x1f,0x21,0xdf,0xd1,0x60,0xc1,0xd4,0xd1,0xd4,
  0xd6,0xd7,0xda,0xda,0xda,0xdb,0xd1,0xd6,0xd6,0xd4,0xd4,0xd4,0xc4,0xdd,0x21,0x27,0x36,0x5c,0x6b,0xd6,0xd6,0xd6,0xc3,0xd5,
  0x36,0x1c,0x21,0xdf,0xc2,0xd1,0xd1,0xc2,0x6a,0x6a,0xd6,0xd6,0xd4,0xd1,0xd0,0xd0,0xd1,0xd4,0xd6,0xd6,0xd6,0xd6,0xc2,0xd4,
  0xd4,0xd4,0xd4,0xd4,0xd7,0xdd,0x36,0x20,0x8f,0xa3,0xc1,0xc1,0xc1,0xc1,0xd5,0x21,0x1c,0x36,0xd7,0xc1,0xcf,0x67,0xcf,0xd6,
  0xd1,0xcf,0x6a,0xcf,0xcf,0xd1,0xd6,0xd6,0xd4,0xd1,0xd6,0xd6,0xd4,0xd4,0xd0,0xd7,0x36,0x18,0x21,0x21,0x4e,0xc0,0x61,0x5d,
  0xc1,0xd5,0x20,0x1d,0x5d,0xc0,0x5e,0xc1,0x6a,0x61,0x61,0x67,0x67,0x61,0x61,0x61,0x6a,0x6d,0xd1,0xd1,0xd1,0xd6,0x36,0x6a,
  0xd1,0xc3,0xc2,0xd6,0x36,0x19,0x21,0x27,0x5c,0x9d,0x51,0x9d,0x37,0x1d,0x20,0xc0,0x5e,0x5e,0x9d,0x60,0x6a,0x61,0x66,0x67,
  0xc0,0x66,0x66,0x66,0xc1,0x6a,0xd0,0x6a,0xd5,0x36,0x11,0x1c,0xd7,0x61,0xc1,0xc3,0xd1,0xdf,0x5c,0x21,0xdb,0x5f,0x9d,0x30,
  0x1c,0x21,0xcf,0x5d,0x9b,0x9b,0x9d,0x9f,0x61,0x5c,0x5c,0xc0,0xc0,0x5c,0x5d,0xc0,0xcf,0x67,0x67,0x67,0xcf,0x5d,0x1d,0x21,
  0xd5,0xc1,0xc1,0xc1,0xc1,0xd6,0x27,0x27,0xd6,0xd6,0x21,0x1d,0x4b,0x66,0x5f,0x9f,0x4d,0x51,0x5e,0x9d,0x5d,0x5c,0x5c,0x5c,
  0x5d,0xc0,0x61,0x1a,0x1d,0x78,0xd5,0xc1,0x9f,0xc0,0xd5,0xd0,0xc1,0xcf,0xc1,0xc1,0xc1,0xc3,0x21,0xac,0xd6,0x20,0x1d,0x61,
  0xcf,0x9f,0x9d,0x5e,0x51,0x50,0x9b,0x51,0x6a,0x6a,0xcf,0x6a,0x6a,0xcf,0x6a,0x6a,0x6a,0x67,0x6a,0x6a,0x67,0x61,0xc0,0x66,
  0x5c,0x5c,0x5d,0xc0,0xcf,0x17,0x16,0x1c,0x20,0x37,0xcf,0x5f,0xa2,0x60,0xc1,0xc1,0x61,0xc1,0xcf,0x36,0x21,0x69,0x1d,0x21,
  0xd6,0xc0,0xa2,0x6a,0x6a,0x6a,0x6a,0x67,0xcf,0x6a,0xcf,0x67,0x61,0x61,0x61,0x61,0x6a,0x36,0x37,0xc0,0x5c,0x5c,0xc0,0x1c,
  0x16,0x0d,0x0d,0x0d,0x17,0x21,0xcf,0x60,0xc1,0xc1,0x61,0xc1,0xc1,0xd0,0x27,0x21,0x1d,0x27,0xd6,0x60,0x60,0xa2,0x6a,0x6a,
  0x67,0xcf,0x6a,0x6a,0x67,0x67,0x67,0x6a,0x61,0x61,0x67,0xd5,0x1c,0x1c,0xd5,0x37,0xc0,0x1d,0x0d,0x0d,0x0d,0x15,0x16,0x0d,
  0x17,0x37,0xc0,0x9f,0x9f,0xc1,0xc1,0x61,0xd1,0x1d,0x1c,0x36,0xd0,0xa0,0xa2,0x9e,0xa2,0x6a,0x61,0x6a,0xcf,0x67,0x61,0x61,
  0xd5,0xd6,0x67,0x6a,0x61,0x61,0xc1,0x27,0x27,0x5d,0x53,0x37,0x17,0x0d,0x15,0x0d,0x0d,0x0d,0x15,0x0d,0x1d,0xd5,0x9f,0x9f,
  0x9f,0x60,0x61,0xc1,0x27,0x5d,0xcf,0x60,0xac,0xa0,0xa0,0x9e,0x67,0x61,0x61,0x61,0x61,0x60,0xcf,0x21,0x20,0xd5,0x61,0x61,
  0x61,0x5c,0xc0,0x67,0x37,0xc0,0x21,0x0d,0x15,0x0d,0x0d,0x0d,0x0d,0x11,0x0d,0x18,0x5d,0xa3,0x9f,0x9f,0x9f,0x60,0x60,0xcf,
  0xc1,0x60,0x9f,0xa2,0xa0,0x9e,0x9e,0x5f,0x5f,0x66,0x5d,0x61,0x5c,0xd5,0x1f,0x1c,0xd5,0x61,0xc1,0x61,0x5c,0x5f,0x5c,0x37,
  0xd5,0x1c,0x0d,0x15,0x0d,0x0d,0x0d,0x0d,0x0d,0x15,0x0d,0x21,0xcf,0x9f,0xa2,0x9f,0x9f,0x9f,0xa2,0xac,0xac,0xa2,0xa0,0x9e,
  0xa0,0x9e,0x5a,0x5a,0x5a,0x5e,0x5c,0x5c,0x61,0x60,0xd5,0xcf,0x5f,0x5d,0x5c,0x5d,0x5c,0xc0,0xcf,0x21,0x5b,0x5a,0x5a,0x53,
  0x5c,0x5c,0xc1,0x21,0x21,0xc0,0x5c,0x5c,0x5d,0x5c,0x5c,0x5d,0x1f,0x5e,0x4d,0x5a,0x5a,0x5a,0x5f,0xd5,0x1c,0x1d,0xd5,0x5c,
  0x5c,0x5c,0x5c,0x5c,0x60,0x1c,0x5e,0x62,0x5a,0x5a,0x5a,0x5c,0x5d,0x67,0x66,0x5c,0x5c,0x5c,0x5c,0x5c,0x5c,0x5c,0x1d,0x28,
  0x21,0x5a,0x5a,0x5a,0x5c,0x5c,0x5c,0x37,0x5c,0x5c,0x5c,0x5f,0x5c,0x5f,0x5c,0x20,0x1d,0x1a,0x5b,0x4d,0x4d,0x5f,0x5b,0x37,
  0x5c,0x5b,0x53,0x5f,0x5e,0x9b,0x53,0x5c,0xd7,0xdc,0xec,0xda,0xfb,0x20,0x0d,0x15,0x0d,0x0d,0x0d,0x0d,0x0d,0x16,0x27,0x5e,
  0xd7,0xdb,0xda,0xec,0xf7,0x19,0x0d,0x15,0x0d,0x0d,0x0d,0x15,0x0d,0x18,0x5c,0x5a,0xd1,0xd1,0x6c,0xfb,0x21,0x0d,0x15,0x0d,
  0x0d,0x0d,0x0d,0x15,0x0d,0x1f,0x68,0x4d,0x6a,0x67,0xd6,0x69,0x17,0x0d,0x15,0x0d,0x0d,0x0d,0x11,0x0d,0x17,0x69,0x5c,0x4d,
  0x67,0x67,0xdf,0x1c,0x0d,0x15,0x0d,0x0d,0x0d,0x0d,0x15,0x0d,0x20,0xf8,0x37,0x5a,0x5d,0x69,0x1c,0x15,0x15,0x0d,0x0d,0x0d,
  0x0d,0x15,0x0d,0x18,0xe8,0x6c,0x5c,0x37,0x77,0xd6,0xd6,0xd6,0x6a,0x6a,0xcf,0x5c,0x5a,0x4d,0x5a,0x4d,0x4d,0x4d,0x5a,0x5a,
  0x5c,0xc0,0x36,0x16,0xd6,0x6a,0x6a,0xcf,0xcf,0x67,0x5d,0x5c,0x37,0x5a,0x4d,0x32,0x4c,0x33,0x4d,0x37,0x5a,0x5c,0x19,0x0d,
  0x6a,0x6d,0x66,0x63,0x39,0x5a,0x5b,0x37,0x5b,0x5a,0x4c,0x28,0x20,0x32,0x4b,0x37,0x66,0x1a,0x0d,0x15,0x68,0x63,0x63,0x39,
  0x5a,0x4d,0x5a,0x5a,0x5a,0x5a,0x4b,0x28,0x26,0x33,0x4b,0x5e,0x1d,0x0d,0x15,0x0d,0x63,0x63,0x63,0x63,0x5b,0x62,0x5a,0x5a,
  0x5a,0x5a,0x5a,0x4d,0x35,0x33,0x51,0x20,0x0d,0x15,0x0d,0x0d,0x5a,0x39,0x38,0x39,0x28,0x21,0x5a,0x5a,0x5a,0x5a,0x5a,0x5a,
  0x37,0x5e,0x21,0x15,0x15,0x0d,0x0d,0x0d,0xdf,0x6a,0x66,0x62,0x4d,0x4d,0x62,0x5a,0x4d,0x5a,0x4d,0x28,0x5a,0xdf,0x66,0x63,
  0x62,0x5a,0x5a,0x5a,0x5a,0x5a,0x35,0x32,0x50,0x4d,0x74,0x38,0x5a,0x35,0x35,0x5a,0x4d,0x4d,0x5a,0x4d,0x33,0x4d,0x5a,0xd5,
  0x5a,0x4d,0x4d,0x32,0x4c,0x5a,0x5a,0x4d,0x33,0x4d,0x4c,0x4d,0xd5,0x5a,0x4d,0x32,0x33,0x33,0x4c,0x4c,0x33,0x33,0x33,0x4c,
  0x5a,0xd5,0x5a,0x4c,0x32,0x32,0x28,0x32,0x33,0x33,0x33,0x33,0x4c,0x5a,0x1d,0x6a,0x17,0x5c,0xdd,0xda,0xfb,0x1f,0x0d,0x0d,
  0x20,0xdf,0xac,0xd1,0xdf,0xdf,0x73,0x64,0x74,0x20,0x0d,0x17,0x36,0x18,0x0d,0x0d,0x20,0xf8,0xda,0xd7,0xd7,0x5c,0x18,0x0d,
  0x1a,0xf3,0xf3,0xf3,0xfd,0x27,0x0d,0x0d,0x1c,0xd7,0xd1,0x78,0x27,0x36,0x74,0x74,0x27,0x16,0x0d,0x20,0xdb,0x17,0x0d,0x0d,
  0x27,0xf5,0xd6,0xd6,0xd6,0x67,0x18,0x0d,0x21,0xfd,0xf3,0xed,0xf3,0x36,0x16,0x0d,0x19,0xdb,0x6c,0xdf,0x20,0x1a,0x20,0x21,
  0x19,0x0d,0x1a,0xad,0x6b,0x17,0x0d,0x16,0x36,0xed,0xd6,0xd6,0xd6,0x61,0x18,0x0d,0x5c,0xf3,0xec,0xec,0xe8,0xa2,0x19,0x0d,
  0x16,0x27,0xdf,0x67,0x6d,0x20,0x21,0x18,0x0d,0x0d,0x1d,0x36,0x69,0x17,0x0d,0x17,0x69,0xdb,0xd2,0xd6,0xd1,0xc2,0x19,0x0d,
  0xdd,0xec,0xec,0xec,0xda,0xcf,0x1f,0x0d,0x0e,0x19,0x5c,0xd5,0xd5,0x21,0x16,0x16,0x0d,0x20,0x27,0x20,0x1d,0x17,0x0d,0x19,
  0xed,0xdb,0xd1,0xd0,0xd0,0xcf,0x19,0x0d,0xf3,0xda,0xec,0xda,0xed,0xac,0x54,0x19,0x0d,0x0d,0x18,0x1c,0x1a,0x16,0x0d,0x0d,
  0x1d,0xc3,0xdd,0xfb,0x36,0x17,0x0d,0x18,0x21,0x36,0xd6,0xd7,0xd0,0xd0,0x1a,0x0d,0x6b,0xee,0xec,0xec,0xec,0xec,0xc4,0x91,
  0x30,0x18,0x0d,0x0d,0x0d,0x0d,0x0d,0x17,0x1a,0x27,0xcf,0x70,0xda,0x5c,0x17,0x0d,0x19,0x27,0x1f,0x1f,0x21,0x36,0xdf,0x1c,
  0x0d,0x1f,0xc5,0xdb,0xec,0xda,0xda,0xda,0xda,0xdb,0x9a,0x87,0x4e,0x1c,0x18,0x16,0x18,0x1c,0x30,0x53,0x20,0xc5,0xf7,0xf7,
  0xd8,0x19,0x0d,0x1d,0xdf,0xd1,0x36,0x20,0x1d,0x1d,0x20,0x1c,0x36,0xad,0xd8,0xec,0xdb,0xd7,0xdb,0xd7,0xd7,0xc4,0x58,0x87,
  0x8c,0x7b,0x42,0x52,0xc0,0xaa,0xc2,0x21,0x36,0x36,0x27,0x27,0x21,0x1c,0x21,0x21,0x21,0x21,0x27,0x27,0x1d,0x1a,0x69,0xd6,
  0x9e,0xda,0xda,0xdb,0xd7,0xd7,0xd7,0xd4,0xd4,0xc3,0x91,0x87,0x8b,0xa0,0xa0,0xa0,0xaa,0xdf,0x27,0x27,0x36,0x36,0x36,0x52,
  0x9e,0x61,0x6b,0x67,0xd6,0x5d,0x20,0x1f,0x69,0xc5,0xc2,0xac,0xda,0xd7,0xd4,0xd6,0xd7,0xd7,0xd4,0xd4,0xd4,0xc5,0xac,0xa2,
  0xaa,0xac,0xc1,0xd1,0x36,0x27,0x21,0xd1,0xdd,0xd6,0xc1,0xc1,0xc2,0xd0,0xd7,0x27,0x1c,0x21,0xcf,0xc1,0xac,0xc3,0xc4,0xd6,
  0xd4,0xd2,0xd4,0xd4,0xd4,0xd4,0xd0,0xd1,0xd0,0xd6,0xc2,0xc3,0xc1,0xcf,0x5c,0x15,0x1a,0x21,0x69,0xd0,0xd1,0xc2,0xcf,0xd6,
  0x5d,0x20,0x1f,0x53,0xd5,0x5d,0x9f,0xa2,0xac,0xc3,0x6a,0x6a,0xd6,0xd6,0xd4,0xd1,0xd0,0xd0,0xd1,0xd4,0xd6,0xd6,0xd6,0xd6,
  0xd0,0xd4,0xd4,0xd4,0xd7,0xd4,0xd4,0xd4,0xd4,0xc3,0x4e,0x17,0x1f,0xd6,0xc1,0xcf,0x66,0x66,0x1f,0x21,0x21,0x6a,0xd1,0xc2,
  0xd6,0xd6,0x21,0x1c,0x21,0xcf,0xcf,0x67,0xcf,0xd6,0xd1,0xcf,0x6a,0xcf,0xcf,0xd1,0xd6,0xd6,0xd4,0xd1,0xd1,0xd4,0xd2,0xd7,
  0x36,0x67,0xd7,0xc5,0xd1,0xcf,0x4d,0x19,0x20,0xd5,0x61,0xc1,0xc0,0x5f,0xd5,0x28,0x27,0xd5,0xc1,0xd7,0x5c,0x1f,0x1f,0x5c,
  0xcf,0x9b,0x6a,0x61,0x61,0x67,0x67,0x61,0x61,0x61,0x6a,0x6d,0xd1,0xd1,0xd1,0xd0,0xc2,0xc2,0xd6,0x69,0x16,0x1a,0xdf,0xc2,
  0xd1,0xc3,0xcf,0xc0,0x9d,0x9b,0x9d,0x5f,0x9f,0x9d,0x5b,0x20,0x5f,0xcf,0xd6,0x21,0x1c,0x27,0xd5,0xc0,0x9d,0x4f,0x6a,0x61,
  0x66,0x67,0xc0,0x66,0x66,0x66,0xcf,0x6a,0xd0,0xd6,0xd6,0x6a,0xc1,0xc1,0xcf,0x6a,0x1d,0x21,0xd6,0xc2,0xc4,0xd1,0xd4,0x5d,
  0x51,0x8c,0x50,0x5e,0x9f,0xcf,0x28,0x21,0xd5,0x37,0x1d,0x1f,0x5d,0xcf,0x9f,0x9f,0x9f,0x8c,0x61,0x5c,0x5c,0xc0,0x66,0x5c,
  0x5c,0x5d,0x61,0x5d,0x74,0x1c,0x1d,0xd5,0x5d,0xc1,0x61,0xc1,0xd6,0xd6,0xcf,0xc3,0xc3,0xc3,0xc3,0xc1,0x9d,0x9d,0x8c,0x5e,
  0x9f,0xc0,0x20,0x4d,0x21,0x1c,0x27,0xd5,0x9f,0x9f,0xc0,0xc1,0xc1,0x9b,0x60,0x5c,0x5c,0x5c,0xcf,0xcf,0x5d,0xd5,0xd5,0xcf,
  0x77,0x21,0x27,0xc0,0x5d,0xc1,0xc1,0xc1,0x61,0x61,0xc1,0xc1,0xc1,0xc1,0x61,0xc1,0x60,0x9f,0xc0,0x9f,0xc0,0x37,0x1f,0x1d,
  0x1f,0x5b,0xc0,0x9c,0x9c,0x9f,0x9e,0x60,0x59,0x8e,0x6a,0x6a,0xcf,0x6a,0x6a,0xcf,0x6a,0x6a,0x6a,0x67,0x6a,0x6a,0x67,0x61,
  0x5d,0x5d,0x5f,0xcf,0x20,0x20,0xd5,0x21,0x1c,0x1c,0x20,0x5c,0xd5,0x5f,0x60,0xc0,0xc1,0xc1,0x61,0xc1,0xc1,0xc1,0xc1,0xc1,
  0xc1,0xc1,0xc1,0xc0,0x9f,0x8c,0x9f,0x20,0x1b,0x30,0x5e,0x9d,0xa2,0x6a,0x6a,0x6a,0x6a,0x67,0xcf,0x6a,0xcf,0x67,0xc1,0x61,
  0x67,0xcf,0x67,0x61,0x5c,0x5d,0xcf,0x1f,0x1f,0x1d,0x0d,0x0d,0x0d,0x0d,0x17,0x21,0xcf,0x60,0xc1,0xc1,0x61,0xc1,0xc1,0x61,
  0xc1,0xc1,0xc1,0xc1,0x61,0xac,0x60,0xa2,0x9d,0x9d,0x30,0x4c,0x50,0x4a,0x51,0x9e,0x6a,0x6a,0x67,0xcf,0x6a,0x6a,0x67,0x6a,
  0x6a,0x67,0xc0,0x5d,0x5c,0x61,0x5d,0x60,0x5d,0x37,0xd5,0x1f,0x0d,0x15,0x15,0x15,0x16,0x0d,0x17,0x37,0xc0,0x9f,0x9f,0xc1,
  0xc1,0x61,0xc1,0xc1,0xc1,0xc1,0xac,0xa2,0xa2,0x9e,0xa2,0x9b,0x8d,0x9d,0x4c,0x4a,0x33,0x4c,0x9d,0x6a,0x61,0x6a,0xcf,0x67,
  0x61,0x61,0x61,0x61,0x67,0xd5,0x20,0x19,0xd5,0x5d,0x5c,0x5c,0x5f,0x36,0x16,0x0d,0x15,0x0d,0x0d,0x0d,0x15,0x0d,0x1d,0xd5,
  0x9f,0x9f,0x9f,0x60,0x61,0xac,0x61,0x60,0x60,0xac,0xac,0xa2,0xa0,0x9e,0x9c,0x8e,0x8e,0x51,0x4c,0x4d,0x4c,0x4c,0x67,0x61,
  0x61,0x61,0xcf,0xcf,0x61,0x66,0x61,0x61,0xcf,0x36,0x27,0x66,0x5c,0x5c,0x37,0xc0,0x21,0x0d,0x15,0x0d,0x0d,0x0d,0x0d,0x11,
  0x0d,0x18,0x5d,0xa3,0x9f,0x9f,0x9f,0x60,0x60,0x60,0xac,0x61,0x9f,0xa2,0xa0,0x9e,0x9e,0x9e,0x8e,0x59,0x9e,0x8e,0x4b,0x40,
  0x40,0x5c,0x5d,0x5d,0xc0,0x36,0x27,0x67,0x5c,0x60,0x61,0x61,0xcf,0xcf,0x5c,0x5c,0x5c,0x37,0xd5,0x1c,0x0d,0x15,0x0d,0x0d,
  0x0d,0x0d,0x0d,0x15,0x0d,0x21,0xcf,0x9f,0xa2,0x9f,0x9f,0x9f,0x9f,0xac,0xac,0xa2,0xa0,0x9e,0xa0,0x9e,0xa0,0x9e,0xa0,0x59,
  0x8d,0x31,0x2f,0x31,0x5a,0x5a,0x5a,0x5e,0x5c,0x5c,0x61,0xc0,0x60,0x5c,0x5f,0xd5,0x1c,0x1a,0xd5,0x5f,0x5c,0x5d,0x61,0x61,
  0x5d,0x21,0x62,0x5a,0x5a,0x53,0x5c,0x5d,0x5c,0x66,0x5c,0x5c,0x5c,0x37,0x53,0x5c,0x5c,0x5d,0x60,0x60,0x60,0x5c,0x1f,0x5e,
  0x4d,0x5a,0x5a,0x37,0x53,0x66,0x66,0x5c,0x5c,0x5c,0x5c,0x5d,0x5c,0x5c,0x60,0x60,0x60,0x9f,0x53,0x1c,0x5e,0x5a,0x5a,0x5b,
  0x28,0x21,0xcf,0x5c,0x5c,0x5c,0x5c,0x5c,0x5c,0x5c,0x5c,0x5c,0x5d,0x9f,0x5d,0x5c,0x1c,0x5e,0x4d,0x4d,0x5a,0x5a,0x5c,0x5c,
  0x5c,0x5c,0x5c,0x5c,0x5c,0x5f,0x5c,0x5f,0x5c,0x5c,0x5c,0x5c,0x53,0x1f,0x5e,0x4d,0x4d,0x5a,0x4b,0x5f,0x5b,0x37,0x5c,0x5b,
  0x53,0x5f,0x5e,0x9b,0x53,0x5c,0x5c,0x5c,0x53,0x9b,0x70,0xd7,0xdc,0xec,0xda,0xfb,0x20,0x0d,0x15,0x0d,0x0d,0x0d,0x0d,0x0d,
  0x15,0x27,0x5b,0x70,0xd7,0xdb,0xda,0xec,0xf7,0x19,0x0d,0x15,0x0d,0x0d,0x0d,0x15,0x0d,0x18,0x5c,0x5a,0xd6,0xd1,0xd1,0x6c,
  0xfb,0x21,0x0d,0x15,0x0d,0x0d,0x0d,0x0d,0x15,0x0d,0x1f,0x68,0x4d,0x61,0x6a,0x67,0xd6,0x69,0x17,0x0d,0x15,0x0d,0x0d,0x0d,
  0x11,0x0d,0x17,0x69,0x5c,0x4d,0x5c,0x67,0x67,0xdf,0x1c,0x0d,0x15,0x0d,0x0d,0x0d,0x0d,0x15,0x0d,0x20,0xf8,0x37,0x5a,0xcf,
  0x5c,0xd7,0x21,0x0d,0x15,0x0d,0x0d,0x0d,0x0d,0x15,0x0d,0x18,0xe8,0x6c,0x5c,0x37,0xd6,0x6a,0x6a,0xcf,0x5c,0x5a,0x4d,0x5a,
  0x4d,0x4d,0x4d,0x5a,0x37,0x21,0x66,0x36,0x17,0xcf,0xcf,0x67,0x5d,0x5c,0x37,0x5a,0x4d,0x33,0x4c,0x33,0x4c,0x37,0x28,0x5c,
  0x19,0x0d,0x63,0x39,0x5a,0x5b,0x37,0x5b,0x5a,0x4c,0x32,0x33,0x32,0x4b,0x37,0xc0,0x1a,0x0d,0x15,0x39,0x5a,0x5a,0x5a,0x5a,
  0x5a,0x5a,0x4b,0x28,0x28,0x33,0x4b,0x5e,0x1d,0x0d,0x15,0x0d,0x63,0x5a,0x5a,0x5a,0x5a,0x5a,0x5a,0x5a,0x4d,0x4c,0x33,0x51,
  0x20,0x0d,0x15,0x0d,0x0d,0x38,0x5a,0x5a,0x5a,0x5a,0x5a,0x5a,0x5a,0x5a,0x5a,0x5e,0x21,0x15,0x15,0x0d,0x0d,0x0d,0x4d,0x4d,
  0x5a,0x5a,0x35,0x32,0x4d,0x5a,0xd6,0xd0,0x79,0xdf,0x78,0xdf,0x27,0x1a,0x36,0x17,0x0d,0x0d,0x1a,0xf3,0xed,0xd0,0x78,0x78,
  0x75,0x6f,0xdf,0x19,0x0d,0x20,0x18,0x0d,0x0d,0x1f,0xfd,0xec,0xac,0xd6,0x78,0x77,0x74,0x68,0x74,0x20,0x0d,0x17,0x36,0x18,
  0x0d,0x0d,0x1a,0x27,0x69,0xf5,0xd7,0x5c,0x18,0x0d,0x27,0xb8,0x18,0x0d,0x18,0x60,0xdb,0x1d,0x0d,0x0d,0xd1,0xd6,0xd6,0xd6,
  0x6a,0xd5,0x27,0x16,0x0d,0x20,0xdd,0x17,0x0d,0x16,0x1c,0x1c,0x1f,0x20,0x69,0xd0,0x18,0x0d,0x27,0xba,0x18,0x0d,0x17,0x5c,
  0xc5,0x1a,0x0d,0x15,0xd2,0xd0,0x6a,0x6a,0xd6,0x69,0x19,0x0d,0x19,0x60,0x6b,0x17,0x0d,0x16,0x36,0x20,0x69,0x27,0x1d,0x1f,
  0x18,0x0d,0x27,0xae,0x18,0x0d,0x17,0x5d,0x94,0x17,0x0d,0x17,0xdf,0x67,0x61,0xd5,0x5c,0x19,0x0d,0x16,0x27,0xc4,0x5d,0x17,
  0x0d,0x17,0xda,0x27,0x20,0xf8,0xd6,0x27,0x18,0x0d,0x20,0xa7,0x18,0x0d,0x17,0xa4,0x36,0x17,0x0d,0x19,0x5c,0xd5,0xd5,0x27,
  0x18,0x0d,0x0d,0x20,0xdb,0xda,0x69,0x17,0x0d,0x18,0x69,0xdd,0x1d,0x36,0xd6,0xd6,0x19,0x0d,0x1c,0x1f,0x17,0x0d,0x17,0x6b,
  0x94,0x17,0x0d,0x16,0x18,0x1c,0x1a,0x15,0x0d,0x0d,0x1d,0xc4,0xc4,0xf7,0x69,0x17,0x0d,0x1a,0xdb,0xdd,0x27,0x1f,0xd6,0xcf,
  0x1a,0x0d,0x20,0x95,0x17,0x0d,0x16,0x27,0xaa,0x19,0x0d,0x15,0xec,0xec,0xec,0xec,0xc4,0x91,0x30,0x18,0x0d,0x0d,0x0d,0x0d,
  0x0d,0x16,0x1f,0xc1,0xa2,0xda,0xed,0x5c,0x17,0x0d,0x1a,0xdf,0x6a,0xd6,0x20,0x36,0xdf,0x1c,0x0d,0x20,0xd9,0x18,0x0d,0x15,
  0x1c,0x1f,0x1d,0x15,0x0d,0x0d,0x0d,0xda,0xda,0xda,0xda,0xdb,0x9a,0x87,0x4e,0x1c,0x18,0x16,0x18,0x1c,0x30,0xcf,0xc1,0x70,
  0xec,0xec,0xd8,0x19,0x0d,0x1d,0xd7,0xc1,0xd6,0x21,0x27,0x36,0x21,0x1b,0x27,0x36,0x19,0x0d,0x17,0x36,0x21,0x1d,0x18,0x17,
  0x1a,0x20,0xdb,0xd7,0xdb,0xd7,0xd7,0xc4,0x58,0x87,0x8c,0x7b,0x42,0x52,0xc0,0xac,0xac,0xd4,0xda,0xda,0xda,0xd1,0x36,0x21,
  0x61,0xd0,0xc1,0xd7,0x27,0x27,0x27,0x27,0x36,0x27,0x28,0x24,0x1f,0x21,0x21,0x27,0x27,0x20,0x1a,0x27,0xc3,0xdb,0xd7,0xd7,
  0xd7,0xd4,0xd4,0xc3,0x91,0x87,0x8f,0xa0,0x91,0xa0,0xac,0xd1,0xd4,0xd4,0xd6,0xdf,0xd6,0x9f,0xcf,0xcf,0xc2,0xd0,0x36,0x27,
  0x20,0xac,0xdb,0xd4,0xd6,0xc3,0x87,0x8f,0xaa,0xf3,0xbb,0x21,0x1d,0x27,0xa0,0x9a,0xd4,0xd6,0xd7,0xd7,0xd4,0xd4,0xd4,0xc5,
  0xac,0xa2,0xaa,0xd6,0xd6,0xc1,0xc2,0xd0,0xd1,0xd7,0x1d,0x1d,0xcf,0x60,0xc2,0xc3,0x5d,0x16,0x1a,0x21,0x60,0x60,0xc1,0xc1,
  0x6b,0xaa,0xc3,0xaa,0x21,0x1c,0x21,0xb8,0xc4,0xae,0xb7,0xd4,0xd4,0xd4,0xd4,0xd4,0xc4,0xc2,0xc4,0xcf,0xd0,0x6a,0x1c,0x20,
  0xd5,0x5d,0x6a,0xd0,0xd6,0x19,0x1a,0xd7,0xc2,0xc1,0xc1,0xcf,0x20,0x1f,0x21,0xcf,0x9f,0xa2,0xac,0xd7,0xc5,0x21,0x1d,0x21,
  0xac,0xd4,0xbe,0xb8,0xbe,0xae,0x6a,0x6a,0xd6,0xd6,0xd4,0xd1,0xd0,0xd0,0xd1,0xd4,0xd6,0xd6,0xd6,0xd6,0xd0,0xd2,0xd4,0xd4,
  0xd4,0xd4,0xd4,0xd4,0xd4,0xac,0x87,0x5d,0xc1,0xc3,0x5d,0x17,0x1c,0xcf,0x66,0xc0,0xc1,0xd0,0xd0,0xd0,0xd6,0xc2,0xc1,0xc0,
  0x9f,0xcf,0x21,0x37,0xc0,0x5d,0xcf,0xc3,0x21,0x1d,0x20,0x53,0xc4,0xac,0xa5,0xcf,0x67,0xcf,0xd6,0xd1,0xcf,0x6a,0xcf,0xcf,
  0xd1,0xd6,0xd6,0xd6,0xd1,0xd1,0xd6,0xd7,0xc5,0xc4,0xd1,0xc4,0xdf,0x1b,0x1d,0xc0,0x5f,0x61,0x60,0xcf,0x5c,0x60,0xc0,0x9f,
  0x66,0x9d,0xc1,0xc3,0xd0,0xcf,0xc2,0xc0,0x60,0xc0,0x28,0x21,0x9f,0xcf,0xc3,0x21,0x1d,0x20,0x36,0xd0,0xa0,0x91,0xa0,0xa7,
  0x6a,0x61,0x61,0x67,0x67,0x61,0x61,0x61,0x6a,0x6a,0xd1,0xd1,0xd6,0xd0,0xd0,0x36,0x36,0xd0,0xc2,0xc3,0xd0,0xd6,0x27,0x27,
  0xd0,0x5e,0x8c,0x5e,0x9d,0xc0,0xc0,0x9d,0x5e,0x5e,0x9d,0x60,0xc1,0xc1,0xc3,0xc1,0x60,0x9f,0x5f,0x1f,0x51,0xc0,0x27,0x1d,
  0x1f,0x52,0xc4,0xa3,0x59,0x59,0x91,0xa0,0xa0,0x6a,0x61,0x66,0x67,0xc0,0x66,0x66,0x66,0xcf,0xd6,0xd0,0x6a,0xcf,0x61,0xd5,
  0x1c,0x1a,0xd7,0x61,0xcf,0xc3,0xc2,0xd7,0xd7,0xc5,0x9f,0x8c,0x8c,0x50,0x5e,0x9f,0x5d,0x5e,0x9b,0x9d,0x9f,0x60,0xc1,0xc0,
  0x9f,0x9f,0xcf,0x27,0x28,0x28,0x1d,0x1f,0x30,0xc0,0x9d,0x59,0x91,0x59,0x8f,0x8e,0x91,0x91,0x61,0x5c,0x5c,0xc0,0xc0,0x66,
  0x5c,0x5d,0x36,0x36,0x6a,0x67,0xc1,0x61,0xc0,0x36,0x36,0xc3,0xc1,0xc1,0xcf,0xc3,0xc2,0xc1,0xc3,0xc1,0x9d,0x9d,0x8c,0x5e,
  0xc0,0x9f,0x4d,0x51,0x5e,0x9d,0x9f,0x9f,0x9f,0x9f,0xc0,0x5d,0x1f,0x1f,0x1d,0x30,0x5e,0x9d,0x8d,0x9b,0x59,0x9e,0x59,0x8d,
  0x87,0x88,0x80,0x61,0x5c,0x5c,0x5c,0x5d,0x66,0x5f,0xdf,0x20,0x1a,0xdf,0xc0,0x9f,0x9f,0x5d,0xcf,0xc3,0xc1,0xc1,0xc1,0xc1,
  0xc1,0xc1,0xc1,0x61,0xc1,0x60,0x9f,0xc0,0x9f,0x9d,0x5e,0x51,0x50,0x9b,0x51,0x9f,0x9f,0x9c,0x9f,0x9f,0x27,0x1c,0x27,0x9d,
  0x50,0x4f,0x9b,0x9b,0x8d,0x87,0x59,0x87,0x85,0x80,0x7c,0x45,0x6a,0xcf,0x6a,0x6a,0xcf,0x6a,0x6a,0x6a,0x67,0x6a,0x6a,0x67,
  0x61,0x5f,0xc0,0xd5,0x5c,0x5d,0xc0,0xd5,0x27,0x1a,0x19,0x20,0x37,0xcf,0x5f,0x60,0x60,0x61,0xc1,0x61,0xc1,0xc1,0xc1,0xc1,
  0xc1,0xc1,0xc1,0xc1,0xc0,0x9f,0x9b,0x9b,0x50,0x4c,0x50,0x51,0x9d,0x9f,0x9f,0xa3,0x9b,0x4c,0x51,0x8c,0x9d,0x6a,0x6a,0x6a,
  0x67,0xcf,0x6a,0xcf,0x67,0xc1,0x61,0x61,0x61,0x67,0xcf,0x27,0x1d,0x66,0x5c,0xc0,0x1c,0x0d,0x0d,0x0d,0x0d,0x17,0x21,0xcf,
  0x60,0xc1,0xc1,0x61,0xc1,0xc1,0x61,0xc1,0xc1,0xc1,0xc1,0x61,0xac,0x60,0xa2,0x9d,0x8d,0x50,0x4c,0x4c,0x4a,0x8c,0x9e,0xa3,
  0x9b,0x4c,0x4c,0x51,0x4f,0x4d,0x6a,0x67,0xcf,0x6a,0x6a,0x67,0x6a,0x61,0x61,0x61,0x61,0x6a,0x5d,0xd5,0x21,0x1b,0x5c,0xc0,
  0x1d,0x0d,0x15,0x15,0x15,0x16,0x0d,0x17,0x37,0xc0,0x9f,0x9f,0xc1,0xc1,0x61,0xc1,0xc1,0xc1,0xc1,0xac,0xa2,0xa2,0x9e,0xa2,
  0x9b,0x8e,0x8e,0x4c,0x4a,0x33,0x4c,0x9d,0x8d,0x4f,0x50,0x8c,0x9b,0x8c,0x83,0x61,0x6a,0xcf,0x67,0x61,0x61,0x67,0xcf,0xd0,
  0x61,0xc1,0x61,0x60,0x5d,0xc0,0xcf,0x53,0x37,0x17,0x0d,0x15,0x0d,0x0d,0x0d,0x15,0x0d,0x1d,0xd5,0x9f,0x9f,0x9f,0x60,0x61,
  0xac,0x61,0x60,0x60,0xac,0xac,0xa2,0xa0,0x9e,0x9c,0x8e,0x8e,0x8c,0x4c,0x4d,0x4c,0x4c,0x33,0x51,0x8e,0x9b,0x8c,0x8c,0x83,
  0x61,0x61,0x61,0x61,0x61,0x60,0xc1,0x36,0x27,0xd0,0x61,0x60,0x5c,0x5c,0x5c,0x37,0xc0,0x21,0x0d,0x15,0x0d,0x0d,0x0d,0x0d,
  0x11,0x0d,0x18,0x5d,0xa3,0x9f,0x9f,0x9f,0x60,0x60,0x60,0xac,0x61,0x9f,0xa2,0xa0,0x9e,0x9e,0x9e,0x8e,0x59,0x9e,0x8e,0x4b,
  0x40,0x40,0x4c,0x8c,0x8c,0x8c,0x4e,0x4f,0x83,0x5c,0x5d,0x5d,0x61,0x60,0x5c,0x66,0x37,0x36,0xcf,0x61,0x61,0x5c,0x5c,0x5c,
  0x37,0xd5,0x1c,0x0d,0x15,0x0d,0x0d,0x0d,0x0d,0x0d,0x15,0x0d,0x21,0xcf,0x9f,0xa2,0x9f,0x9f,0x9f,0x9f,0xac,0xac,0xa2,0xa0,
  0x9e,0xa0,0x9e,0xa0,0x9e,0xa0,0x59,0x8d,0x31,0x2f,0x31,0x4f,0x8c,0x8c,0x4f,0x7a,0x42,0x7e,0x5a,0x5a,0x5e,0x5c,0x5c,0x61,
  0xc0,0x5d,0x66,0xc0,0x5c,0x5d,0x5d,0x5d,0x5d,0x66,0xc1,0x60,0x61,0x61,0x62,0x5a,0x5a,0x53,0x5c,0x5c,0x5c,0xc0,0x36,0x21,
  0x67,0x5c,0x5d,0x5c,0x5c,0x5d,0x5d,0x60,0x60,0x5c,0x5e,0x4d,0x5a,0x5a,0x5a,0x5c,0x5d,0x5d,0x5c,0x37,0x5c,0x5c,0x5c,0x5c,
  0x5c,0x60,0x60,0x60,0x9f,0x53,0x5e,0x4d,0x5a,0x5a,0x5a,0x5c,0x5c,0x5d,0x5c,0x66,0x5c,0x5c,0x5c,0x5c,0x5c,0x5c,0x5d,0x9f,
  0x5d,0x5c,0x66,0x28,0x21,0x5a,0x5a,0x5c,0x5c,0x5c,0x5c,0x53,0x5c,0x5c,0x5f,0x5c,0x5f,0x5c,0x5c,0x5c,0x5c,0x53,0x66,0x4b,
  0x28,0x5a,0x4b,0x5f,0x5b,0x37,0x5c,0x5b,0x53,0x5f,0x5e,0x9b,0x53,0x5c,0x5c,0x5c,0x53,0x9b,0x70,0xd7,0xdc,0xec,0xda,0xfb,
  0x20,0x0d,0x15,0x0d,0x0d,0x0d,0x0d,0x0d,0x16,0x27,0x5b,0x4d,0x5a,0x70,0xd7,0xdb,0xda,0xec,0xf7,0x19,0x0d,0x15,0x0d,0x0d,
  0x0d,0x15,0x0d,0x18,0x5c,0x5a,0x5a,0x4c,0xd6,0xd1,0xd1,0x6c,0xfb,0x21,0x0d,0x15,0x0d,0x0d,0x0d,0x0d,0x15,0x0d,0x1f,0x68,
  0x4d,0x4c,0x33,0x61,0x6a,0x67,0xd6,0x69,0x17,0x0d,0x15,0x0d,0x0d,0x0d,0x11,0x0d,0x17,0x69,0x5c,0x4d,0x4c,0x31,0x5d,0x67,
  0x67,0xdf,0x1c,0x0d,0x15,0x0d,0x0d,0x0d,0x0d,0x15,0x0d,0x20,0xf8,0x37,0x5a,0x4b,0x4b,0x5c,0x5c,0xd7,0x21,0x0d,0x15,0x0d,
  0x0d,0x0d,0x0d,0x15,0x0d,0x18,0xe8,0x6c,0x5c,0x37,0x4d,0x4c,0x5a,0x5a,0x5c,0x67,0x4d,0x37,0x5a,0x5c,0x4b,0x37,0x66,0x1a,
  0x1a,0xf8,0xf3,0xed,0xdb,0x69,0x17,0x16,0x36,0x6b,0x17,0x0d,0x18,0xc3,0xc5,0x1d,0xfb,0xec,0xda,0xd6,0x5c,0x17,0x16,0x36,
  0x6b,0x18,0x0d,0x18,0xc3,0xdb,0x0d,0x20,0xf8,0xda,0xd7,0xd7,0x5c,0x18,0x0d,0x27,0xb8,0x18,0x0d,0x16,0x1d,0x36,0x1d,0x0d,
  0x0d,0x1f,0xd9,0xb3,0xad,0x20,0x0d,0x0d,0x1a,0xc5,0x0d,0x27,0xf5,0xd6,0xd6,0xd6,0x67,0x18,0x0d,0x27,0xba,0x17,0x0d,0x15,
  0x20,0x20,0x17,0x0d,0x16,0x2d,0xb9,0xae,0x36,0x17,0x0d,0x17,0x27,0xb9,0x16,0x36,0xed,0xd6,0xd6,0xd6,0x61,0x18,0x0d,0x27,
  0xae,0x18,0x0d,0x16,0x1d,0xa5,0x17,0x0d,0x17,0x46,0xce,0xa3,0x1a,0x0d,0x0d,0x1f,0xb9,0xbe,0x17,0x69,0xdb,0xd2,0xd6,0xd1,
  0xc2,0x19,0x0d,0x21,0xaa,0x18,0x0d,0x18,0x1f,0x20,0x17,0x0d,0x18,0x1d,0x27,0x1c,0x0d,0x0d,0x1a,0xb9,0x96,0xd9,0x18,0xd2,
  0xd4,0xd1,0xd1,0xd1,0xcf,0x19,0x0d,0x21,0xae,0x18,0x0d,0x17,0x27,0x1d,0x17,0x0d,0x17,0x20,0x18,0x0d,0x0d,0x19,0xb3,0x96,
  0xa4,0xe8,0x1a,0xdb,0xd1,0xd0,0xd0,0xc1,0xd0,0x1a,0x15,0x20,0xae,0x18,0x0d,0x17,0x5d,0x20,0x17,0x0d,0x11,0x0d,0x15,0x0d,
  0x17,0x1d,0x27,0xd9,0xce,0xd9,0x0d,0x0d,0x0d,0x0d,0x0d,0x16,0x1f,0xc1,0xa2,0xda,0xed,0x5c,0x17,0x0d,0x1a,0xdf,0x6a,0xc2,
  0xcf,0xc1,0xd6,0x1c,0x0d,0x20,0xbe,0x17,0x0d,0x15,0x36,0x30,0x1b,0x15,0x0d,0x0d,0x0d,0x19,0x36,0x36,0x1d,0x20,0x36,0xf7,
  0x1f,0x0d,0x1c,0x18,0x16,0x18,0x1c,0x30,0xcf,0xc1,0x70,0xec,0xec,0xd8,0x19,0x0d,0x1d,0xd7,0xcf,0xcf,0xc1,0xc1,0xd4,0x36,
  0x1d,0x36,0xad,0x1a,0x0d,0x18,0xa4,0x3f,0x21,0x1f,0x17,0x18,0x1f,0x94,0xb7,0xc6,0xf7,0x36,0x1f,0x21,0x1f,0x0d,0x8c,0x7b,
  0x42,0x52,0xc0,0xac,0xac,0xd4,0xda,0xda,0xda,0xd6,0x36,0x21,0xc1,0xd6,0xcf,0xc1,0xc1,0xc1,0xc4,0xf7,0xf8,0xd1,0x9e,0x7b,
  0x20,0x30,0xf3,0x36,0x21,0x58,0x27,0x27,0x30,0x21,0x21,0x21,0x21,0x27,0x27,0x20,0x1a,0x15,0x87,0x8b,0xa0,0xa0,0xa0,0xac,
  0xd1,0xd6,0xd6,0xd6,0xd6,0xc1,0x9f,0xcf,0x36,0x36,0xd0,0xc1,0xc1,0xc1,0xc2,0x21,0x21,0xd6,0xac,0x87,0x9c,0xaa,0x21,0x21,
  0x20,0x94,0xaa,0xa1,0xa9,0xbe,0x6b,0x97,0x36,0x36,0x36,0x36,0x1f,0x17,0xac,0xaa,0xaa,0xac,0xc1,0xc1,0xc3,0x6b,0xd1,0xd6,
  0xd4,0xd1,0x60,0xd0,0x18,0x17,0x6a,0xc1,0x9f,0xc0,0x61,0x17,0x19,0xd6,0xc2,0xac,0xa2,0x97,0x0d,0x1a,0x21,0xc4,0xa7,0xaa,
  0xb1,0xb8,0xa9,0xad,0xd4,0xc3,0x27,0x1f,0x1d,0x24,0xd0,0xd0,0xc3,0xcf,0xc1,0x5d,0xd5,0x1a,0x1d,0xdf,0xc2,0xd1,0xc2,0xd6,
  0x21,0x21,0xd0,0x9f,0x9f,0x9f,0xcf,0x27,0x36,0xcf,0xc3,0xc5,0xc4,0xc4,0x36,0x20,0x27,0xc5,0xb8,0xb1,0xae,0xc3,0xc4,0x52,
  0x20,0x1d,0x20,0x27,0x97,0x7f,0x6a,0x6a,0xd6,0xd6,0xd4,0xd1,0xd0,0xd0,0xd1,0xd4,0xd6,0xd6,0xd6,0xd6,0xd0,0xd4,0xd4,0xd4,
  0xd4,0xd7,0xd7,0xc5,0xd4,0xac,0x54,0xd5,0x1c,0x1c,0xdf,0xc1,0x66,0x5c,0xcf,0x27,0x27,0xd0,0xc2,0xd1,0xd1,0xcf,0xd6,0xd5,
  0x9f,0x9f,0x9d,0x9f,0x60,0xcf,0xac,0xad,0xc5,0xc3,0xac,0xc3,0x36,0x21,0xc3,0xa5,0xb7,0xd4,0xad,0x27,0x1f,0x1d,0x21,0x53,
  0xc4,0xad,0xcf,0x67,0xcf,0xd6,0xd1,0xcf,0x6a,0xcf,0xcf,0xd1,0xd6,0xd6,0xd2,0xd1,0xd1,0xd4,0xd4,0xc5,0xd6,0x5c,0x36,0xd7,
  0xd1,0xc1,0x9b,0xc0,0x27,0x27,0xcf,0xc1,0xc0,0x9f,0x9f,0xc0,0x9f,0xc1,0xc3,0xc2,0xc2,0xc2,0x60,0x5d,0x9f,0x9d,0x8c,0x9d,
  0xc0,0x9f,0xa2,0xac,0xc1,0xac,0xa2,0xa2,0x1f,0x52,0xad,0xc4,0x5c,0x21,0x1d,0x1f,0x30,0x91,0xa3,0x91,0xa0,0xa7,0x6a,0x61,
  0x61,0x67,0x67,0x61,0x61,0x61,0x6a,0x6d,0xd1,0xd1,0xd7,0xdd,0xcf,0xc2,0xd1,0xc1,0xdf,0x1d,0x1a,0xdf,0xc2,0xc3,0xcf,0x59,
  0x9d,0x9d,0x9d,0x5f,0x9f,0x9d,0x5e,0x5e,0x5f,0xc0,0xc1,0xc3,0xc3,0xc1,0x60,0x60,0x9f,0x4f,0x8c,0x8d,0x9f,0x9f,0xa2,0x9e,
  0xa7,0xa0,0xa3,0x21,0x30,0xcf,0x27,0x20,0x1d,0x20,0x30,0x9e,0x91,0x88,0x86,0x93,0xa1,0xae,0x6a,0x61,0x66,0x67,0xc0,0x66,
  0x66,0x66,0xcf,0x6a,0x6a,0xd6,0x36,0x21,0xcf,0xc1,0xc3,0xc1,0xc2,0x5c,0x36,0xd1,0xc4,0xd1,0xd4,0x9f,0x51,0x8c,0x50,0x5e,
  0x9f,0x5d,0x5e,0x9b,0x9d,0x9f,0x60,0xc1,0xc0,0x9f,0x9f,0x9f,0x9f,0x8c,0x51,0x4f,0x8e,0x9e,0x9c,0x9c,0x91,0xa3,0x36,0x20,
  0x30,0x1d,0x1d,0x21,0x59,0xa3,0x87,0x82,0x88,0x85,0x87,0x93,0x9a,0xa1,0x61,0x5c,0x5c,0xc0,0xc0,0x66,0x5c,0x5d,0x60,0x67,
  0x5c,0xd5,0x21,0x1a,0xd0,0xc1,0x61,0xc1,0xc1,0xcf,0xd0,0xcf,0xc4,0xc3,0xc3,0xcf,0x9d,0x9d,0x8c,0x5e,0xc0,0x9f,0x4d,0x51,
  0x5e,0x9d,0x9f,0x9f,0x9f,0x9f,0xc0,0xc1,0xc1,0x9b,0x50,0x4c,0x8c,0x9b,0x8e,0x9b,0x59,0xa0,0x1d,0x1c,0x1f,0x30,0x85,0x9c,
  0x87,0x86,0x88,0x85,0x88,0x85,0x85,0x88,0x90,0x9a,0x60,0x5c,0x5c,0x5c,0x5d,0x66,0x66,0xd5,0xd5,0xd5,0xd5,0xc0,0xc1,0xc1,
  0xc0,0xac,0xc1,0xc1,0xc1,0x61,0xc1,0xc1,0xc1,0xc1,0x61,0xc1,0x60,0x9f,0xc0,0x9f,0x9d,0x5e,0x51,0x50,0x9b,0x51,0x9f,0x9f,
  0x9e,0x9f,0x9e,0x60,0x59,0x8e,0x8c,0x4c,0x4f,0x9b,0x9b,0x8d,0x87,0x54,0x21,0x4e,0x8d,0x80,0x45,0x7c,0x87,0x85,0x85,0x87,
  0x7f,0x7b,0x7c,0x7a,0x87,0x99,0x6a,0xcf,0x6a,0x6a,0xcf,0x6a,0x6a,0x6a,0x67,0x6a,0x6a,0x61,0x61,0x5d,0x5d,0x5c,0x5c,0xc0,
  0x37,0x21,0x27,0x1c,0x1c,0x20,0x37,0xcf,0x5f,0x5d,0xc0,0xc1,0xc1,0x61,0xc1,0xc1,0xc1,0xc1,0xc1,0xc1,0xc1,0xc1,0xc0,0x9f,
  0x9b,0x9b,0x50,0x4c,0x50,0x51,0x9d,0x9f,0x9f,0xa3,0x9b,0x4c,0x4f,0x4f,0x8c,0x8c,0x4f,0x8c,0x8c,0x8c,0x85,0x9c,0x9c,0x9d,
  0x7c,0x7b,0x7c,0x6a,0x6a,0x6a,0x67,0xcf,0x6a,0xcf,0x67,0x61,0x61,0x61,0xcf,0xcf,0x5d,0x5c,0x5d,0x5c,0x5c,0xc0,0x1c,0x0d,
  0x0d,0x0d,0x0d,0x17,0x21,0xcf,0x60,0xc1,0xc1,0x61,0xc1,0xc1,0x61,0xc1,0xc1,0xc1,0xc1,0x61,0xac,0x60,0xa2,0x9d,0x8d,0x50,
  0x4c,0x4c,0x4a,0x8c,0x9e,0xa3,0x9b,0x4c,0x4c,0x51,0x4f,0x4f,0x8c,0x83,0x8d,0x8d,0x8d,0x4e,0x20,0x1f,0x24,0x7c,0x80,0x7c,
  0x6a,0x67,0xcf,0x6a,0x6a,0x67,0x6a,0xc1,0x67,0x61,0xcf,0x5c,0x36,0xc1,0x60,0x5d,0x5c,0xc0,0x1d,0x0d,0x15,0x15,0x15,0x16,
  0x0d,0x17,0x37,0xc0,0x9f,0x9f,0xc1,0xc1,0x61,0xc1,0xc1,0xc1,0xc1,0xac,0xa2,0xa2,0x9e,0xa2,0x9b,0x8e,0x8e,0x4c,0x4a,0x33,
  0x4c,0x9d,0x8d,0x4f,0x50,0x8c,0x9b,0x8c,0x83,0x7c,0x7e,0x83,0x8d,0x30,0x18,0x0d,0x0d,0x0d,0x19,0x30,0x7c,0x61,0x6a,0xcf,
  0x67,0x61,0x61,0x61,0x61,0x6a,0x61,0xcf,0x36,0x27,0xcf,0x5c,0x5c,0x5f,0x37,0x17,0x0d,0x15,0x0d,0x0d,0x0d,0x15,0x0d,0x1d,
  0xd5,0x9f,0x9f,0x9f,0x60,0x61,0xac,0x61,0x60,0x60,0xac,0xac,0xa2,0xa0,0x9e,0x9c,0x8e,0x8e,0x8c,0x4c,0x4d,0x4c,0x4c,0x33,
  0x51,0x8e,0x9b,0x8c,0x8c,0x83,0x7c,0x7c,0x7c,0x42,0x18,0x0d,0x15,0x15,0x15,0x0d,0x17,0x24,0x61,0x61,0x61,0x61,0xcf,0xcf,
  0x5d,0x61,0x61,0xc1,0x61,0xc0,0xc0,0x5c,0x5c,0x37,0xc0,0x21,0x0d,0x15,0x0d,0x0d,0x0d,0x0d,0x11,0x0d,0x18,0x5d,0xa3,0x9f,
  0x9f,0x9f,0x60,0x60,0x60,0xac,0x61,0x9f,0xa2,0xa0,0x9e,0x9e,0x9e,0x8e,0x59,0x9e,0x8e,0x4b,0x40,0x40,0x4c,0x8c,0x8c,0x8c,
  0x4e,0x4f,0x83,0x7f,0x7e,0x7c,0x1f,0x0d,0x15,0x0d,0x0d,0x0d,0x15,0x0d,0x18,0x5d,0x66,0x5d,0xc1,0x5c,0x27,0xc0,0x60,0x61,
  0xc1,0xc1,0x61,0x5c,0x5c,0x5c,0x37,0xd5,0x1c,0x0d,0x15,0x0d,0x0d,0x0d,0x0d,0x0d,0x15,0x0d,0x21,0xcf,0x9f,0xa2,0x9f,0x9f,
  0x9f,0x9f,0xac,0xac,0xa2,0xa0,0x9e,0xa0,0x9e,0xa0,0x9e,0xa0,0x59,0x8d,0x31,0x2f,0x31,0x4f,0x8c,0x8c,0x4f,0x7a,0x42,0x7e,
  0x83,0x86,0x85,0x1d,0x0d,0x15,0x0d,0x0d,0x0d,0x0d,0x15,0x0d,0x5a,0x5a,0x5e,0x5c,0x5c,0x61,0x60,0x61,0x5c,0x5f,0x5d,0x66,
  0x5c,0x27,0xc0,0x5c,0x5d,0x62,0x5a,0x5a,0x53,0x5c,0x66,0xcf,0x66,0x5c,0x5c,0x5c,0x5c,0x5d,0xc0,0x5c,0x5d,0x60,0x5e,0x4d,
  0x5a,0x5a,0x5a,0x37,0x27,0x66,0x5c,0x5c,0x5c,0x5c,0x5c,0x5c,0x5c,0x60,0x60,0x5e,0x5a,0x5a,0x5a,0x5a,0x53,0x27,0x5d,0x5c,
  0x5c,0x5c,0x5c,0x5c,0x5c,0x5c,0x5c,0x5d,0x5e,0x4d,0x4d,0x5a,0x5a,0x5c,0x67,0x5c,0x5c,0x5c,0x5c,0x5c,0x5f,0x5c,0x5f,0x5c,
  0x5c,0x5e,0x4d,0x4d,0x5a,0x4b,0x5f,0x5b,0x37,0x5c,0x5b,0x53,0x5f,0x5e,0x9b,0x53,0x5c,0x5c,0x5a,0x4d,0xac,0xd4,0x18,0x0d,
  0x18,0x60,0xdb,0x1d,0x0d,0x0d,0x1f,0xd9,0xb3,0xad,0x20,0x0d,0x0d,0x1a,0xd4,0x1f,0x0d,0x18,0x69,0xce,0xc5,0x19,0x18,0x0d,
  0x17,0x5c,0xc5,0x1a,0x0d,0x15,0x2d,0xc5,0xae,0x36,0x17,0x0d,0x15,0x1c,0x36,0x20,0x0d,0x17,0x36,0xcd,0xe8,0x1c,0x18,0x0d,
  0x17,0x5d,0x94,0x17,0x0d,0x17,0x49,0xb5,0xa3,0x1a,0x0d,0x15,0x1a,0x20,0x1f,0x1a,0x0d,0x17,0x36,0xce,0xee,0x1f,0x18,0x0d,
  0x17,0xa4,0x36,0x17,0x0d,0x19,0x9a,0xc4,0x1c,0x0d,0x0d,0x1a,0x36,0x1f,0xec,0x1c,0x0d,0x17,0x36,0xcd,0xce,0x27,0x18,0x0d,
  0x17,0x6b,0x95,0x17,0x0d,0x16,0x21,0x1b,0x0d,0x0d,0x18,0xa4,0xb7,0x1d,0xa4,0x20,0x0d,0x16,0x20,0xee,0xce,0x94,0x18,0x0d,
  0x17,0x5c,0x99,0x19,0x0d,0x16,0x0d,0x0d,0x0d,0x17,0x36,0xc8,0xcd,0x21,0x21,0x20,0x0d,0x16,0x1c,0x1f,0x36,0xb9,0x91,0x30,
  0x18,0x0d,0x0d,0x0d,0x0d,0x0d,0x16,0x1f,0xc1,0xa2,0xda,0xed,0x5c,0x17,0x0d,0x1a,0xdf,0x6a,0xc2,0xcf,0xc1,0xd6,0x1c,0x0d,
  0x20,0xbe,0x17,0x0d,0x16,0x27,0x57,0x1f,0x0d,0x0d,0x0d,0x0d,0x19,0x36,0xbe,0xbb,0xe5,0x69,0x20,0x1f,0x0d,0x0d,0x27,0x36,
  0x1d,0x20,0x99,0x46,0x1b,0x18,0x18,0x1b,0x21,0x99,0x89,0x9a,0x87,0x4e,0x1c,0x18,0x16,0x18,0x1c,0x30,0xcf,0xc1,0x70,0xec,
  0xec,0xd8,0x19,0x0d,0x1d,0xd7,0xc1,0xcf,0xc1,0xc1,0xd4,0x36,0x1d,0x36,0xad,0x1a,0x0d,0x18,0x95,0x89,0x99,0x21,0x19,0x1a,
  0x20,0xa9,0xb5,0xb3,0xc8,0xc6,0xcc,0x21,0x1f,0x0d,0x0d,0x1c,0xe8,0xc5,0x21,0x1d,0x46,0xa7,0x47,0x47,0x94,0x97,0x96,0xbe,
  0xc4,0x58,0x87,0x8c,0x7b,0x42,0x52,0xc0,0xac,0xac,0xd4,0xda,0xda,0xda,0xd1,0x37,0x21,0x61,0xd0,0xc2,0xc1,0xcf,0xd0,0xc4,
  0xdb,0xdd,0xd1,0x9e,0x80,0x21,0x30,0xc5,0xe2,0xb7,0xad,0xad,0xa1,0xaa,0x9a,0xab,0xc5,0xc5,0xbe,0xc4,0x21,0x1f,0x0d,0x0d,
  0x1c,0xf9,0xcd,0xf9,0x36,0x1d,0x1f,0x8a,0x96,0x55,0x96,0xbe,0xc8,0xd4,0xc3,0x91,0x87,0x8b,0xa0,0xa0,0xa0,0xaa,0xd1,0xd4,
  0xd4,0xd6,0xd4,0xd6,0xcf,0xc0,0xcf,0xc2,0xc1,0xc3,0x36,0x27,0xc3,0xc4,0xc4,0xc2,0xc1,0x21,0x21,0xac,0xbe,0xce,0xbe,0xaa,
  0x27,0x36,0xa7,0xab,0xb9,0xae,0xae,0xc5,0xce,0x21,0x2d,0x19,0x18,0x20,0x27,0x27,0x36,0xc8,0xe7,0x21,0x1d,0x27,0xce,0xb0,
  0xbe,0xbe,0xd4,0xd4,0xc5,0xac,0xa2,0xaa,0x60,0xd6,0xd6,0xc3,0xd0,0xd1,0xd1,0xdd,0x21,0x21,0xd5,0xc2,0xc2,0x61,0xd7,0x1d,
  0x1a,0xd5,0x60,0xc1,0xc1,0xd6,0x18,0x17,0xc5,0xc4,0xc4,0xc5,0xad,0x16,0x19,0xd4,0xb9,0xab,0xae,0xa4,0x1b,0x20,0x21,0x2d,
  0x43,0x48,0x54,0x36,0x27,0x27,0x21,0x21,0x27,0x21,0x1c,0x21,0xbe,0xb7,0xb7,0xd4,0xd1,0xd0,0xc3,0xc2,0xcf,0xd7,0x20,0x1d,
  0xd5,0xc1,0xd0,0xc2,0xdf,0x1d,0x1d,0xdd,0xc1,0xc1,0xc1,0xc0,0x5f,0x5c,0xc1,0x9f,0xa2,0xac,0xc4,0x36,0x36,0xc4,0xac,0xc3,
  0xb9,0xc5,0x20,0x21,0xc4,0xa9,0xa9,0xaa,0x5c,0x17,0x1c,0x21,0x47,0x7d,0x81,0x98,0xc5,0xc6,0xc6,0xbe,0xb3,0xa4,0x36,0x27,
  0x1a,0x1f,0xc8,0xa8,0xd6,0xd4,0xd1,0xd0,0xd0,0xd1,0xd4,0xd6,0xd6,0xd6,0xd6,0xd0,0xd4,0xd4,0xd4,0xd4,0xd4,0xd4,0xd4,0xd7,
  0x36,0x27,0x60,0xc1,0xc1,0xc1,0xd6,0x21,0x1f,0xcf,0xc0,0xc1,0xcf,0xc3,0xd7,0xd6,0xc3,0xc1,0xc0,0x60,0x9f,0x9d,0xc0,0xc0,
  0x60,0xac,0xb9,0xc4,0xc5,0xc3,0xaa,0xa1,0xa2,0xaa,0xb7,0xd4,0xc5,0xa7,0xa1,0xa1,0x9a,0xa1,0xa0,0x27,0x21,0xae,0x9a,0x97,
  0xa6,0xa6,0xbe,0xce,0xcd,0xa4,0x27,0x20,0x1f,0x21,0x36,0x89,0xd6,0xd1,0xcf,0x6a,0xcf,0xcf,0xd1,0xd6,0xd6,0xd6,0xd1,0xd1,
  0xd4,0xd4,0xd7,0xc4,0xd1,0xd4,0xd0,0xdf,0x20,0x18,0xc0,0x60,0x61,0x61,0xc1,0xd5,0xcf,0x9f,0x66,0x9d,0xc1,0xc3,0xcf,0xcf,
  0xc2,0xc0,0xc0,0x9f,0x9d,0x8c,0x9d,0xc0,0x9f,0xa2,0xac,0xc3,0xac,0xa2,0xa0,0xa0,0xa0,0xa7,0xa7,0x9a,0x9a,0x9a,0x91,0x91,
  0x8b,0x91,0x52,0x20,0xaa,0xa7,0xa5,0xa8,0xc5,0xc5,0x36,0x27,0x20,0x1d,0x20,0x27,0xab,0xc5,0xa7,0x7f,0x67,0x67,0x61,0x61,
  0x61,0x6a,0x6d,0xd1,0xd1,0xd6,0xd0,0xc2,0xd0,0x6c,0x36,0xc3,0xc3,0xd0,0xd1,0xd4,0x5d,0x36,0x9d,0x51,0x5e,0x9d,0x5f,0x9f,
  0x5e,0x5e,0x5e,0x9d,0x60,0xc1,0xc3,0xc1,0xc1,0x60,0x60,0x9f,0x4f,0x8c,0x8d,0x9f,0x9f,0xa2,0x9e,0xa7,0xa0,0x9e,0x59,0x91,
  0xa0,0xa0,0xa7,0xa0,0x90,0x87,0x87,0x88,0x88,0x54,0x1f,0x36,0xad,0xc5,0xb9,0x36,0x21,0x1f,0x1d,0x20,0x27,0xad,0xc5,0xc4,
  0xa8,0x9a,0x9a,0x88,0x67,0xc0,0x66,0x66,0x66,0xcf,0x6a,0xd6,0x6a,0xcf,0xcf,0x61,0xc3,0x5c,0x27,0xd0,0xcf,0xc3,0xd1,0xc3,
  0xd4,0xd7,0x9f,0x8c,0x8c,0x50,0x5e,0x9f,0x5d,0x5e,0x9b,0x9d,0x9f,0x60,0xc1,0xc0,0x9f,0x9f,0x9f,0x9f,0x8c,0x51,0x4f,0x8e,
  0x9e,0x9c,0x8e,0x91,0xa0,0x59,0x8f,0x8e,0x91,0x91,0x93,0x91,0x90,0x87,0x88,0x88,0x8f,0x20,0x46,0xc3,0x52,0x21,0x1f,0x1d,
  0x20,0x27,0xaa,0xc4,0xae,0x9a,0xa7,0xa0,0xa1,0xa1,0xa7,0x99,0xc0,0xc0,0x66,0x5c,0x5d,0x61,0x5d,0x36,0x61,0xc1,0x61,0xc0,
  0xc1,0xcf,0xd0,0xc1,0xc1,0xcf,0xc3,0xc3,0xc3,0xc2,0xcf,0x9d,0x9d,0x8c,0x5e,0xc0,0x9f,0x4d,0x51,0x5e,0x9d,0x9f,0x9f,0x9f,
  0x9f,0xc0,0xc1,0xc1,0x9b,0x50,0x4c,0x8c,0x9b,0x8e,0x9b,0x59,0x9e,0x59,0x8d,0x87,0x88,0x80,0x87,0x87,0x87,0x88,0x82,0x8e,
  0x30,0x20,0x21,0x1f,0x1d,0x20,0x27,0xaa,0xc3,0xaa,0x9a,0x9a,0xa0,0x93,0x99,0x9a,0x93,0x9a,0xa1,0x9a,0x5f,0x5d,0x66,0x5d,
  0xd5,0xd5,0xcf,0x27,0xc1,0x9f,0x9f,0x5d,0xc1,0xc1,0xc1,0xc1,0xc1,0xc1,0xc1,0xc1,0xc1,0x61,0xc1,0x60,0x9f,0xc0,0x9f,0x9d,
  0x5e,0x51,0x50,0x9b,0x51,0x9f,0x9f,0x9e,0x9f,0x9e,0x60,0x59,0x8e,0x8c,0x4c,0x4f,0x9b,0x9b,0x8d,0x87,0x59,0x87,0x85,0x80,
  0x7c,0x45,0x7c,0x87,0x85,0x82,0x8f,0x3f,0x1b,0x1d,0x1f,0x30,0x9a,0xad,0xa1,0x9a,0x9a,0x9a,0x93,0x99,0x99,0x8b,0x8b,0x8b,
  0x8b,0x9a,0xa1,0x9a,0x6a,0xcf,0x6a,0x6a,0x6a,0x67,0x6a,0x6a,0x67,0x61,0x5d,0x5d,0x5d,0x5d,0x5d,0xc0,0xd5,0x21,0x1c,0x1b,
  0x20,0x37,0xcf,0x5f,0x9f,0xc0,0xc1,0xc1,0x61,0xc1,0xc1,0xc1,0xc1,0xc1,0xc1,0xc1,0xc1,0xc0,0x9f,0x9b,0x9b,0x50,0x4c,0x50,
  0x51,0x9d,0x9f,0x9f,0xa3,0x9b,0x4c,0x4f,0x4f,0x8c,0x8c,0x4f,0x8c,0x8c,0x8c,0x85,0x9c,0x9c,0x8c,0x7b,0x7c,0x7e,0x45,0x7c,
  0x87,0x7c,0x7c,0x87,0x7b,0x3c,0x7a,0x7b,0x9e,0x9a,0x90,0xa0,0xa0,0x67,0xcf,0x6a,0xcf,0x6a,0xc1,0x61,0x61,0x61,0x67,0x5d,
  0xc0,0x36,0x21,0x67,0xc0,0x1c,0x0d,0x0d,0x0d,0x0d,0x17,0x21,0xcf,0x60,0xc1,0xc1,0x61,0xc1,0xc1,0x61,0xc1,0xc1,0xc1,0xc1,
  0x61,0xac,0x60,0xa2,0x9d,0x8d,0x50,0x4c,0x4c,0x4a,0x8c,0x9e,0xa3,0x9b,0x4c,0x4c,0x51,0x4f,0x4f,0x8c,0x83,0x8d,0x8d,0x8d,
  0x4e,0x20,0x1f,0x24,0x7e,0x80,0x7c,0x7c,0x80,0x45,0x7a,0x7c,0x85,0x85,0x85,0x87,0x8f,0x48,0x7f,0x91,0x99,0x93,0x6a,0x6a,
  0x67,0x6a,0x6a,0x67,0xc0,0x61,0x6a,0x61,0x5d,0x60,0x5c,0x37,0xc0,0x1d,0x0d,0x15,0x15,0x15,0x16,0x0d,0x17,0x37,0xc0,0x9f,
  0x9f,0xc1,0xc1,0x61,0xc1,0xc1,0xc1,0xc1,0xac,0xa2,0xa2,0x9e,0xa2,0x9b,0x8e,0x8e,0x4c,0x4a,0x33,0x4c,0x9d,0x8d,0x4f,0x50,
  0x8c,0x9b,0x8c,0x83,0x7c,0x7e,0x83,0x8d,0x30,0x18,0x0d,0x0d,0x0d,0x19,0x30,0x7c,0x7b,0x80,0x40,0x3d,0x45,0x7f,0x85,0x8b,
  0x93,0x8f,0x7b,0x7f,0x8f,0x92,0x8b,0x67,0x61,0x61,0x61,0x61,0xc1,0x5c,0x61,0x61,0x60,0x67,0x5c,0x5c,0x5c,0x37,0x17,0x0d,
  0x15,0x0d,0x0d,0x0d,0x15,0x0d,0x1d,0xd5,0x9f,0x9f,0x9f,0x60,0x61,0xac,0x61,0x60,0x60,0xac,0xac,0xa2,0xa0,0x9e,0x9c,0x8e,
  0x8e,0x8c,0x4c,0x4d,0x4c,0x4c,0x33,0x51,0x8e,0x9b,0x8c,0x8c,0x83,0x7c,0x7c,0x7c,0x42,0x18,0x0d,0x15,0x15,0x15,0x0d,0x17,
  0x24,0x45,0x7b,0x7c,0x7b,0x7e,0x7b,0x7b,0x87,0x87,0x88,0x87,0x8f,0x87,0x87,0x82,0x61,0x61,0x61,0x5d,0xc1,0x5c,0x21,0xcf,
  0x60,0x5c,0x5c,0x5c,0x37,0xc0,0x21,0x0d,0x15,0x0d,0x0d,0x0d,0x0d,0x11,0x0d,0x18,0x5d,0xa3,0x9f,0x9f,0x9f,0x60,0x60,0x60,
  0xac,0x61,0x9f,0xa2,0xa0,0x9e,0x9e,0x9e,0x8e,0x59,0x9e,0x8e,0x4b,0x40,0x40,0x4c,0x8c,0x8c,0x8c,0x4e,0x4f,0x83,0x7f,0x7e,
  0x7c,0x1f,0x0d,0x15,0x0d,0x0d,0x0d,0x15,0x0d,0x18,0x7c,0x7c,0x7b,0x7b,0x7c,0x7c,0x7a,0x80,0x85,0x88,0x87,0x87,0x87,0x88,
  0x7d,0x61,0x60,0x5c,0x5c,0x60,0x61,0xcf,0x61,0x61,0x5c,0x5c,0x5c,0x37,0xd5,0x1c,0x0d,0x15,0x0d,0x0d,0x0d,0x0d,0x0d,0x15,
  0x0d,0x21,0xcf,0x9f,0xa2,0x9f,0x9f,0x9f,0x9f,0xac,0xac,0xa2,0xa0,0x9e,0xa0,0x9e,0xa0,0x9e,0xa0,0x59,0x8d,0x31,0x2f,0x31,
  0x4f,0x8c,0x8c,0x4f,0x7a,0x42,0x7e,0x83,0x86,0x85,0x1d,0x0d,0x15,0x0d,0x0d,0x0d,0x0d,0x15,0x0d,0x1f,0x85,0x7b,0x7c,0x45,
  0x7b,0x45,0x7c,0x87,0x7f,0x48,0x85,0x82,0x80,0x80,0x61,0xc0,0x60,0x5c,0x5f,0x5d,0x5c,0x5d,0x5c,0x9f,0x5c,0x5c,0x66,0x5c,
  0x5c,0x5c,0x5c,0x5d,0x5c,0x5c,0x5c,0x5d,0x5c,0x5c,0x5c,0x5c,0x5c,0x5c,0x5c,0x5c,0x5c,0x5c,0x5d,0x5c,0x5c,0x5c,0x5c,0x5c,
  0x5c,0x5c,0x5c,0x5c,0x5c,0x5c,0x5c,0x5c,0x5c,0x5f,0x5c,0x5f,0x0d,0x0d,0x1a,0xc5,0x1f,0x0d,0x18,0x69,0xce,0xc5,0x19,0x0d,
  0x15,0x27,0xd9,0xb3,0xb3,0xbd,0x95,0x17,0x0d,0x0d,0x17,0x27,0xb9,0x1f,0x0d,0x17,0x36,0xcd,0xe8,0x1c,0x0d,0x0d,0x21,0xd9,
  0x98,0x94,0xc5,0x1c,0x0d,0x0d,0x0d,0x1f,0xb9,0xbe,0x1f,0x0d,0x17,0x36,0xce,0xee,0x1f,0x0d,0x0d,0x1c,0xf7,0xb7,0xd9,0x21,
  0x0d,0x15,0x15,0x1a,0xb9,0x96,0xd9,0x1f,0x0d,0x17,0x36,0xcd,0xce,0x27,0x15,0x16,0x0d,0x1d,0x36,0x1f,0x16,0x15,0x0d,0x1d,
  0xa4,0xa8,0xa4,0xe8,0x1f,0x0d,0x16,0x27,0xee,0xbb,0x94,0x1a,0x0d,0x15,0x0d,0x16,0x0d,0x15,0x0d,0x1b,0x8a,0xce,0xb3,0xba,
  0xe8,0x1f,0x0d,0x15,0x27,0xe7,0xbb,0x96,0x30,0x17,0x0d,0x0d,0x0d,0x0d,0x0d,0x1d,0x57,0x89,0x91,0x30,0x18,0x0d,0x0d,0x0d,
  0x0d,0x0d,0x16,0x1f,0xc1,0xa2,0xda,0xed,0x5c,0x17,0x0d,0x1a,0xdf,0x6a,0xc2,0xcf,0xc1,0xd6,0x1c,0x0d,0x20,0xbe,0x17,0x0d,
  0x16,0x27,0x57,0x1f,0x0d,0x0d,0x0d,0x0d,0x19,0x36,0xbe,0xbb,0xcd,0xc7,0xd9,0x1f,0x0d,0x0d,0x21,0xd9,0xbb,0x98,0x8b,0x46,
  0x1a,0x17,0x18,0x1b,0x1d,0x1f,0x8a,0xbe,0xbb,0xc6,0xc8,0xc7,0xe8,0x20,0x0d,0x9a,0x87,0x4e,0x1c,0x18,0x16,0x18,0x1c,0x30,
  0xcf,0xc1,0x70,0xec,0xec,0xd8,0x19,0x0d,0x1d,0xd7,0xc1,0xcf,0xc1,0xc1,0xd4,0x36,0x1d,0x36,0xad,0x1a,0x0d,0x18,0x95,0x89,
  0x94,0x21,0x19,0x1a,0x20,0xa9,0xb5,0xb3,0xc8,0xc6,0xc7,0xd9,0x1f,0x0d,0x0d,0x1c,0xd9,0xbb,0xbd,0x94,0x8a,0x58,0x1d,0x47,
  0x94,0xa9,0x21,0x1d,0x36,0xe8,0xb1,0xbe,0xaf,0xc5,0x1a,0x0d,0xc4,0x58,0x87,0x8c,0x7b,0x42,0x52,0xc0,0xac,0xaa,0xd4,0xda,
  0xd8,0xda,0xd6,0x36,0x21,0x60,0xd0,0xc2,0xc1,0xc1,0xc1,0xc4,0xdb,0xf5,0xdd,0x9e,0x7b,0x20,0x30,0xc6,0xe9,0xc6,0xad,0xa1,
  0xa0,0xac,0x9a,0xae,0xc5,0xbe,0xbe,0xba,0xbe,0x1f,0x0d,0x0d,0x1c,0xee,0xbb,0xce,0xbd,0x96,0x96,0x1f,0x46,0x94,0x96,0xe7,
  0x36,0x1d,0x27,0xce,0xb1,0xa6,0xc5,0x20,0x16,0xd4,0xc3,0x91,0x87,0x8b,0xa0,0xa0,0xa0,0xac,0xd1,0xd4,0xd7,0xdd,0xd4,0xcf,
  0xa3,0xcf,0xc3,0xc1,0x61,0xcf,0xc1,0xc1,0xc1,0xc5,0x36,0x27,0xad,0x87,0x9c,0x9a,0xc6,0x36,0x27,0xa5,0x93,0x99,0x9a,0xae,
  0xc5,0xad,0xae,0xa8,0xbe,0xa9,0x3f,0x19,0x19,0x36,0xe7,0xc6,0xc8,0xc8,0xba,0xc6,0x21,0x27,0xc6,0xb0,0xb1,0xc5,0xb3,0x1d,
  0x20,0xc6,0xbe,0xba,0x8a,0x2d,0xd4,0xd4,0xc5,0xac,0xa2,0xaa,0xac,0xc1,0xc1,0xc2,0xd6,0x36,0x27,0xd6,0xd1,0x60,0x60,0xdf,
  0x1d,0x1a,0xd6,0x5d,0xc0,0x5d,0xd6,0x20,0x19,0xd4,0xac,0xa0,0xaa,0xdd,0x1d,0x1a,0xdb,0xa7,0xae,0xb7,0xc5,0x1a,0x1a,0xc2,
  0xa9,0xb7,0xa8,0x82,0x24,0x30,0x99,0xb5,0xbe,0xbe,0xbe,0xbd,0xce,0x21,0x27,0x95,0xa6,0xc5,0xbe,0xbe,0xc5,0x20,0x1d,0x36,
  0xe7,0x8a,0x8b,0xc4,0xc2,0xc4,0xc3,0xd0,0xd6,0xc1,0xc1,0x61,0x5c,0xd7,0x20,0x19,0xdd,0xd1,0xd1,0xc2,0xd0,0x36,0x27,0xcf,
  0x9f,0x60,0x60,0xc0,0x5f,0x5c,0xc4,0xc5,0xc5,0xc3,0xc3,0xaa,0xac,0xc5,0xb9,0xb9,0xae,0xc3,0x1c,0x1c,0xc3,0xa1,0xa5,0xb7,
  0x58,0x16,0x19,0xad,0xb1,0xb7,0xb7,0xc6,0xbb,0xce,0x21,0x36,0x27,0x21,0x27,0x27,0x95,0x98,0xc5,0x27,0x1c,0x27,0xe8,0xa6,
  0xd6,0xd4,0xd1,0xd0,0xd0,0xd1,0xd4,0xd6,0xd6,0xd6,0xd6,0xd0,0xd4,0xd4,0xd4,0xd4,0xd4,0xd4,0xd7,0xd4,0xac,0x87,0xa2,0xcf,
  0x36,0x21,0xd0,0x5d,0x5c,0x66,0xc0,0x5d,0x5c,0xd1,0xd1,0xd1,0xc2,0xc1,0xcf,0xcf,0x9f,0x9d,0x9f,0xc0,0x60,0xac,0xc4,0xc4,
  0xc3,0xac,0xaa,0xa1,0xac,0xad,0xae,0xae,0xae,0xa7,0xa7,0xc3,0xa3,0x9a,0xa0,0xa1,0xa7,0xab,0x20,0x21,0xbe,0xb1,0xb5,0xbd,
  0xa4,0x18,0x1f,0x21,0x27,0xbe,0xa4,0x3f,0x27,0x21,0x21,0x21,0x36,0x95,0x1f,0x21,0xe9,0xe5,0xe2,0xcd,0xd6,0xd1,0xcf,0x6a,
  0xcf,0xcf,0xd1,0xd6,0xd6,0xd6,0xd1,0xd0,0xd4,0xd4,0xd4,0xc4,0xd4,0xd0,0x36,0xd4,0xc1,0x9b,0x5c,0xc0,0x5d,0x36,0xc1,0xc0,
  0x9f,0xc0,0x9f,0x9d,0xcf,0xcf,0xc2,0xc2,0xc2,0xc1,0x60,0xa2,0x9d,0x8c,0x9d,0xc0,0x9f,0xa2,0x61,0xc3,0xac,0xa2,0xa0,0xa0,
  0xa0,0xa0,0xa7,0xa7,0xa1,0x9a,0x91,0x90,0x87,0x8f,0x93,0xa7,0xa7,0xa9,0xc4,0xb9,0x98,0xae,0xae,0xb7,0xa4,0x1a,0x20,0x20,
  0x36,0xb7,0x9a,0x85,0x8b,0x97,0x95,0x27,0x27,0x21,0x27,0x1d,0x1d,0x69,0xce,0xc6,0x67,0x67,0x61,0x61,0x61,0x6a,0x6d,0xd1,
  0xd1,0xd6,0xd0,0xd6,0xd0,0xd1,0xc3,0xc2,0xd1,0x69,0x27,0xd6,0xc2,0xcf,0x5e,0x8c,0x5e,0x9d,0x5f,0x9f,0x9d,0x5e,0x5e,0x9d,
  0x60,0xc1,0xc3,0xc3,0xc1,0x60,0x60,0x9f,0x4f,0x8c,0x8d,0x9f,0x9f,0xa2,0x9e,0xa7,0xa0,0x9e,0x59,0x91,0xa0,0xa0,0xa7,0xa0,
  0x90,0x87,0x87,0x87,0x88,0x87,0x93,0xa1,0xae,0xa9,0x98,0xa7,0xa1,0xa7,0xa7,0xa9,0xae,0xdb,0x27,0x27,0xb9,0xa1,0x9a,0x86,
  0x81,0x97,0xb7,0xc5,0xd9,0xc6,0x36,0x21,0x1a,0x1f,0xd9,0xb3,0x67,0xc0,0x66,0x66,0x66,0xcf,0x6a,0xd0,0x6a,0xcf,0x6a,0x27,
  0xc1,0xc3,0xc1,0xc1,0xcf,0xc3,0xd6,0xc3,0xd1,0xd4,0x9f,0x8c,0x8c,0x4c,0x5e,0x9f,0x5d,0x5e,0x9b,0x9d,0x9f,0x60,0xc1,0xc0,
  0x9f,0x9f,0x9f,0x9f,0x8c,0x51,0x4f,0x8e,0x9e,0x9c,0x8e,0x91,0xa0,0x59,0x8f,0x8e,0x91,0x91,0x93,0x91,0x90,0x87,0x88,0x87,
  0x85,0x87,0x93,0x9a,0xa1,0xa7,0xa7,0xa1,0xa1,0xa1,0xa1,0xa0,0xc3,0x27,0x21,0xad,0x9a,0x9a,0xa1,0x9a,0x9a,0xaa,0x58,0x27,
  0x20,0x1d,0x1f,0x20,0x27,0xa4,0xbe,0xb5,0xc0,0xc0,0x66,0x66,0xc0,0x60,0x67,0x67,0x61,0xc1,0x61,0x28,0xc1,0xc1,0xc1,0xc1,
  0xc1,0xcf,0xcf,0xc3,0xc3,0xc3,0xcf,0x9d,0x9d,0x8c,0x5e,0xc0,0x9f,0x4d,0x51,0x5e,0x9d,0x9f,0x9f,0x9f,0x9f,0xc0,0xc1,0xc1,
  0x9b,0x50,0x4c,0x8c,0x9b,0x8e,0x9b,0x59,0x9e,0x59,0x8d,0x87,0x88,0x80,0x87,0x87,0x87,0x88,0x85,0x88,0x85,0x85,0x88,0x90,
  0x9a,0x9a,0xa0,0xa1,0xa7,0xa1,0x9a,0xad,0x27,0x20,0xa1,0xaa,0xaa,0xaa,0x94,0x27,0x20,0x1f,0x1f,0x1f,0x21,0x36,0xb1,0xc6,
  0xb7,0xb0,0xb5,0xb7,0x5c,0x5d,0xc0,0x5c,0x5c,0xd5,0xd5,0xd5,0xc0,0x9f,0x9f,0xcf,0xc1,0xc1,0xc1,0xc1,0xc1,0xc1,0xc1,0xc1,
  0xc1,0x61,0xc1,0x60,0x9f,0xc0,0x9f,0x9d,0x5e,0x51,0x50,0x9b,0x51,0x9f,0x9f,0x9e,0x9f,0x9e,0x60,0x59,0x8e,0x8c,0x4c,0x4f,
  0x9b,0x9b,0x8d,0x87,0x59,0x87,0x85,0x80,0x7c,0x45,0x7c,0x87,0x85,0x85,0x87,0x7f,0x7b,0x7c,0x7a,0x87,0x99,0x9a,0x93,0x9a,
  0xa7,0x9a,0xa0,0x52,0x20,0xa0,0x54,0x30,0x21,0x1f,0x1d,0x20,0x21,0x46,0x97,0xa7,0xa9,0xa8,0xa8,0x94,0x96,0x98,0xa4,0xa6,
  0x6a,0x67,0x6a,0x6a,0x67,0x61,0x5d,0x5d,0x5c,0x5c,0x5d,0xc0,0xc1,0x1c,0x1c,0x1b,0x20,0x37,0xcf,0x5f,0x5d,0xc0,0xc1,0xc1,
  0x61,0xc1,0xc1,0xc1,0xc1,0xc1,0xc1,0xc1,0xc1,0xc0,0x9f,0x9b,0x9b,0x50,0x4c,0x50,0x51,0x9d,0x9f,0x9f,0xa3,0x9b,0x4c,0x4f,
  0x4f,0x8c,0x8c,0x4f,0x8c,0x8c,0x8c,0x85,0x9c,0x9c,0x8c,0x7b,0x7c,0x7e,0x45,0x7c,0x87,0x7c,0x7c,0x87,0x85,0x45,0x40,0x7a,
  0x93,0x9a,0x99,0x9a,0x9a,0x93,0x91,0x36,0x1d,0x21,0x1f,0x1f,0x1f,0x21,0x27,0xa0,0xad,0xaa,0xa1,0xa7,0x58,0x89,0x67,0x61,
  0x61,0x61,0x61,0x67,0x61,0x5c,0x5d,0x5c,0x5c,0xc0,0x1c,0x15,0x0d,0x0d,0x0d,0x17,0x21,0xcf,0x60,0xc1,0xc1,0x61,0xc1,0xc1,
  0x61,0xc1,0xc1,0xc1,0xc1,0x61,0xac,0x60,0xa2,0x9d,0x8d,0x50,0x4c,0x4c,0x4a,0x8c,0x9e,0xa3,0x9b,0x4c,0x4c,0x51,0x4f,0x4f,
  0x8c,0x83,0x8d,0x8d,0x8d,0x4e,0x20,0x1f,0x24,0x7e,0x80,0x7c,0x7c,0x80,0x45,0x7a,0x7c,0x85,0x85,0x7f,0x87,0x8f,0x48,0x7f,
  0x91,0x99,0x93,0x8b,0xa0,0x20,0x1c,0x21,0x27,0x8b,0xa1,0xac,0xa1,0x9a,0x9a,0x58,0x90,0x93,0x8b,0x57,0xc1,0x67,0x61,0x61,
  0x6a,0x61,0x5d,0x60,0x5c,0x5c,0xc0,0x1d,0x0d,0x15,0x15,0x15,0x16,0x0d,0x17,0x37,0xc0,0x9f,0x9f,0xc1,0xc1,0x61,0xc1,0xc1,
  0xc1,0xc1,0xac,0xa2,0xa2,0x9e,0xa2,0x9b,0x8e,0x8e,0x4c,0x4a,0x33,0x4c,0x9d,0x8d,0x4f,0x50,0x8c,0x9b,0x8c,0x83,0x7c,0x7e,
  0x83,0x8d,0x30,0x18,0x0d,0x0d,0x0d,0x19,0x30,0x7c,0x7b,0x80,0x40,0x3d,0x45,0x7f,0x88,0x92,0x93,0x8f,0x7b,0x7f,0x8f,0x92,
  0x8b,0x8b,0x87,0x88,0x87,0xa0,0x9a,0x93,0x90,0x8b,0x8b,0xa1,0x9a,0x9a,0x92,0x82,0x82,0x82,0x61,0x6a,0xc1,0x61,0x61,0x60,
  0x67,0x5c,0x5c,0x5f,0x37,0x17,0x0d,0x15,0x0d,0x0d,0x0d,0x15,0x0d,0x1d,0xd5,0x9f,0x9f,0x9f,0x60,0x61,0xac,0x61,0x60,0x60,
  0xac,0xac,0xa2,0xa0,0x9e,0x9c,0x8e,0x8e,0x8c,0x4c,0x4d,0x4c,0x4c,0x33,0x51,0x8e,0x9b,0x8c,0x8c,0x83,0x7c,0x7c,0x7c,0x42,
  0x18,0x0d,0x15,0x15,0x15,0x0d,0x17,0x24,0x45,0x7b,0x7c,0x7b,0x7e,0x7b,0x7b,0x87,0x87,0x88,0x87,0x8f,0x87,0x87,0x82,0x87,
  0x82,0x86,0x86,0x86,0x58,0x92,0x93,0x92,0x93,0x9a,0xa1,0x99,0x93,0x82,0x48,0x48,0x61,0x61,0xc1,0x61,0x60,0x5c,0x5c,0x5c,
  0x37,0xc0,0x21,0x0d,0x15,0x0d,0x0d,0x0d,0x0d,0x11,0x0d,0x18,0x5d,0xa3,0x9f,0x9f,0x9f,0x60,0x60,0x60,0xac,0x61,0x9f,0xa2,
  0xa0,0x9e,0x9e,0x9e,0x8e,0x59,0x9e,0x8e,0x4b,0x40,0x40,0x4c,0x8c,0x8c,0x8c,0x4e,0x4f,0x83,0x7f,0x7e,0x7c,0x1f,0x0d,0x15,
  0x0d,0x0d,0x0d,0x15,0x0d,0x18,0x7c,0x7c,0x7b,0x7b,0x7c,0x7c,0x7a,0x80,0x85,0x88,0x87,0x87,0x87,0x88,0x7d,0x43,0x85,0x88,
  0x87,0x8b,0x87,0x8b,0x93,0x8b,0x93,0x99,0x99,0x93,0x87,0x43,0x3b,0x3c,0x60,0x61,0xc1,0x61,0x61,0x5c,0x5c,0x5c,0x37,0xd5,
  0x1c,0x0d,0x15,0x0d,0x0d,0x0d,0x0d,0x0d,0x15,0x0d,0x21,0xcf,0x9f,0xa2,0x9f,0x9f,0x9f,0x9f,0xac,0xac,0xa2,0xa0,0x9e,0xa0,
  0x9e,0xa0,0x9e,0xa0,0x59,0x8d,0x31,0x2f,0x31,0x4f,0x8c,0x8c,0x4f,0x7a,0x42,0x7e,0x83,0x86,0x85,0x1d,0x0d,0x15,0x0d,0x0d,
  0x0d,0x0d,0x15,0x0d,0x1f,0x85,0x7b,0x7c,0x45,0x7b,0x45,0x7c,0x87,0x7f,0x48,0x85,0x82,0x80,0x80,0x7d,0x82,0x88,0x87,0x87,
  0x87,0x87,0x87,0x87,0x8b,0x87,0x8b,0x87,0x82,0x44,0x41,0x3f,0x15,0x16,0x27,0xa4,0x1f,0x16,0x15,0x0d,0x1d,0xc5,0xc8,0xcd,
  0xcd,0xe2,0xcd,0x0d,0x15,0x15,0x17,0x0d,0x0d,0x0d,0x1b,0x8a,0xaf,0xcd,0xc8,0xe7,0xe9,0xe2,0x17,0x0d,0x0d,0x0d,0x0d,0x0d,
  0x1c,0x57,0x8a,0xbe,0xc8,0xe8,0x20,0x27,0xfd,0x91,0x30,0x18,0x0d,0x0d,0x0d,0x0d,0x0d,0x16,0x1f,0xc1,0xa2,0xda,0xed,0x5c,
  0x17,0x0d,0x1a,0xdf,0x6a,0xc2,0xcf,0xc1,0xd6,0x1c,0x0d,0x20,0xbe,0x17,0x0d,0x16,0x27,0x57,0x1f,0x0d,0x0d,0x0d,0x0d,0x19,
  0x36,0xbe,0xbb,0xcd,0xc7,0xd9,0x1f,0x0d,0x0d,0x21,0xd9,0xbb,0x98,0x8b,0x46,0x1b,0x18,0x18,0x1b,0x21,0x99,0x89,0xb0,0xc8,
  0xba,0xe8,0x20,0x1a,0x1d,0x0d,0x0d,0x17,0x0d,0x0d,0x0d,0x17,0x20,0x9a,0x87,0x4e,0x1c,0x18,0x16,0x18,0x1c,0x30,0xcf,0xc1,
  0x70,0xec,0xec,0xd8,0x19,0x0d,0x1d,0xd7,0xc1,0xcf,0xc1,0xc1,0xd4,0x36,0x1d,0x36,0xad,0x1a,0x0d,0x18,0x95,0x89,0x99,0x21,
  0x19,0x1a,0x20,0xa9,0xb5,0xb3,0xc8,0xc6,0xc7,0xd9,0x1f,0x0d,0x0d,0x1c,0xd9,0xbb,0xbd,0x94,0x8a,0x8a,0x47,0x47,0x94,0x97,
  0x96,0xbe,0xce,0xbd,0xb3,0xce,0x27,0x20,0x19,0x0d,0x16,0x0d,0x0d,0x17,0x1c,0x47,0x97,0xc4,0x58,0x87,0x8c,0x7b,0x42,0x52,
  0xc0,0xac,0xac,0xd4,0xda,0xda,0xda,0xd6,0x36,0x21,0x61,0xd0,0xc2,0xc1,0x60,0xcf,0xd7,0xdb,0xdf,0xd1,0x9e,0x42,0x20,0x52,
  0xc5,0xe2,0xb7,0xc3,0xa1,0xa0,0xac,0x9a,0xab,0xc5,0xc5,0xbe,0xba,0xb9,0x1f,0x0d,0x0d,0x1c,0xee,0xbb,0xce,0xbd,0x98,0x8a,
  0x8a,0x8a,0x8a,0x96,0xbe,0xc8,0xc8,0xbd,0xb7,0xbe,0x36,0x20,0x21,0x16,0x0d,0x19,0x1d,0x46,0xa8,0x96,0x96,0xd4,0xc3,0x91,
  0x87,0x8b,0xa0,0xa0,0xa0,0xac,0xd1,0xd4,0xd4,0xd6,0xd6,0xc1,0x9f,0xcf,0xc1,0xc2,0xcf,0xc1,0xcf,0x36,0x27,0xd4,0xc4,0xd0,
  0xac,0x87,0x82,0x27,0xc6,0xce,0xc5,0xa7,0x9a,0x94,0xa0,0xae,0xb9,0xae,0xae,0xa8,0xc6,0xad,0x3f,0x19,0x18,0x36,0xe7,0xbb,
  0xc5,0xc8,0xbd,0xb0,0xa8,0xb0,0xb0,0xb7,0xbe,0xbe,0xb5,0xb7,0xb7,0xb7,0xc6,0x1d,0x52,0x3f,0x21,0x1c,0x55,0xb7,0x95,0xb5,
  0xc8,0xd4,0xd4,0xc4,0xac,0xa2,0xaa,0xac,0xc1,0xc2,0xd6,0xc2,0xd1,0xd4,0xd4,0xd6,0x53,0x27,0xd6,0xc1,0xc1,0x61,0xd6,0x1f,
  0x1a,0xd5,0xac,0xc3,0xc2,0xd1,0x21,0x18,0xc4,0xc4,0xc5,0xab,0xd4,0x1f,0x19,0xd4,0xa9,0xa7,0xa7,0xb9,0x36,0x27,0x82,0x43,
  0x48,0x99,0xb5,0xd9,0xce,0xbe,0xbd,0xbd,0xc6,0xbe,0xb1,0xb7,0xb7,0xb7,0xb7,0x98,0x96,0x98,0xc6,0x20,0x2d,0x99,0x97,0x27,
  0x1c,0x27,0xf9,0xe2,0xc6,0xd0,0xc3,0xd4,0xc2,0xc2,0xd0,0xcf,0xc1,0x5c,0x27,0xd0,0xd0,0xd1,0xd1,0xd6,0x67,0x36,0xd0,0xc1,
  0xc1,0xc0,0xc0,0xa2,0x5c,0xc0,0xa2,0xac,0xc3,0xc5,0xc4,0x5c,0xc3,0xc3,0xb9,0xb8,0xc5,0x36,0x27,0xad,0xa9,0xa7,0x9a,0xd4,
  0x1d,0x1a,0xa9,0x48,0x81,0x96,0xc5,0x21,0x21,0xc6,0xbe,0xbe,0xbe,0xb7,0xc6,0xbe,0xb7,0xb7,0xb7,0x98,0x96,0x94,0xbe,0x27,
  0x21,0xc6,0xa4,0xcd,0x69,0x1d,0x27,0xee,0xb3,0xd1,0xd0,0xd0,0xd1,0xd4,0xd6,0xd6,0xd6,0xd6,0xd0,0xd4,0xd4,0xd4,0xc5,0xd4,
  0xd4,0xd4,0xd4,0xac,0x87,0x36,0xc1,0xc1,0xc2,0xc1,0xc0,0x53,0x27,0xcf,0xc1,0xcf,0xd1,0xd1,0xd0,0xd1,0xc1,0xc0,0x9f,0x9f,
  0x9d,0x9f,0xc0,0x60,0xac,0xb9,0xc5,0xc3,0xc1,0xad,0xa1,0xa2,0xaa,0xb7,0xae,0xb9,0xc3,0x9a,0xa1,0xa1,0xa0,0xa0,0x94,0x53,
  0xae,0x9a,0x97,0xb0,0xbb,0x17,0x18,0xce,0xb5,0xbe,0xb7,0xbe,0x36,0x95,0x8b,0x9a,0xa8,0xa8,0xa9,0x94,0xbe,0x27,0x21,0xee,
  0xe2,0xc7,0xe7,0xd8,0x1f,0x20,0xc6,0x98,0x8a,0x8a,0xa8,0x98,0x96,0x94,0xcf,0x6a,0xcf,0xcf,0xd1,0xd6,0xd6,0xd6,0xd1,0xd1,
  0xd4,0xd4,0xd4,0xd7,0xd1,0xd4,0xd4,0xd1,0xc1,0x56,0x21,0x60,0x61,0x61,0xc1,0xc0,0x9f,0xc0,0x9f,0x9d,0xc1,0xc3,0xc2,0xc2,
  0xc1,0xc0,0xc0,0x9f,0x9d,0x8c,0x9d,0x9f,0x9f,0xa2,0xac,0xc1,0xac,0xa2,0xa0,0xa0,0xa0,0xa7,0xa7,0xa7,0x9a,0xa0,0x91,0x91,
  0x8b,0x8f,0x93,0xaa,0xae,0xa7,0xa9,0xa8,0xa6,0xb9,0x27,0x27,0xbe,0xb7,0xb7,0xb9,0x95,0x15,0x1a,0x8f,0x49,0x96,0xa8,0xa8,
  0xbe,0xe8,0x27,0x27,0x95,0xbb,0xe7,0xce,0xc6,0xe7,0x20,0x1d,0x94,0x98,0x96,0x98,0x98,0x96,0x8a,0x61,0x61,0x61,0x6a,0x6d,
  0xd1,0xd1,0xd6,0xd0,0xc2,0xc2,0xd1,0xd1,0x21,0x61,0xd1,0xd0,0xd1,0xc3,0xcf,0x9f,0x8c,0x5e,0x9d,0x5f,0x9f,0x9d,0x5e,0x5e,
  0x9d,0x60,0xc1,0xc3,0xc3,0xc1,0x60,0x60,0x9f,0x4f,0x8c,0x8d,0x9f,0x9f,0xa2,0x9e,0xa7,0xa0,0x9e,0x59,0x91,0xa0,0xa0,0xa7,
  0xa0,0x90,0x87,0x87,0x87,0x88,0x87,0x93,0xa1,0xa9,0xa9,0xa9,0xa7,0xa1,0x9a,0xad,0xb9,0xa8,0xae,0xae,0xa8,0xac,0x1d,0x21,
  0x8f,0x86,0xa7,0xa8,0xae,0x27,0x27,0x27,0x27,0x27,0x21,0x27,0x27,0xa4,0xb5,0xdb,0x21,0x1c,0x36,0xb7,0x95,0x96,0x8a,0x98,
  0x66,0x66,0x66,0xcf,0x6a,0xd0,0x6a,0xcf,0xcf,0xc1,0xc1,0xc3,0xc1,0x36,0xc1,0xc3,0xd1,0xc4,0xd1,0xd4,0x9f,0x8c,0x8c,0x50,
  0x5e,0x9f,0x5d,0x5e,0x9b,0x9d,0x9f,0x60,0xc1,0xc0,0x9f,0x9f,0x9f,0x9f,0x8c,0x51,0x4f,0x8e,0x9e,0x9c,0x8e,0x91,0xa0,0x59,
  0x8f,0x8e,0x91,0x91,0x93,0x91,0x90,0x87,0x88,0x87,0x85,0x87,0x93,0x9a,0xa1,0xa7,0xa7,0xa1,0xa1,0xa1,0x9a,0xa0,0xa7,0xa1,
  0xaa,0xa7,0xa7,0xc3,0xad,0x93,0x8b,0x9a,0xa1,0xae,0x17,0x18,0x21,0x27,0xbe,0xb5,0x36,0x27,0x21,0x21,0x27,0x98,0x27,0x1d,
  0x27,0xb9,0x96,0x98,0xa8,0x66,0x5c,0x5d,0x60,0x67,0x67,0x61,0xc1,0xc0,0xc0,0xc1,0x61,0xc1,0xd0,0xc1,0xcf,0xc3,0xc3,0xc3,
  0xc3,0xcf,0x9d,0x9d,0x8c,0x5e,0xc0,0x9f,0x4d,0x51,0x5e,0x9d,0x9f,0x9f,0x9f,0x9f,0xc0,0xc1,0xc1,0x9b,0x50,0x4c,0x8c,0x9b,
  0x8e,0x9b,0x59,0x9e,0x59,0x8d,0x87,0x88,0x80,0x87,0x87,0x87,0x88,0x85,0x88,0x85,0x85,0x88,0x90,0x9a,0x9a,0xa0,0xa1,0xa7,
  0xa1,0xa1,0xa1,0xa1,0x93,0x99,0x9a,0x93,0x94,0x9a,0x9a,0x8b,0x8b,0xa0,0x99,0x27,0x27,0x20,0x8a,0xa8,0xa6,0xc6,0xc6,0x98,
  0x52,0x27,0x20,0x1f,0x21,0x1c,0x21,0xce,0xa6,0xa8,0x66,0x5d,0xd5,0xd5,0xd5,0xd5,0xc1,0x9f,0x9f,0x5d,0xc1,0xc1,0xc1,0xc1,
  0xc1,0xc1,0xc1,0xc1,0xc1,0x61,0xc1,0x60,0x9f,0xc0,0x9f,0x9d,0x5e,0x51,0x50,0x9b,0x51,0x9f,0x9f,0x9e,0x9f,0x9e,0x60,0x59,
  0x8e,0x8c,0x4c,0x4f,0x9b,0x9b,0x8d,0x87,0x59,0x87,0x85,0x80,0x7c,0x45,0x7c,0x87,0x85,0x85,0x87,0x7f,0x7b,0x7c,0x7a,0x87,
  0x99,0x9a,0x93,0x9a,0xa7,0x9a,0x93,0x99,0x99,0x8b,0x8b,0x8b,0x8b,0x9a,0xa1,0x9a,0x99,0x99,0x94,0x8b,0xae,0x21,0x27,0x98,
  0x97,0x98,0x98,0xa4,0x94,0x8a,0xb9,0x96,0x3f,0x52,0x21,0x19,0x21,0xc6,0xa6,0xd5,0x21,0x1c,0x1c,0x20,0x37,0xcf,0x5f,0x9f,
  0xc0,0xc1,0xc1,0x61,0xc1,0xc1,0xc1,0xc1,0xc1,0xc1,0xc1,0xc1,0xc0,0x9f,0x9b,0x9b,0x50,0x4c,0x50,0x51,0x9d,0x9f,0x9f,0xa3,
  0x9b,0x4c,0x4f,0x4f,0x8c,0x8c,0x4f,0x8c,0x8c,0x8c,0x85,0x9c,0x9c,0x8c,0x7b,0x7c,0x7e,0x45,0x7c,0x87,0x7c,0x7c,0x87,0x85,
  0x45,0x40,0x7a,0x93,0x9a,0x99,0x9a,0x9a,0x93,0x93,0x87,0x87,0x87,0x93,0x99,0x8b,0x9a,0x9a,0x9a,0xa1,0x93,0x9a,0x97,0x9a,
  0x20,0x27,0x98,0x8a,0x98,0xa9,0xbe,0xbe,0xa9,0x8a,0x36,0x27,0x21,0x1f,0x1f,0x1d,0x21,0xbe,0xb7,0x1c,0x0d,0x0d,0x0d,0x0d,
  0x17,0x21,0xcf,0x60,0xc1,0xc1,0x61,0xc1,0xc1,0x61,0xc1,0xc1,0xc1,0xc1,0x61,0xac,0x60,0xa2,0x9d,0x8d,0x50,0x4c,0x4c,0x4a,
  0x8c,0x9e,0xa3,0x9b,0x4c,0x4c,0x51,0x4f,0x4f,0x8c,0x83,0x8d,0x8d,0x8d,0x4e,0x20,0x1f,0x24,0x7e,0x80,0x7c,0x7c,0x80,0x45,
  0x7a,0x7c,0x85,0x85,0x7f,0x87,0x8f,0x48,0x7f,0x91,0x99,0x93,0x8f,0x8f,0x87,0x88,0x87,0x93,0x8b,0x93,0x9a,0x99,0x9a,0xa1,
  0x93,0x90,0x94,0x20,0x30,0xa9,0x97,0xb7,0xc6,0x36,0x20,0x1f,0x1d,0x1f,0x1d,0x20,0x21,0x27,0x58,0x99,0xb7,0x96,0xb5,0x0d,
  0x15,0x15,0x15,0x16,0x0d,0x17,0x37,0xc0,0x9f,0x9f,0xc1,0xc1,0x61,0xc1,0xc1,0xc1,0xc1,0xac,0xa2,0xa2,0x9e,0xa2,0x9b,0x8e,
  0x8e,0x4c,0x4a,0x33,0x4c,0x9d,0x8d,0x4f,0x50,0x8c,0x9b,0x8c,0x83,0x7c,0x7e,0x83,0x8d,0x30,0x18,0x0d,0x0d,0x0d,0x19,0x30,
  0x7c,0x7b,0x80,0x40,0x3d,0x45,0x7f,0x88,0x92,0x93,0x8f,0x7b,0x7f,0x8f,0x92,0x8b,0x8b,0x87,0x82,0x82,0x8b,0x8b,0x93,0x93,
  0x93,0x92,0xa1,0x9a,0x9a,0x9a,0x21,0x2d,0x4e,0x30,0x21,0x20,0x1a,0x16,0x0d,0x0d,0x0d,0x1c,0xae,0xae,0xae,0x97,0x8a,0x94,
  0x57,0x94,0xb5,0x0d,0x15,0x0d,0x0d,0x0d,0x15,0x0d,0x1d,0xd5,0x9f,0x9f,0x9f,0x60,0x61,0xac,0x61,0x60,0x60,0xac,0xac,0xa2,
  0xa0,0x9e,0x9c,0x8e,0x8e,0x8c,0x4c,0x4d,0x4c,0x4c,0x33,0x51,0x8e,0x9b,0x8c,0x8c,0x83,0x7c,0x7c,0x7c,0x42,0x18,0x0d,0x15,
  0x15,0x15,0x0d,0x17,0x24,0x45,0x7b,0x7c,0x7b,0x7e,0x7b,0x7b,0x87,0x87,0x88,0x87,0x8f,0x87,0x87,0x82,0x87,0x82,0x88,0x87,
  0x87,0x93,0x92,0x93,0x92,0x93,0x9a,0x9a,0xaa,0x1f,0x1b,0x1f,0x1d,0x1f,0x21,0x1d,0x0d,0x0d,0x15,0x15,0x15,0x0d,0x1f,0x99,
  0x55,0x58,0x92,0x9a,0xa9,0xb5,0xa8,0x15,0x0d,0x0d,0x0d,0x0d,0x11,0x0d,0x18,0x5d,0xa3,0x9f,0x9f,0x9f,0x60,0x60,0x60,0xac,
  0x61,0x9f,0xa2,0xa0,0x9e,0x9e,0x9e,0x8e,0x59,0x9e,0x8e,0x4b,0x40,0x40,0x4c,0x8c,0x8c,0x8c,0x4e,0x4f,0x83,0x7f,0x7e,0x7c,
  0x1f,0x0d,0x15,0x0d,0x0d,0x0d,0x15,0x0d,0x18,0x7c,0x7c,0x7b,0x7b,0x7c,0x7c,0x7a,0x80,0x85,0x88,0x87,0x87,0x87,0x88,0x7d,
  0x43,0x85,0x88,0x87,0x8b,0x87,0x8b,0x93,0x8b,0x93,0x99,0x99,0x93,0x21,0x24,0x3a,0x3c,0x44,0x89,0x1a,0x0d,0x15,0x0d,0x0d,
  0x15,0x0d,0x17,0x46,0x92,0x89,0x9a,0x96,0x98,0x96,0x98,0x15,0x0d,0x0d,0x0d,0x0d,0x0d,0x15,0x0d,0x21,0xcf,0x9f,0xa2,0x9f,
  0x9f,0x9f,0x9f,0xac,0xac,0xa2,0xa0,0x9e,0xa0,0x9e,0xa0,0x9e,0xa0,0x59,0x8d,0x31,0x2f,0x31,0x4f,0x8c,0x8c,0x4f,0x7a,0x42,
  0x7e,0x83,0x86,0x85,0x1d,0x0d,0x15,0x0d,0x0d,0x0d,0x0d,0x15,0x0d,0x1f,0x85,0x7b,0x7c,0x45,0x7b,0x45,0x7c,0x87,0x7f,0x48,
  0x85,0x82,0x80,0x80,0x7d,0x82,0x88,0x87,0x87,0x87,0x87,0x87,0x87,0x8b,0x87,0x8b,0x87,0x87,0x7d,0x43,0x3f,0x3f,0x49,0x18,
  0x0d,0x15,0x0d,0x0d,0x0d,0x15,0x0d,0x20,0x97,0x58,0x98,0x98,0x97,0x97,0x98,0x82,0x82,0xc8,0xcd,0xe5,0xe2,0xcd,0xcd,0xe5,
  0xee,0x91,0x30,0x18,0x0d,0x0d,0x0d,0x0d,0x0d,0x16,0x1f,0xc1,0xa2,0xda,0xed,0x5c,0x17,0x0d,0x1a,0xdf,0x6a,0xc2,0xcf,0xc1,
  0xd6,0x1c,0x0d,0x20,0xbe,0x17,0x0d,0x16,0x27,0x57,0x1f,0x0d,0x0d,0x0d,0x0d,0x19,0x36,0xbe,0xbb,0xcd,0xc7,0xd9,0x1f,0x0d,
  0x0d,0x21,0xd9,0xbb,0x98,0x8b,0x46,0x1b,0x18,0x18,0x1b,0x21,0x99,0x89,0xb0,0xc8,0xc6,0xc8,0xc7,0xe8,0x20,0x0d,0x0d,0x17,
  0x0d,0x0d,0x0d,0x17,0x20,0xa9,0x96,0xb3,0xc8,0xbd,0xbe,0xbe,0x9a,0x87,0x4e,0x1c,0x18,0x16,0x18,0x1c,0x30,0xcf,0xc1,0x70,
  0xec,0xec,0xd8,0x19,0x0d,0x1d,0xd7,0xc1,0xcf,0xc1,0xc1,0xd4,0x36,0x1d,0x36,0xae,0x1a,0x0d,0x18,0x95,0x89,0x99,0x20,0x19,
  0x1a,0x20,0xa9,0xb5,0xb3,0xc8,0xc6,0xc7,0xd9,0x1f,0x0d,0x0d,0x1c,0xd9,0xbb,0xbd,0x94,0x8a,0x8a,0x47,0x47,0x94,0x97,0x96,
  0xbe,0xce,0xbd,0xbe,0xbe,0xaf,0xc5,0x1a,0x0d,0x15,0x0d,0x0d,0x17,0x1c,0x47,0x97,0x96,0xc8,0xcc,0xc6,0xc6,0xbe,0xb7,0xc4,
  0x58,0x87,0x8c,0x7b,0x42,0x52,0xc0,0xac,0xac,0xd4,0xda,0xda,0xda,0xd6,0x36,0x21,0x61,0xd0,0xc2,0xc1,0xc1,0xc1,0xc4,0xdb,
  0xdd,0xd1,0x9e,0x42,0x20,0x30,0xc5,0xe2,0xbe,0xd4,0xa3,0x9a,0xac,0x9a,0xab,0xbe,0xbe,0xbe,0xba,0xbe,0x1f,0x0d,0x0d,0x1c,
  0xee,0xbb,0xce,0xbd,0x98,0x8a,0x8a,0x8a,0x8a,0x96,0xbe,0xc8,0xc8,0xbd,0xb7,0xb7,0xaf,0xc5,0x20,0x16,0x17,0x19,0x1d,0x46,
  0xa8,0x96,0x98,0x36,0xa4,0xe8,0xbb,0xbd,0xb7,0x96,0xd4,0xc3,0x91,0x87,0x8b,0xa0,0xa0,0xa0,0xac,0xd1,0xd4,0xd4,0xd6,0xdd,
  0xc1,0xa3,0xcf,0xcf,0xc2,0xcf,0xd0,0xc1,0xc1,0xc3,0xc4,0xc4,0xc2,0xa0,0x87,0x9c,0xa0,0xbe,0xcd,0xa4,0x27,0xa0,0x99,0x9a,
  0xae,0xb9,0xc4,0xc3,0xae,0xbe,0xa9,0x46,0x19,0x18,0x27,0xe7,0xc6,0xc8,0xc8,0xbd,0xb0,0xa8,0xb0,0xb0,0xb7,0xbe,0xbe,0xb5,
  0xb7,0xae,0xb5,0xb5,0xbd,0x8a,0x2d,0x3f,0x8a,0xa9,0x98,0x98,0xaf,0xe8,0x27,0x1a,0x27,0xe7,0xaf,0xb7,0xb7,0xd4,0xd4,0xc5,
  0xac,0xa2,0xaa,0xac,0xc1,0xc1,0xc2,0xd0,0xd1,0xd1,0x36,0xd1,0x60,0xc1,0xc2,0xd0,0x5c,0x21,0xcf,0x60,0x9f,0xc1,0xcf,0x36,
  0x27,0xc3,0xa0,0xad,0xc4,0xd6,0x27,0x18,0x97,0xae,0xb7,0xb8,0xc5,0x21,0x1a,0xab,0xb0,0xa8,0x49,0x43,0x7f,0xae,0xb5,0xbe,
  0xbe,0xbd,0xbd,0xbb,0xbb,0xbe,0xb7,0xb7,0xb7,0xb7,0xb7,0x98,0x96,0xa8,0xa8,0xbd,0x94,0x8b,0x99,0x94,0x96,0xb3,0xe2,0xe2,
  0xcd,0x36,0x1d,0x1d,0x21,0xce,0xb1,0xb7,0xc4,0xc2,0xc4,0xc2,0xc2,0xc3,0x67,0xc1,0x61,0x66,0x6a,0xd1,0x6a,0x27,0xd6,0xd0,
  0xc2,0xc1,0xc1,0x61,0x5c,0xc0,0x9f,0x60,0x9f,0xa2,0xc1,0xc4,0xc5,0xc5,0xc3,0xc1,0xc3,0xb8,0xa4,0xc4,0xbe,0xae,0xa5,0xc3,
  0x27,0x1d,0xac,0xa9,0xb7,0x58,0x82,0x1f,0x1c,0xc6,0xb1,0xb5,0xbe,0xbe,0xd9,0xd9,0xb0,0xbe,0xb7,0xb7,0xb7,0xa6,0x98,0x96,
  0x94,0x98,0xbe,0xc6,0xaf,0xb1,0xbd,0xc8,0xe2,0xe2,0xcd,0xbe,0xb3,0x1f,0xa4,0x1f,0x20,0xc5,0xa6,0xd4,0xd4,0xd4,0xd4,0xd4,
  0xd4,0xac,0x87,0xa2,0xc1,0xc1,0xd0,0x21,0x5c,0x5d,0x66,0xc0,0xc1,0xcf,0xd6,0xd1,0xd1,0xc2,0xc1,0xc0,0x60,0xc0,0x9d,0x9f,
  0xc0,0x60,0xac,0xc3,0xc4,0xc3,0xac,0xaa,0xa1,0xa2,0xae,0xb9,0xae,0xae,0xa7,0xa1,0xa1,0xaa,0xc3,0x9a,0xa1,0xa7,0xa7,0xaa,
  0x21,0x1f,0xc6,0xb5,0xbe,0xb3,0xce,0x27,0x21,0xc6,0xb0,0xa8,0x8b,0x94,0xa8,0xa8,0x98,0x96,0xb0,0xbd,0xcd,0xe2,0xe2,0xe2,
  0xcd,0xcd,0xc8,0xc6,0xa6,0xae,0x1f,0x3f,0xc5,0x1f,0x20,0xa9,0x98,0xbd,0xbe,0xbd,0xc6,0xc6,0xc6,0xc6,0xd4,0xc4,0xd1,0xd4,
  0xd4,0xd1,0xc1,0x9b,0x5c,0xc0,0x61,0xc1,0xc1,0xc0,0x9f,0xc0,0x66,0x9d,0xc1,0xc1,0xc2,0xc2,0xc2,0xc0,0xc0,0x9f,0x9d,0x8c,
  0x9d,0xc0,0x9f,0xa2,0xac,0xc2,0xac,0xa2,0xa0,0xa0,0xa0,0xa1,0xa7,0xa7,0xa1,0x9a,0x91,0x91,0x8b,0x8b,0x93,0xa7,0xa7,0xa9,
  0xa9,0xb9,0xc5,0xa8,0xb7,0xb7,0xa6,0xd9,0x1d,0x1c,0xc5,0x98,0x9a,0x7f,0x81,0x52,0x94,0xb7,0xa8,0xb5,0xc6,0xc8,0xc8,0xcc,
  0xc8,0xc8,0xc6,0xbe,0xb7,0x94,0x96,0x20,0x21,0xb9,0xbe,0x20,0x1d,0xbe,0xc8,0xbd,0xc6,0xc6,0xbd,0xc8,0xc8,0xc3,0xc2,0xc3,
  0xd0,0xd1,0xd1,0xc3,0xcf,0x5e,0x8c,0x5e,0x9d,0x5f,0x9f,0x9d,0x5e,0x5e,0x9d,0x60,0xc1,0xc3,0xc3,0xc1,0x60,0x60,0x9f,0x4f,
  0x8c,0x8d,0x9f,0x9f,0xa2,0x9e,0xa7,0xa0,0x9e,0x59,0x91,0xa0,0xa0,0xa7,0xa0,0x90,0x87,0x87,0x87,0x88,0x87,0x93,0xa1,0xae,
  0xa9,0xa9,0xa7,0x9a,0xa7,0xa7,0xa8,0xae,0xa9,0xc5,0xc4,0xa9,0xa7,0x9a,0x87,0x8b,0x17,0x19,0xbe,0xa8,0xb7,0xbd,0xbe,0xce,
  0xd9,0xbe,0xbe,0xb7,0xa8,0xb7,0x55,0xa8,0x27,0x20,0xb9,0x8a,0xae,0x21,0x1d,0xb3,0xce,0xbb,0xc8,0xc8,0xc8,0xc8,0xc1,0xc1,
  0xcf,0xc3,0xd1,0xc4,0xd1,0xd4,0x9f,0x8c,0x8c,0x50,0x5e,0x9f,0x5d,0x5e,0x9b,0x9d,0x9f,0x60,0xc1,0xc0,0x9f,0x9f,0x9f,0x9f,
  0x8c,0x51,0x4f,0x8e,0x9e,0x9c,0x8e,0x91,0xa0,0x59,0x8f,0x8e,0x91,0x91,0x93,0x91,0x90,0x87,0x88,0x87,0x85,0x87,0x93,0x9a,
  0xa1,0xa7,0xa7,0xa1,0xa1,0xa1,0xa1,0xa7,0xa7,0xa1,0xa7,0x9a,0xa7,0xa1,0xa7,0x99,0x93,0x1f,0x20,0xae,0x94,0xb5,0xb5,0xbd,
  0x27,0x27,0xc6,0xb7,0x96,0x96,0xa8,0x96,0xa9,0x36,0x21,0xb7,0x96,0x96,0xc6,0x27,0x1c,0xa4,0xce,0xbb,0xc8,0xc8,0xc8,0xc1,
  0xc1,0xc1,0xcf,0xc3,0xc3,0xc3,0xc3,0xcf,0x9d,0x9d,0x8c,0x5e,0xc0,0x9f,0x4d,0x51,0x5e,0x9d,0x9f,0x9f,0x9f,0x9f,0xc0,0xc1,
  0xc1,0x9b,0x50,0x4c,0x8c,0x9b,0x8e,0x9b,0x59,0x9e,0x59,0x8d,0x87,0x88,0x80,0x87,0x87,0x87,0x88,0x85,0x88,0x85,0x85,0x88,
  0x90,0x9a,0x9a,0xa0,0xa1,0xa7,0xa1,0xa1,0xa1,0xa1,0x93,0x99,0x9a,0x93,0x9a,0xa1,0x9a,0x8b,0xa3,0xae,0x8b,0x8a,0xa8,0xb1,
  0xc5,0x19,0x16,0xbb,0xb7,0x96,0x96,0x98,0x8a,0x48,0x46,0x21,0x96,0xc6,0xb7,0x98,0xc5,0x27,0x1c,0x36,0xd9,0xbb,0xc8,0xc8,
  0xc1,0xc1,0xc1,0xc1,0xc1,0xc1,0xc1,0x61,0xc1,0x60,0x9f,0xc0,0x9f,0x9d,0x5e,0x51,0x50,0x9b,0x51,0x9f,0x9f,0x9e,0x9f,0x9e,
  0x60,0x59,0x8e,0x8c,0x4c,0x4f,0x9b,0x9b,0x8d,0x87,0x59,0x87,0x85,0x80,0x7c,0x45,0x7c,0x87,0x85,0x85,0x87,0x7f,0x7b,0x7c,
  0x7a,0x87,0x99,0x9a,0x93,0x9a,0xa7,0x9a,0x93,0x99,0x99,0x8b,0x8b,0x8b,0x8b,0x9a,0xa1,0x9a,0x99,0x58,0x94,0x58,0x95,0x98,
  0x98,0x98,0x27,0x21,0xb1,0xa6,0x94,0x8a,0xb0,0x47,0x3f,0x27,0x27,0x27,0x27,0x36,0xb7,0xb5,0xd9,0x36,0x1c,0x27,0xe8,0xbb,
  0xc8,0xa1,0x93,0x9a,0xa7,0x99,0x8a,0x8a,0x94,0x94,0xa8,0xb9,0xbe,0xb9,0x96,0x89,0xa6,0x19,0x1a,0x21,0x21,0x52,0x27,0x21,
  0x21,0x27,0x95,0xe7,0xbb,0x1d,0x27,0xe8,0xba,0xc6,0xc8,0xc6,0xa1,0x93,0x93,0x93,0x8b,0x57,0x89,0x8a,0x96,0xc8,0x36,0x20,
  0x1f,0x27,0x99,0x98,0x1d,0x1f,0x20,0x27,0x94,0xa8,0xa9,0x95,0x27,0x21,0x21,0x27,0x69,0x1d,0x27,0xe8,0xbd,0xc6,0xbd,0x9a,
  0x9a,0x92,0x82,0x82,0x82,0x81,0x8a,0xae,0x20,0x16,0x0d,0x0d,0x16,0x1d,0x97,0xc5,0x27,0x21,0x99,0x94,0x57,0x94,0xbe,0xc6,
  0xbe,0x36,0x27,0x21,0x27,0x1c,0x21,0xd9,0xb5,0xbd,0xa1,0x99,0x93,0x82,0x48,0x48,0x48,0x87,0x20,0x0d,0x0d,0x15,0x15,0x11,
  0x0d,0x20,0x21,0x20,0x99,0x58,0x94,0x98,0xb1,0xa8,0xb7,0xc6,0xd9,0xe8,0xce,0x36,0x21,0x19,0x20,0xce,0xb1,0x99,0x93,0x87,
  0x43,0x3b,0x3c,0x3f,0x49,0x19,0x0d,0x15,0x0d,0x0d,0x15,0x15,0x16,0x20,0x99,0x92,0xaa,0xb9,0xb9,0xae,0xa4,0x36,0x27,0x21,
  0x20,0x1f,0x1f,0x20,0x21,0x27,0xa8,0xb7,0x8b,0x87,0x82,0x44,0x41,0x3f,0x3f,0x49,0x19,0x0d,0x15,0x0d,0x0d,0x0d,0x15,0x0d,
  0x21,0xa9,0x46,0x27,0x21,0x20,0x1f,0x1d,0x20,0x1f,0x21,0x27,0x95,0xaf,0xbe,0xc6,0xbe,0xa8,0xb7,0x88,0x81,0x82,0x81,0x55,
  0x97,0x1a,0x0d,0x15,0x0d,0x0d,0x0d,0x11,0x0d,0x1a,0x1f,0x1d,0x1f,0x21,0x27,0x47,0x94,0xc5,0xc6,0xc5,0xc6,0xb7,0xa8,0xa8,
  0x98,0xa6,0x81,0x81,0x81,0x57,0x57,0xe7,0x1c,0x0d,0x15,0x0d,0x0d,0x0d,0x15,0x0d,0x1c,0x95,0x94,0xae,0xb9,0xae,0x97,0xae,
  0x47,0x8a,0xb1,0xb1,0xb7,0xa8,0xa8,0xa8,0xb0,0x7d,0x8b,0x57,0x8b,0x94,0xf9,0x20,0x0d,0x15,0x0d,0x0d,0x0d,0x15,0x0d,0x1a,
  0xa9,0x89,0x58,0x94,0x94,0x9a,0x97,0x94,0x97,0xb7,0xb7,0xb7,0xa8,0xa8,0xb0,0xa9,0x48,0x8a,0x8a,0x94,0xb1,0xef,0x27,0x0d,
  0x15,0x0d,0x0d,0x0d,0x15,0x0d,0x18,0x94,0x58,0x58,0x99,0x99,0x97,0x98,0xa9,0x9a,0xa8,0xb0,0xb7,0xb7,0xb7,0xb0,0xa8,0x16,
  0x18,0x1c,0x30,0xcf,0xc1,0x70,0xec,0xec,0xd8,0x19,0x0d,0x1d,0xd7,0xc1,0xcf,0xc1,0xc1,0xd4,0x36,0x1d,0x36,0xad,0x1a,0x0d,
  0x18,0x95,0x89,0x99,0x21,0x19,0x1a,0x20,0xa9,0xbe,0xb3,0xc8,0xc6,0xc7,0xd9,0x1f,0x0d,0x0d,0x1c,0xd9,0xbb,0xbd,0x94,0x8a,
  0x8a,0x47,0x47,0x94,0x97,0x96,0xbe,0xce,0xbd,0xbe,0xbe,0xaf,0xc5,0x1a,0x0d,0x15,0x0d,0x0d,0x17,0x1c,0x47,0x97,0x95,0xbd,
  0xcd,0xc6,0xc6,0xbe,0xb7,0x98,0xa8,0xb7,0xb7,0xbe,0xbd,0xbd,0x42,0x52,0xc0,0xac,0xac,0xd4,0xda,0xda,0xda,0xd6,0x36,0x21,
  0x60,0xd0,0xc2,0xc1,0xc1,0xc1,0xc4,0xdb,0xdd,0xd1,0x9e,0x7b,0x20,0x30,0xc5,0xe2,0xb7,0xc3,0xa1,0xa0,0xac,0x9a,0xab,0xc5,
  0xc5,0xbe,0xba,0xbe,0x1f,0x0d,0x0d,0x1c,0xee,0xbb,0xce,0xbd,0x98,0x8a,0x8a,0x8a,0x8a,0x96,0xbe,0xc8,0xc8,0xbd,0xb7,0xb7,
  0xaf,0xc5,0x20,0x16,0x17,0x19,0x1d,0x46,0xa8,0x96,0x96,0xbd,0xcd,0xc8,0xc6,0xbd,0xb7,0x96,0xb7,0xb7,0xa8,0x94,0xa8,0xbd,
  0xbd,0xa0,0xa0,0xa0,0xac,0xd1,0xd4,0xd4,0xd6,0xd6,0xc1,0xa3,0xc1,0xd6,0xc3,0xcf,0xc1,0xc1,0xc1,0xc1,0x6b,0xc4,0xc4,0xac,
  0x87,0x91,0xa1,0xb3,0xce,0xc6,0xa5,0x9a,0x99,0x97,0xad,0xad,0xae,0xae,0xae,0xb5,0xa9,0x48,0x19,0x18,0x36,0xe7,0xc6,0xc8,
  0xc8,0xbd,0xb0,0xa8,0xb0,0xb0,0xb7,0xbe,0xbe,0xb5,0xb7,0xae,0xb5,0xb5,0xbd,0x8a,0x2d,0x3f,0x8a,0xa9,0x98,0x98,0xb1,0xc8,
  0xc8,0xbd,0xbd,0xbd,0xb5,0xb7,0xb7,0xb7,0x96,0x49,0x96,0xb5,0xbd,0xbd,0xaa,0xac,0xc1,0xc1,0xc2,0xd0,0xd1,0xd4,0xd6,0xd1,
  0x60,0x61,0x27,0x6a,0xc1,0xc1,0x60,0xc0,0x5c,0x21,0xc1,0xc3,0xc4,0xac,0xa2,0x95,0x21,0xc5,0xc5,0xb9,0xae,0xae,0xaf,0x21,
  0xaa,0xa7,0xa7,0xa8,0xb5,0x95,0x21,0x43,0x48,0x99,0xb5,0xbe,0xbe,0xbd,0xbd,0xbd,0xc6,0xbe,0xb7,0xb7,0xb7,0xb7,0xb7,0x98,
  0x96,0xa8,0xa8,0xbd,0x94,0x8b,0x99,0x94,0x96,0xb3,0xe2,0xe5,0xc8,0xbe,0xb5,0xb7,0xa8,0xb7,0xbe,0xb7,0xa8,0x96,0x96,0xb5,
  0xbe,0xb3,0xc8,0xd0,0xcf,0xc1,0x61,0x66,0x6a,0xd0,0xd1,0xd1,0xd1,0xd1,0xd0,0x36,0x61,0xc1,0xc0,0x9f,0x60,0x60,0xc0,0xa2,
  0xac,0xc3,0xc5,0xc5,0xc3,0xc3,0xc3,0xb9,0xb9,0xb9,0xb9,0xae,0x97,0xae,0xa1,0xa7,0xa0,0xc5,0x27,0x18,0x48,0x82,0x97,0xb7,
  0xb7,0xbe,0xbe,0xbd,0xbe,0xbe,0xb7,0xbe,0xb7,0xaf,0xb7,0xb0,0x98,0x96,0x94,0x98,0xbe,0xc6,0xaf,0xb1,0xbd,0xc8,0xe2,0xe2,
  0xcd,0xbe,0xb7,0xa8,0x98,0x98,0x98,0xa8,0xb0,0xa8,0xb7,0xb7,0xbe,0xbd,0xd9,0xc6,0xc2,0xc1,0xc0,0x5c,0x66,0xc0,0xc1,0xcf,
  0xd1,0xd1,0xd1,0xc3,0xcf,0x60,0x9f,0x9f,0x9d,0x9f,0xc0,0x60,0xac,0xb9,0xc5,0xc3,0xac,0xaa,0xa1,0xa2,0xaa,0xb7,0xae,0xae,
  0xa7,0xa7,0xa1,0xa1,0xa0,0xa0,0xa7,0xa5,0x58,0x9a,0x97,0xb0,0xa6,0xd9,0x21,0x19,0xc6,0xbe,0xb7,0xb7,0xb0,0xbe,0x99,0x99,
  0xa8,0xa8,0x98,0x96,0xb0,0xbd,0xcd,0xe2,0xe2,0xe2,0xcd,0xcd,0xc8,0xc6,0xa8,0x96,0x94,0x8a,0xa8,0x98,0x96,0x94,0x98,0xbd,
  0xbe,0xc6,0x36,0x21,0xd9,0xc8,0xc8,0xce,0xcc,0xc8,0xcd,0xe2,0x61,0xc1,0xc0,0x9f,0xc0,0x66,0x9d,0xc1,0xc3,0xc2,0xc2,0xc2,
  0xc0,0xc0,0x9f,0x9d,0x8c,0x9d,0xc0,0x9f,0xa2,0xac,0xc1,0xac,0xa2,0xa0,0xa0,0xa0,0xa7,0xa7,0xa7,0xa1,0x9a,0x91,0x91,0x8b,
  0x8f,0x93,0xa7,0xa7,0xae,0xa9,0xa8,0xa8,0xa8,0xbe,0x36,0x27,0xbe,0xb7,0xb7,0xa4,0xc5,0x20,0x1c,0x8b,0x94,0xa8,0xa8,0xa8,
  0xb5,0xc6,0xc8,0xcd,0xcd,0xc8,0xc8,0xc6,0xbe,0xb7,0x96,0x89,0x96,0x98,0x98,0x98,0x96,0x8a,0xb7,0xbd,0xbd,0xce,0xa4,0x19,
  0x20,0xe8,0xc8,0xcc,0xcd,0xcc,0xc8,0xcd,0x9d,0x5f,0x9f,0x9d,0x5e,0x5e,0x9d,0x60,0xc1,0xc3,0xc3,0xc1,0x60,0x60,0x9f,0x4f,
  0x8c,0x8d,0x9f,0x9f,0xa2,0x9e,0xa7,0xa0,0x9e,0x59,0x91,0xa0,0xa0,0xa7,0xa0,0x90,0x87,0x87,0x87,0x88,0x87,0x93,0xa1,0xae,
  0xa9,0xa9,0xa7,0xa1,0xa7,0xa7,0xad,0xc6,0xa8,0xae,0xa8,0xa5,0xad,0x21,0x1d,0x99,0x9a,0xae,0x98,0xa8,0xbe,0xc6,0xbd,0xbd,
  0xc6,0xbd,0xbe,0xb0,0xa6,0xb7,0x89,0x96,0xa8,0x98,0x96,0x96,0x8a,0x98,0xb7,0xbe,0xc6,0xc8,0xbb,0x20,0x20,0x1f,0xe4,0xcd,
  0xc8,0xc8,0xc8,0xcd,0x50,0x5e,0x9f,0x5d,0x5e,0x9b,0x9d,0x9f,0x60,0xc1,0xc0,0x9f,0x9f,0x9f,0x9f,0x8c,0x51,0x4f,0x8e,0x9e,
  0x9c,0x8e,0x91,0xa0,0x59,0x8f,0x8e,0x91,0x91,0x93,0x91,0x90,0x87,0x88,0x87,0x85,0x87,0x93,0x9a,0xa1,0xa7,0xa7,0xa1,0xa1,
  0x9a,0xa1,0xa1,0x9a,0xa1,0xaa,0xa7,0xa7,0xa1,0xad,0xaa,0x87,0x9a,0xa7,0x94,0xad,0x1c,0x1c,0xd9,0xa6,0xb5,0xb5,0xb7,0x96,
  0x98,0xa8,0x98,0x96,0xa8,0xa8,0x98,0x98,0x98,0xa8,0xa8,0xb7,0xb5,0xb5,0xe7,0x1f,0xbb,0x27,0x1d,0xe0,0xcd,0xbd,0xc6,0xc8,
  0x8c,0x5e,0xc0,0x9f,0x4d,0x51,0x5e,0x9d,0x9f,0x9f,0x9f,0x9f,0xc0,0xc1,0xc1,0x9b,0x50,0x4c,0x8c,0x9b,0x8e,0x9b,0x59,0x9e,
  0x59,0x8d,0x87,0x88,0x80,0x87,0x87,0x87,0x88,0x85,0x88,0x85,0x85,0x88,0x90,0x9a,0x9a,0xa0,0xa1,0xa7,0xa1,0xa1,0xa1,0xa1,
  0x93,0x99,0x9a,0x93,0x9a,0x9a,0x94,0x8b,0x8b,0x9a,0x8b,0x97,0x27,0x27,0xb7,0x98,0xb0,0xb5,0xb7,0x95,0x52,0xa8,0x89,0x3f,
  0x98,0x98,0x96,0xb7,0xb0,0xa8,0xa8,0xa8,0xb0,0xa4,0xe8,0x21,0x27,0xfb,0x27,0x1d,0xbb,0xd9,0xbb,0xc6,0xc0,0x9f,0x9d,0x5e,
  0x51,0x50,0x9b,0x51,0x9f,0x9f,0x9e,0x9f,0x9e,0x60,0x59,0x8e,0x8c,0x4c,0x4f,0x9b,0x9b,0x8d,0x87,0x59,0x87,0x85,0x80,0x7c,
  0x45,0x7c,0x87,0x85,0x85,0x87,0x7f,0x7b,0x7c,0x7a,0x87,0x99,0x9a,0x93,0x9a,0xa7,0x9a,0x93,0x99,0x99,0x8b,0x8b,0x8b,0x8b,
  0x9a,0xa1,0x9a,0x99,0x99,0x96,0x58,0x94,0xb9,0xbe,0x94,0x98,0x98,0xa4,0xc5,0x1a,0x17,0x95,0x89,0x2d,0x9a,0x96,0xa6,0xa6,
  0xb7,0xb7,0xb7,0xb7,0xb7,0xb1,0xd9,0x27,0x21,0xe7,0xe8,0x27,0x1c,0x69,0xd9,0xb3,0x8a,0x94,0x96,0xa9,0xb9,0xc5,0x21,0x1c,
  0xa4,0x97,0x97,0x94,0x94,0xae,0xc5,0xbe,0xb7,0xb5,0xb5,0xbe,0xb5,0xc8,0x27,0x20,0xe7,0xb3,0xee,0x27,0x1c,0x36,0xce,0xb3,
  0xbd,0xc6,0xbe,0xbd,0xc6,0x8a,0x96,0xce,0x36,0x20,0x1f,0x52,0xae,0x94,0x96,0x96,0x95,0x98,0x1c,0x1c,0xa9,0xb7,0xb7,0xbe,
  0xbd,0xb1,0xc8,0x36,0x21,0xce,0xbb,0xb3,0xd9,0x36,0x1c,0x27,0xd9,0xb3,0xbd,0xbe,0xb5,0xbd,0x8a,0xae,0x20,0x16,0x0d,0x0d,
  0x16,0x1d,0x97,0x95,0x94,0x94,0xa0,0x1b,0x19,0x96,0xb5,0xb5,0xbe,0xbe,0xd9,0xee,0x27,0x21,0xa4,0xc8,0xc8,0xb5,0xc8,0xa4,
  0x1c,0x27,0xd9,0xa4,0xb7,0xb0,0xb7,0x87,0x20,0x0d,0x0d,0x15,0x15,0x13,0x0d,0x1f,0x99,0x8b,0x8a,0x99,0x97,0xb7,0xbe,0x98,
  0xb0,0xaf,0xc6,0x20,0x27,0x27,0x27,0x27,0x21,0x27,0xb3,0xc6,0xce,0xa4,0x1d,0x27,0xc6,0x98,0xa8,0x98,0x49,0x19,0x0d,0x15,
  0x0d,0x0d,0x15,0x11,0x17,0x46,0x92,0x89,0x99,0x96,0x98,0x96,0x98,0xb0,0xb7,0xbe,0x16,0x19,0x21,0x27,0xb3,0x36,0x21,0x21,
  0x27,0x36,0xbe,0xbe,0x1d,0x21,0xc5,0x94,0x94,0x49,0x19,0x0d,0x15,0x0d,0x0d,0x0d,0x15,0x0d,0x20,0x97,0x58,0x98,0x98,0x97,
  0x97,0x98,0xb7,0xb7,0xbe,0x27,0x36,0x20,0x36,0xb7,0xae,0xbe,0xb7,0x36,0x21,0x21,0x27,0x36,0x1f,0x21,0xb9,0x8a,0x15,0x0d,
  0x1d,0xae,0x58,0x96,0xa8,0x97,0x96,0x98,0xb7,0xa8,0xb7,0xce,0x21,0x27,0xbe,0xa4,0xa8,0xb1,0xa8,0xb7,0xbe,0x55,0x27,0x21,
  0x27,0x1d,0x20,0x97,0x89,0x8a,0x15,0x0d,0x1c,0xb9,0x89,0x94,0x97,0x96,0x94,0xa8,0x47,0x94,0xba,0x20,0x27,0xc5,0x98,0x98,
  0xa6,0xb7,0xbe,0xb9,0xc5,0xc5,0xb9,0xa4,0x27,0x21,0x19,0x20,0x96,0x89,0x15,0x0d,0x1a,0x98,0x89,0x99,0x99,0x99,0x9a,0x97,
  0x9a,0x95,0x20,0x27,0xd9,0xbe,0xc5,0xc6,0xbe,0x94,0x36,0x27,0x21,0x20,0x1f,0x1d,0x1f,0x1f,0x21,0x27,0x89,0x57,0x15,0x0d,
  0x18,0x94,0x92,0x58,0x99,0x99,0x97,0x98,0xa8,0x21,0x36,0xaf,0x36,0x27,0x21,0x20,0x1f,0x1d,0x1f,0x20,0x21,0x27,0x46,0x55,
  0x8a,0x99,0x99,0x8a,0x57,0x8b,0x0e,0x0d,0x18,0x94,0x8a,0x8a,0x8a,0x58,0x99,0x94,0x1c,0x1d,0x1f,0x1d,0x1f,0x20,0x21,0x27,
  0x52,0xa4,0xa8,0xb7,0xa8,0x97,0x96,0x8a,0x89,0x57,0x57,0x57,0x8a,0x46,0x15,0x0d,0x17,0x36,0x8a,0x7d,0x81,0x81,0x92,0x57,
  0x21,0x27,0x52,0x98,0xb9,0xc6,0xbe,0xb7,0xb7,0xa8,0x94,0x57,0x55,0x8a,0x89,0x57,0x57,0x57,0x47,0x8a,0x27,0x18,0xb7,0xb0,
  0xa9,0x99,0x99,0x98,0x96,0x55,0x97,0x97,0x89,0x43,0x49,0x94,0x96,0x97,0x96,0x97,0x97,0x98,0x98,0x99,0x81,0x81,0x81,0x81,
  0x0d,0x1d,0xd7,0xc1,0xcf,0xc1,0xc1,0xd4,0x36,0x1d,0x36,0xad,0x1a,0x0d,0x18,0x95,0x89,0x99,0x21,0x19,0x1a,0x20,0xa9,0xb5,
  0xb3,0xc8,0xc6,0xc7,0xd9,0x1f,0x0d,0x0d,0x1c,0xd9,0xbb,0xbd,0x94,0x8a,0x8a,0x47,0x47,0x94,0x97,0x96,0xbe,0xce,0xbd,0xbe,
  0xbe,0xaf,0xc5,0x1a,0x0d,0x15,0x0d,0x0d,0x17,0x1c,0x47,0x97,0x95,0xbd,0xcd,0xc6,0xc6,0xbe,0xb7,0x98,0xa8,0xb7,0xb7,0xbe,
  0xbd,0xbd,0x21,0x61,0xd0,0xc2,0xc1,0xc1,0xc1,0xc4,0xdb,0xdf,0xd1,0x9e,0x7b,0x20,0x30,0xc5,0xe2,0xb7,0xc3,0xa3,0x9a,0xac,
  0x9a,0xab,0xc5,0xc5,0xba,0xba,0xbe,0x1f,0x0d,0x0d,0x1c,0xee,0xbb,0xce,0xbd,0x98,0x8a,0x8a,0x8a,0x8a,0x96,0xbe,0xc8,0xc8,
  0xbd,0xb7,0xb7,0xaf,0xc5,0x20,0x16,0x17,0x19,0x1d,0x46,0xa8,0x96,0x96,0xbd,0xcd,0xc8,0xc6,0xbd,0xb7,0x96,0xb7,0xb7,0xa8,
  0x94,0xa8,0xbd,0xbd,0xcf,0xcf,0xc2,0xcf,0xc1,0xc1,0xc1,0xc3,0xc4,0xc4,0xc4,0xa2,0x49,0x9c,0x9a,0xbe,0xce,0xc5,0x97,0x58,
  0x9a,0x9a,0xae,0xb9,0xae,0xae,0xb9,0xbe,0xa9,0x46,0x19,0x18,0x36,0xe7,0xc6,0xc8,0xc8,0xbd,0xb0,0xa8,0xb0,0xb0,0xb7,0xbe,
  0xbe,0xb5,0xb7,0xae,0xb5,0xb5,0xbd,0x8a,0x2d,0x3f,0x8a,0xa9,0x98,0x98,0xb1,0xc8,0xc8,0xbd,0xbd,0xbd,0xb5,0xb7,0xb7,0xb7,
  0x96,0x49,0x96,0xb5,0xbd,0xbd,0xc1,0xd0,0xcf,0xc1,0xc1,0x60,0xc0,0x9f,0xc1,0xc1,0xcf,0x6b,0x21,0xa0,0xad,0xc5,0xc4,0xc5,
  0xa4,0x21,0xad,0xb7,0xb9,0xae,0xa9,0xaa,0x36,0xab,0xb0,0x7d,0x43,0x48,0x99,0xc6,0xbe,0xbe,0xbd,0xbd,0xbd,0xbd,0xb3,0xb7,
  0xb7,0xb7,0xb7,0xb7,0x98,0x96,0xa8,0xa8,0xbd,0x94,0x8b,0x99,0x94,0x96,0xb3,0xe2,0xe5,0xc8,0xbe,0xb5,0xb7,0xa8,0xb7,0xbe,
  0xb7,0xa8,0x96,0x96,0xb5,0xbe,0xbe,0xc8,0xc2,0xcf,0xc1,0xc1,0xc0,0x9f,0x60,0x60,0xc0,0xa2,0xac,0xb9,0xc5,0xc5,0xc3,0xac,
  0xc3,0xb9,0xbe,0xc4,0xb9,0xae,0xae,0xa9,0xa7,0xa1,0x21,0xa7,0xb7,0x8a,0x48,0x82,0x94,0x36,0xb7,0xb5,0xbe,0xbd,0xbe,0xbd,
  0xc6,0xb5,0xb7,0xb7,0xb7,0xb7,0x98,0x96,0x94,0x98,0xbe,0xc6,0xaf,0xb1,0xbd,0xc8,0xe2,0xe2,0xcd,0xbe,0xb7,0xa8,0x98,0x98,
  0x98,0xa8,0xb0,0xa8,0xb7,0xb7,0xbe,0xbe,0xbe,0xc8,0xc2,0xc1,0xc0,0x9f,0x9f,0x9d,0x9f,0xc0,0x60,0xac,0xb9,0xc5,0xc3,0xac,
  0xaa,0xa1,0xa2,0xaa,0xb7,0xae,0xae,0xa7,0xa1,0xa1,0xa1,0x9a,0xaa,0xa7,0xa7,0xa7,0x9a,0xa7,0xa4,0x27,0xbe,0xb5,0xbe,0xbe,
  0xbe,0xa4,0x27,0xb5,0xa8,0x8b,0x9a,0xa8,0xa4,0x98,0x96,0xb0,0xbd,0xcd,0xe2,0xe2,0xe2,0xcd,0xcd,0xc8,0xc6,0xa8,0x96,0x94,
  0x8a,0xa8,0x98,0x96,0x94,0x98,0xbd,0xbe,0xbd,0xc6,0xc6,0xc6,0xc6,0xc8,0xce,0xcc,0xc8,0xcd,0xe2,0xe5,0xe5,0xe5,0xe5,0xe5,
  0xe5,0xe5,0xc2,0xc0,0xc0,0x9f,0x9d,0x8c,0x9d,0xc0,0x9f,0xa2,0xac,0xc1,0xac,0xa2,0xa0,0xa0,0xa0,0xa7,0xa7,0xa7,0xa1,0x9a,
  0x91,0x91,0x8b,0x8f,0x90,0xa7,0xa7,0xa9,0xa9,0xa8,0xa8,0xbe,0xa8,0xb7,0xb7,0xa6,0xc5,0x21,0x18,0x98,0x9a,0x7f,0x81,0x99,
  0xbe,0xc5,0xb0,0xb5,0xc6,0xc8,0xcd,0xcd,0xc8,0xc8,0xc6,0xbe,0xb7,0x96,0x89,0x96,0x98,0x98,0x98,0x96,0x8a,0xb7,0xbd,0xc6,
  0xc6,0xc6,0xbd,0xc8,0xc8,0xc8,0xcd,0xcc,0xcc,0xc8,0xcd,0xe2,0xe2,0xe2,0xe5,0xe2,0xe2,0xe7,0xc1,0x60,0x60,0x9f,0x4f,0x8c,
  0x8d,0x9f,0x9f,0xa2,0x9e,0xa7,0xa0,0x9e,0x59,0x91,0xa0,0xa0,0xa7,0xa0,0x90,0x87,0x87,0x87,0x88,0x87,0x93,0xa1,0xae,0xa9,
  0xa9,0xa7,0xa1,0x9a,0xa7,0xa8,0xae,0xa8,0xae,0xa4,0x36,0xa7,0x9a,0x88,0x86,0xad,0x21,0x1c,0xb9,0xb7,0xbd,0xbe,0xbd,0xbd,
  0xb3,0xbe,0xb7,0xa8,0xb7,0x89,0x96,0xa8,0x98,0x96,0x96,0x8a,0x98,0xb7,0xbe,0xc6,0xc6,0xc8,0xc8,0xc8,0xc8,0xcd,0xcd,0xcd,
  0xc8,0xc8,0xcd,0xcd,0xcd,0xcc,0xe2,0xcd,0xe2,0xe2,0x9f,0x9f,0x9f,0x9f,0x8c,0x51,0x4f,0x8e,0x9e,0x9c,0x8e,0x91,0xa0,0x59,
  0x8f,0x8e,0x91,0x91,0x93,0x91,0x90,0x87,0x88,0x87,0x85,0x87,0x93,0x9a,0xa1,0xa7,0xa7,0xa1,0xa1,0xa1,0xa1,0xa7,0xa7,0xa1,
  0xaa,0xa7,0xae,0xa1,0xa7,0x99,0x86,0xaa,0x21,0x1c,0xa1,0xb7,0xb5,0xb5,0xb0,0xc5,0xd9,0xb7,0x96,0x96,0xa8,0x98,0x96,0xa8,
  0xa8,0x98,0x98,0x98,0xa8,0xa8,0xb7,0xb5,0xbe,0xc8,0xc8,0xc8,0xc8,0xce,0xc8,0xc8,0xc8,0xc6,0xc8,0xc8,0xcc,0xe8,0xcd,0xcd,
  0xcd,0xcd,0x9f,0xc0,0xc1,0xc1,0x9b,0x50,0x4c,0x8c,0x9b,0x8e,0x9b,0x59,0x9e,0x59,0x8d,0x87,0x88,0x80,0x87,0x87,0x87,0x88,
  0x85,0x88,0x85,0x85,0x88,0x90,0x9a,0x9a,0xa0,0xa1,0xa7,0xa1,0xa1,0xa1,0xa1,0x93,0x99,0x9a,0x90,0x9a,0xa1,0x9a,0x8b,0x8b,
  0xae,0xa7,0x94,0xa8,0xb7,0x98,0xbe,0x21,0x1f,0xc6,0x96,0x96,0x98,0x8a,0x3f,0x98,0x98,0x96,0xb7,0xb0,0xa8,0xa8,0xa8,0xb0,
  0xb0,0xbd,0xc6,0xc8,0xc8,0xc8,0xc8,0xc8,0xc8,0xc6,0xc6,0xc6,0xb3,0x27,0xcd,0xcd,0xc8,0xc6,0x9f,0x9e,0x60,0x59,0x8e,0x8c,
  0x4c,0x4f,0x9b,0x9b,0x8d,0x87,0x59,0x87,0x85,0x80,0x7c,0x45,0x7c,0x87,0x85,0x85,0x87,0x7f,0x7b,0x7c,0x7a,0x87,0x99,0x9a,
  0x93,0x9a,0xa7,0x9a,0x93,0x99,0x99,0x8b,0x8b,0x8b,0x8b,0x9a,0xa1,0x9a,0x93,0x99,0x94,0x8b,0x95,0x98,0xa8,0x94,0xb9,0x20,
  0x1d,0xc5,0x94,0x8a,0x98,0x55,0x3f,0xad,0x96,0xa8,0xa8,0xb7,0xb7,0xb7,0xb5,0xb7,0xb5,0xbe,0xc6,0xc6,0xc6,0xc8,0xc6,0xc6,
  0xc6,0xbd,0xbd,0xbd,0xc8,0x1a,0x1d,0xcd,0xce,0xbe,0x94,0x94,0x96,0xb9,0xdb,0xb9,0x96,0x8a,0x96,0xae,0x27,0x1d,0x98,0x96,
  0xa8,0xb5,0xb5,0xb1,0xb1,0xbe,0xb5,0xbe,0xbd,0xc6,0xbd,0xc8,0xc8,0xc6,0xbd,0xbe,0xbe,0xbb,0xce,0x20,0x20,0x1d,0xbb,0xcd,
  0xb3,0xb7,0xa8,0xa8,0xa8,0x8a,0x96,0xce,0x36,0x20,0x1f,0x27,0x99,0x94,0xb7,0x21,0x1c,0x97,0x89,0x98,0x96,0xb7,0xc6,0xd9,
  0xbe,0xbe,0xbd,0xbe,0xbd,0xc6,0xc8,0xc6,0xbd,0xbd,0xbe,0xbe,0xb3,0xd9,0x20,0x36,0x27,0x1c,0xa4,0xbe,0x98,0x98,0x98,0x98,
  0x8a,0xae,0x20,0x16,0x0d,0x0d,0x16,0x1d,0x97,0x94,0x97,0xae,0x8a,0x94,0x8b,0x8a,0xc8,0x21,0x20,0xc6,0xbe,0xbd,0xbe,0xc6,
  0xbd,0xbd,0xbe,0xbd,0xbe,0xb5,0xb5,0xb1,0xce,0x27,0x20,0xec,0x27,0x1c,0x36,0xb7,0x94,0x96,0x96,0x87,0x20,0x0d,0x0d,0x15,
  0x15,0x11,0x0d,0x1f,0x9a,0x55,0x89,0x92,0x9a,0xa9,0xaf,0xc6,0x1a,0x11,0xa4,0xbe,0xbe,0xbd,0xbd,0xbe,0xb7,0xb5,0xb5,0xb7,
  0xb7,0xb5,0xb1,0xbe,0x36,0x1f,0xb7,0xbe,0x36,0x1c,0x27,0xae,0x8a,0x94,0x49,0x19,0x0d,0x15,0x0d,0x0d,0x15,0x11,0x17,0x46,
  0x92,0x89,0x9a,0x96,0x98,0x96,0xa8,0x36,0x27,0xbe,0xb7,0xb7,0xbe,0xbe,0xbe,0xb3,0xa8,0xb7,0xb7,0xb7,0xb7,0x98,0xa8,0x95,
  0x1f,0x96,0x8a,0xa9,0x36,0x1c,0x27,0x97,0x55,0x49,0x19,0x0d,0x15,0x0d,0x0d,0x0d,0x15,0x0d,0x20,0x97,0x58,0x98,0x98,0x97,
  0x97,0x98,0xbe,0xc6,0xa8,0xb7,0xb7,0xb1,0xc6,0x1a,0x19,0xb1,0xb0,0xb7,0xb7,0x94,0x94,0xa8,0x97,0x20,0x94,0x94,0x55,0x96,
  0x52,0x1c,0x21,0x94,0x97,0x96,0x98,0xb7,0xa6,0xa8,0xb7,0xb0,0x98,0xc5,0x1c,0x1c,0xc4,0xa8,0xa8,0xa8,0x94,0xb7,0xb7,0x36,
  0x20,0x55,0x96,0x94,0x89,0x8a,0x55,0x1c,0x21,0x52,0x1a,0x0d,0x0d,0x15,0x96,0x94,0xa8,0x49,0x8a,0xbe,0xb7,0xb7,0xa8,0xa8,
  0xc5,0xc5,0xb7,0xa8,0xa8,0xa8,0xb7,0x21,0x27,0x46,0x21,0x27,0x21,0x30,0x55,0x89,0x8a,0x97,0x1b,0x17,0x0d,0x15,0x15,0x0d,
  0x99,0x9a,0x97,0x94,0x97,0xb7,0xb7,0xb7,0xa8,0xa8,0xa6,0x98,0x98,0xa8,0x98,0x98,0xa4,0x16,0x19,0x3f,0x21,0x52,0x46,0x21,
  0x20,0x21,0x47,0x1d,0x16,0x0d,0x15,0x0d,0x0d,0x0d,0x99,0x97,0x98,0xa9,0x9a,0xa8,0xb0,0xb7,0xb7,0xb7,0xb0,0xa8,0x98,0x98,
  0xa8,0x96,0x98,0x27,0x46,0x21,0x21,0x8a,0x8b,0x8a,0x8a,0x30,0x19,0x0d,0x16,0x15,0x0d,0x0d,0x0d,0x0d,0x8a,0x99,0x97,0xa8,
  0xa8,0x98,0x98,0xa8,0xa8,0xa8,0xa8,0xa8,0xa8,0x98,0x96,0x94,0x8a,0xae,0x27,0x21,0x58,0x89,0x57,0x8a,0x46,0x19,0x0d,0x15,
  0x16,0x16,0x16,0x16,0x11,0x0d,0x81,0x92,0x92,0x98,0x96,0x97,0x96,0x98,0xa8,0xa8,0x98,0xa8,0xa8,0x96,0x57,0x89,0x98,0x21,
  0x20,0x8a,0x57,0x47,0x8a,0x27,0x18,0x0d,0x15,0x0d,0x0d,0x0d,0x15,0x15,0x16,0x16,0x97,0x98,0x97,0x9a,0x9a,0x98,0x98,0x89,
  0x97,0x97,0x89,0x42,0x81,0x21,0x20,0x8a,0x89,0x89,0x8a,0x30,0x17,0x0d,0x15,0x0d,0x0d,0x0d,0x0d,0x0d,0x0d,0x0d,0x15,0x99,
  0x97,0x97,0x96,0x97,0x97,0x98,0x98,0x99,0x81,0x81,0x8b,0x21,0x21,0x94,0x47,0x27,0x21,0x20,0x17,0x0d,0x15,0x0d,0x0d,0x0d,
  0x0d,0x0d,0x0d,0x15,0x0d,0x16,0x99,0x9a,0x9a,0x97,0x97,0x96,0x98,0x96,0x8a,0x49,0x8b,0x1f,0x1c,0x1f,0x1d,0x1d,0x1f,0x1d,
  0x15,0x0d,0x15,0x0d,0x0d,0x0d,0x0d,0x0d,0x0d,0x15,0x0d,0x18,0x27,0x99,0x97,0x96,0x96,0x99,0x94,0x99,0x94,0x49,0x48,0x49,
  0x21,0x21,0x3f,0x46,0x89,0x57,0x19,0x0d,0x15,0x0d,0x0d,0x0d,0x0d,0x0d,0x0d,0x15,0x0d,0x1a,0xc7,0xfd,0x92,0x99,0x99,0x99,
  0x99,0x8a,0x92,0x81,0x48,0x44,0x48,0x57,0x57,0x57,0x57,0x89,0x19,0x0d,0x15,0x0d,0x0d,0x0d,0x0d,0x0d,0x0d,0x15,0x0d,0x1c,
  0xfd,0xf0,0xe9,0x89,0x89,0x92,0x89,0x89,0x58,0x8a,0x82,0x44,0x48,0x48,0x47,0x49,0x47,0x8a,0x1c,0x0d,0x15,0x0d,0x0d,0x0d,
  0x0d,0x0d,0x0d,0x15,0x0d,0x1d,0xfd,0xe9,0xe9,0xe5,0xd1,0x9e,0x7b,0x20,0x30,0xc5,0xe2,0xb7,0xc3,0xa1,0xa0,0xac,0x9a,0xa6,
  0xc5,0xc5,0xbe,0xba,0xbe,0x1f,0x0d,0x0d,0x1c,0xee,0xbb,0xce,0xbd,0x98,0x8a,0x8a,0x8a,0xd0,0xac,0x87,0x9c,0xa0,0xbe,0xce,
  0xc5,0xa5,0x9a,0x99,0x9a,0xae,0xc5,0xae,0xae,0xae,0xbe,0xa9,0x46,0x19,0x18,0x36,0xe7,0xc6,0xc8,0xc8,0xbd,0xb0,0xa8,0xb0,
  0xc3,0xc4,0xac,0xa0,0xad,0xc5,0xc4,0xc5,0xb9,0xae,0xae,0xb9,0xab,0x27,0xa5,0xa7,0xa8,0xb7,0xa8,0x49,0x43,0x7c,0x99,0xb5,
  0xbe,0xbe,0xbd,0xbd,0xbd,0xc6,0xbe,0xac,0xc3,0xc5,0xc5,0xc3,0xac,0xc3,0xb9,0xb9,0xb9,0xbe,0xae,0xa5,0x27,0xa0,0xa7,0xa7,
  0xa9,0xb7,0x99,0x21,0x48,0xa7,0xb7,0xb7,0xb5,0xbe,0xcd,0xbe,0xbe,0xb7,0xad,0xa1,0xa0,0xa0,0xa7,0xa7,0xa9,0x52,0x97,0xb7,
  0xb7,0xb5,0xbe,0xba,0x27,0xb3,0xb7,0xb7,0xb7,0xa8,0x8b,0x9a,0xa8,0xa8,0x98,0x96,0xb0,0xbd,0xcd,0xe2,0xe2,0xe2,0xcd,0xcd,
  0xc8,0xc6,0xa8,0x96,0x94,0x8a,0xa8,0x98,0x96,0x94,0x98,0xbd,0xbe,0xbd,0xc6,0xc6,0xc6,0xc6,0xc8,0xce,0xcc,0xc8,0xcd,0xe2,
  0xe5,0xe5,0xe5,0xe5,0xe5,0xe5,0xe5,0x90,0x8b,0x8f,0x93,0xa7,0xa7,0xa9,0xa8,0xa8,0xa8,0xae,0xb7,0xb7,0xb1,0x27,0xb1,0xb7,
  0xa8,0xa9,0x9a,0x82,0x49,0x97,0xa8,0xa8,0xa8,0xb5,0xbd,0xc7,0xcd,0xcd,0xc8,0xc8,0xc6,0xbe,0xb7,0x96,0x89,0x96,0x98,0x98,
  0x98,0x96,0x8a,0xb7,0xbd,0xc6,0xc6,0xc6,0xbd,0xc8,0xc8,0xc8,0xcd,0xcc,0xcc,0xc8,0xcd,0xe2,0xe2,0xe2,0xe5,0xe2,0xe2,0xe7,
  0x87,0x88,0x87,0x93,0xa1,0xae,0xa9,0xa9,0xa7,0xa1,0xa7,0xa7,0xa9,0xae,0xbe,0xae,0xa8,0xa8,0xa7,0xa1,0x49,0x21,0xa8,0xae,
  0x98,0xa8,0xb7,0xce,0xe8,0xbd,0xc6,0xbd,0xbe,0xb7,0xa8,0xb7,0x89,0x96,0xa8,0x98,0x96,0x96,0x8a,0x98,0xb7,0xbe,0xc6,0xc6,
  0xc8,0xc8,0xc8,0xc8,0xcd,0xcd,0xcd,0xc8,0xc8,0xcd,0xcd,0xcd,0xe2,0xe2,0xcd,0xe2,0xe2,0x87,0x85,0x87,0x93,0x9a,0xa1,0xa7,
  0xa7,0xa1,0xa1,0xa1,0xa1,0xa7,0xa7,0x9a,0xaa,0xa7,0xa7,0xa1,0xa7,0x99,0x8b,0x9a,0xa7,0x9a,0x99,0xc6,0x36,0x21,0xb7,0xb5,
  0xb5,0xb5,0x96,0x96,0x98,0x98,0x96,0xa8,0xa8,0x98,0x98,0x98,0xa8,0xa8,0xb7,0xb5,0xbe,0xc8,0xc8,0xc8,0xc8,0xce,0xc8,0xc8,
  0xc8,0xc6,0xc8,0xc8,0xc8,0xcd,0xe2,0xcd,0xcc,0xcd,0x88,0x85,0x85,0x88,0x90,0x9a,0x9a,0xa0,0xa1,0xa7,0xa1,0xa1,0xa1,0xa1,
  0x93,0x99,0x9a,0x93,0x9a,0xa1,0x9a,0x8b,0x8b,0x9a,0x89,0x8a,0xc6,0x21,0x19,0xa4,0xb0,0xb5,0xb7,0x96,0x98,0xb7,0x89,0x3f,
  0x98,0x98,0x96,0xb7,0xb0,0xa8,0xa8,0xa8,0xb0,0xb0,0xbd,0xc6,0xc8,0xc8,0xc8,0xc8,0xc8,0xc8,0xc6,0xc6,0xc6,0xbd,0xc6,0xc8,
  0xcd,0xc8,0xc6,0x7f,0x7b,0x7c,0x7a,0x87,0x99,0x9a,0x93,0x9a,0xa7,0x9a,0x93,0x99,0x99,0x8b,0x8b,0x8b,0x8b,0x9a,0xa1,0x9a,
  0x99,0x99,0x96,0x58,0x95,0x98,0xb7,0xa9,0x98,0x98,0xa4,0xa6,0x98,0x27,0x21,0x89,0x2d,0x9a,0x96,0xa8,0xa8,0xb7,0xb7,0xb7,
  0xb7,0xb7,0xb5,0xbe,0xc6,0xc6,0xc6,0xc8,0xc6,0xc6,0xc6,0xbd,0xbd,0xbd,0xbd,0xbd,0xbd,0xc6,0xc8,0xbd,0xa9,0xbe,0xb7,0xb9,
  0x1f,0x1a,0xae,0x97,0x94,0x94,0x96,0xa8,0xbe,0xb7,0xb5,0xb5,0xbe,0xb5,0xbe,0xbd,0xc6,0xbd,0xc8,0xc8,0xc6,0xbd,0xbe,0xbe,
  0xbd,0xbe,0xc6,0xbe,0xbd,0xc6,0xc6,0xbe,0xb7,0xa8,0xa8,0xa8,0xa4,0x98,0xa8,0x96,0x94,0x36,0x20,0x1f,0x27,0x96,0x94,0x96,
  0x96,0x96,0x94,0x89,0x98,0x53,0xb5,0xb7,0xbe,0xbe,0xbe,0xbd,0xbe,0xbd,0xc6,0xc8,0xc6,0xbd,0xbd,0xbe,0xbe,0xbd,0xbd,0xbd,
  0xbe,0xb5,0xbd,0xbe,0xb7,0xa8,0x98,0x98,0x98,0x96,0x96,0x94,0x94,0x94,0x16,0x0d,0x0d,0x16,0x1d,0x97,0x95,0x94,0x94,0x58,
  0xa8,0x21,0x18,0xaf,0xbe,0xbe,0xbe,0xbd,0xbd,0xb3,0xc6,0xbd,0xbd,0xbe,0xbd,0xbe,0xb5,0xb5,0xb5,0xb7,0xb7,0xb7,0xb0,0xb7,
  0xa8,0xa8,0x98,0x96,0x96,0x96,0x47,0x27,0x97,0x55,0x55,0x0d,0x15,0x15,0x11,0x0d,0x1f,0x99,0x8b,0x8a,0x92,0x97,0x53,0x27,
  0xa8,0xa8,0xb7,0xb7,0xb5,0xc6,0xd9,0xbd,0xbe,0xb7,0xb5,0xb5,0xb7,0xb7,0xb5,0xb7,0xa8,0xa8,0xa8,0xa8,0x98,0x98,0xa8,0x96,
  0x94,0x94,0x97,0x46,0x19,0x21,0x96,0x99,0x15,0x0d,0x0d,0x15,0x11,0x17,0x46,0x92,0x89,0x9a,0x96,0xa8,0xae,0x98,0xb7,0xb7,
  0xb1,0xce,0x21,0x1a,0xbd,0xb7,0xb7,0x98,0xb7,0xaf,0xa6,0xb7,0x98,0xa8,0xa8,0xa8,0x95,0x94,0x94,0x94,0x94,0x8a,0x89,0x8b,
  0x55,0x1d,0x1f,0x20,0x1d,0x15,0x0d,0x0d,0x0d,0x15,0x0d,0x20,0x97,0x58,0x98,0x98,0x97,0x97,0x98,0xb7,0xb7,0xa6,0xc5,0x27,
  0x1f,0xbe,0xa8,0xa8,0xa8,0xb7,0xc6,0xc6,0x94,0x95,0xa8,0xa8,0xa8,0x98,0x94,0x8a,0x8a,0x94,0x89,0x89,0x57,0x96,0x20,0x1f,
  0x16,0x0d,0xa8,0xa8,0xb7,0xc6,0xc5,0xa8,0xa8,0xa8,0xb1,0xbe,0x27,0x21,0x97,0x98,0x96,0x96,0x96,0x94,0x94,0x8a,0x8a,0x8a,
  0x89,0x55,0x99,0x46,0x19,0x0d,0x0d,0x15,0x0d,0x0d,0x0d,0x0d,0x0d,0x0d,0x0d,0x0d,0x0d,0x8a,0xbe,0xb7,0xaf,0x98,0xa8,0xa8,
  0xb0,0xa6,0xc6,0x19,0x16,0xa4,0x98,0x95,0x96,0x94,0x89,0x89,0x89,0x8a,0x57,0x57,0x99,0x21,0x17,0x0d,0x15,0x0d,0x0d,0x0d,
  0x0d,0x0d,0x0d,0x0d,0x0d,0x11,0x15,0x0d,0x97,0xb7,0xb7,0xb7,0xa8,0xa8,0xb0,0xa8,0x97,0xb7,0x27,0x27,0xa8,0x96,0x89,0x94,
  0x8a,0x99,0x8a,0x89,0x57,0x57,0x8b,0x1d,0x0d,0x0d,0x15,0x0d,0x0d,0x0d,0x0d,0x0d,0x0d,0x0d,0x0d,0x15,0x0d,0x0d,0x0d,0x9a,
  0xa8,0xb0,0xb7,0xb7,0xb7,0xb0,0xa8,0x98,0x98,0xb7,0xb7,0x96,0x96,0x89,0x89,0x94,0x1a,0x1a,0x8b,0x8b,0x57,0x1a,0x0d,0x11,
  0x11,0x0d,0x15,0x0d,0x0d,0x0d,0x0d,0x0d,0x15,0x0d,0x0d,0x17,0x1d,0x27,0xa8,0x98,0x98,0xa8,0xa8,0xa8,0xa8,0xa8,0xa8,0x98,
  0x96,0x94,0x94,0x94,0x89,0x89,0x8a,0x1a,0x1a,0x99,0x46,0x19,0x0d,0x15,0x0d,0x0d,0x0d,0x15,0x15,0x0d,0x0d,0x15,0x0d,0x0d,
  0x15,0x1c,0xe4,0xfc,0xfd,0x96,0x97,0x96,0x98,0xa8,0xa8,0x98,0xa8,0xa8,0x94,0x57,0x8a,0x8a,0x89,0x57,0x57,0x57,0x57,0x96,
  0x27,0x18,0x0d,0x15,0x0d,0x0d,0x0d,0x0d,0x0d,0x16,0x16,0x16,0x0d,0x17,0x1f,0x69,0x20,0x27,0xfd,0xe4,0x97,0x89,0x43,0x7d,
  0x89,0x57,0x57,0x57,0x47,0x57,0x30,0x17,0x0d,0x15,0x0d,0x0d,0x0d,0x0d,0x0d,0x15,0x16,0x15,0x0d,0x18,0x20,0xe4,0xfd,0xfd,
  0x1f,0x20,0xfa,0xe0,0xe2,0xcd,0xcd,0x81,0x81,0x81,0x81,0x57,0x89,0x57,0x49,0x8b,0x30,0x17,0x0d,0x15,0x0d,0x0d,0x0d,0x0d,
  0x0d,0x15,0x16,0x0d,0x16,0x20,0xe8,0x36,0x21,0x21,0x27,0xe4,0x20,0x20,0xee,0xcd,0xcd,0xcd,0x81,0x82,0x89,0x57,0x57,0x89,
  0x57,0x8b,0x46,0x18,0x0d,0x15,0x0d,0x0d,0x0d,0x0d,0x0d,0x0d,0x16,0x0d,0x18,0x27,0xfe,0xe9,0xf0,0xeb,0xb3,0x27,0x21,0x27,
  0x1f,0x1f,0xe4,0xc8,0xc8,0x48,0x49,0x57,0x57,0x57,0x57,0x57,0x47,0x18,0x0d,0x15,0x0d,0x0d,0x0d,0x0d,0x0d,0x0d,0x15,0x0d,
  0x1a,0x69,0xfa,0xe0,0xe5,0xe9,0xe8,0xf9,0xfc,0xe5,0x36,0x27,0x1a,0x1d,0xd9,0xbb,0x44,0x48,0x49,0x49,0x49,0x81,0x89,0x19,
  0x0d,0x15,0x0d,0x0d,0x0d,0x0d,0x0d,0x0d,0x0d,0x0d,0x1d,0xff,0xff,0xfa,0xef,0xe0,0xa4,0x27,0x21,0x20,0x1f,0x1f,0x20,0x21,
  0x27,0xbd,0xc6,0x48,0x48,0x49,0x49,0x49,0x8a,0x1c,0x0d,0x15,0x0d,0x0d,0x0d,0x0d,0x0d,0x0d,0x15,0x15,0x1f,0xe8,0x36,0x27,
  0x21,0x20,0x1d,0x20,0x20,0x21,0x27,0x36,0xa4,0xbe,0xc6,0xc5,0xb7,0xbe,0x15,0x0d,0x19,0x20,0x1f,0x20,0x21,0x27,0x36,0xb3,
  0xcd,0xe8,0xce,0xb7,0x98,0x96,0x98,0xa6,0xa6,0x0d,0x1f,0xbb,0x69,0xe8,0xe7,0xe7,0xd9,0xce,0xbd,0xbe,0xaf,0x98,0x8a,0x8a,
  0x94,0x94,0x98,0xb0,0x1f,0xfd,0xe9,0xe9,0xc8,0xaf,0xa6,0xb1,0xb5,0xb7,0xb5,0xa8,0x96,0x94,0x8a,0x94,0x94,0x96,0x8a,0x9a,
  0xab,0xc5,0xc5,0xbe,0xba,0xbe,0x1f,0x0d,0x0d,0x1c,0xee,0xbb,0xce,0xbd,0x98,0x8a,0x8a,0x8a,0x8a,0xae,0xb9,0xae,0xae,0xae,
  0xbe,0xa9,0x46,0x19,0x18,0x36,0xe7,0xbb,0xc8,0xc8,0xbd,0xb0,0xa8,0xb0,0xb0,0xb9,0xae,0xa9,0xa7,0xa8,0xb7,0xa8,0x49,0x43,
  0x48,0x99,0xb5,0xc8,0xbd,0xbd,0xbd,0xbd,0xc6,0xbe,0xb7,0xae,0xa9,0xa7,0xa7,0xa7,0xa9,0xb7,0x8a,0x48,0x81,0x97,0xb9,0x36,
  0xa4,0xbe,0xbd,0xbe,0xbe,0xb7,0xb7,0xa1,0xa1,0xa0,0xa0,0xa7,0xa7,0xa7,0x9a,0x97,0xa6,0xbe,0x27,0x5c,0xc6,0xbe,0xbe,0xb7,
  0xa8,0xbe,0xa8,0x8b,0x9a,0xa8,0xa8,0x98,0x96,0xb0,0xbd,0xcd,0xe2,0xe2,0xe2,0xcd,0xcd,0xc8,0xc6,0xa8,0x96,0x94,0x8a,0x91,
  0x8b,0x8f,0x93,0xa7,0xa7,0xa9,0xa9,0xa8,0xa8,0xa8,0xc5,0xb5,0xb7,0xb7,0xb7,0xb0,0xad,0x21,0x58,0x82,0x81,0x96,0xa8,0xa8,
  0xb0,0xb5,0xc6,0xc8,0xcd,0xcd,0xc8,0xc8,0xc6,0xbe,0xb7,0x96,0x89,0x96,0x98,0x87,0x88,0x87,0x93,0xa1,0xae,0xa9,0xa9,0xa7,
  0xa1,0xa7,0xa7,0xa9,0xae,0xa8,0xae,0xa8,0xa8,0x36,0xa0,0x88,0x87,0x97,0xae,0xa9,0xa4,0xb5,0xbd,0xbd,0xbd,0xc6,0xbd,0xb5,
  0xb7,0xa8,0xb7,0x89,0x96,0xa8,0x98,0x87,0x85,0x87,0x93,0x9a,0xa1,0xa7,0xa7,0xa1,0xa1,0xa1,0xa1,0xa7,0xa7,0xa1,0xaa,0xa7,
  0xa7,0xaa,0xa7,0x99,0x8b,0x9a,0xa1,0x94,0x21,0xb1,0xb5,0xb5,0xb7,0xb5,0xbe,0xbe,0x96,0x96,0xa8,0x98,0x96,0xa8,0xa8,0x88,
  0x85,0x85,0x88,0x90,0x9a,0x9a,0xa0,0xa1,0xa7,0xa1,0xa1,0xa1,0xa1,0x93,0x99,0x9a,0x93,0x9a,0xa1,0x9a,0x8b,0x8b,0x9a,0x58,
  0x9a,0xa8,0xb7,0xa8,0x98,0xb0,0xb3,0x36,0x98,0x96,0x98,0x8a,0x3f,0x98,0x96,0x7f,0x7b,0x7c,0x7a,0x87,0x99,0x9a,0x93,0x9a,
  0xa7,0x9a,0x93,0x99,0x99,0x8b,0x8b,0x8b,0x8b,0x9a,0xa1,0x9a,0x99,0x99,0x96,0x58,0x95,0x98,0xa8,0x96,0x98,0x98,0x95,0x21,
  0x96,0x8a,0xa9,0x55,0x2d,0x97,0x98,0xc6,0x96,0x89,0x98,0x97,0xa9,0x8a,0x36,0x98,0xa8,0xb5,0xb7,0xb5,0xb5,0xbe,0xb5,0xbe,
  0xbd,0xc6,0xbd,0xc8,0xc8,0xc6,0xbd,0xbe,0xbe,0xbd,0xbe,0xc6,0xbe,0xbd,0xc6,0xc6,0xbe,0xb7,0xa8,0xa8,0xa8,0xa8,0xa8,0xa8,
  0x96,0x94,0x1f,0x27,0x99,0x94,0x96,0xb7,0x21,0x18,0x94,0x98,0x96,0xb7,0xb7,0xbe,0xb3,0xbe,0xbd,0xbe,0xbd,0xc6,0xc8,0xc6,
  0xbd,0xbd,0xbe,0xbe,0xbd,0xbd,0xbd,0xbe,0xb5,0xbd,0xbe,0xb7,0xa8,0x98,0x98,0x98,0x96,0x94,0x94,0x94,0x94,0x0d,0x16,0x1d,
  0x97,0x94,0x96,0x52,0x27,0x96,0x57,0x94,0xb5,0xb5,0xbd,0xd9,0xbd,0xbd,0xbd,0xc6,0xbd,0xbd,0xbe,0xbd,0xbe,0xb5,0xb5,0xb5,
  0xb7,0xb7,0xb7,0xb0,0xb7,0xa8,0xa8,0x98,0x96,0x96,0x96,0x94,0x8a,0x89,0x89,0x57,0x15,0x11,0x0d,0x1f,0x99,0x57,0x99,0x9a,
  0x99,0xa9,0xb5,0x98,0xbe,0x27,0x1a,0xa4,0xc6,0xbd,0xbd,0xbe,0xb7,0xb3,0xb5,0xb7,0xb7,0xb5,0xb7,0xa8,0xa8,0xa8,0xa8,0x98,
  0x98,0xa8,0x96,0x94,0x94,0x94,0x8a,0x8a,0x57,0x8b,0x97,0x0d,0x15,0x11,0x17,0x46,0x92,0x89,0x94,0x96,0x98,0x96,0x96,0xbe,
  0x36,0x1f,0xa4,0xb7,0xbe,0xb5,0xb7,0xb7,0xb7,0xb7,0xb7,0xb7,0xb7,0x98,0xa8,0xa8,0xa8,0x95,0x94,0x94,0x94,0x94,0x8a,0x89,
  0x89,0x89,0x89,0xa9,0x55,0x1d,0x0d,0x0d,0x15,0x0d,0x20,0x97,0x58,0x98,0x98,0x97,0x97,0x98,0xb0,0xbe,0xd9,0xb7,0xb7,0xb5,
  0xb7,0xb7,0x94,0x27,0xb7,0xb7,0xb7,0x94,0x95,0xa8,0xa8,0xa8,0x98,0x94,0x8a,0x8a,0x94,0x89,0x89,0x57,0x8a,0x97,0x20,0x18,
  0x0d,0xa6,0xb7,0xb0,0xa8,0xa4,0xc6,0x21,0x18,0xaf,0xa8,0xa6,0x94,0x98,0x96,0x96,0x96,0x96,0x94,0x8a,0x8a,0x8a,0x89,0x55,
  0x99,0x46,0x1a,0x0d,0x0d,0x15,0x0d,0x0d,0x0d,0x0d,0x0d,0x0d,0x0d,0x0d,0x0d,0x0d,0x15,0x15,0x0d,0x0d,0x0d,0x0d,0xbe,0xb7,
  0xb7,0xa8,0xa8,0xa8,0xa4,0x95,0xb7,0x98,0xa8,0xa8,0x96,0x98,0xb9,0x94,0x8a,0x8a,0x89,0x8a,0x57,0x57,0x99,0x21,0x17,0x0d,
  0x15,0x15,0x0d,0x0d,0x0d,0x0d,0x0d,0x0d,0x0d,0x11,0x0d,0x0d,0x0d,0x0d,0x0d,0x16,0x17,0x18,0x18,0xb7,0xb7,0xb7,0xa8,0xa8,
  0xb7,0xa8,0xa9,0xa8,0x98,0xa8,0x96,0xae,0x21,0x1c,0x99,0x89,0x89,0x57,0x57,0x57,0x8b,0x1d,0x0d,0x0d,0x15,0x0d,0x0d,0x0d,
  0x0d,0x0d,0x0d,0x0d,0x0d,0x15,0x0d,0x0d,0x0d,0x17,0x1d,0x21,0x36,0xbb,0xcd,0xe9,0xa8,0xb0,0xb7,0xb7,0xb7,0xb0,0xa9,0x97,
  0x98,0xa8,0x98,0x96,0xa9,0x21,0x1d,0x8a,0x57,0x89,0x57,0x8b,0x57,0x1a,0x0d,0x11,0x0d,0x0d,0x0d,0x0d,0x0d,0x0d,0x0d,0x0d,
  0x15,0x0d,0x0d,0x17,0x1a,0x27,0x20,0x27,0xff,0xf0,0xe9,0xe9,0xe9,0x98,0x98,0xa8,0xa8,0xa8,0xa8,0xa8,0xa8,0x98,0x96,0x94,
  0x94,0x94,0x8a,0x9a,0x57,0x57,0x57,0x8a,0x46,0x19,0x0d,0x15,0x0d,0x0d,0x0d,0x0d,0x0d,0x0d,0x0d,0x15,0x0d,0x0d,0x17,0x20,
  0xc7,0x20,0xe0,0xfd,0x20,0x20,0xef,0xe9,0xe9,0xe9,0x97,0x96,0x98,0xa8,0xa8,0x98,0xa8,0xa8,0x94,0x57,0x8a,0x8a,0x89,0x57,
  0x49,0x57,0x47,0x8a,0x27,0x18,0x0d,0x15,0x0d,0x0d,0x0d,0x0d,0x0d,0x0d,0x0d,0x15,0x0d,0x16,0x1d,0xc7,0xfd,0xff,0x20,0x27,
  0xfa,0xfc,0x21,0x1d,0xe0,0xee,0xc7,0x89,0x30,0x17,0x0d,0x15,0x0d,0x0d,0x0d,0x0d,0x0d,0x0d,0x0d,0x15,0x0d,0x1a,0x27,0xff,
  0xeb,0xe4,0xfa,0x27,0x21,0xfa,0xc7,0xfc,0x27,0x1c,0x36,0xe8,0xba,0xbe,0xbd,0xbe,0x98,0x97,0x9a,0x30,0x17,0x0d,0x15,0x0d,
  0x0d,0x0d,0x0d,0x0d,0x0d,0x15,0x0d,0x0d,0x1f,0xf9,0xfd,0xe4,0xe9,0xe4,0xe9,0x36,0x21,0xe9,0xc7,0xc7,0xee,0x36,0x1c,0x27,
  0xe8,0xb3,0xbd,0xbe,0x98,0x98,0x98,0x18,0x0d,0x15,0x0d,0x0d,0x0d,0x0d,0x0d,0x0d,0x15,0x0d,0x16,0x1c,0xfd,0xe9,0xe9,0xe5,
  0xe2,0xe5,0xf9,0x27,0x21,0xc6,0xe5,0xe7,0xbd,0xcd,0xc7,0x1d,0x21,0xd9,0xb7,0xa6,0x99,0x99,0x96,0x0d,0x15,0x0d,0x0d,0x0d,
  0x0d,0x0d,0x0d,0x15,0x0d,0x1a,0x69,0xeb,0xe9,0xe5,0xe5,0xcd,0xe7,0x36,0x36,0x27,0x27,0x27,0x21,0x36,0xb3,0xc6,0xce,0xc8,
  0x1f,0x1f,0xb7,0xa9,0x90,0x9a,0x97,0x15,0x0d,0x0d,0x0d,0x0d,0x0d,0x0d,0x15,0x0d,0x1c,0xfd,0xf0,0xe9,0xe5,0xe2,0xcd,0xc7,
  0xee,0x19,0x17,0x21,0x21,0xa4,0x36,0x27,0x21,0x27,0x27,0x95,0xce,0x21,0x1d,0xa4,0xae,0x98,0xb7,0x0d,0x0d,0x0d,0x0d,0x0d,
  0x0d,0x15,0x0d,0x1d,0xfd,0xe9,0xe9,0xe5,0xcd,0xcd,0xcd,0xc8,0xce,0x21,0x21,0x21,0x27,0xbe,0xbe,0xc6,0xbe,0x36,0x27,0x21,
  0x21,0x36,0x21,0x1d,0x36,0xce,0xb5,0x14,0x0d,0x20,0xff,0xe5,0xe5,0xcd,0xc8,0xc8,0xc6,0xc6,0xbd,0xaf,0xc6,0x27,0x21,0x98,
  0xb0,0xa6,0xaf,0xb7,0xb7,0x94,0x8a,0x52,0x27,0x27,0x21,0x1c,0x27,0xbe,0x98,0x0d,0x20,0xfd,0xe8,0xe7,0xbd,0xbe,0xbd,0xbd,
  0xbe,0xbd,0xaf,0xb9,0x27,0x1f,0x94,0x94,0x96,0xa6,0xa8,0xbe,0xc6,0xc6,0xae,0x98,0x36,0x27,0x21,0x1c,0x1d,0xc6,0xb7,0x1f,
  0xfd,0xe4,0xe5,0xc8,0xb7,0xb7,0xb5,0xb5,0xb5,0xb1,0xbe,0x27,0x20,0x8a,0x96,0x96,0xb9,0xa8,0x98,0x94,0x27,0x21,0x1f,0x1d,
  0x1f,0x20,0x27,0x36,0xc5,0xbd,0xb5,0xfd,0xe4,0xe5,0xc8,0xbd,0xb7,0xb0,0xb7,0xb5,0xb7,0xbe,0x36,0x21,0x98,0x98,0x52,0x27,
  0x21,0x1f,0x1d,0x1f,0x20,0x21,0x27,0xa4,0xbe,0xc6,0xc5,0xad,0xb7,0xb7,0xb5,0xe8,0xe2,0xc8,0xbd,0xb7,0xa8,0xa8,0xb7,0xa6,
  0xbe,0x27,0x1d,0x21,0x20,0x1d,0x1d,0x1f,0x21,0x27,0x94,0xa8,0xc6,0xce,0xbe,0xb7,0x98,0x98,0xa6,0xa8,0xb7,0xb7,0xb5,0xcd,
  0xc6,0xb5,0xb7,0x98,0x98,0xa8,0xa8,0xb1,0xbe,0x1f,0x1d,0x21,0x27,0x36,0x98,0xa8,0xb9,0xb7,0xb0,0xa4,0x98,0x98,0xa6,0xa8,
  0xa8,0xb5,0xbe,0xbe,0xb7,0xb5,0xb5,0x99,0x98,0x98,0x98,0x94,0x96,0xaf,0xa6,0xa6,0xa8,0xa8,0xa8,0x98,0x47,0x8a,0x95,0x96,
  0x8a,0x89,0x97,0xb7,0xa8,0xb7,0xa9,0xa8,0xa8,0xe7,0xc6,0xc8,0xc8,0xbd,0xb0,0xa8,0xb0,0xb0,0xb5,0xbe,0xbe,0xbd,0xbd,0xbd,
  0xc6,0xbe,0xb7,0xb7,0xb7,0xb5,0xbe,0xbd,0xbe,0xbe,0xb7,0xb5,0xb0,0xb7,0xb5,0xbe,0xbe,0xbe,0xbe,0xb7,0xb7,0xb7,0xa8,0x8b,
  0x9a,0xa4,0xa8,0x98,0x96,0xb0,0xbd,0xcd,0xe2,0xe2,0xe2,0xcd,0xcd,0xc8,0xc6,0xa8,0x96,0x94,0x8a,0xa8,0xae,0xb7,0xb7,0xb7,
  0xb7,0xb7,0xb7,0xa8,0xa9,0x9a,0x7f,0x81,0xa9,0xa8,0xa8,0xa8,0xb5,0xc6,0xc8,0xcd,0xcd,0xc8,0xc8,0xc6,0xbe,0xb7,0x96,0x89,
  0x96,0x98,0xa1,0xa7,0xa7,0xa8,0xae,0xa8,0xae,0xa8,0xa8,0xa7,0x9a,0x88,0x8f,0x21,0x95,0xa8,0xa8,0xb5,0xbd,0xbd,0xbd,0xc6,
  0xbd,0xbe,0xb7,0xa8,0xb7,0x89,0x96,0xa8,0x98,0xa1,0xa1,0xa1,0xa7,0xa7,0xa1,0xaa,0xa7,0xa7,0xa1,0xa7,0x99,0x8b,0x52,0xa0,
  0x9a,0x99,0xb7,0xbe,0xb7,0xa6,0xb5,0xb5,0xb5,0x96,0x96,0xa8,0x98,0x96,0xa8,0xa8,0xa7,0xa1,0xa1,0xa1,0xa1,0x93,0x99,0x9a,
  0x93,0x9a,0xa1,0x9a,0x8b,0x93,0x9a,0x89,0x8a,0xa8,0xb7,0xa8,0x21,0xa4,0xbe,0xb7,0x96,0x96,0x98,0x8a,0x3f,0x98,0x98,0xa7,
  0x9a,0x93,0x99,0x99,0x8b,0x8b,0x8b,0x8b,0x9a,0xa1,0x9a,0x99,0x92,0x96,0x58,0x95,0x98,0xa8,0x96,0x96,0x98,0xa4,0xa6,0x95,
  0x8a,0x98,0x57,0x2d,0x9a,0x96,0x98,0xa9,0xbe,0xb9,0x96,0x8a,0x95,0x21,0xa9,0x94,0x94,0x96,0xa8,0xb5,0xb7,0xb5,0xb5,0xbe,
  0xb5,0xbe,0xbd,0xc6,0xbd,0xc8,0xc8,0xc6,0xbd,0xbe,0xbe,0xce,0x36,0x20,0x1f,0x27,0x99,0x94,0x95,0x96,0x96,0x94,0x89,0x98,
  0x97,0xc6,0xb0,0xbe,0xbe,0xbe,0xbd,0xbe,0xbd,0xc6,0xc8,0xc6,0xbd,0xbd,0xbe,0xbe,0x20,0x16,0x0d,0x0d,0x16,0x1d,0x97,0x96,
  0x94,0x94,0x8a,0x94,0x8b,0x52,0x27,0xbe,0xbe,0xbe,0xbd,0xbd,0xbe,0xbd,0xbd,0xbd,0xbe,0xbd,0xbe,0xb5,0xb5,0x0d,0x0d,0x15,
  0x15,0x11,0x0d,0x1f,0x99,0x8b,0x8a,0x92,0x9a,0xa8,0xaf,0x27,0xb7,0xb7,0xb7,0xb5,0xbe,0xc6,0xd9,0xbd,0xb7,0xb5,0xb5,0xb7,
  0xb7,0xb5,0x0d,0x15,0x0d,0x0d,0x15,0x11,0x17,0x46,0x92,0x89,0x9a,0x96,0x98,0x98,0xa8,0xb0,0xb7,0xb5,0xb7,0xb7,0xb3,0x27,
  0xaf,0xb7,0x98,0xb7,0xb7,0xb7,0xb7,0x0d,0x15,0x0d,0x0d,0x0d,0x15,0x0d,0x20,0x97,0x58,0x98,0x98,0x97,0x97,0x98,0xb7,0xb7,
  0xb0,0xa6,0xbe,0x36,0x17,0x36,0xbe,0xa4,0xb7,0xb7,0xb0,0x8a,0xa8,0xb7,0xb0,0xa8,0x95,0xa6,0xb0,0xb7,0xb0,0xa8,0xb7,0xae,
  0x98,0x96,0x96,0x96,0x96,0x94,0x8a,0x8a,0x8a,0x89,0x55,0x99,0x46,0x1a,0x0d,0x0d,0x15,0x0d,0x0d,0x0d,0x0d,0x0d,0x0d,0x0d,
  0x0d,0x0d,0x0d,0x15,0x15,0x0d,0x0d,0x0d,0x0d,0x0d,0x0d,0x0d,0x0d,0x1a,0x99,0x87,0xbe,0xb7,0xb7,0xa8,0xb7,0xa8,0xa8,0xb7,
  0xa6,0xb7,0x27,0x1a,0x94,0x96,0x96,0x94,0x8a,0x89,0x89,0x8a,0x57,0x57,0x99,0x21,0x17,0x0d,0x15,0x15,0x0d,0x0d,0x0d,0x0d,
  0x0d,0x0d,0x0d,0x11,0x15,0x0d,0x0d,0x0d,0x0d,0x16,0x17,0x18,0x18,0x18,0x17,0x18,0x1f,0x95,0x99,0x8b,0xb7,0xb7,0xb7,0xa8,
  0xa6,0xb7,0xa9,0x98,0xa4,0xae,0x46,0x1c,0x95,0x8a,0x94,0x8a,0x89,0x89,0x8a,0x57,0x57,0x8b,0x1d,0x0d,0x0d,0x15,0x0d,0x0d,
  0x0d,0x0d,0x0d,0x0d,0x0d,0x0d,0x15,0x0d,0x0d,0x0d,0x18,0x1c,0x27,0x36,0xbb,0xcd,0xe5,0xe8,0x69,0xc8,0xbe,0x98,0x98,0x99,
  0xa8,0xb0,0xb7,0xb7,0xb7,0xb0,0xa8,0x98,0x98,0x98,0xa8,0xb9,0x96,0x89,0x89,0x89,0x89,0x47,0x3f,0x8a,0x57,0x1a,0x0d,0x11,
  0x0d,0x0d,0x0d,0x0d,0x0d,0x0d,0x0d,0x0d,0x15,0x0d,0x0d,0x17,0x1d,0x27,0xe0,0xfc,0xfd,0xf0,0xeb,0xe9,0xe9,0xe5,0xef,0xef,
  0xb3,0x98,0xb0,0x97,0x98,0x98,0xa8,0xa8,0xa8,0xa8,0xa8,0xa8,0x98,0x96,0x94,0x8a,0x94,0x89,0x89,0x57,0x99,0x20,0x18,0x47,
  0x19,0x0d,0x15,0x0d,0x0d,0x0d,0x0d,0x0d,0x0d,0x0d,0x15,0x0d,0x0d,0x17,0x20,0x69,0xfd,0xfd,0xe9,0xe0,0xe4,0xe5,0xe9,0xe9,
  0xe9,0xe0,0x1d,0x69,0xe8,0x98,0xa8,0x97,0x97,0x96,0x98,0xa8,0xa8,0x98,0xa8,0xa8,0x94,0x57,0x8a,0x8a,0x89,0x57,0x57,0x57,
  0x49,0x55,0x27,0x18,0x0d,0x15,0x0d,0x0d,0x0d,0x0d,0x0d,0x0d,0x0d,0x15,0x0d,0x16,0x1d,0xc7,0xfe,0xeb,0xe4,0xe5,0xe5,0xe9,
  0xe5,0xe2,0xe7,0xe2,0xe2,0xe5,0x1c,0x1c,0x27,0xce,0xa4,0x94,0x49,0x89,0x30,0x18,0x0d,0x15,0x0d,0x0d,0x0d,0x0d,0x0d,0x0d,
  0x15,0x0d,0x0d,0x1a,0x27,0xff,0xef,0xe8,0xe5,0xe9,0xe5,0xe2,0xe2,0xcd,0xcd,0xcd,0xcd,0xc7,0xe8,0x21,0x27,0x20,0x20,0xb9,
  0x97,0x96,0x98,0xb0,0x98,0xa9,0x9a,0x99,0x8b,0x30,0x17,0x0d,0x15,0x0d,0x0d,0x0d,0x0d,0x0d,0x0d,0x15,0x0d,0x16,0x20,0xee,
  0xff,0xeb,0xe9,0xe5,0xe7,0xe5,0xe5,0xcd,0xcd,0xcd,0xcd,0xcd,0xcd,0xc8,0xe7,0x27,0x21,0xee,0x20,0x1d,0x95,0xbe,0xa6,0xa8,
  0xa9,0xa7,0xa9,0xae,0x46,0x18,0x0d,0x15,0x0d,0x0d,0x0d,0x0d,0x0d,0x0d,0x15,0x0d,0x18,0x27,0xfd,0xef,0x36,0x36,0xe8,0xcd,
  0xe2,0xcd,0xc8,0xc8,0xc8,0xc8,0xc8,0xc8,0xc8,0xbd,0xbe,0xa4,0x1f,0xa6,0xae,0x27,0x1c,0x27,0xd9,0xaf,0xa8,0xa8,0xb7,0xa8,
  0x18,0x0d,0x15,0x0d,0x0d,0x0d,0x0d,0x0d,0x0d,0x15,0x0d,0x1a,0xc7,0xfd,0xe0,0xfa,0x18,0x17,0xd8,0xcd,0xc8,0xc6,0xbd,0xbd,
  0xc6,0xbd,0xbd,0xbe,0xb5,0xb5,0xaf,0xbe,0x1d,0x36,0x9a,0xaa,0x36,0x1d,0x21,0xc5,0xa7,0x97,0xb7,0xa8,0x0d,0x15,0x0d,0x0d,
  0x0d,0x0d,0x0d,0x0d,0x15,0x0d,0x1c,0xfd,0xf0,0xe9,0xe5,0xe9,0x21,0x21,0xe7,0xbd,0xb5,0xb7,0xb7,0xbd,0xb1,0xc6,0xbd,0xbd,
  0xb7,0xa8,0xa4,0xc6,0x21,0x27,0xb9,0x97,0xbe,0xbe,0x1f,0x1d,0xa5,0xbe,0xb1,0xb7,0x15,0x0d,0x0d,0x0d,0x0d,0x0d,0x0d,0x15,
  0x0d,0x1d,0xfd,0xe9,0xe9,0xe5,0xcd,0xcd,0xe8,0xe8,0xbd,0xb7,0xa8,0x98,0xc6,0x1d,0x17,0xa4,0xbe,0xb5,0x98,0x8a,0x95,0xbe,
  0x27,0x21,0xc5,0xbd,0xb5,0xa9,0xad,0x21,0x1c,0x36,0xce,0xa6,0xc8,0xc6,0xbb,0xb3,0xb7,0x96,0x96,0x96,0xb7,0x20,0x1a,0xa4,
  0xb7,0xa8,0x8a,0x8a,0xa7,0xc5,0x21,0x27,0x27,0x36,0xb1,0xae,0xa9,0xd9,0x27,0x1c,0x21,0xc5,0xa6,0x97,0xa7,0xb0,0xb7,0xbd,
  0xbe,0xbd,0xb5,0xa8,0x94,0x8a,0x94,0x94,0xae,0xc6,0xa8,0xb7,0xb7,0xaf,0xb7,0x1f,0x1d,0x21,0x27,0x27,0x21,0x21,0x27,0x27,
  0x53,0xc5,0xba,0x1f,0x20,0xbe,0xb0,0x98,0xa8,0xa8,0xb5,0xb5,0xb5,0xa8,0x96,0x94,0x8a,0x94,0x94,0x95,0x8a,0x96,0xb0,0xb7,
  0xa6,0xce,0x1a,0x18,0x21,0x27,0xd9,0xce,0xb3,0x36,0x27,0x21,0x21,0x27,0x36,0x20,0x1d,0x53,0xa7,0x96,0x97,0xb5,0xb7,0xb7,
  0x96,0x94,0x94,0x94,0x8a,0x89,0x8a,0x8a,0x96,0x98,0xb7,0xa8,0xbe,0xaf,0xa4,0x20,0x95,0xa9,0xb1,0xbe,0xc6,0xc6,0xa7,0x53,
  0x27,0x21,0x27,0x20,0x1c,0x27,0x48,0x49,0xb0,0xb7,0x96,0x8a,0x8a,0x94,0x94,0x95,0x49,0x89,0xa8,0xa8,0x96,0xa8,0xb7,0xa6,
  0xc5,0x21,0x27,0xbe,0xa6,0xaf,0xaf,0xaf,0xb7,0xbd,0xd9,0xc5,0xaa,0x27,0x21,0x1a,0x1d,0x93,0x8b,0xb7,0xb7,0x8a,0x89,0x8a,
  0x94,0x95,0x96,0x96,0x96,0xa8,0xa8,0xa8,0xa8,0x98,0xc5,0x21,0x27,0xc6,0xaf,0xbe,0xc6,0xd9,0xce,0xa4,0x27,0x21,0x1f,0x1d,
  0x1f,0x21,0x46,0x99,0x99,0x99,0x94,0x8a,0x8a,0x94,0x8a,0x96,0xb7,0xa8,0xa8,0xae,0xa8,0x98,0xb9,0x21,0x27,0xd4,0xce,0xd9,
  0xa4,0x27,0x21,0x1f,0x1d,0x20,0x21,0x27,0xa7,0xae,0xaa,0x99,0x8a,0x47,0x94,0x96,0x96,0x8a,0x89,0x96,0xb7,0xa8,0xb7,0x98,
  0xc6,0x27,0x21,0xb3,0x27,0x21,0x1f,0x1f,0x1f,0x21,0x36,0xa7,0xc5,0xc6,0xad,0x9a,0x94,0x8a,0x86,0x86,0x8a,0x96,0xa8,0xa8,
  0xa8,0x96,0x98,0xa8,0xa8,0x96,0xbe,0x27,0x1c,0x20,0x1d,0x20,0x21,0x36,0xbe,0xc5,0xc5,0xbe,0xa7,0xa5,0xa7,0xa0,0xa7,0x97,
  0x8a,0x58,0x8b,0x96,0x96,0x98,0xa8,0xa8,0xa8,0xb7,0x97,0xa9,0xa5,0xbe,0x27,0x21,0x36,0xb1,0xd9,0xce,0xbe,0xb7,0x97,0x96,
  0xa6,0xa9,0xa9,0x99,0x9a,0x9a,0x99,0x93,0x8a,0x89,0x96,0xa8,0xa8,0xa8,0xa8,0xb7,0xb5,0xb7,0xb7,0xb5,0xa8,0xbd,0xc5,0xbe,
  0xbe,0xa6,0xaf,0xb7,0xa8,0xa8,0xa8,0x97,0xa1,0x9a,0x9a,0x98,0x89,0x99,0x99,0x89,0x8a,0x98,0xa8,0xa8,0xa8,0xb7,0xbe,0xbd,
  0xbd,0xb5,0xb5,0xb7,0xa6,0xb1,0xa4,0xa6,0xa8,0xb0,0xa8,0x98,0xa8,0xa9,0x99,0x9a,0x93,0x97,0xa8,0x92,0x98,0x94,0x81,0x8b,
  0x9a,0xa8,0xa8,0x98,0x96,0xb0,0xbd,0xcd,0xe2,0xe2,0xe2,0xcd,0xcd,0xc8,0xc6,0xa8,0x96,0x94,0x8a,0xa8,0x81,0x96,0xa8,0xa8,
  0xa8,0xb5,0xc6,0xc8,0xcd,0xcd,0xc8,0xc8,0xc6,0xbe,0xb7,0x96,0x89,0x96,0x98,0x98,0x87,0x97,0xae,0x98,0xa8,0xb5,0xbd,0xbd,
  0xbd,0xc6,0xbd,0xbe,0xb7,0xa8,0xb7,0x89,0x96,0xa8,0x98,0x96,0x8b,0x9a,0xa7,0x9a,0x99,0xb7,0xb5,0xb5,0xb7,0xb5,0xb5,0xb5,
  0x96,0x96,0xa8,0x98,0x96,0xa8,0xa8,0x98,0x8b,0x8b,0x9a,0x89,0x8a,0xa8,0xb7,0xa8,0x98,0xb0,0xbe,0xb0,0xa8,0x96,0x98,0x8a,
  0x3f,0x98,0x98,0x96,0x99,0x99,0x96,0x58,0x95,0x98,0xa8,0x96,0x98,0x98,0x98,0xb1,0x21,0x47,0xa8,0x55,0x2d,0x9a,0x96,0xa6,
  0x96,0xa9,0xbe,0xbe,0x47,0x55,0x98,0x97,0x97,0x94,0x94,0xa8,0xa8,0xb5,0xb7,0xb5,0xb5,0xbe,0xb5,0xbe,0xbd,0xc6,0xbd,0xc8,
  0xc8,0xc6,0xbd,0xbe,0xbe,0xce,0x36,0x20,0x1f,0x27,0x96,0x94,0x96,0x96,0x96,0x95,0x21,0x95,0x96,0xb7,0xb7,0xbe,0xbe,0xbe,
  0xbd,0xbe,0xbd,0xc6,0xc8,0xc6,0xbd,0xbd,0xbe,0xbe,0x20,0x16,0x0d,0x0d,0x16,0x1d,0x97,0x95,0x94,0x99,0x8a,0x27,0x55,0x94,
  0xb5,0xb5,0xbe,0xbe,0xc6,0xbd,0xbe,0xc6,0xbd,0xbd,0xbe,0xbd,0xbe,0xb5,0xb5,0x0d,0x0d,0x15,0x15,0x11,0x0d,0x1f,0x99,0x8b,
  0x8a,0x92,0xa7,0xa9,0xb5,0xa8,0xb0,0xb7,0xb1,0xa4,0xbe,0xbd,0xbd,0xbe,0xb7,0xb5,0xb5,0xb7,0xb7,0xb5,0x0d,0x15,0x0d,0x0d,
  0x15,0x11,0x17,0x46,0x92,0x89,0x9a,0x96,0x98,0x96,0x98,0xb7,0xb7,0xa4,0x21,0xba,0xbe,0xb5,0xb7,0xb7,0x98,0xb1,0xb7,0xb7,
  0xb7,0x0d,0x15,0x0d,0x0d,0x0d,0x15,0x0d,0x20,0x97,0x58,0x98,0x98,0x97,0x97,0x98,0xb7,0xb7,0xb0,0xb5,0xb7,0xb7,0xb7,0xa8,
  0xa8,0xa8,0xc6,0xb7,0xb7,0x94,0xa8,0xa8,0xa8,0xb7,0x27,0xa4,0xb0,0x94,0x98,0x96,0x96,0x96,0x95,0x94,0x8a,0x8a,0x8a,0x89,
  0x55,0x99,0x46,0x1a,0x0d,0x0d,0x15,0x0d,0x0d,0x0d,0x0d,0x0d,0x0d,0x0d,0x0d,0x0d,0x0d,0x15,0x15,0x0d,0x0d,0x0d,0x0d,0x0d,
  0x0d,0x0d,0x0d,0x1a,0x99,0x87,0x9a,0x9a,0x99,0x9a,0x8b,0xa8,0xa8,0xa8,0xb7,0x27,0xa4,0xa8,0xa8,0x96,0x96,0x96,0x97,0x8a,
  0x8a,0x89,0x8a,0x57,0x57,0x99,0x21,0x17,0x0d,0x15,0x15,0x0d,0x0d,0x0d,0x0d,0x0d,0x0d,0x0d,0x11,0x15,0x0d,0x0d,0x0d,0x0d,
  0x16,0x17,0x18,0x18,0x18,0x17,0x18,0x1f,0x95,0x99,0x8b,0x99,0x9a,0x9a,0xa9,0x93,0xa8,0xb0,0xa8,0x98,0xb7,0x98,0xa8,0x98,
  0x98,0x8a,0x55,0x27,0x58,0x89,0x57,0x57,0x57,0x8b,0x1d,0x0d,0x0d,0x15,0x0d,0x0d,0x0d,0x0d,0x0d,0x0d,0x0d,0x0d,0x15,0x0d,
  0x0d,0x0d,0x18,0x1c,0x27,0x36,0xbb,0xcd,0xe9,0xe5,0x69,0xcd,0xbe,0x98,0x98,0x99,0x99,0x99,0x9a,0x98,0x9a,0xb7,0xb0,0xa8,
  0x98,0x98,0xa8,0x98,0x96,0x96,0x94,0x30,0x17,0x27,0x8b,0x57,0x8b,0x57,0x1a,0x0d,0x11,0x0d,0x0d,0x0d,0x0d,0x0d,0x0d,0x0d,
  0x0d,0x15,0x0d,0x0d,0x17,0x1d,0x27,0xe0,0xfc,0xfd,0xf0,0xeb,0xe9,0xe9,0xe9,0xe9,0xe5,0xbb,0x98,0xb0,0x97,0x99,0x93,0x8b,
  0x99,0x93,0xa8,0xa8,0xa8,0xa8,0x98,0x96,0x94,0x94,0x94,0x89,0x89,0x46,0x55,0x57,0x8a,0x46,0x19,0x0d,0x15,0x0d,0x0d,0x0d,
  0x0d,0x0d,0x0d,0x0d,0x15,0x0d,0x0d,0x17,0x20,0x69,0xfd,0xfd,0xe9,0xe0,0xe4,0xe5,0xe9,0xe9,0xe9,0xe9,0xe5,0xe5,0xc8,0xa8,
  0xa8,0x97,0x93,0x93,0x99,0x9a,0x8b,0xa8,0x98,0xa8,0xa8,0x94,0x57,0x8a,0x8a,0x89,0x57,0x57,0x89,0x49,0x8a,0x27,0x18,0x0d,
  0x15,0x0d,0x0d,0x0d,0x0d,0x0d,0x0d,0x0d,0x15,0x0d,0x16,0x1d,0xc7,0xfe,0xeb,0xe4,0xe5,0xe5,0xe9,0xe5,0xe2,0xe7,0xe2,0xe2,
  0xcd,0xcc,0xc6,0xb7,0xa8,0xa8,0x96,0x99,0x99,0x98,0x98,0x96,0x47,0x89,0x30,0x17,0x0d,0x15,0x0d,0x0d,0x0d,0x0d,0x0d,0x0d,
  0x11,0x15,0x0d,0x1a,0x27,0xff,0xeb,0xe8,0xe5,0xe9,0xe5,0xe2,0xe2,0xcd,0xcd,0xcd,0xcd,0xc8,0xc6,0xbe,0xbd,0xbe,0x98,0x97,
  0x9a,0x96,0x98,0xb0,0x98,0xae,0xa7,0x8a,0x81,0x57,0x81,0x96,0x98,0x98,0x94,0x8b,0x30,0x17,0x0d,0x15,0x0d,0x0d,0x0d,0x0d,
  0x0d,0x0d,0x15,0x0d,0x0d,0x1d,0xfa,0xfd,0xe4,0xe9,0xe5,0xe7,0xe5,0xe5,0xcd,0xcd,0xcd,0xcd,0xcd,0xcd,0xcc,0xbd,0xbd,0xbd,
  0xb5,0x98,0x98,0x98,0xa8,0xb0,0xa8,0xb7,0x27,0x36,0xd4,0x98,0x98,0xa8,0xb0,0xa8,0xb0,0x98,0x46,0x18,0x0d,0x15,0x0d,0x0d,
  0x0d,0x0d,0x0d,0x0d,0x15,0x0d,0x19,0x1c,0x1a,0xf0,0xe5,0xe5,0xe5,0xe2,0xcd,0xc8,0xc8,0xc8,0xc8,0xc8,0xc8,0xc8,0xc8,0xbd,
  0xb7,0xb7,0xb7,0xa8,0x99,0x99,0x96,0xa8,0xbe,0xa6,0xc6,0x21,0x1a,0x27,0xc6,0xb0,0x96,0xa8,0x97,0x97,0xa9,0x18,0x0d,0x15,
  0x0d,0x0d,0x0d,0x0d,0x0d,0x0d,0x15,0x0d,0x1a,0xe0,0xe4,0x36,0xe9,0xe5,0xcd,0xcd,0xcd,0xe7,0xe7,0xbd,0xbd,0xbd,0xbd,0xbd,
  0xbe,0xbe,0xb5,0xb7,0xb7,0xa8,0x97,0x9a,0x9a,0x97,0xb0,0xb7,0xa9,0xad,0x36,0x1f,0x20,0x1d,0x95,0xc5,0xa5,0xa9,0xa8,0xa9,
  0x0d,0x15,0x0d,0x0d,0x0d,0x0d,0x0d,0x0d,0x15,0x0d,0x1c,0xfd,0xf0,0xe9,0xef,0xcd,0xcd,0xcd,0xbb,0xe8,0x20,0x1c,0xc6,0xb1,
  0xb7,0xbd,0xc8,0xba,0xaf,0xa8,0xa8,0xb0,0x98,0xa8,0xa9,0xa9,0xb7,0xb5,0xb5,0xa9,0x97,0xb9,0x1d,0xb3,0x27,0x1c,0x27,0xce,
  0xb5,0xb1,0xbe,0x15,0x0d,0x0d,0x0d,0x0d,0x0d,0x0d,0x15,0x0d,0x1d,0xfd,0xe9,0xe9,0xe7,0xc8,0xcd,0xcd,0xc8,0xbe,0xc6,0x27,
  0x1f,0xb7,0xa6,0xb0,0xb5,0xb5,0xce,0xbe,0x94,0x96,0xa8,0xb7,0xa8,0xa8,0xbe,0xbe,0xa8,0xa7,0xb0,0x98,0xd9,0x21,0x21,0xdb,
  0x94,0x1d,0x1f,0x6b,0xc6,0xa6,0xc6,0xbd,0xb5,0x96,0xa8,0xb9,0x98,0xb0,0xa8,0xa6,0xc6,0x21,0x1a,0x52,0x99,0x95,0xa8,0xa8,
  0xb1,0xb1,0xb7,0xa9,0x97,0xb0,0xb1,0xc6,0x27,0x1d,0xb9,0x97,0xc4,0x21,0x1d,0x36,0xc5,0x94,0x96,0x96,0x96,0x97,0x47,0x18,
  0xbd,0xb5,0xa8,0x94,0x89,0x8a,0x94,0x98,0xb0,0x98,0xce,0x1d,0x16,0x36,0x97,0x96,0x96,0xb7,0xcd,0xd4,0xb7,0xbe,0x99,0xa9,
  0xb0,0xb7,0xae,0x1f,0x95,0xa8,0x96,0xc5,0x36,0x1d,0x20,0xae,0xa8,0x96,0x98,0x52,0x18,0x0d,0xb5,0xa8,0x96,0x94,0x8a,0x94,
  0x94,0x96,0x8a,0x96,0xb7,0xb7,0x95,0xbd,0xa4,0xa9,0x96,0xc6,0x27,0x21,0xc8,0xb5,0xa9,0xa9,0xb0,0xa6,0xbe,0x21,0x27,0xae,
  0x9a,0x94,0xae,0xab,0x20,0x1d,0x36,0xb7,0x94,0x19,0x0d,0x15,0xb7,0x96,0x94,0x94,0x94,0x8a,0x89,0x8a,0x8a,0x96,0x98,0xb0,
  0xb7,0xb7,0xb5,0xa8,0xa6,0xce,0x1a,0x0d,0xa4,0xbe,0xb7,0x9a,0xa9,0xc4,0xc5,0x21,0x27,0x36,0x90,0x7d,0x82,0x98,0xb9,0x27,
  0x1c,0x21,0x1a,0x0d,0x15,0x0d,0x96,0x8a,0x8a,0x94,0x94,0x95,0x49,0x89,0xa8,0xa8,0x96,0xa8,0xb7,0xa8,0xa8,0xa8,0x98,0xbe,
  0x36,0x27,0xbe,0xb5,0xb0,0xb0,0xc6,0x27,0x27,0x21,0x36,0x21,0x21,0x21,0x30,0x46,0x55,0x98,0x95,0x19,0x0d,0x15,0x0d,0x0d,
  0x8a,0x89,0x8a,0x94,0x95,0x96,0x96,0x96,0xa8,0xa8,0xa8,0xa8,0xa9,0xa8,0xa8,0xa8,0xb7,0xb5,0xc6,0xc5,0xb5,0xb5,0xa8,0xa5,
  0xc6,0x19,0x17,0x20,0x27,0xa1,0x99,0x52,0x46,0x21,0x21,0x21,0x1d,0x16,0x15,0x0d,0x0d,0x0d,0xae,0xa8,0xa8,0x97,0xa8,0xa8,
  0xa9,0xb5,0xbe,0xb5,0xb3,0xb5,0xb7,0xae,0xa7,0xbe,0x27,0x27,0x20,0x52,0x92,0x8a,0x99,0x96,0x94,0xa9,0x1f,0x0d,0x16,0x16,
  0x16,0x16,0x0d,0x1f,0xa8,0xb7,0xa9,0xa8,0xa8,0x97,0xb7,0xb7,0xb7,0xbd,0xbd,0xb7,0xae,0xb5,0xa9,0xae,0x98,0xc4,0x27,0x21,
  0xa1,0x87,0x86,0x8a,0x8a,0x99,0x21,0x16,0x13,0x0d,0x0d,0x15,0x0d,0x1c,0x97,0x94,0x96,0xa8,0xb5,0xb5,0xa8,0xb7,0xb5,0xb7,
  0xb5,0xbe,0xb7,0xa9,0xb7,0xa9,0xa7,0xad,0x27,0x20,0xab,0x58,0x89,0x8b,0x9a,0xae,0x46,0x17,0x0d,0x11,0x0d,0x15,0x0d,0x1c,
  0x97,0x89,0x8a,0xa9,0xa8,0xb5,0xb7,0xa8,0xb7,0xbe,0xb7,0xae,0xb7,0xa9,0x98,0xa8,0xa5,0xae,0x52,0x20,0x94,0xa1,0xa7,0x99,
  0x52,0x21,0x1f,0x18,0x0d,0x15,0x0d,0x15,0x0d,0x1c,0xa9,0x8a,0x8a,0x81,0xb5,0xa8,0xb7,0xa8,0xbe,0xbe,0xb7,0xb7,0xb7,0xa8,
  0xa8,0xa8,0x9a,0xa1,0x9a,0x20,0xa4,0x99,0x46,0x21,0x1d,0x1d,0x20,0x17,0x0d,0x15,0x0d,0x15,0x0d,0x1a,0xa6,0x96,0x8a,0x57,
  0x81,0xb5,0xb7,0xb0,0xb5,0xa4,0xa6,0xa8,0xb0,0xa8,0x98,0xa8,0xa9,0x99,0xa7,0x20,0x20,0x21,0x1d,0x1f,0x21,0x30,0x91,0x1c,
  0x0d,0x15,0x0d,0x15,0x0d,0x1a,0xa4,0x96,0x96,0x8a,0x82,0x82,0x9a,0xaa,0x27,0x1a,0x20,0x21,0x49,0x97,0xa8,0xbe,0xa1,0x9a,
  0x89,0xa5,0xbe,0xa9,0x8f,0x82,0x81,0x95,0x97,0x99,0x99,0x97,0x94,0x89,0x8b,0x82,0x82,0xa7,0xbe,0xb5,0x96,0x96,0xa8,0x98,
  0x96,0xa8,0xa8,0x98,0xb5,0xb7,0x96,0x96,0x98,0x8a,0x3f,0x98,0x98,0x96,0xa4,0xa6,0x95,0x8a,0x98,0x55,0x2d,0x9a,0x96,0xa8,
  0xb9,0x96,0x8a,0x98,0x97,0x97,0x94,0x94,0x96,0xa8,0xb5,0xb5,0xb5,0xb5,0xbe,0xb5,0xbe,0xbd,0xc6,0xbd,0xc8,0xc8,0xc6,0xbd,
  0xbe,0xbe,0xbd,0x1f,0x27,0x99,0x94,0x96,0x96,0x96,0x94,0x89,0x98,0x96,0xb7,0xb7,0xbe,0xbe,0xbe,0xbd,0xbe,0xbd,0xc6,0xc8,
  0xc6,0xbd,0xbd,0xbe,0xbe,0xbd,0x0d,0x16,0x1d,0x97,0x95,0x94,0x94,0x8a,0x94,0x57,0x94,0xbe,0x95,0xb3,0xbd,0xbd,0xbd,0xbe,
  0xc6,0xbd,0xbd,0xbe,0xbd,0xbe,0xb5,0xb5,0xb5,0x15,0x11,0x0d,0x1f,0x99,0x8b,0x8a,0x92,0x9a,0xa9,0xb7,0xb7,0x21,0x95,0xbe,
  0xb5,0xbe,0xbd,0xbd,0xb3,0xb7,0xb5,0xb5,0xb7,0xb7,0xb5,0xb7,0x0d,0x15,0x11,0x17,0x46,0x92,0x89,0x9a,0x96,0x98,0x96,0x98,
  0xb7,0xb7,0xb5,0xb7,0xb7,0xbe,0xb5,0xc6,0xb0,0x98,0xb7,0xb7,0xb7,0xb7,0x98,0x0d,0x0d,0x15,0x0d,0x20,0x97,0x58,0x98,0x98,
  0x97,0x97,0x98,0xb0,0xb7,0xb0,0xb7,0xb7,0xb5,0xb7,0x27,0xa4,0xa8,0xb7,0xb7,0xb7,0x94,0x94,0xa6,0x27,0xb1,0xb7,0xa8,0xa8,
  0xb0,0x94,0xa8,0x96,0x96,0x96,0x96,0x94,0x8a,0x8a,0x8a,0x89,0x55,0x99,0x46,0x1a,0x0d,0x0d,0x15,0x0d,0x0d,0x0d,0x0d,0x0d,
  0x0d,0x0d,0x0d,0x0d,0x0d,0x15,0x15,0x0d,0x0d,0x0d,0x0d,0x0d,0x0d,0x0d,0x0d,0x1a,0x99,0x87,0x9a,0x9a,0x99,0x9a,0x8b,0xa8,
  0xb7,0xa8,0xb0,0xa8,0xa8,0xa8,0xa8,0x47,0x94,0x96,0x94,0x8a,0x8a,0x89,0x8a,0x57,0x57,0x99,0x21,0x17,0x0d,0x15,0x15,0x0d,
  0x0d,0x0d,0x0d,0x0d,0x0d,0x0d,0x11,0x15,0x0d,0x0d,0x0d,0x0d,0x16,0x17,0x18,0x18,0x18,0x17,0x18,0x1f,0x95,0x99,0x8b,0x99,
  0x9a,0x9a,0xa9,0x93,0xa8,0xaf,0xa9,0x98,0xa8,0x98,0x98,0xa8,0x21,0x55,0x94,0x8a,0x8a,0x89,0x57,0x57,0x57,0x8b,0x1d,0x0d,
  0x0d,0x15,0x0d,0x0d,0x0d,0x0d,0x0d,0x0d,0x0d,0x0d,0x15,0x0d,0x0d,0x0d,0x18,0x1c,0x27,0x36,0xbb,0xcd,0xe9,0xe5,0x69,0xcd,
  0xbe,0x98,0x98,0x99,0x99,0x99,0x9a,0x98,0x9a,0xb7,0xb0,0xa8,0x98,0x98,0xa8,0x98,0x96,0xa8,0x8a,0x89,0x8a,0x89,0x89,0x57,
  0x8a,0x57,0x1a,0x0d,0x11,0x0d,0x0d,0x0d,0x0d,0x0d,0x0d,0x0d,0x0d,0x15,0x0d,0x0d,0x17,0x1d,0x27,0xe0,0xfc,0xfd,0xf0,0xeb,
  0xe9,0xe9,0xe9,0xe9,0xe5,0xbb,0x98,0xb0,0x97,0x99,0x93,0x8b,0x99,0x93,0xa8,0xa8,0xa8,0xa8,0x98,0x96,0x94,0x94,0x94,0x89,
  0x89,0x57,0x89,0x57,0x8a,0x27,0x19,0x0d,0x15,0x0d,0x0d,0x0d,0x0d,0x0d,0x0d,0x0d,0x15,0x0d,0x0d,0x17,0x20,0x69,0xfd,0xfd,
  0xe9,0xe0,0xe4,0xe5,0xe9,0xe9,0xe9,0xe9,0xe5,0xe5,0xc8,0xa8,0xa8,0x97,0x93,0x93,0x99,0x9a,0x8b,0xa8,0x98,0xa8,0xa8,0x94,
  0x57,0x8a,0x8a,0x89,0x57,0x57,0x57,0x47,0x8a,0x27,0x17,0x0d,0x15,0x0d,0x0d,0x0d,0x0d,0x0d,0x0d,0x0d,0x15,0x0d,0x16,0x1d,
  0xc7,0xfe,0xeb,0xe4,0xe5,0xe5,0xe9,0xe5,0xe2,0xe7,0xe2,0xe2,0xcd,0xcc,0xc6,0xb7,0xa8,0xa8,0x96,0x99,0x99,0x98,0x98,0x98,
  0x49,0x89,0x30,0x17,0x0d,0x15,0x0d,0x0d,0x0d,0x0d,0x0d,0x0d,0x15,0x0d,0x0d,0x1a,0x27,0xff,0xeb,0xe8,0xe5,0xe9,0xe5,0xe2,
  0xe2,0xcd,0xcd,0xcd,0xcd,0xc8,0xc6,0xbe,0xbd,0xbe,0x98,0x97,0x9a,0x96,0x98,0xb0,0x98,0xa9,0x9a,0x99,0x81,0x57,0x81,0x96,
  0x98,0x98,0x94,0x49,0x98,0x96,0x8a,0x89,0x8a,0x8b,0x30,0x17,0x0d,0x15,0x0d,0x0d,0x0d,0x0d,0x0d,0x0d,0x15,0x0d,0x16,0x20,
  0xef,0xfd,0xe4,0xe5,0xe5,0xe7,0xe5,0xe5,0xcd,0xcd,0xcd,0xcd,0xcd,0xcd,0xcc,0xbd,0xbd,0xbd,0xb5,0x98,0x98,0x98,0xa8,0xb0,
  0xa8,0xa9,0xa7,0xa9,0xae,0xa8,0x98,0xa8,0xb0,0xa8,0xb0,0x98,0xa8,0x98,0x8a,0x57,0x94,0x96,0x46,0x18,0x0d,0x15,0x0d,0x0d,
  0x0d,0x0d,0x0d,0x0d,0x15,0x0d,0x18,0x27,0xfe,0xe9,0xe8,0xe9,0xee,0xe7,0xcd,0xcd,0xc8,0xc8,0xc8,0xc8,0xc8,0xc8,0xc8,0xbd,
  0xb7,0xb7,0xb7,0xa8,0x99,0x99,0x96,0xa8,0xbe,0xb7,0xa8,0xa8,0xb7,0xa8,0xb7,0xa8,0x98,0xa8,0x97,0x97,0xa9,0xa8,0x96,0x46,
  0x55,0x98,0xa8,0x18,0x0d,0x15,0x0d,0x0d,0x0d,0x0d,0x0d,0x0d,0x15,0x0d,0x1a,0xc7,0xfd,0xe4,0xe4,0xef,0x27,0x1a,0xc7,0xc8,
  0xc6,0xbd,0xbd,0xbd,0xbb,0xbd,0xbe,0xb5,0xb5,0xb7,0xb7,0xa8,0x97,0x9a,0x9a,0x97,0xb0,0xb7,0xa9,0xa9,0xa7,0xb7,0xa8,0xa8,
  0xa8,0xa8,0xa8,0xa9,0xa8,0xa9,0xa8,0xa8,0x97,0x98,0xa8,0xa8,0x0d,0x15,0x0d,0x0d,0x0d,0x0d,0x0d,0x0d,0x15,0x0d,0x1c,0xfd,
  0xf0,0xe9,0xe5,0xcd,0xe7,0x36,0x1f,0xc5,0xbe,0xb7,0xb7,0xb7,0xbe,0xce,0xc6,0xbd,0xb7,0xa8,0xa8,0xb0,0x98,0xa8,0xa9,0xa9,
  0xb7,0xb5,0xb5,0xa9,0xa7,0xb7,0xb5,0xb7,0xb7,0xa8,0xa8,0xb7,0xb5,0xb5,0xb5,0xa8,0x21,0x36,0xbe,0xa8,0x98,0x15,0x0d,0x0d,
  0x0d,0x0d,0x0d,0x0d,0x15,0x0d,0x1d,0xfd,0xe9,0xe9,0xe5,0xcd,0xcd,0xc8,0xd9,0xe8,0xb7,0xa8,0xa8,0xa8,0xb7,0x36,0x27,0xc6,
  0xb5,0x98,0x8a,0x96,0xa8,0xb7,0xa8,0xa8,0xbe,0xbe,0xa8,0xa7,0xb0,0xa8,0xb5,0xb5,0xb7,0xa8,0xa8,0xa8,0xb7,0xb7,0xb7,0xa6,
  0xb9,0x1d,0x1a,0x21,0x98,0xb7,0xaf,0x96,0x96,0x96,0x96,0xce,0x20,0x19,0xc6,0xa8,0x8a,0x8a,0x94,0x94,0xa8,0xa8,0xb7,0xb7,
  0xb7,0xa9,0x97,0xb0,0xb7,0xb5,0xae,0xa9,0xa8,0x97,0xa7,0xb0,0xb7,0xb7,0x98,0xa8,0x27,0x20,0x21,0x1d,0x27,0x18,0x0d,0x0d,
  0x0d,0x1d,0x96,0x57,0x8a,0x57,0x7d,0x44,0xa8,0x94,0x8a,0x94,0x94,0x98,0xa4,0x95,0xb5,0xb7,0xb7,0x98,0x96,0x98,0x98,0xb5,
  0xbd,0xb7,0xb7,0xb5,0x99,0x98,0xb0,0xb7,0xa8,0xa9,0xa8,0xa8,0x98,0xa8,0xa8,0xa8,0x98,0x96,0x95,0x1d,0xb9,0x27,0x16,0x0d,
  0x15,0x15,0x0d,0x18,0x86,0x7d,0x7d,0x7d,0x7a,0x41,0x96,0x94,0x8a,0x94,0x94,0x96,0x94,0x98,0xb0,0xb7,0xb7,0xaf,0xbe,0x27,
  0x18,0xa4,0xc8,0xbe,0xbd,0xb5,0xa8,0xa8,0xa8,0xb7,0xb7,0xa8,0xa8,0x97,0x9a,0x96,0x97,0x98,0x96,0x96,0xae,0x20,0x21,0x1a,
  0x0d,0x15,0x0d,0x15,0x0d,0x1a,0x85,0x48,0x7d,0x45,0x40,0x7a,0x94,0x94,0x94,0x8a,0x89,0x8a,0x8a,0x96,0x98,0xb7,0xa8,0xb7,
  0xbe,0x36,0x21,0xa5,0xa9,0xb7,0xb7,0xbe,0xaf,0x36,0xae,0xb7,0xae,0xa8,0xa8,0xa0,0x94,0x7c,0x82,0x96,0x94,0x94,0x99,0x46,
  0x17,0x0d,0x15,0x0d,0x15,0x0d,0x0d,0x21,0x88,0x44,0x43,0x41,0x7b,0x80,0x8a,0x94,0x94,0x95,0x49,0x89,0xa8,0xa8,0x96,0xa8,
  0xb7,0xa8,0xa8,0xa8,0xc5,0xae,0xb7,0xb7,0xaf,0xd9,0x1d,0x0e,0x36,0xb9,0xa0,0xa7,0xa7,0xa1,0x9a,0x87,0x92,0x8a,0x94,0x8a,
  0xa9,0x1c,0x0d,0x15,0x0d,0x0d,0x0d,0x16,0x1d,0x1d,0x21,0x88,0x7c,0x7c,0x80,0x85,0x8a,0x94,0x95,0x96,0x96,0x96,0xa8,0xa8,
  0xa8,0xa8,0xa9,0xa8,0xa8,0xa6,0xaf,0xb5,0xbe,0xb7,0xb7,0xc5,0x21,0x1c,0xa4,0xa8,0x97,0xa7,0xa1,0x27,0x21,0x9a,0x99,0x8a,
  0x89,0xa9,0x1f,0x0d,0x15,0x15,0x0d,0x15,0x15,0x20,0xa7,0x46,0x1d,0x1f,0x2d,0x3e,0x48,0x82,0xbe,0xbe,0xb5,0xb0,0xc5,0xd4,
  0xb7,0xa8,0x97,0x94,0xaa,0x1a,0x11,0x52,0x99,0x55,0x97,0x21,0x0e,0x15,0x0d,0x15,0x16,0x0d,0x1d,0xa8,0x94,0x96,0x9a,0x2d,
  0x1b,0x1f,0x7b,0x88,0x82,0x85,0xbd,0xb7,0xae,0xb5,0xa5,0xa7,0xa8,0xa7,0x9a,0x9a,0x9a,0x30,0x21,0x94,0x8a,0x99,0x21,0x16,
  0x0d,0x0d,0x0d,0x16,0x15,0x1c,0x27,0x21,0x21,0x21,0x2d,0x30,0x3e,0x1f,0x1d,0x42,0x8e,0x7f,0xbe,0xb7,0xa9,0xb7,0xa9,0xa9,
  0xa9,0x9a,0xa7,0x97,0x8a,0x9a,0x99,0x89,0x96,0x46,0x17,0x0d,0x15,0x0d,0x15,0x0d,0x1c,0xa9,0x8a,0x8a,0x47,0x30,0x2d,0x24,
  0x21,0x2d,0x1f,0x1b,0x1f,0x82,0xb7,0xa9,0x98,0xa8,0xa9,0xa9,0x99,0x9a,0x9a,0x99,0x93,0x58,0x55,0x8a,0x52,0x18,0x0d,0x15,
  0x0d,0x15,0x0d,0x1c,0xa5,0x8a,0x8a,0x81,0x48,0x82,0x85,0x85,0xa0,0x47,0x21,0x1c,0x1c,0x48,0xa8,0xa8,0xa8,0x97,0xa1,0x9a,
  0x9a,0x98,0x89,0x99,0x99,0x89,0x8a,0x94,0x1a,0x0d,0x15,0x0d,0x15,0x0d,0x1a,0xa6,0x96,0x8a,0x57,0x82,0x88,0x7a,0x48,0x24,
  0x1d,0x1d,0x20,0x46,0x8f,0x7f,0x98,0xa8,0xa9,0x99,0x9a,0x93,0x97,0xa8,0x92,0x98,0x94,0x81,0x8b,0x1a,0x0d,0x15,0x0d,0x15,
  0x0d,0x1a,0x97,0x96,0x95,0x99,0x87,0x49,0x21,0x1d,0x1d,0x1f,0x2d,0x87,0xa1,0xa0,0x86,0x88,0x97,0x9a,0x99,0x99,0x97,0x97,
  0x8b,0x99,0x94,0xae,0x1f,0x0d,0x15,0x0d,0x15,0x0d,0x18,0x94,0xae,0x98,0x8a,0x2d,0x1f,0x1d,0x1d,0x24,0x7a,0x85,0x85,0x7c,
  0x7f,0x9a,0x9a,0x99,0xa7,0x97,0x99,0x87,0x81,0x57,0x96,0x18,0x11,0x15,0x15,0x0d,0x17,0x46,0x98,0x27,0x20,0x1d,0x1f,0x21,
  0x48,0x80,0x85,0x7f,0x7f,0x7e,0x7c,0x7c,0x97,0x99,0x8a,0x97,0x9a,0x8a,0x8b,0x82,0x82,0xa7,0x1a,0x0d,0x0d,0x0d,0x16,0x1d,
  0x21,0x1d,0x1d,0x21,0x48,0x7c,0x7c,0x3e,0x45,0x7c,0x7c,0x7c,0x7f,0x7f,0x45,0x98,0x93,0x87,0x82,0x8b,0x8b,0x82,0x7f,0x8b,
  0xb5,0x27,0x19,0x17,0x1a,0x1c,0x1f,0x21,0x55,0x99,0x87,0x80,0x7c,0x7c,0x7a,0x7b,0x7b,0x7c,0x7c,0x45,0x45,0x3d,0x98,0x8a,
  0x92,0x87,0x88,0x88,0x82,0x82,0xa9,0x96,0x8a,0x92,0x52,0x97,0x96,0xa8,0xa9,0x8b,0x82,0x7f,0x7c,0x7f,0x82,0x88,0x44,0x3d,
  0x7a,0x45,0x7c,0x7b,0x45,0x96,0x99,0x92,0x8b,0x58,0x87,0x88,0x94,0xb0,0x98,0x94,0x98,0xa8,0x94,0x94,0x8a,0x86,0x82,0x7d,
  0x7b,0x7b,0x48,0x82,0x88,0x7a,0x40,0x7a,0x40,0x7a,0x43,0x7b,0xb5,0xb7,0xb5,0xb5,0xbe,0xb5,0xbe,0xbd,0xc6,0xbd,0xc8,0xc8,
  0xc6,0xbd,0xbe,0xbe,0xbd,0x96,0xb7,0xb7,0xbe,0xbe,0xbe,0xbd,0xbe,0xbd,0xc6,0xc8,0xc6,0xbd,0xbd,0xbe,0xbe,0xbd,0x94,0xb5,
  0xb5,0xbe,0xbe,0xbd,0xbd,0xbe,0xc6,0xbd,0xbd,0xbe,0xbd,0xbe,0xb5,0xb5,0xb5,0xb5,0xa8,0xa8,0xb7,0xb7,0xb5,0xbe,0xbd,0xbd,
  0xbe,0xb7,0xb5,0xb5,0xb7,0xb7,0xb5,0xb7,0x96,0x98,0xb7,0xb7,0xb5,0xb7,0xb7,0xbe,0xb5,0xb7,0xb7,0x98,0xb7,0xb7,0xb7,0xb7,
  0x98,0x97,0x98,0xb7,0xb7,0xb0,0xb7,0xb7,0xb5,0xb7,0xa8,0xa8,0xa8,0xb7,0xbe,0xb7,0x94,0x95,0xa8,0xa8,0xa8,0xb7,0xb7,0x36,
  0xa4,0x99,0x98,0x96,0x96,0x96,0x96,0x94,0x8a,0x8a,0xa8,0xa8,0xb0,0xb0,0xb7,0x27,0x96,0xa8,0x96,0x96,0x96,0x94,0x89,0x89,
  0x89,0x8a,0xa8,0xb0,0xa9,0x98,0xa8,0xb7,0xa8,0x98,0x98,0x89,0x94,0x89,0x94,0x8b,0x57,0x57,0xb7,0xb0,0xa8,0x98,0x98,0x98,
  0x96,0x96,0x96,0x89,0x89,0x94,0x21,0x46,0x89,0x8b,0xa8,0xa8,0xa8,0xa8,0x98,0x96,0x94,0x94,0x94,0x89,0x89,0x89,0x47,0x57,
  0x94,0x46,0xa8,0x98,0xa8,0xa8,0x94,0x57,0x8a,0x8a,0x89,0x57,0x57,0x57,0x57,0x8a,0x27,0x18,0x20,0xfd,0xfd,0xe4,0xe9,0xe5,
  0xe7,0xe5,0xe5,0xcd,0xcd,0xcd,0xcd,0xcd,0xcd,0xcc,0xbd,0xbd,0xbd,0xb5,0x98,0x98,0x98,0xa8,0xb0,0xa8,0xa9,0xa7,0xa9,0xae,
  0xa8,0x98,0xa8,0xb0,0xa8,0xb0,0x98,0xa8,0x98,0x8a,0x57,0x94,0x96,0xa8,0xa8,0xa8,0xb0,0xb7,0x46,0x3f,0x96,0xff,0x27,0xe0,
  0xe5,0xe2,0xe2,0xe2,0xcd,0xc7,0xc8,0xc8,0xc8,0xc8,0xc8,0xc8,0xbd,0xb7,0xb7,0xb7,0xa8,0x99,0x99,0x96,0xa8,0xbe,0xb7,0xa8,
  0xa8,0xb7,0xa8,0xb7,0xa8,0x98,0xa8,0x97,0x97,0xa9,0xa8,0x98,0x47,0x55,0x98,0xa8,0xa8,0xa8,0xb0,0xb7,0xa8,0x3f,0x2d,0x81,
  0xe4,0x36,0xe2,0xcd,0xcd,0xcd,0xc8,0xc8,0xd9,0xbd,0xbd,0xbd,0xbd,0xbe,0xb5,0xb5,0xb7,0xb7,0xa8,0x97,0x9a,0x9a,0x97,0xb0,
  0xb7,0xa9,0xa9,0xa7,0xb7,0xa8,0xa8,0xa8,0xa8,0xa8,0xa9,0xa8,0xa9,0xa8,0x96,0x94,0xa8,0xa8,0xa8,0xa6,0x96,0x96,0x96,0x49,
  0x3f,0x57,0x49,0xe5,0xe8,0xcd,0xcd,0xc8,0xbf,0xbe,0xa4,0x27,0xb1,0xb7,0xbd,0xc8,0xbd,0xb7,0xa8,0xa8,0xb0,0x98,0xa8,0xa9,
  0xa9,0xb7,0xb5,0xb5,0xa9,0xa7,0xb7,0xb5,0xb7,0xb7,0xa8,0xa8,0xb7,0xb5,0xb5,0xbe,0xa8,0x98,0xa8,0x98,0xa8,0xa6,0xa8,0xa9,
  0x99,0xa8,0x89,0x49,0x55,0x57,0xcd,0xc8,0xcd,0xc8,0xbd,0xaf,0xbe,0x27,0x18,0x95,0xb7,0xb7,0xbe,0xb5,0x98,0x94,0x96,0xa8,
  0xb7,0xa8,0xa8,0xbe,0xbe,0xa8,0x97,0xb0,0xa8,0xb5,0xb5,0xb7,0xa8,0xa8,0xa8,0xb7,0xb7,0xb7,0xb7,0x98,0x98,0x98,0x96,0x94,
  0xa8,0x46,0x1a,0x19,0x1f,0x94,0x96,0x99,0x89,0xb7,0x96,0x96,0x96,0x94,0xae,0xa8,0xb7,0xb7,0xb0,0x8a,0x8a,0x94,0x94,0xa8,
  0xa8,0xb7,0xb7,0xb7,0xa9,0x97,0xb0,0xb7,0xb5,0xae,0xa9,0xa8,0x97,0xa7,0xb0,0xb7,0xb7,0x98,0x96,0x98,0x96,0x96,0x97,0x47,
  0x18,0x0d,0x0d,0x0d,0x1f,0x47,0x21,0x97,0x92,0x48,0x44,0x82,0x81,0x81,0x45,0x1e,0x2b,0x40,0xa8,0x94,0x8a,0x8a,0x96,0x98,
  0xb0,0xa8,0xaf,0xc5,0x21,0x18,0x94,0x96,0x96,0xb5,0xbd,0xb7,0xb7,0xb5,0x99,0xa9,0xb0,0xb7,0xa8,0xa9,0xa8,0xa8,0x98,0xa8,
  0xa8,0xa8,0x98,0x96,0x98,0x96,0x98,0x52,0x18,0x0d,0x15,0x15,0x0d,0x19,0x30,0x19,0x1d,0x30,0x7b,0x7a,0x43,0x82,0x81,0x82,
  0x7a,0x2b,0x3b,0x96,0x94,0x8a,0x94,0x94,0x96,0x8a,0x96,0xa8,0xb9,0x36,0x27,0xa8,0xa8,0x98,0xb5,0xbd,0xbe,0xc6,0xbe,0xa9,
  0xa9,0xb0,0xb7,0xb7,0xa8,0xa8,0x97,0x9a,0x96,0x97,0x98,0x96,0x96,0x96,0x96,0x94,0x19,0x0d,0x15,0x0d,0x15,0x0d,0x1a,0x87,
  0x1d,0x1f,0x1d,0x1d,0x41,0x7e,0x7f,0x7f,0x85,0x3b,0x2c,0x3d,0x94,0x94,0x94,0x8a,0x89,0x8a,0x8a,0x96,0x98,0xb7,0xb7,0xce,
  0xb5,0xa8,0xa8,0xa6,0xb9,0x27,0x18,0x95,0xc5,0x9a,0xa9,0xae,0xa9,0xa8,0xa8,0x9a,0x9a,0x7c,0x82,0x96,0x94,0x96,0x8a,0x8a,
  0x1a,0x0d,0x15,0x0d,0x15,0x0d,0x16,0x21,0x88,0x21,0x1f,0x7c,0x24,0x1c,0x24,0x3d,0x7a,0x80,0x41,0x3b,0x3d,0x8a,0x94,0x94,
  0x95,0x49,0x89,0xa8,0xa8,0x96,0xa8,0xb7,0xa4,0xa8,0xa8,0xa8,0xa8,0xb7,0x95,0x21,0xaf,0xb7,0xb7,0xb7,0xa9,0xae,0xae,0xa7,
  0x9a,0x8b,0x88,0x92,0x8a,0x8a,0x8a,0xa9,0x1c,0x0d,0x15,0x0d,0x0d,0x11,0x15,0x20,0x82,0x48,0x48,0x1c,0x42,0x8c,0x49,0x1f,
  0x1b,0x23,0x3b,0x80,0x45,0x7c,0x8a,0x94,0x95,0x96,0x96,0x96,0xa8,0xa8,0xa8,0xa8,0xa9,0xa8,0xa8,0xa8,0xb7,0xbe,0xbe,0xbe,
  0xd9,0xbe,0xa8,0xae,0xaf,0xc5,0x21,0x19,0x97,0x9a,0x99,0x99,0x99,0x99,0x96,0xa9,0x1f,0x0d,0x15,0x0d,0x0d,0x11,0x0d,0x20,
  0x99,0x48,0x48,0x85,0x1f,0x1f,0x85,0x88,0x80,0x30,0x1d,0x1b,0x30,0x7e,0x80,0xb1,0xb7,0xae,0xa9,0xb0,0xb7,0x36,0x20,0x94,
  0x92,0x8a,0x8a,0x96,0x46,0x21,0x21,0x0e,0x11,0x0d,0x0d,0x0d,0x0d,0x1f,0xa9,0x94,0x8a,0x81,0x45,0x3d,0x1f,0x7a,0x7f,0x82,
  0x85,0x80,0x21,0x1c,0x1f,0x7f,0x85,0x82,0x44,0x7f,0x7a,0xae,0xb5,0xa8,0xa9,0xa8,0x97,0xaa,0xc3,0x99,0x87,0x87,0x8a,0xa9,
  0x1c,0x0d,0x16,0x0d,0x0d,0x0d,0x15,0x11,0x1f,0xa9,0x94,0x96,0x8a,0x82,0x7b,0x7c,0x1f,0x42,0x83,0x8f,0x85,0x82,0x8f,0x87,
  0x1f,0x1c,0x24,0x80,0x7e,0x7c,0x7a,0xa9,0xb7,0xa9,0xa9,0xa9,0x9a,0xa7,0x94,0x8a,0x92,0x8b,0x58,0x98,0x21,0x11,0x0d,0x0d,
  0x0d,0x15,0x0d,0x0d,0x1b,0x58,0x8a,0x89,0x57,0x7d,0x80,0x8f,0x20,0x30,0x2d,0x2d,0x30,0x47,0x49,0x85,0x8d,0x44,0x1f,0x1d,
  0x3b,0x7e,0x7b,0x98,0xa8,0xa9,0xa9,0x99,0x9a,0x9a,0x99,0x93,0x8a,0x89,0x8a,0x52,0x19,0x0d,0x15,0x0d,0x15,0x0d,0x1c,0x1c,
  0x18,0x8a,0x81,0x48,0x7d,0x85,0x2d,0x46,0x21,0x27,0x30,0x2d,0x2d,0x21,0x21,0x24,0x21,0x24,0x2d,0x1f,0x1b,0x1d,0x3b,0xa8,
  0x97,0xa1,0x9a,0x9a,0x98,0x89,0x99,0x99,0x89,0x8a,0x94,0x1a,0x0d,0x15,0x0d,0x15,0x0d,0x1a,0xab,0x98,0x94,0x8b,0x82,0x82,
  0x41,0x85,0x17,0x18,0x21,0x30,0xa1,0x8f,0x88,0x80,0x88,0x42,0x2d,0x30,0x2d,0x2d,0x24,0x1a,0x1b,0xa9,0x99,0x9a,0x93,0x97,
  0xa8,0x92,0x98,0x94,0x81,0x8b,0x1a,0x0d,0x15,0x0d,0x15,0x0d,0x1a,0xa4,0x96,0x94,0x89,0x82,0x82,0x82,0x7c,0x7c,0x1f,0x24,
  0x21,0x27,0xa0,0x86,0x86,0x82,0x7f,0x7c,0x80,0x8d,0x3c,0x24,0x1d,0x1f,0x23,0x0d,0x15,0x0d,0x15,0x0d,0x1a,0x95,0x96,0x94,
  0x94,0x81,0x82,0x82,0x43,0x3e,0x7a,0x85,0x42,0x1f,0x86,0x82,0x8b,0x86,0x93,0x85,0x86,0x2d,0x1d,0x1d,0x1f,0x3b,0x7e,0x45,
  0x11,0x15,0x15,0x0d,0x19,0x58,0x94,0x8a,0x94,0x8b,0x7f,0x48,0x7f,0x45,0x7c,0x82,0x4e,0x1f,0x42,0x7c,0x7b,0x87,0x80,0x30,
  0x1f,0x1d,0x1f,0x27,0x8f,0x40,0x80,0x40,0x40,0x0d,0x15,0x0d,0x18,0x52,0x94,0x8a,0x89,0x81,0x7d,0x7a,0x45,0x3c,0x7b,0x7b,
  0x80,0x1f,0x30,0x85,0x7c,0x45,0x24,0x1d,0x1c,0x21,0x48,0x88,0xa7,0x99,0x48,0x88,0x40,0x40,0x19,0x17,0x19,0x52,0xa8,0x8a,
  0x8a,0x8b,0x82,0x7c,0x7c,0x7c,0x7a,0x7b,0x7c,0x2d,0x24,0x80,0x2d,0x1e,0x1c,0x1e,0x24,0x87,0x87,0x88,0x7f,0x86,0x85,0x8f,
  0x7e,0x45,0x40,0x8a,0x52,0x99,0x96,0x94,0x94,0x92,0x88,0x7f,0x7c,0x7f,0x85,0x88,0x45,0x3d,0x1f,0x24,0x1d,0x1d,0x24,0x3b,
  0x40,0x44,0x44,0x44,0x7d,0x8b,0x93,0x88,0x7c,0x45,0x44,0x3b,0x98,0xa8,0x95,0x8a,0x94,0x8b,0x82,0x7d,0x7b,0x7b,0x48,0x82,
  0x82,0x7b,0x1e,0x1b,0x1f,0x2d,0x7c,0x7c,0x41,0x43,0x3c,0x3e,0x3b,0x3e,0x3c,0x44,0x85,0x7f,0x82,0x43,0x3b,0x82,0x2d,0x3d,
  0x7a,0x7a,0x82,0x7b,0x45,0x41,0x45,0x82,0x7d,0x7c,0x43,0x3c,0x7d,0x82,0x81,0x44,0x3b,0xb7,0xb7,0xa8,0xa8,0xa8,0x94,0x98,
  0x96,0x96,0x96,0x96,0x94,0x8a,0xb7,0xa8,0xa8,0xa8,0x98,0x96,0x96,0x96,0x94,0x8a,0x8a,0x89,0x98,0xa8,0x98,0xa8,0x98,0x98,
  0x89,0x94,0x8a,0x8a,0x89,0x57,0x98,0x98,0xa8,0x98,0x96,0x96,0x89,0x89,0x8a,0x89,0x89,0x57,0xa8,0x98,0x96,0x94,0x94,0x94,
  0x89,0x89,0x57,0x57,0x57,0x8a,0xa8,0x94,0x57,0x8a,0x8a,0x89,0x57,0x57,0x57,0x47,0x8a,0x27,0x20,0xef,0xfd,0xe4,0xe9,0xe5,
  0xe7,0xe5,0xe5,0xcd,0xcd,0xcd,0xcd,0xcd,0xcd,0xcc,0xbd,0xbd,0xbd,0xb5,0x98,0x98,0x98,0xa8,0xb0,0xa8,0xa9,0xa7,0xa9,0xae,
  0xa8,0x98,0xa8,0xb0,0xa8,0xb0,0x98,0xa8,0x98,0x8a,0x57,0x94,0x96,0xa8,0xa8,0xa8,0xb0,0xb7,0x46,0x3f,0x96,0xfe,0xe9,0xe9,
  0xe5,0xe5,0xe5,0xe2,0xcd,0xc8,0xc8,0xc8,0xc8,0xc8,0xc8,0xc8,0xbd,0xb7,0xb7,0xb7,0xa8,0x99,0x99,0x96,0xa8,0xbe,0xb7,0xa8,
  0xa8,0xb7,0xa8,0xb7,0xa8,0x98,0xa8,0x97,0x97,0xa9,0xa8,0x98,0x47,0x55,0x98,0xa8,0xa8,0xa8,0xb0,0xb7,0xa8,0x3f,0x2d,0x81,
  0xe4,0xe5,0xe5,0xcd,0xe2,0xbb,0xc8,0xbd,0xbd,0xbd,0xbd,0xbd,0xbd,0xbe,0xb5,0xb5,0xb7,0xb7,0xa8,0x97,0x9a,0x9a,0x97,0xb0,
  0xb7,0xa9,0xa9,0xa7,0xb7,0xa8,0xa8,0xa8,0xa8,0xa8,0xa9,0xa8,0xa9,0xa8,0x96,0x94,0xa8,0xa8,0xa8,0xa6,0x96,0x96,0x96,0x49,
  0x3f,0x57,0x49,0xe5,0xe2,0xcd,0xcd,0xcd,0x21,0xaf,0xb7,0xb0,0xb7,0xb7,0xbd,0xbd,0xbd,0xb7,0xa8,0xa8,0xb0,0x98,0xa8,0xa9,
  0xa9,0xb7,0xb5,0xb5,0xa9,0xa7,0xb7,0xb5,0xb7,0xb7,0xa8,0xa8,0xb7,0xb5,0xb5,0xbe,0xa8,0x98,0xa8,0x98,0xa8,0xa6,0xa8,0xa9,
  0x99,0xa8,0x89,0x49,0x89,0x57,0xcd,0xcd,0xcd,0xc8,0xbd,0xbe,0xa8,0xa8,0xa8,0xa8,0xb0,0xb5,0xc6,0xbe,0x98,0x8a,0x96,0xa8,
  0xb7,0xa8,0xa8,0xbe,0xbe,0xa8,0xa7,0xb0,0xa8,0xb5,0xb5,0xb7,0xa8,0xa8,0xa8,0xb7,0xb7,0xb7,0xb7,0x98,0x98,0x98,0x96,0x94,
  0xa8,0x46,0x1a,0x19,0x1f,0x99,0x94,0x8a,0x8a,0x96,0x98,0xb0,0xa8,0xaf,0x21,0xa6,0x8a,0x8a,0x94,0x96,0xa8,0xa4,0xb7,0xb7,
  0xb7,0xa9,0x97,0xb0,0xb7,0xb5,0xae,0xa9,0xa8,0x97,0xa7,0xb0,0xb7,0xb7,0x98,0x96,0x98,0x96,0x96,0x97,0x47,0x18,0x0d,0x0d,
  0x0d,0x1d,0x96,0x57,0x8a,0x57,0x7d,0x44,0x82,0x81,0x81,0x45,0x1e,0x2b,0x40,0x45,0x7f,0x7f,0x84,0x93,0x90,0x9a,0x94,0x94,
  0x98,0xb0,0xa6,0x95,0xb7,0xb7,0x98,0x96,0x96,0xa9,0xd9,0xc8,0xb7,0xb7,0xb5,0x99,0xa9,0xb0,0xb7,0xa8,0xa9,0xa8,0xa8,0x98,
  0xa8,0xa8,0xa8,0x98,0x96,0x98,0x96,0x98,0x52,0x18,0x0d,0x15,0x15,0x0d,0x18,0x86,0x7d,0x7d,0x7d,0x7a,0x41,0x43,0x82,0x81,
  0x82,0x7a,0x2b,0x40,0x7a,0x45,0x7e,0x8b,0x90,0x8b,0x93,0x94,0x94,0x96,0x8a,0x96,0xb7,0xb7,0xb7,0xb7,0x98,0xb9,0x27,0x1a,
  0xb3,0xbd,0xbd,0xb5,0xa9,0xa9,0xa4,0xb0,0xb7,0xa8,0xa8,0x97,0x9a,0x96,0x97,0x98,0x96,0x96,0x96,0x96,0x94,0x19,0x0d,0x15,
  0x0d,0x15,0x0d,0x1a,0x85,0x48,0x7d,0x45,0x40,0x7a,0x7a,0x80,0x85,0x7f,0x3d,0x1e,0x23,0x40,0x80,0x7f,0x84,0x9a,0x8b,0x8b,
  0x8a,0x89,0x8a,0x8a,0x96,0x98,0xb7,0xa8,0xb7,0xb7,0xbe,0x36,0x1c,0x97,0xb5,0xb7,0xb5,0xb7,0xa7,0xc5,0xb9,0xa9,0xa8,0xa8,
  0x9a,0x9a,0x7c,0x82,0x96,0x94,0x96,0x8a,0x8a,0x1a,0x0d,0x15,0x0d,0x15,0x0d,0x16,0x21,0x7d,0x48,0x43,0x41,0x7b,0x80,0x7c,
  0x3d,0x41,0x80,0x45,0x1e,0x19,0x1d,0x24,0x40,0x85,0x8b,0x87,0x87,0x95,0x49,0x89,0xa8,0xa8,0x96,0xa8,0xb7,0xa8,0xb0,0x98,
  0xa8,0xd4,0xb7,0xb0,0xb7,0xb7,0xb7,0x36,0x1c,0x36,0xaa,0x97,0xa7,0x9a,0x58,0x86,0x92,0x8a,0x94,0x8a,0xa9,0x1c,0x0d,0x15,
  0x0d,0x0d,0x11,0x15,0x20,0x82,0x48,0x7d,0x7b,0x7c,0x80,0x85,0x80,0x41,0x3d,0x2c,0x80,0x42,0x1d,0x30,0x1e,0x1d,0x2d,0x85,
  0x91,0x7b,0x96,0x96,0x96,0xa8,0xa8,0xa8,0xa8,0xa9,0xa8,0xa8,0xa8,0xb7,0xb1,0xbe,0xb7,0xb5,0xb7,0xb7,0x95,0x1c,0x36,0xae,
  0xa7,0x9a,0x99,0x9a,0xa7,0x99,0x8a,0x89,0xa9,0x1f,0x0d,0x15,0x0d,0x0d,0x11,0x0d,0x20,0x99,0x48,0x48,0x7c,0x41,0x3c,0x7d,
  0x88,0x7b,0x80,0x7c,0x3b,0x7c,0x7c,0x1f,0x21,0x9d,0x21,0x1b,0x1d,0x30,0x80,0xb5,0xb7,0xa8,0xae,0xd9,0xb7,0x97,0x9a,0x90,
  0x99,0x30,0x19,0x36,0x8a,0x97,0x21,0x0e,0x13,0x0d,0x0d,0x15,0x0d,0x1f,0xa9,0x94,0x8a,0x81,0x43,0x40,0x41,0x41,0x82,0x88,
  0x80,0x7e,0x7b,0x7f,0x7c,0x3f,0x1c,0x81,0x7b,0x85,0x24,0x1c,0x1f,0xae,0xb5,0xa8,0xa9,0x98,0xa7,0x9a,0x9a,0x99,0x8b,0x46,
  0x20,0x58,0x99,0x21,0x16,0x0d,0x11,0x0d,0x15,0x0d,0x1d,0x97,0x94,0x95,0x8a,0x82,0x7c,0x45,0x7b,0x7e,0x7e,0x85,0x7f,0x88,
  0x88,0x88,0x44,0x80,0x1f,0x24,0x80,0x7c,0x7c,0x7f,0x24,0xa9,0xb7,0xa9,0xa9,0xa9,0x9a,0xa7,0x97,0x8a,0x92,0x8b,0x97,0x97,
  0x46,0x17,0x0d,0x15,0x0d,0x15,0x0d,0x1c,0x98,0x89,0x8a,0x8a,0x93,0x7f,0x7c,0x88,0x82,0x88,0x7f,0x7c,0x7f,0x8b,0x82,0x7f,
  0x7f,0x80,0x2d,0x1f,0x7a,0x7b,0x45,0x7c,0x80,0x98,0xa8,0xa9,0xa9,0x99,0x9a,0x9a,0x99,0x93,0x8a,0x89,0x8a,0x52,0x18,0x0d,
  0x15,0x0d,0x15,0x0d,0x1c,0xa9,0x8a,0x8a,0x92,0x1f,0x1a,0x48,0x7c,0x88,0x8b,0x87,0x9e,0x8f,0x85,0x7f,0x85,0x7f,0x85,0x7b,
  0x42,0x1e,0x3e,0x2c,0x3b,0x7c,0x7a,0xa8,0x97,0xa1,0x9a,0x9a,0x98,0x89,0x99,0x99,0x89,0x8a,0x94,0x1a,0x0d,0x15,0x0d,0x15,
  0x0d,0x1a,0xa6,0x96,0x8a,0x57,0x8f,0x1c,0x18,0x48,0x7c,0x7f,0x8b,0xa0,0x1d,0x1b,0x83,0x7f,0x82,0x7c,0x42,0x8f,0x7b,0x1f,
  0x24,0x1e,0x1e,0x24,0x2b,0xa9,0x99,0x9a,0x93,0x97,0xa8,0x92,0x98,0x94,0x81,0x8b,0x1a,0x0d,0x15,0x0d,0x15,0x0d,0x1a,0xa4,
  0x96,0x96,0x8a,0x82,0x85,0x81,0x7b,0x7c,0x45,0x7b,0x86,0xa0,0x1a,0x19,0x54,0x84,0x7f,0x7b,0x7e,0x1f,0x19,0x1f,0x2d,0x41,
  0x2c,0x3b,0x2d,0x82,0x43,0x41,0x43,0x7f,0x7f,0x7c,0x85,0x86,0x58,0x8b,0x8b,0x7f,0x82,0x85,0x1b,0x18,0x1f,0x24,0x7c,0x7a,
  0x40,0x3b,0x7f,0x45,0x7c,0x7f,0x7f,0x7e,0x7c,0x7b,0x7b,0x85,0x7b,0x7f,0x87,0x82,0x87,0x9a,0x8b,0x1f,0x3f,0x7a,0x40,0x7a,
  0x3e,0x3c,0x7b,0x7c,0x7c,0x7c,0x7f,0x7f,0x45,0x7b,0x7b,0x7f,0x82,0x82,0x7f,0x7d,0xae,0x27,0x21,0x8f,0x3e,0x40,0x40,0x3b,
  0x7a,0x7b,0x7b,0x7c,0x7c,0x45,0x45,0x3d,0x40,0x3d,0x41,0x82,0x82,0x82,0x85,0x52,0x1f,0x8b,0x7c,0x7c,0x7a,0x23,0x1e,0x88,
  0x44,0x3d,0x7a,0x45,0x7c,0x7b,0x45,0x3d,0x3d,0x41,0x7c,0x44,0x7d,0x9a,0x20,0x30,0x8c,0x7c,0x2d,0x1e,0x1b,0x23,0x88,0x7a,
  0x40,0x7a,0x40,0x7a,0x43,0x7b,0x41,0x45,0x3c,0x3e,0x3b,0x41,0x24,0x21,0x82,0x24,0x1d,0x1d,0x2b,0x41,0x7a,0x7f,0x7a,0x40,
  0x40,0x41,0x7b,0x7c,0x48,0x7c,0x44,0x3d,0x2c,0x2b,0x1e,0x1f,0x1c,0x1f,0x30,0x7c,0x7f,0x82,0x45,0x45,0x7a,0x45,0x3b,0x3e,
  0x7a,0x48,0x48,0x3e,0x40,0x23,0x1b,0x1f,0x41,0x7b,0x44,0x82,0x87,0x82,0x7d,0x7c,0x43,0x3c,0x3b,0x2c,0x3d,0x45,0x48,0x44,
  0x41,0x3c,0x3c,0x3d,0x43,0x3e,0x3a,0x3e,0x3e,0x7d,0x82,0x82,0x44,0x3b,0x3c,0x3b,0x3b,0x43,0x43,0x3c,0x3b,0x3b,0x3b,0x3b,
  0x3c,0x41,0x3b,0x2b,0x3a,0x20,0xef,0xfe,0xe8,0xe9,0xe5,0xe7,0xe5,0xe5,0xcd,0xcd,0xcd,0xcd,0xcd,0xfe,0xe9,0xc7,0xe0,0xe5,
  0xe2,0xe2,0xcd,0xc8,0xc8,0xc8,0xc8,0xc8,0xc8,0xe0,0xfa,0x27,0x36,0xe5,0xcd,0xc8,0xc6,0xbd,0xbd,0xbd,0xbd,0xbd,0xbe,0xe5,
  0xcd,0xe2,0xcd,0xc8,0xc8,0xb5,0xb7,0xb0,0xc6,0xb7,0xbd,0xc6,0xbd,0xcd,0xcd,0xc8,0xc8,0xbd,0xb7,0xa8,0x98,0xb7,0x27,0x95,
  0xbe,0xbe,0xb5,0xa8,0x27,0xa4,0xb7,0xb7,0xa8,0x8a,0x8a,0x97,0x96,0xa8,0xa8,0xb7,0xb7,0xb7,0xa9,0x97,0xb0,0xb7,0xb5,0xae,
  0xa9,0xa8,0x97,0xa7,0xb0,0xb7,0xb7,0x98,0x96,0x98,0x96,0x96,0x97,0x47,0x18,0x0d,0x0d,0x0d,0x1d,0x96,0x57,0x8a,0x57,0x7d,
  0x44,0x82,0x81,0x81,0x45,0x1e,0x2b,0x40,0x45,0x7f,0x7f,0x84,0x93,0x90,0x9a,0x94,0xa8,0xb7,0xa8,0xb7,0xb7,0xb0,0xa4,0x27,
  0x95,0x96,0xb5,0xbd,0xb7,0xb7,0xb5,0x99,0xa9,0xb0,0xb7,0xa8,0xa9,0xa8,0xa8,0x98,0xa8,0xa8,0xa8,0x98,0x96,0x98,0x96,0x98,
  0x52,0x18,0x0d,0x15,0x15,0x0d,0x18,0x86,0x7d,0x7d,0x7d,0x7a,0x41,0x43,0x82,0x81,0x82,0x7a,0x2b,0x3b,0x7a,0x45,0x7e,0x8b,
  0x90,0x8b,0x93,0x94,0x96,0x8a,0x96,0xb0,0xb7,0xb0,0xb1,0x27,0x96,0x98,0xb5,0xbd,0xbe,0xbd,0xc6,0xa9,0xa9,0xb0,0xb7,0xb7,
  0xa8,0xa8,0x97,0x9a,0x96,0x97,0x98,0x96,0x96,0x96,0x96,0x94,0x19,0x0d,0x15,0x0d,0x15,0x0d,0x1a,0x85,0x48,0x7d,0x45,0x40,
  0x7a,0x7a,0x80,0x85,0x85,0x3b,0x2c,0x3d,0x3d,0x7c,0x7f,0x84,0x9a,0x8b,0x8b,0x89,0x8a,0x8a,0x96,0x98,0xb7,0xa8,0xb5,0xc6,
  0xa8,0xa8,0xa8,0xa9,0xb7,0xb1,0x36,0xb1,0x9a,0xa9,0xb7,0xae,0xa8,0xa5,0x9a,0x9a,0x7c,0x82,0x96,0x94,0x96,0x8a,0x8a,0x1a,
  0x0d,0x15,0x0d,0x15,0x0d,0x16,0x21,0x7d,0x48,0x43,0x41,0x7b,0x80,0x7c,0x3d,0x41,0x83,0x7a,0x3b,0x3d,0x45,0x7b,0x3d,0x85,
  0x92,0x87,0x87,0x49,0x89,0xa8,0xa8,0x96,0xa8,0xb7,0xa8,0xa6,0xa8,0xa8,0xae,0xb7,0xb7,0xaf,0x21,0xb1,0xb7,0xb7,0xa9,0xa7,
  0xa7,0xc4,0xa1,0x8b,0x87,0x92,0x8a,0x94,0x8a,0xa9,0x1c,0x0d,0x15,0x0d,0x0d,0x11,0x15,0x20,0x82,0x48,0x7d,0x7b,0x7c,0x80,
  0x85,0x80,0x41,0x3d,0x2c,0x80,0x7b,0x7c,0x85,0x40,0x40,0x7c,0x7e,0x93,0x7c,0x96,0x96,0xa8,0xa8,0xa8,0xa8,0xa9,0xa8,0xa8,
  0xa8,0xb7,0xbe,0xbe,0xb7,0xb5,0xc6,0xa8,0xae,0xb7,0xa9,0x97,0x97,0x20,0x52,0x9a,0x99,0x99,0x8a,0x89,0xa9,0x1f,0x0d,0x15,
  0x0d,0x0d,0x11,0x0d,0x20,0x99,0x48,0x48,0x7c,0x41,0x3c,0x7d,0x88,0x7b,0x80,0x7c,0x3b,0x80,0x7a,0x7e,0x7f,0x7e,0x7f,0x45,
  0x7f,0x88,0x7c,0xaf,0xae,0xa9,0xb0,0xa6,0xa7,0x94,0x19,0x2d,0x9a,0x8a,0x94,0x55,0x97,0x21,0x0e,0x13,0x0d,0x0d,0x15,0x0d,
  0x1f,0xa9,0x94,0x8a,0x81,0x43,0x40,0x41,0x41,0x82,0x88,0x80,0x7e,0x7b,0x7f,0x45,0x7f,0x7d,0x7f,0x44,0x7f,0x7a,0x7f,0x85,
  0xb5,0xa8,0xa9,0xa8,0xa7,0x9a,0x9a,0xa7,0x8b,0x87,0x8a,0x8a,0x99,0x21,0x16,0x0d,0x11,0x0d,0x15,0x0d,0x1d,0xad,0x8a,0x96,
  0x8a,0x82,0x7c,0x45,0x7b,0x7e,0x7e,0x85,0x7f,0x88,0x88,0x88,0x44,0x7b,0x45,0x7c,0x7c,0x7e,0x7a,0x80,0x7e,0xb7,0xa9,0xa9,
  0xa9,0x9a,0xa7,0x97,0x8a,0x58,0x8b,0x89,0x96,0x46,0x17,0x0d,0x15,0x0d,0x15,0x0d,0x1c,0x94,0x21,0x55,0x89,0x81,0x7d,0x7c,
  0x88,0x88,0x88,0x85,0x7c,0x7f,0x8b,0x82,0x7f,0x85,0x7c,0x7a,0x7a,0x40,0x7b,0x7b,0x7c,0x7e,0xa8,0xa9,0xa9,0x99,0x9a,0x9a,
  0x99,0x93,0x8a,0x89,0x8a,0x52,0x18,0x0d,0x15,0x0d,0x15,0x0d,0x1c,0xb9,0x27,0x18,0x46,0x48,0x7d,0x7d,0x7c,0x54,0x52,0x8f,
  0x8b,0x82,0x85,0x7f,0x85,0x85,0x85,0x7b,0x7b,0x7a,0x7a,0x24,0x2c,0x7b,0x7a,0x97,0xa1,0x9a,0x9a,0x98,0x89,0x99,0x99,0x89,
  0x8a,0x94,0x1a,0x0d,0x15,0x0d,0x15,0x0d,0x1a,0xa6,0x95,0x8a,0x58,0x82,0x7f,0x41,0x48,0x83,0x20,0x19,0x94,0x9a,0x86,0x82,
  0x80,0x85,0x46,0x44,0x85,0x7b,0x7a,0x3b,0x2c,0x2c,0x40,0x7a,0x99,0x9a,0x93,0x97,0xa8,0x92,0x98,0x94,0x81,0x8b,0x1a,0x0d,
  0x15,0x0d,0x15,0x0d,0x1a,0xa4,0x96,0x96,0x8a,0x82,0x82,0x82,0x7c,0x45,0x7b,0x42,0x21,0x8b,0x93,0x88,0x82,0x8f,0x1b,0x17,
  0x42,0x80,0x41,0x45,0x7c,0x7b,0x2c,0x40,0x7a,0x3e,0x43,0x7d,0x85,0x85,0x85,0x82,0x8b,0x86,0xa0,0x1f,0x1a,0x7c,0x7c,0x80,
  0x7c,0x7a,0x1f,0x17,0x24,0x3b,0x7c,0x7f,0x7f,0x7e,0x45,0x7c,0x7b,0x82,0x7b,0x7e,0x9c,0x8f,0x87,0x94,0x8b,0x3d,0x83,0x1f,
  0x19,0x3c,0x7a,0x7c,0x7c,0x7c,0x7f,0x7f,0x45,0x7b,0x7b,0x7e,0x82,0x82,0x7f,0x7f,0x9a,0x9a,0x82,0x88,0x7a,0x7a,0x40,0x2c,
  0x7b,0x7c,0x7c,0x45,0x45,0x3d,0x40,0x3d,0x41,0x82,0x82,0x82,0x82,0x88,0x85,0x8f,0x7e,0x44,0x40,0x2c,0x2a,0x3d,0x7a,0x45,
  0x7c,0x7b,0x45,0x3d,0x3d,0x41,0x7c,0x44,0x7d,0x8b,0x93,0x88,0x7c,0x45,0x44,0x3b,0x2b,0x3d,0x40,0x7a,0x40,0x7a,0x43,0x7b,
  0x41,0x45,0x3c,0x3d,0x3b,0x3e,0x3c,0x44,0x85,0x7f,0x82,0x43,0x3b,0x41,0x41,0x3d,0x2c,0x2b,0x3b,0x43,0x48,0x82,0x82,0x44,
  0x7d,0x41,0x3d,0x3c,0x3b,0x3e,0x43,0x41,0x43,0x85,0x87,0x44,0x41,0x3c,0x3c,0x3b,0x41,0x3e,0x3a,0x3e,0x3e,0x20,0xef,0xfd,
  0xe4,0xe9,0xe5,0xe7,0xe5,0xe5,0xcd,0xcd,0xcd,0xcd,0xcd,0xfe,0xe9,0xe9,0xe5,0xe5,0xe2,0xe2,0xcd,0xc8,0xc8,0xc8,0xc8,0xc8,
  0xc8,0xe4,0xe5,0xe5,0xcd,0xcd,0xcd,0xc8,0xc6,0xbd,0xbd,0xbd,0xbd,0xbd,0xbe,0xe5,0xe2,0xcd,0xcd,0xc8,0xc8,0xbe,0xb7,0xb0,
  0xb7,0xb7,0xbd,0xc8,0xbe,0xcd,0xcd,0xcd,0xc8,0xbd,0xb7,0xa8,0xa8,0xa8,0xa8,0xb0,0xb5,0xbe,0xc6,0x98,0xb0,0xa8,0xb0,0xbe,
  0x36,0x52,0x94,0x94,0x95,0xa8,0xa8,0xb7,0xb7,0xb7,0xa9,0x97,0xb0,0xb7,0xb5,0xae,0xa9,0xa8,0x97,0xa7,0xb0,0xb7,0x94,0x98,
  0xb0,0xa4,0xbe,0x27,0x36,0xa8,0x96,0x96,0x96,0xb5,0xc6,0xb7,0xb7,0xb5,0x99,0xa9,0xb0,0xb7,0xa8,0xa9,0xa8,0xa8,0x98,0xa8,
  0xa8,0x94,0x96,0x8a,0x98,0xa8,0xbe,0xb7,0xb7,0xa8,0xa9,0x98,0xb5,0xb3,0xbe,0xbd,0xb5,0xa9,0xa9,0xb0,0xaf,0xb7,0xa8,0xa8,
  0x97,0x9a,0x96,0x97,0x89,0x8a,0x8a,0x96,0x98,0xa8,0xa8,0xb7,0xb7,0xa8,0xa8,0xb9,0x21,0x95,0xbe,0xb7,0xb7,0x9a,0xa9,0xb9,
  0xa9,0xa8,0xa8,0x9a,0x9a,0x7c,0x82,0x49,0x89,0xa8,0xa8,0x96,0xa8,0xb7,0xa8,0xa8,0xa8,0x98,0xb7,0xb1,0xb7,0xb7,0xb5,0xb0,
  0xb7,0xb7,0x36,0xa7,0xa7,0xa7,0x9a,0x8b,0x88,0x58,0x96,0x96,0xa8,0xa8,0xa8,0xa8,0xa9,0xa8,0xa8,0xa8,0xb7,0xbe,0xbe,0xb7,
  0xb5,0xb5,0xa8,0xae,0xb7,0x21,0x97,0xa1,0x9a,0x9a,0x99,0x99,0x9a,0xb7,0xae,0xa9,0xb7,0xbe,0xa7,0x9a,0x99,0x8b,0x8a,0x99,
  0x52,0x52,0x97,0x21,0x0e,0x13,0x0d,0x0d,0x15,0x0d,0x1f,0xa9,0x94,0x8a,0x81,0x43,0x40,0x41,0x41,0x82,0x88,0x80,0x7e,0x7b,
  0x7f,0x45,0x7f,0x7d,0x7f,0x44,0x7f,0xb5,0xa8,0xa9,0xa8,0x97,0x9a,0x9a,0x99,0x87,0x81,0x96,0x21,0x52,0x2d,0x16,0x0d,0x11,
  0x0d,0x15,0x0d,0x1d,0x97,0x94,0x96,0x8a,0x48,0x7c,0x45,0x7b,0x7e,0x7e,0x85,0x7f,0x88,0x88,0x88,0x44,0x7b,0x45,0x7c,0x7c,
  0x7e,0xb7,0xa9,0xa9,0xa9,0x9a,0xa7,0x97,0x8a,0x58,0x8b,0x55,0xa9,0x46,0x17,0x0d,0x15,0x0d,0x15,0x0d,0x1c,0xa9,0x89,0x8a,
  0x89,0x8b,0x87,0x7c,0x88,0x82,0x88,0x85,0x7c,0x7f,0x8b,0x81,0x7f,0x7f,0x7c,0x7a,0x7a,0x40,0x7b,0xa8,0xa9,0xa9,0x99,0x9a,
  0x9a,0x99,0x93,0x8a,0x89,0x8a,0x47,0x18,0x0d,0x15,0x0d,0x15,0x0d,0x1a,0x95,0x94,0x8a,0x81,0x48,0x3f,0x1c,0x42,0x87,0x8b,
  0x8b,0x8b,0x88,0x87,0x80,0x82,0x7f,0x85,0x7b,0x7b,0x41,0x7a,0x24,0x97,0xa1,0x9a,0x9a,0x98,0x89,0x99,0x99,0x89,0x8a,0x94,
  0x1a,0x0d,0x15,0x0d,0x15,0x0d,0x1a,0xa6,0x96,0x8a,0x57,0x82,0x85,0x2d,0x1a,0x42,0x85,0x8b,0x92,0x9a,0x48,0x24,0x7f,0x82,
  0x48,0x42,0x85,0x7b,0x7b,0x3b,0x2c,0x99,0x9a,0x93,0x97,0xa8,0x92,0x98,0x94,0x81,0x8b,0x1a,0x0d,0x15,0x0d,0x15,0x0d,0x1a,
  0xa4,0x96,0x95,0x8a,0x82,0x85,0x81,0x7d,0x7c,0x7c,0x7b,0x87,0x8b,0xa3,0x21,0x18,0x52,0x85,0x7b,0x7b,0x83,0x3b,0x24,0x80,
  0x7a,0x7f,0x7c,0x85,0x85,0x92,0x52,0x93,0x7f,0x85,0x7c,0x80,0x20,0x18,0x40,0x7c,0x7a,0x3d,0x2c,0x7e,0x7c,0x7c,0x7b,0x85,
  0x7b,0x7e,0x87,0x82,0x86,0x99,0x8b,0x3d,0x80,0x40,0x40,0x7a,0x40,0x7f,0x7f,0x45,0x7b,0x7b,0x7e,0x82,0x82,0x7f,0x7f,0x9a,
  0x9a,0x85,0x88,0x40,0x40,0x40,0x2c,0x45,0x45,0x3d,0x40,0x3d,0x41,0x82,0x82,0x85,0x82,0x88,0x85,0x8b,0x7e,0x45,0x40,0x2c,
  0x2a,0xbd,0xb5,0xb7,0xb7,0xa8,0x8a,0x8a,0x94,0x95,0xa8,0xa8,0xb7,0xb7,0xb7,0xa9,0x97,0xb0,0xb7,0xb5,0xae,0xa9,0xa8,0x97,
  0xa7,0xb0,0xb7,0xa8,0xb7,0xb7,0xb7,0x98,0x96,0x96,0x96,0xb5,0xbd,0xb7,0xb7,0xb5,0x99,0xa9,0xb0,0xb7,0xa8,0xa9,0xa8,0xa8,
  0x98,0xa8,0xa8,0x96,0xb0,0xb7,0xb7,0xb7,0xa8,0xa9,0x98,0xb5,0xbd,0xbe,0xbd,0xb5,0xa8,0xa8,0xb0,0xb7,0xb7,0xa8,0xa8,0x97,
  0x9a,0x96,0x97,0x96,0x98,0xb7,0xa8,0xb7,0xb7,0xa8,0xb0,0xa8,0xa9,0xb7,0xb7,0xb5,0xae,0x9a,0xa9,0xb7,0xa9,0xa8,0xa8,0x9a,
  0x9a,0x7c,0x82,0xa8,0x96,0xa8,0xb7,0xa8,0xa8,0xa8,0xa8,0xae,0xb7,0xb7,0xb7,0xc6,0x21,0x36,0xbe,0xa9,0xa7,0xa7,0xa7,0x9a,
  0x8b,0x88,0x92,0xa8,0xa8,0xa8,0xa9,0xa8,0xa8,0xa8,0xb7,0xbe,0xbe,0xb7,0xb5,0xb5,0xab,0xab,0xb7,0xa9,0x97,0xa7,0x9a,0x99,
  0x99,0x99,0x99,0xae,0xa9,0xb0,0xa8,0x97,0x99,0x9a,0x21,0x52,0x99,0x94,0x55,0x97,0x21,0x0e,0x13,0x0d,0x0d,0x15,0x0d,0x1f,
  0xa9,0x94,0x8a,0x81,0x43,0x40,0x41,0x41,0x82,0x88,0x80,0x7e,0x7b,0x7f,0x45,0x7f,0x7d,0x7f,0x44,0x7f,0x7a,0x7f,0xa9,0xa9,
  0xa8,0xa7,0x9a,0x9a,0x99,0x8b,0x81,0x8a,0x8a,0x99,0x21,0x16,0x0d,0x11,0x0d,0x15,0x0d,0x1d,0x97,0x8a,0x96,0x8a,0x82,0x7c,
  0x45,0x7b,0x7e,0x7e,0x85,0x7f,0x88,0x88,0x88,0x44,0x7b,0x45,0x7c,0x7c,0x7e,0x7a,0x80,0xa9,0xa9,0xa9,0x9a,0xa7,0x97,0x8a,
  0x92,0x8b,0x89,0x96,0x46,0x17,0x0d,0x15,0x0d,0x15,0x0d,0x1c,0x98,0x89,0x8a,0x89,0x81,0x7d,0x7c,0x88,0x82,0x82,0x7f,0x7c,
  0x7f,0x8b,0x82,0x7f,0x7f,0x7c,0x7a,0x7a,0x40,0x7b,0x7b,0x7c,0xa9,0xa9,0x99,0x9a,0x9a,0x99,0x93,0x8a,0x89,0x8a,0x52,0x18,
  0x0d,0x15,0x0d,0x15,0x0d,0x1c,0xa9,0x8a,0x99,0x21,0x3f,0x7f,0x7d,0x7c,0x88,0x8f,0xa1,0x93,0x82,0x85,0x7f,0x85,0x7f,0x7f,
  0x7b,0x7b,0x7a,0x7a,0x24,0x2c,0x7b,0xa1,0x9a,0x9a,0x98,0x89,0x99,0x99,0x89,0x8a,0x94,0x1a,0x0d,0x15,0x0d,0x15,0x0d,0x1a,
  0xa6,0x96,0x8a,0x57,0x48,0x7d,0x41,0x7d,0x7c,0x85,0x52,0x19,0x46,0x8f,0x7f,0x7f,0x82,0x7d,0x80,0x85,0x44,0x7a,0x3b,0x2c,
  0x2c,0x40,0x9a,0x93,0x97,0xa8,0x92,0x98,0x94,0x81,0x8b,0x1a,0x0d,0x15,0x0d,0x15,0x0d,0x1a,0xa4,0x96,0x96,0x8a,0x82,0x82,
  0x82,0x7c,0x45,0x7b,0x7c,0x52,0x1d,0x47,0x87,0x86,0x84,0x85,0x30,0x1d,0x4e,0x7a,0x45,0x7c,0x7a,0x2c,0x7a,0x7f,0x7f,0x80,
  0x9c,0x82,0x8b,0x87,0x8b,0x85,0x30,0x19,0x42,0x85,0x7c,0x40,0x7c,0x24,0x1a,0x3b,0x7f,0x80,0x7b,0x7b,0x7b,0x82,0x7b,0x7e,
  0x87,0x87,0x91,0x99,0x8b,0x3d,0x7e,0x7a,0x24,0x1c,0x40,0x7c,0x7f,0x7f,0x45,0x7b,0x7b,0x7e,0x82,0x82,0x7f,0x7f,0x9a,0x9a,
  0x7f,0x88,0x40,0x40,0x7a,0x2c,0x7c,0x45,0x45,0x3d,0x40,0x3d,0x41,0x82,0x82,0x82,0x82,0x88,0x85,0x8f,0x7e,0x45,0x40,0x2c,
  0x2a,0xb5,0xa9,0xa9,0xb0,0xb7,0xb7,0xa8,0xa8,0x97,0xb5,0xb7,0x9a,0xa9,0xb7,0xa9,0xa8,0xa8,0x9a,0xb5,0xb0,0xb7,0xb7,0xa9,
  0xa7,0xa7,0xa7,0x9a,0xb5,0xa8,0xae,0xb7,0xa9,0x97,0xa7,0x9a,0x9a,0xae,0xa9,0xb0,0xa8,0x97,0x9a,0x99,0x8b,0x8a,0x94,0x94,
  0x55,0x97,0x21,0x0e,0x13,0x0d,0x0d,0x15,0x0d,0x1f,0xa9,0x94,0x8a,0x81,0x43,0x40,0x41,0x41,0x82,0x88,0x80,0x7e,0x7b,0x7f,
  0x45,0x7f,0x7d,0x7f,0x44,0x7f,0x7a,0x7f,0xa8,0xa9,0xa8,0xa7,0x9a,0x9a,0x99,0x87,0x87,0x8a,0x8a,0x99,0x21,0x16,0x0d,0x11,
  0x0d,0x15,0x0d,0x1d,0x97,0x94,0x96,0x8a,0x82,0x7c,0x45,0x7b,0x7e,0x7e,0x85,0x7f,0x88,0x88,0x88,0x44,0x7b,0x45,0x7c,0x7c,
  0x7e,0x7a,0x80,0xa9,0xa9,0xa9,0x9a,0xa7,0x97,0x8a,0x58,0x8b,0x89,0x96,0x46,0x17,0x0d,0x15,0x0d,0x15,0x0d,0x1c,0x98,0x89,
  0x8a,0x89,0x57,0x7d,0x7c,0x88,0x82,0x88,0x85,0x7c,0x7f,0x8b,0x82,0x7f,0x7f,0x7c,0x7a,0x7a,0x40,0x7b,0x7b,0x7c,0xa9,0xa9,
  0x99,0x9a,0x9a,0x99,0x93,0x8a,0x89,0x8a,0x52,0x18,0x0d,0x15,0x0d,0x15,0x0d,0x1c,0xa9,0x8a,0x8a,0x81,0x48,0x7d,0x7d,0x7c,
  0x88,0x8b,0x87,0x8b,0x82,0x85,0x7f,0x82,0x7f,0x85,0x7b,0x7b,0x7a,0x7a,0x24,0x2c,0x7b,0xa1,0x9a,0x9a,0x98,0x89,0x99,0x99,
  0x89,0x8a,0x94,0x1a,0x0d,0x15,0x0d,0x15,0x0d,0x1a,0xa6,0x96,0x8a,0x57,0x81,0x82,0x41,0x7d,0x7c,0x85,0x8b,0x92,0x9a,0x88,
  0x82,0x7f,0x82,0x48,0x42,0x85,0x7b,0x7a,0x3b,0x2c,0x2c,0x40,0x9a,0x93,0x97,0xa8,0x92,0x98,0x94,0x81,0x8b,0x1a,0x0d,0x15,
  0x0d,0x15,0x0d,0x1a,0xa4,0x96,0x96,0x8a,0x82,0x82,0x82,0x7c,0x45,0x7b,0x7b,0x87,0x8b,0x93,0x88,0x88,0x88,0x7f,0x7c,0x7b,
  0x80,0x7a,0x45,0x7c,0x7a,0x2c,0x40,0x7f,0x7c,0x85,0x82,0x8b,0x87,0x8b,0x7f,0x85,0x80,0x7b,0x80,0x7c,0x40,0x7c,0x7a,0x3d,
  0x2c,0x7e,0x7c,0x7c,0x7b,0x82,0x7b,0x7e,0x87,0x82,0x87,0x99,0x8b,0x3d,0x7e,0x40,0x40,0x7a,0x40,0x7f,0x7f,0x45,0x7b,0x7b,
  0x7e,0x82,0x82,0x7f,0x7f,0x9a,0x9a,0x7f,0x88,0x40,0x40,0x40,0x2c,0x45,0x45,0x3d,0x40,0x3d,0x41,0x82,0x82,0x85,0x82,0x88,
  0x85,0x8f,0x7e,0x45,0x40,0x2c,0x2a,
};

static const SplashRect SPLASH_RECTS[206] = {
  {0, 121, 11, 5, 0},
  {0, 126, 9, 6, 55},
  {0, 117, 17, 3, 109},
  {0, 120, 21, 6, 160},
  {0, 126, 16, 6, 286},
  {3, 132, 7, 4, 382},
  {0, 115, 33, 5, 410},
  {0, 120, 30, 6, 575},
  {0, 126, 28, 6, 755},
  {3, 132, 15, 4, 923},
  {40, 113, 1, 1, 983},
  {11, 114, 33, 6, 984},
  {0, 120, 41, 6, 1182},
  {0, 126, 33, 6, 1428},
  {14, 132, 4, 3, 1626},
  {32, 109, 20, 5, 1638},
  {24, 114, 24, 6, 1738},
  {3, 120, 44, 6, 1882},
  {0, 126, 42, 6, 2146},
  {42, 105, 22, 3, 2398},
  {32, 108, 32, 6, 2464},
  {30, 114, 29, 6, 2656},
  {3, 120, 44, 6, 2830},
  {0, 126, 42, 4, 3094},
  {56, 100, 18, 2, 3262},
  {42, 102, 33, 6, 3298},
  {43, 108, 28, 6, 3496},
  {31, 114, 35, 6, 3664},
  {3, 120, 42, 6, 3874},
  {0, 126, 25, 3, 4126},
  {67, 94, 15, 2, 4201},
  {56, 96, 31, 6, 4231},
  {55, 102, 29, 6, 4417},
  {55, 108, 22, 6, 4591},
  {28, 114, 38, 6, 4723},
  {0, 120, 45, 6, 4951},
  {0, 126, 25, 3, 5221},
  {82, 89, 1, 1, 5296},
  {67, 90, 31, 6, 5297},
  {62, 96, 33, 6, 5483},
  {63, 102, 19, 6, 5681},
  {55, 108, 22, 6, 5795},
  {28, 114, 31, 6, 5927},
  {0, 120, 45, 6, 6113},
  {0, 126, 16, 3, 6383},
  {82, 84, 27, 6, 6431},
  {74, 90, 33, 6, 6593},
  {73, 96, 30, 6, 6791},
  {63, 102, 35, 6, 6971},
  {56, 108, 14, 6, 7181},
  {29, 114, 30, 6, 7265},
  {10, 120, 31, 6, 7445},
  {11, 126, 5, 3, 7631},
  {96, 80, 24, 4, 7646},
  {89, 84, 31, 6, 7742},
  {91, 90, 24, 6, 7928},
  {75, 96, 35, 6, 8072},
  {60, 102, 38, 6, 8282},
  {56, 108, 12, 6, 8510},
  {29, 114, 30, 6, 8582},
  {21, 120, 18, 6, 8762},
  {109, 75, 20, 3, 8870},
  {96, 78, 36, 6, 8930},
  {98, 84, 32, 6, 9146},
  {91, 90, 31, 6, 9338},
  {75, 96, 42, 6, 9524},
  {60, 102, 24, 6, 9776},
  {57, 108, 11, 6, 9920},
  {32, 115, 14, 5, 9986},
  {33, 120, 3, 2, 10056},
  {121, 71, 2, 1, 10062},
  {109, 72, 34, 6, 10064},
  {107, 78, 34, 6, 10268},
  {100, 84, 37, 6, 10472},
  {91, 90, 31, 6, 10694},
  {78, 96, 39, 6, 10880},
  {62, 102, 22, 6, 11114},
  {56, 108, 12, 6, 11246},
  {44, 114, 12, 6, 11318},
  {121, 68, 30, 4, 11390},
  {120, 72, 35, 6, 11510},
  {115, 78, 36, 6, 11720},
  {101, 84, 43, 6, 11936},
  {93, 90, 17, 6, 12194},
  {79, 96, 16, 6, 12296},
  {62, 102, 20, 6, 12392},
  {56, 108, 13, 6, 12512},
  {55, 114, 1, 1, 12590},
  {144, 65, 1, 1, 12591},
  {132, 66, 32, 6, 12592},
  {131, 72, 35, 6, 12784},
  {115, 78, 44, 6, 12994},
  {101, 84, 51, 6, 13258},
  {93, 90, 21, 6, 13564},
  {78, 96, 17, 6, 13690},
  {65, 102, 17, 6, 13792},
  {65, 108, 4, 2, 13894},
  {144, 64, 15, 2, 13902},
  {142, 66, 32, 6, 13932},
  {133, 72, 43, 6, 14124},
  {115, 78, 57, 6, 14382},
  {102, 84, 57, 6, 14724},
  {94, 90, 20, 6, 15066},
  {78, 96, 19, 6, 15186},
  {76, 102, 4, 3, 15300},
  {156, 64, 15, 2, 15312},
  {155, 66, 28, 6, 15342},
  {141, 72, 44, 6, 15510},
  {115, 78, 68, 6, 15774},
  {102, 84, 69, 6, 16182},
  {94, 90, 17, 6, 16596},
  {95, 96, 2, 1, 16698},
  {169, 65, 2, 1, 16700},
  {166, 66, 24, 6, 16702},
  {138, 72, 61, 6, 16846},
  {118, 78, 80, 6, 17212},
  {105, 84, 81, 6, 17692},
  {99, 90, 10, 5, 18178},
  {179, 66, 21, 6, 18228},
  {138, 72, 69, 6, 18354},
  {118, 78, 92, 6, 18768},
  {109, 84, 94, 6, 19320},
  {191, 69, 15, 3, 19884},
  {138, 72, 76, 6, 19929},
  {120, 78, 101, 6, 20385},
  {121, 84, 100, 6, 20991},
  {199, 90, 2, 1, 21591},
  {202, 70, 4, 2, 21593},
  {138, 72, 83, 6, 21601},
  {132, 78, 97, 6, 22099},
  {197, 84, 35, 6, 22681},
  {199, 90, 31, 4, 22891},
  {143, 73, 85, 5, 23015},
  {143, 78, 92, 6, 23440},
  {204, 84, 37, 6, 23992},
  {211, 90, 32, 6, 24214},
  {221, 96, 13, 2, 24406},
  {154, 73, 74, 5, 24432},
  {154, 78, 88, 6, 24802},
  {204, 84, 43, 6, 25330},
  {218, 90, 34, 6, 25588},
  {221, 96, 31, 6, 25792},
  {164, 74, 31, 4, 25978},
  {177, 78, 65, 6, 26102},
  {207, 84, 45, 6, 26492},
  {222, 90, 39, 6, 26762},
  {230, 96, 35, 6, 26996},
  {244, 102, 19, 3, 27206},
  {176, 74, 20, 4, 27263},
  {177, 78, 40, 6, 27343},
  {209, 84, 43, 6, 27583},
  {223, 90, 45, 6, 27841},
  {239, 96, 36, 6, 28111},
  {244, 102, 32, 6, 28327},
  {254, 108, 13, 2, 28519},
  {187, 75, 9, 3, 28545},
  {186, 78, 31, 6, 28572},
  {206, 84, 29, 6, 28758},
  {223, 90, 52, 6, 28932},
  {238, 96, 44, 6, 29244},
  {252, 102, 35, 6, 29508},
  {254, 108, 31, 6, 29718},
  {198, 78, 20, 6, 29904},
  {206, 84, 29, 6, 30024},
  {227, 90, 53, 6, 30198},
  {238, 96, 51, 6, 30516},
  {254, 102, 42, 6, 30822},
  {263, 108, 35, 6, 31074},
  {274, 114, 10, 3, 31284},
  {208, 81, 10, 3, 31314},
  {209, 84, 27, 6, 31344},
  {227, 90, 53, 6, 31506},
  {238, 96, 57, 6, 31824},
  {256, 102, 50, 6, 32166},
  {272, 108, 36, 6, 32466},
  {274, 114, 31, 6, 32682},
  {219, 84, 17, 6, 32868},
  {227, 90, 16, 6, 32970},
  {252, 97, 51, 5, 33066},
  {256, 102, 57, 6, 33321},
  {274, 108, 44, 6, 33663},
  {285, 114, 33, 6, 33927},
  {298, 120, 5, 4, 34125},
  {232, 89, 1, 1, 34145},
  {230, 90, 12, 6, 34146},
  {252, 97, 51, 5, 34218},
  {259, 102, 61, 6, 34473},
  {274, 108, 46, 6, 34839},
  {297, 114, 23, 6, 35115},
  {298, 120, 20, 4, 35253},
  {252, 97, 14, 5, 35333},
  {260, 102, 60, 6, 35403},
  {275, 108, 45, 6, 35763},
  {299, 114, 21, 6, 36033},
  {308, 120, 10, 3, 36159},
  {252, 97, 14, 5, 36189},
  {260, 102, 27, 6, 36259},
  {275, 108, 42, 6, 36421},
  {302, 114, 18, 4, 36673},
  {265, 100, 1, 2, 36745},
  {263, 102, 24, 6, 36747},
  {276, 108, 43, 6, 36891},
  {301, 114, 19, 4, 37149},
  {275, 104, 9, 4, 37225},
  {276, 108, 43, 6, 37261},
  {302, 114, 18, 4, 37519},
};

// SPLASH_FRAMES[i] lleva la pantalla del cuadro i al i+1 del GIF.
static const SplashFrame SPLASH_FRAMES[36] = {
  {0, 0, 60},
  {0, 0, 70},
  {0, 2, 70},
  {2, 4, 60},
  {6, 4, 70},
  {10, 5, 70},
  {15, 4, 60},
  {19, 5, 70},
  {24, 6, 70},
  {30, 7, 60},
  {37, 8, 70},
  {45, 8, 70},
  {53, 8, 60},
  {61, 9, 70},
  {70, 9, 70},
  {79, 9, 60},
  {88, 9, 70},
  {97, 8, 70},
  {105, 7, 60},
  {112, 6, 70},
  {118, 4, 70},
  {122, 5, 60},
  {127, 5, 70},
  {132, 5, 70},
  {137, 5, 60},
  {142, 6, 70},
  {148, 7, 70},
  {155, 7, 60},
  {162, 7, 70},
  {169, 7, 70},
  {176, 7, 60},
  {183, 7, 70},
  {190, 5, 70},
  {195, 4, 60},
  {199, 4, 70},
  {203, 3, 70},
};
const uint16_t SPLASH_FRAME_COUNT = 36;
const uint32_t SPLASH_WORST_FRAME_PX = 1709; // referencia, no se usa
