/*
  GENERADO por tools/make_face_sprites.py a partir de assets/img/carmel/.
  No editar a mano: cambiar las imagenes (o el script) y volver a generarlo.

  Pixeles de 2 bits, 4 por byte, el primero en los bits bajos.
  DOS tintas: 0 = fondo, 1 = medio trazo, 2 = trazo (color de ojos),
  3 = segunda tinta (color de boca). Los colores salen de faces_colors.h.
*/

#pragma once

#include "face_sprite.h"

static const uint8_t CARMEL_BASE_PX[19200] = {
  0x00,0x00,0x00,0x00,0x00,0x00,0x00,0x00,0x00,0x00,0x00,0x00,0x00,0x00,0x00,0x00,0x00,0x00,0x00,0x00,0x00,0x00,0x00,0x00,
  0x00,0x00,0x00,0x00,0x00,0x00,0x00,0x00,0x00,0x00,0x00,0x00,0x00,0x00,0x00,0x00,0x00,0x00,0x00,0x00,0x00,0x00,0x00,0x00,
  0x00,0x00,0x00,0x00,0x00,0x00,0x00,0x00,0x00,0x00,0x00,0x00,0x00,0x00,0x00,0x00,0x00,0x00,0x00,0x00,0x00,0x00,0x00,0x00,
  0x00,0x00,0x00,0x00,0x00,0x00,0x00,0x00,0x00,0x00,0x00,0x00,0x00,0x00,0x00,0x00,0x00,0x00,0x00,0x00,0x00,0x00,0x00,0x00,
  0x00,0x00,0x00,0x00,0x00,0x00,0x00,0x00,0x00,0x00,0x00,0x00,0x00,0x00,0x00,0x00,0x00,0x00,0x00,0x00,0x00,0x00,0x00,0x00,
  0x00,0x00,0x00,0x00,0x00,0x00,0x00,0x00,0x00,0x00,0x00,0x00,0x00,0x00,0x00,0x00,0x00,0x00,0x00,0x00,0x00,0x00,0x00,0x00,
  0x00,0x00,0x00,0x00,0x00,0x00,0x00,0x00,0x00,0x00,0x00,0x00,0x00,0x00,0x00,0x00,0x00,0x00,0x00,0x00,0x00,0x00,0x00,0x00,
  0x00,0x00,0x00,0x00,0x00,0x00,0x00,0x00,0x00,0x00,0x00,0x00,0x00,0x00,0x00,0x00,0x00,0x00,0x00,0x00,0x00,0x00,0x00,0x00,
  0x00,0x00,0x00,0x00,0x00,0x00,0x00,0x00,0x00,0x00,0x00,0x00,0x00,0x00,0x00,0x00,0x00,0x00,0x00,0x00,0x00,0x00,0x00,0x00,
  0x00,0x00,0x00,0x00,0x00,0x00,0x00,0x00,0x00,0x00,0x00,0x00,0x00,0x00,0x00,0x00,0x00,0x00,0x00,0x00,0x00,0x00,0x00,0x00,
  0x00,0x00,0x00,0x00,0x00,0x00,0x00,0x00,0x00,0x00,0x00,0x00,0x00,0x00,0x00,0x00,0x00,0x00,0x00,0x00,0x00,0x00,0x00,0x00,
  0x00,0x00,0x00,0x00,0x00,0x00,0x00,0x00,0x00,0x00,0x00,0x00,0x00,0x00,0x00,0x00,0x00,0x00,0x00,0x00,0x00,0x00,0x00,0x00,
  0x00,0x00,0x00,0x00,0x00,0x00,0x00,0x00,0x00,0x00,0x00,0x00,0x00,0x00,0x00,0x00,0x00,0x00,0x00,0x00,0x00,0x00,0x00,0x00,
  0x00,0x00,0x00,0x00,0x00,0x00,0x00,0x00,0x00,0x00,0x00,0x00,0x00,0x00,0x00,0x00,0x00,0x00,0x00,0x00,0x00,0x00,0x00,0x00,
  0x00,0x00,0x00,0x00,0x00,0x00,0x00,0x00,0x00,0x00,0x00,0x00,0x00,0x00,0x00,0x00,0x00,0x00,0x00,0x00,0x00,0x00,0x00,0x00,
  0x00,0x00,0x00,0x00,0x00,0x00,0x00,0x00,0x00,0x00,0x00,0x00,0x00,0x00,0x00,0x00,0x00,0x00,0x00,0x00,0x00,0x00,0x00,0x00,
  0x00,0x00,0x00,0x00,0x00,0x00,0x00,0x00,0x00,0x00,0x00,0x00,0x00,0x00,0x00,0x00,0x00,0x00,0x00,0x00,0x00,0x00,0x00,0x00,
  0x00,0x00,0x00,0x00,0x00,0x00,0x00,0x00,0x00,0x00,0x00,0x00,0x00,0x00,0x00,0x00,0x00,0x00,0x00,0x00,0x00,0x00,0x00,0x00,
  0x00,0x00,0x00,0x00,0x00,0x00,0x00,0x00,0x00,0x00,0x00,0x00,0x00,0x00,0x00,0x00,0x00,0x00,0x00,0x00,0x00,0x00,0x00,0x00,
  0x00,0x00,0x00,0x00,0x00,0x00,0x00,0x00,0x00,0x00,0x00,0x00,0x00,0x00,0x00,0x00,0x00,0x00,0x00,0x00,0x00,0x00,0x00,0x00,
  0x00,0x00,0x00,0x00,0x00,0x00,0x00,0x00,0x00,0x00,0x00,0x00,0x00,0x00,0x00,0x00,0x00,0x00,0x00,0x00,0x00,0x00,0x00,0x00,
  0x50,0xa5,0xaa,0xaa,0xaa,0x15,0x00,0x00,0x00,0x00,0x00,0x00,0x00,0x00,0x00,0x00,0x00,0x00,0x00,0x00,0x00,0x00,0x00,0x00,
  0x00,0x00,0x54,0xa9,0xaa,0xaa,0x6a,0x15,0x00,0x00,0x00,0x00,0x00,0x00,0x00,0x00,0x00,0x00,0x00,0x00,0x00,0x00,0x00,0x00,
  0x00,0x00,0x00,0x00,0x00,0x00,0x00,0x00,0x00,0x00,0x00,0x00,0x00,0x00,0x00,0x00,0x00,0x00,0x00,0x00,0x00,0x00,0x00,0x00,
  0x00,0x00,0x00,0x00,0x00,0x00,0x00,0x50,0xaa,0xaa,0xaa,0xaa,0xaa,0xaa,0x16,0x00,0x00,0x00,0x00,0x00,0x00,0x00,0x00,0x00,
  0x00,0x00,0x00,0x00,0x00,0x00,0x00,0x00,0x00,0x94,0xaa,0xaa,0xaa,0xaa,0xaa,0xaa,0x56,0x00,0x00,0x00,0x00,0x00,0x00,0x00,
  0x00,0x00,0x00,0x00,0x00,0x00,0x00,0x00,0x00,0x00,0x00,0x00,0x00,0x00,0x00,0x00,0x00,0x00,0x00,0x00,0x00,0x00,0x00,0x00,
  0x00,0x00,0x00,0x00,0x00,0x00,0x00,0x00,0x00,0x00,0x00,0x00,0x00,0x00,0x50,0xaa,0xaa,0xaa,0xaa,0xaa,0xaa,0xaa,0xaa,0x06,
  0x00,0x00,0x00,0x00,0x00,0x00,0x00,0x00,0x00,0x00,0x00,0x00,0x00,0x00,0x00,0x00,0x90,0xaa,0xaa,0xaa,0xaa,0xaa,0xaa,0xaa,
  0xaa,0x16,0x00,0x00,0x00,0x00,0x00,0x00,0x00,0x00,0x00,0x00,0x00,0x00,0x00,0x00,0x00,0x00,0x00,0x00,0x00,0x00,0x00,0x00,
  0x00,0x00,0x00,0x00,0x00,0x00,0x00,0x00,0x00,0x00,0x00,0x00,0x00,0x00,0x00,0x00,0x00,0x00,0x00,0x00,0x00,0x40,0xa9,0xaa,
  0xaa,0xaa,0xaa,0xaa,0xaa,0xaa,0xaa,0xaa,0x01,0x00,0x00,0x00,0x00,0x00,0x00,0x00,0x00,0x00,0x00,0x00,0x00,0x00,0x00,0x40,
  0xaa,0xaa,0xaa,0xaa,0xaa,0xaa,0xaa,0xaa,0xaa,0xaa,0x05,0x00,0x00,0x00,0x00,0x00,0x00,0x00,0x00,0x00,0x00,0x00,0x00,0x00,
  0x00,0x00,0x00,0x00,0x00,0x00,0x00,0x00,0x00,0x00,0x00,0x00,0x00,0x00,0x00,0x00,0x00,0x00,0x00,0x00,0x00,0x00,0x00,0x00,
  0x00,0x00,0x00,0x00,0x00,0xa5,0xaa,0xaa,0xaa,0xaa,0xaa,0xaa,0xaa,0xaa,0xaa,0xaa,0x1a,0x00,0x00,0x00,0x00,0x00,0x00,0x00,
  0x00,0x00,0x00,0x00,0x00,0x00,0x00,0xa5,0xaa,0xaa,0xaa,0xaa,0xaa,0xaa,0xaa,0xaa,0xaa,0xaa,0x6a,0x01,0x00,0x00,0x00,0x00,
  0x00,0x00,0x00,0x00,0x00,0x00,0x00,0x00,0x00,0x00,0x00,0x00,0x00,0x00,0x00,0x00,0x00,0x00,0x00,0x00,0x00,0x00,0x00,0x00,
  0x00,0x00,0x00,0x00,0x00,0x00,0x00,0x00,0x00,0x00,0x00,0x00,0x90,0xaa,0xaa,0xaa,0xaa,0xaa,0xaa,0xaa,0xaa,0xaa,0xaa,0xaa,
  0xaa,0x05,0x00,0x00,0x00,0x00,0x00,0x00,0x00,0x00,0x00,0x00,0x00,0x00,0x90,0xaa,0xaa,0xaa,0xaa,0xaa,0xaa,0xaa,0xaa,0xaa,
  0xaa,0xaa,0xaa,0x1a,0x00,0x00,0x00,0x00,0x00,0x00,0x00,0x00,0x00,0x00,0x00,0x00,0x00,0x00,0x00,0x00,0x00,0x00,0x00,0x00,
  0x00,0x00,0x00,0x00,0x00,0x00,0x00,0x00,0x00,0x00,0x00,0x00,0x00,0x00,0x00,0x00,0x00,0x00,0x00,0x00,0xa9,0xaa,0xaa,0xaa,
  0xaa,0xaa,0xaa,0xaa,0xaa,0xaa,0xaa,0xaa,0xaa,0x1a,0x00,0x00,0x00,0x00,0x00,0x00,0x00,0x00,0x00,0x00,0x00,0x00,0xa4,0xaa,
  0xaa,0xaa,0xaa,0xaa,0xaa,0xaa,0xaa,0xaa,0xaa,0xaa,0xaa,0xaa,0x01,0x00,0x00,0x00,0x00,0x00,0x00,0x00,0x00,0x00,0x00,0x00,
  0x00,0x00,0x00,0x00,0x00,0x00,0x00,0x00,0x00,0x00,0x00,0x00,0x00,0x00,0x00,0x00,0x00,0x00,0x00,0x00,0x00,0x00,0x00,0x00,
  0x00,0x00,0x00,0x90,0xaa,0xaa,0xaa,0xaa,0xaa,0xaa,0xaa,0xaa,0xaa,0xaa,0xaa,0xaa,0xaa,0xaa,0x01,0x00,0x00,0x00,0x00,0x00,
  0x00,0x00,0x00,0x00,0x00,0x40,0xaa,0xaa,0xaa,0xaa,0xaa,0xaa,0xaa,0xaa,0xaa,0xaa,0xaa,0xaa,0xaa,0xaa,0x1a,0x00,0x00,0x00,
  0x00,0x00,0x00,0x00,0x00,0x00,0x00,0x00,0x00,0x00,0x00,0x00,0x00,0x00,0x00,0x00,0x00,0x00,0x00,0x00,0x00,0x00,0x00,0x00,
  0x00,0x00,0x00,0x00,0x00,0x00,0x00,0x00,0x00,0x00,0x00,0xa9,0xaa,0xaa,0xaa,0xaa,0xaa,0xaa,0xaa,0xaa,0xaa,0xaa,0xaa,0xaa,
  0xaa,0xaa,0x06,0x00,0x00,0x00,0x00,0x00,0x00,0x00,0x00,0x00,0x00,0x90,0xaa,0xaa,0xaa,0xaa,0xaa,0xaa,0xaa,0xaa,0xaa,0xaa,
  0xaa,0xaa,0xaa,0xaa,0x6a,0x00,0x00,0x00,0x00,0x00,0x00,0x00,0x00,0x00,0x00,0x00,0x00,0x00,0x00,0x00,0x00,0x00,0x00,0x00,
  0x00,0x00,0x00,0x00,0x00,0x00,0x00,0x00,0x00,0x00,0x00,0x00,0x00,0x00,0x00,0x00,0x00,0x00,0x40,0xaa,0xaa,0xaa,0xaa,0xaa,
  0xaa,0xaa,0xaa,0xaa,0xaa,0xaa,0xaa,0xaa,0xaa,0xaa,0x2a,0x00,0x00,0x00,0x00,0x00,0x00,0x00,0x00,0x00,0x00,0xa8,0xaa,0xaa,
  0xaa,0xaa,0xaa,0xaa,0xaa,0xaa,0xaa,0xaa,0xaa,0xaa,0xaa,0xaa,0xaa,0x06,0x00,0x00,0x00,0x00,0x00,0x00,0x00,0x00,0x00,0x00,
  0x00,0x00,0x00,0x00,0x00,0x00,0x00,0x00,0x00,0x00,0x00,0x00,0x00,0x00,0x00,0x00,0x00,0x00,0x00,0x00,0x00,0x00,0x00,0x00,
  0x00,0x00,0xa4,0xaa,0xaa,0xaa,0xaa,0xaa,0xaa,0x55,0x55,0xaa,0xaa,0xaa,0xaa,0xaa,0xaa,0xaa,0xaa,0x00,0x00,0x00,0x00,0x00,
  0x00,0x00,0x00,0x00,0x00,0xaa,0xaa,0xaa,0xaa,0xaa,0xaa,0xaa,0xaa,0x55,0x55,0xaa,0xaa,0xaa,0xaa,0xaa,0xaa,0x6a,0x00,0x00,
  0x00,0x00,0x00,0x00,0x00,0x00,0x00,0x00,0x00,0x00,0x00,0x00,0x00,0x00,0x00,0x00,0x00,0x00,0x00,0x00,0x00,0x00,0x00,0x00,
  0x00,0x00,0x00,0x00,0x00,0x00,0x00,0x00,0x00,0x40,0xaa,0xaa,0xaa,0xaa,0xaa,0x56,0x00,0x00,0x00,0x00,0xa5,0xaa,0xaa,0xaa,
  0xaa,0xaa,0xaa,0x01,0x00,0x00,0x00,0x00,0x00,0x00,0x00,0x00,0x40,0xaa,0xaa,0xaa,0xaa,0xaa,0xaa,0x56,0x00,0x00,0x00,0x00,
  0x95,0xaa,0xaa,0xaa,0xaa,0xaa,0x01,0x00,0x00,0x00,0x00,0x00,0x00,0x00,0x00,0x00,0x00,0x00,0x00,0x00,0x00,0x00,0x00,0x00,
  0x00,0x00,0x00,0x00,0x00,0x00,0x00,0x00,0x00,0x00,0x00,0x00,0x00,0x00,0x00,0x00,0x00,0x90,0xaa,0xaa,0xaa,0xaa,0x16,0x00,
  0x00,0x00,0x00,0x00,0x00,0xa5,0xaa,0xaa,0xaa,0xaa,0xaa,0x02,0x00,0x00,0x00,0x00,0x00,0x00,0x00,0x00,0x80,0xaa,0xaa,0xaa,
  0xaa,0xaa,0x5a,0x00,0x00,0x00,0x00,0x00,0x00,0x94,0xaa,0xaa,0xaa,0xaa,0x1a,0x00,0x00,0x00,0x00,0x00,0x00,0x00,0x00,0x00,
  0x00,0x00,0x00,0x00,0x00,0x00,0x00,0x00,0x00,0x00,0x00,0x00,0x00,0x00,0x00,0x00,0x00,0x00,0x00,0x00,0x00,0x00,0x00,0x00,
  0x00,0xa9,0xaa,0xaa,0xaa,0x16,0x00,0x00,0x00,0x00,0x00,0x00,0x00,0x00,0xa9,0xaa,0xaa,0xaa,0xaa,0x02,0x00,0x00,0x00,0x00,
  0x00,0x00,0x00,0x00,0x80,0xaa,0xaa,0xaa,0xaa,0x6a,0x00,0x00,0x00,0x00,0x00,0x00,0x00,0x00,0x94,0xaa,0xaa,0xaa,0x6a,0x00,
  0x00,0x00,0x00,0x00,0x00,0x00,0x00,0x00,0x00,0x00,0x00,0x00,0x00,0x00,0x00,0x00,0x00,0x00,0x00,0x00,0x00,0x00,0x00,0x00,
  0x00,0x00,0x00,0x00,0x00,0x00,0x00,0x00,0x40,0xaa,0xaa,0xaa,0x6a,0x00,0x00,0x00,0x00,0x00,0x00,0x00,0x00,0x00,0x90,0xaa,
  0xaa,0xaa,0xaa,0x06,0x00,0x00,0x00,0x00,0x00,0x00,0x00,0x00,0x80,0xaa,0xaa,0xaa,0xaa,0x06,0x00,0x00,0x00,0x00,0x00,0x00,
  0x00,0x00,0x00,0xa9,0xaa,0xaa,0xaa,0x02,0x00,0x00,0x00,0x00,0x00,0x00,0x00,0x00,0x00,0x00,0x00,0x00,0x00,0x00,0x00,0x00,
  0x00,0x00,0x00,0x00,0x00,0x00,0x00,0x00,0x00,0x00,0x00,0x00,0x00,0x00,0x00,0x00,0xa0,0xaa,0xaa,0xaa,0x01,0x00,0x00,0x00,
  0x00,0x00,0x00,0x00,0x00,0x00,0x00,0xa9,0xaa,0xaa,0xaa,0x02,0x00,0x00,0x00,0x00,0x00,0x00,0x00,0x00,0x80,0xaa,0xaa,0xaa,
  0x6a,0x00,0x00,0x00,0x00,0x00,0x00,0x00,0x00,0x00,0x00,0x50,0xaa,0xaa,0xaa,0x1a,0x00,0x00,0x00,0x00,0x00,0x00,0x00,0x00,
  0x00,0x00,0x00,0x00,0x00,0x00,0x00,0x00,0x00,0x00,0x00,0x00,0x00,0x00,0x00,0x00,0x00,0x00,0x00,0x00,0x00,0x00,0x00,0x00,
  0xa9,0xaa,0xaa,0x1a,0x00,0x00,0x00,0x00,0x00,0x00,0x00,0x00,0x00,0x00,0x00,0x90,0xaa,0xaa,0xaa,0x02,0x00,0x00,0x00,0x00,
  0x00,0x00,0x00,0x00,0x80,0xaa,0xaa,0xaa,0x06,0x00,0x00,0x00,0x00,0x00,0x00,0x00,0x00,0x00,0x00,0x00,0xa4,0xaa,0xaa,0x6a,
  0x00,0x00,0x00,0x00,0x00,0x00,0x00,0x00,0x00,0x00,0x00,0x00,0x00,0x00,0x00,0x00,0x00,0x00,0x00,0x00,0x00,0x00,0x00,0x00,
  0x00,0x00,0x00,0x00,0x00,0x00,0x00,0x40,0xaa,0xaa,0xaa,0x01,0x00,0x00,0x00,0x00,0x00,0x00,0x00,0x00,0x00,0x00,0x00,0x00,
  0xa9,0xaa,0xaa,0x01,0x00,0x00,0x00,0x00,0x00,0x00,0x00,0x00,0x40,0xaa,0xaa,0x6a,0x00,0x00,0x00,0x00,0x00,0x00,0x00,0x00,
  0x00,0x00,0x00,0x00,0x40,0xaa,0xaa,0xaa,0x02,0x00,0x00,0x00,0x00,0x00,0x00,0x00,0x00,0x00,0x00,0x00,0x00,0x00,0x00,0x00,
  0x00,0x00,0x00,0x00,0x00,0x00,0x00,0x00,0x00,0x00,0x00,0x00,0x00,0x00,0x00,0xa0,0xaa,0xaa,0x1a,0x00,0x00,0x00,0x00,0x00,
  0x00,0x00,0x00,0x00,0x00,0x00,0x00,0x00,0xa4,0xaa,0x6a,0x00,0x00,0x00,0x00,0x00,0x00,0x00,0x00,0x00,0x00,0xa9,0xaa,0x1a,
  0x00,0x00,0x00,0x00,0x00,0x00,0x00,0x00,0x00,0x00,0x00,0x00,0x00,0xa4,0xaa,0xaa,0x0a,0x00,0x00,0x00,0x00,0x00,0x00,0x00,
  0x00,0x00,0x00,0x00,0x00,0x00,0x00,0x00,0x00,0x00,0x00,0x00,0x00,0x00,0x00,0x00,0x00,0x00,0x00,0x00,0x00,0x00,0x00,0xa9,
  0xaa,0xaa,0x01,0x00,0x00,0x00,0x00,0x00,0x00,0x00,0x00,0x00,0x00,0x00,0x00,0x00,0x40,0xaa,0x1a,0x00,0x00,0x00,0x00,0x00,
  0x00,0x00,0x00,0x00,0x00,0xa4,0xaa,0x01,0x00,0x00,0x00,0x00,0x00,0x00,0x00,0x00,0x00,0x00,0x00,0x00,0x00,0x40,0xaa,0xaa,
  0x6a,0x00,0x00,0x00,0x00,0x00,0x00,0x00,0x00,0x00,0x00,0x00,0x00,0x00,0x00,0x00,0x00,0x00,0x00,0x00,0x00,0x00,0x00,0x00,
  0x00,0x00,0x00,0x00,0x00,0x00,0x40,0xaa,0xaa,0x6a,0x00,0x00,0x00,0x00,0x00,0x00,0x00,0x00,0x00,0x00,0x00,0x00,0x00,0x00,
  0x00,0x55,0x01,0x00,0x00,0x00,0x00,0x00,0x00,0x00,0x00,0x00,0x00,0x40,0x15,0x00,0x00,0x00,0x00,0x00,0x00,0x00,0x00,0x00,
  0x00,0x00,0x00,0x00,0x00,0x00,0xa9,0xaa,0xaa,0x01,0x00,0x00,0x00,0x00,0x00,0x00,0x00,0x00,0x00,0x00,0x00,0x00,0x00,0x00,
  0x00,0x00,0x00,0x00,0x00,0x00,0x00,0x00,0x00,0x00,0x00,0x00,0x00,0x00,0x90,0xaa,0xaa,0x06,0x00,0x00,0x00,0x00,0x00,0x00,
  0x00,0x00,0x00,0x00,0x00,0x00,0x00,0x00,0x00,0x00,0x00,0x00,0x00,0x00,0x00,0x00,0x00,0x00,0x00,0x00,0x00,0x00,0x00,0x00,
  0x00,0x00,0x00,0x00,0x00,0x00,0x00,0x00,0x00,0x00,0x00,0x00,0x00,0x00,0x90,0xaa,0xaa,0x06,0x00,0x00,0x00,0x00,0x00,0x00,
  0x00,0x00,0x00,0x00,0x00,0x00,0x00,0x00,0x00,0x00,0x00,0x00,0x00,0x00,0x00,0x00,0x00,0x00,0x00,0x00,0x00,0x00,0xa0,0xaa,
  0xaa,0x00,0x00,0x00,0x00,0x00,0x00,0x00,0x00,0x00,0x00,0x00,0x00,0x00,0x00,0x00,0x00,0x00,0x00,0x00,0x00,0x00,0x00,0x00,
  0x00,0x00,0x00,0x00,0x00,0x00,0x00,0x00,0x00,0x00,0x00,0x00,0x00,0x00,0x00,0x00,0x00,0x00,0x00,0x00,0x00,0x00,0x00,0xaa,
  0xaa,0x0a,0x00,0x00,0x00,0x00,0x00,0x00,0x00,0x00,0x00,0x00,0x00,0x00,0x00,0x00,0x00,0x00,0x00,0x00,0x00,0x00,0x00,0x00,
  0x00,0x00,0x00,0x00,0x00,0x00,0xa4,0xaa,0x1a,0x00,0x00,0x00,0x00,0x00,0x00,0x00,0x00,0x00,0x00,0x00,0x00,0x00,0x00,0x00,
  0x00,0x00,0x00,0x00,0x00,0x00,0x00,0x00,0x00,0x00,0x00,0x00,0x00,0x00,0x00,0x00,0x00,0x00,0x00,0x00,0x00,0x00,0x00,0x00,
  0x00,0x00,0x00,0x00,0x00,0x00,0x00,0xa4,0xaa,0x1a,0x00,0x00,0x00,0x00,0x00,0x00,0x00,0x00,0x00,0x00,0x00,0x00,0x00,0x00,
  0x00,0x00,0x00,0x00,0x00,0x00,0x00,0x00,0x00,0x00,0x00,0x00,0x00,0x00,0xa4,0xaa,0x06,0x00,0x00,0x00,0x00,0x00,0x00,0x00,
  0x00,0x00,0x00,0x00,0x00,0x00,0x00,0x00,0x00,0x00,0x00,0x00,0x00,0x00,0x00,0x00,0x00,0x00,0x00,0x00,0x00,0x00,0x00,0x00,
  0x00,0x00,0x00,0x00,0x00,0x00,0x00,0x00,0x00,0x00,0x00,0x00,0x00,0x00,0x00,0x90,0xaa,0x1a,0x00,0x00,0x00,0x00,0x00,0x00,
  0x00,0x00,0x00,0x00,0x00,0x00,0x00,0x00,0x00,0x00,0x00,0x00,0x00,0x00,0x00,0x00,0x00,0x00,0x00,0x00,0x00,0x00,0xa0,0xaa,
  0x00,0x00,0x00,0x00,0x00,0x00,0x00,0x00,0x50,0xa5,0xaa,0x56,0x01,0x00,0x00,0x00,0x00,0x00,0x00,0x00,0x00,0x00,0x00,0x00,
  0x00,0x00,0x00,0x00,0x00,0x00,0x00,0x00,0x00,0x00,0x00,0x40,0x95,0xaa,0xaa,0x55,0x00,0x00,0x00,0x00,0x00,0x00,0x00,0x00,
  0xa9,0x0a,0x00,0x00,0x00,0x00,0x00,0x00,0x00,0x00,0x00,0x00,0x00,0x00,0x00,0x00,0x00,0x00,0x00,0x00,0x00,0x00,0x00,0x00,
  0x00,0x00,0x00,0x00,0x00,0x00,0x40,0x1a,0x00,0x00,0x00,0x00,0x00,0x00,0x00,0x50,0xaa,0xaa,0xaa,0xaa,0x6a,0x00,0x00,0x00,
  0x00,0x00,0x00,0x00,0x00,0x00,0x00,0x00,0x00,0x00,0x00,0x00,0x00,0x00,0x00,0x00,0x00,0x00,0x40,0xa9,0xaa,0xaa,0xaa,0xaa,
  0x16,0x00,0x00,0x00,0x00,0x00,0x00,0x00,0xa4,0x01,0x00,0x00,0x00,0x00,0x00,0x00,0x00,0x00,0x00,0x00,0x00,0x00,0x00,0x00,
  0x00,0x00,0x00,0x00,0x00,0x00,0x00,0x00,0x00,0x00,0x00,0x00,0x00,0x00,0x00,0x00,0x00,0x00,0x00,0x00,0x00,0x00,0x40,0xaa,
  0xaa,0xaa,0xaa,0xaa,0xaa,0x1a,0x00,0x00,0x00,0x00,0x00,0x00,0x00,0x00,0x00,0x00,0x00,0x00,0x00,0x00,0x00,0x00,0x00,0x00,
  0x00,0x00,0xa4,0xaa,0xaa,0xaa,0xaa,0xaa,0xaa,0x06,0x00,0x00,0x00,0x00,0x00,0x00,0x00,0x00,0x00,0x00,0x00,0x00,0x00,0x00,
  0x00,0x00,0x00,0x00,0x00,0x00,0x00,0x00,0x00,0x00,0x00,0x00,0x00,0x00,0x00,0x00,0x00,0x00,0x00,0x00,0x00,0x00,0x00,0x00,
  0x00,0x00,0x00,0x00,0x00,0x00,0xa5,0xaa,0xaa,0xaa,0xaa,0xaa,0xaa,0xaa,0x01,0x00,0x00,0x00,0x00,0x00,0x00,0x00,0x00,0x00,
  0x00,0x00,0x00,0x00,0x00,0x00,0x00,0x00,0x00,0x50,0xaa,0xaa,0xaa,0xaa,0xaa,0xaa,0xaa,0x6a,0x00,0x00,0x00,0x00,0x00,0x00,
  0x00,0x00,0x00,0x00,0x00,0x00,0x00,0x00,0x00,0x00,0x00,0x00,0x00,0x00,0x00,0x00,0x00,0x00,0x00,0x00,0x00,0x00,0x00,0x00,
  0x00,0x00,0x00,0x00,0x00,0x00,0x00,0x00,0x00,0x00,0x00,0x00,0x00,0x90,0xaa,0xaa,0xaa,0xaa,0xaa,0xaa,0xaa,0xaa,0x1a,0x00,
  0x00,0x00,0x00,0x00,0x00,0x00,0x00,0x00,0x00,0x00,0x00,0x00,0x00,0x00,0x00,0x00,0x00,0xa5,0xaa,0xaa,0xaa,0xaa,0xaa,0xaa,
  0xaa,0xaa,0x06,0x00,0x00,0x00,0x00,0x00,0x00,0x00,0x00,0x00,0x00,0x00,0x00,0x00,0x00,0x00,0x00,0x00,0x00,0x00,0x00,0x00,
  0x00,0x00,0x00,0x00,0x00,0x00,0x00,0x00,0x00,0x00,0x00,0x00,0x00,0x00,0x00,0x00,0x00,0x00,0x00,0x00,0x00,0xa9,0xaa,0xaa,
  0xaa,0xaa,0xaa,0xaa,0xaa,0xaa,0xaa,0x01,0x00,0x00,0x00,0x00,0x00,0x00,0x00,0x00,0x00,0x00,0x00,0x00,0x00,0x00,0x00,0x00,
  0x40,0xaa,0xaa,0xaa,0xaa,0xaa,0xaa,0xaa,0xaa,0xaa,0x6a,0x00,0x00,0x00,0x00,0x00,0x00,0x00,0x00,0x00,0x00,0x00,0x00,0x00,
  0x00,0x00,0x00,0x00,0x00,0x00,0x00,0x00,0x00,0x00,0x00,0x00,0x00,0x00,0x00,0x00,0x00,0x00,0x00,0x00,0x00,0x00,0x00,0x00,
  0x00,0x00,0x00,0x00,0x40,0xaa,0xaa,0xaa,0xaa,0xaa,0xaa,0xaa,0xaa,0xaa,0xaa,0x1a,0x00,0x00,0x00,0x00,0x00,0x00,0x00,0x00,
  0x00,0x00,0x00,0x00,0x00,0x00,0x00,0x00,0xa4,0xaa,0xaa,0xaa,0xaa,0xaa,0xaa,0xaa,0xaa,0xaa,0xaa,0x06,0x00,0x00,0x00,0x00,
  0x00,0x00,0x00,0x00,0x00,0x00,0x00,0x00,0x00,0x00,0x00,0x00,0x00,0x00,0x00,0x00,0x00,0x00,0x00,0x00,0x00,0x00,0x00,0x00,
  0x00,0x00,0x00,0x00,0x00,0x00,0x00,0x00,0x00,0x00,0x00,0x00,0xa4,0xaa,0xaa,0xaa,0xaa,0xaa,0xaa,0xaa,0xaa,0xaa,0xaa,0x6a,
  0x00,0x00,0x00,0x00,0x00,0x00,0x00,0x00,0x00,0x00,0x00,0x00,0x00,0x00,0x00,0x00,0xa9,0xaa,0xaa,0xaa,0xaa,0xaa,0xaa,0xaa,
  0xaa,0xaa,0xaa,0x1a,0x00,0x00,0x00,0x00,0x00,0x00,0x00,0x00,0x00,0x00,0x00,0x00,0x00,0x00,0x00,0x00,0x00,0x00,0x00,0x00,
  0x00,0x00,0x00,0x00,0x00,0x00,0x00,0x00,0x00,0x00,0x00,0x00,0x00,0x00,0x00,0x00,0x00,0x00,0x00,0x00,0xa9,0xaa,0xaa,0xaa,
  0xaa,0x56,0x55,0xa5,0xaa,0xaa,0xaa,0xaa,0x01,0x00,0x00,0x00,0x00,0x00,0x00,0x00,0x00,0x00,0x00,0x00,0x00,0x00,0x00,0x90,
  0xaa,0xaa,0xaa,0xaa,0x5a,0x55,0x55,0xa9,0xaa,0xaa,0xaa,0xaa,0x00,0x00,0x00,0x00,0x00,0x00,0x00,0x00,0x00,0x00,0x00,0x00,
  0x00,0x00,0x00,0x00,0x00,0x00,0x00,0x00,0x00,0x00,0x00,0x00,0x00,0x00,0x00,0x00,0x00,0x00,0x00,0x00,0x00,0x00,0x00,0x00,
  0x00,0x00,0x00,0x80,0xaa,0xaa,0xaa,0xaa,0x05,0x00,0x00,0x00,0xa5,0xaa,0xaa,0xaa,0x0a,0x00,0x00,0x00,0x00,0x00,0x00,0x00,
  0x00,0x00,0x00,0x00,0x00,0x00,0x00,0xa4,0xaa,0xaa,0xaa,0x5a,0x00,0x00,0x00,0x40,0xa9,0xaa,0xaa,0xaa,0x06,0x00,0x00,0x00,
  0x00,0x00,0x00,0x00,0x00,0x00,0x00,0x00,0x00,0x00,0x00,0x00,0x00,0x00,0x00,0x00,0x00,0x00,0x00,0x00,0x00,0x00,0x00,0x00,
  0x00,0x00,0x00,0x00,0x00,0x00,0x00,0x00,0x00,0x00,0x00,0xa4,0xaa,0xaa,0xaa,0x16,0x00,0x00,0x00,0x00,0x40,0xa9,0xaa,0xaa,
  0x2a,0x00,0x00,0x00,0x00,0x00,0x00,0x00,0x00,0x00,0x00,0x00,0x00,0x00,0x00,0xa9,0xaa,0xaa,0x6a,0x00,0x00,0x00,0x00,0x00,
  0x50,0xaa,0xaa,0xaa,0x1a,0x00,0x00,0x00,0x00,0x00,0x00,0x00,0x00,0x00,0x00,0x00,0x00,0x00,0x00,0x00,0x00,0x00,0x00,0x00,
  0x00,0x00,0x00,0x00,0x00,0x00,0x00,0x00,0x00,0x00,0x00,0x00,0x00,0x00,0x00,0x00,0x00,0x00,0x00,0xa9,0xaa,0xaa,0x6a,0x00,
  0x00,0x00,0x00,0x00,0x00,0x90,0xaa,0xaa,0xaa,0x00,0x00,0x00,0x00,0x00,0x00,0x00,0x00,0x00,0x00,0x00,0x00,0x00,0x40,0xaa,
  0xaa,0xaa,0x06,0x00,0x00,0x00,0x00,0x00,0x00,0xa4,0xaa,0xaa,0x6a,0x00,0x00,0x00,0x00,0x00,0x00,0x00,0x00,0x00,0x00,0x00,
  0x00,0x00,0x00,0x00,0x00,0x00,0x00,0x00,0x00,0x00,0x00,0x00,0x00,0x00,0x00,0x00,0x00,0x00,0x00,0x00,0x00,0x00,0x00,0x00,
  0x00,0x00,0x40,0xaa,0xaa,0xaa,0x06,0x00,0x00,0x00,0x00,0x00,0x00,0x40,0xaa,0xaa,0xaa,0x02,0x00,0x00,0x00,0x00,0x00,0x00,
  0x00,0x00,0x00,0x00,0x00,0x00,0x90,0xaa,0xaa,0x6a,0x00,0x00,0x00,0x00,0x00,0x00,0x00,0x40,0xaa,0xaa,0xaa,0x01,0x00,0x00,
  0x00,0x00,0x00,0x00,0x00,0x00,0x00,0x00,0x00,0x00,0x00,0x00,0x00,0x00,0x00,0x00,0x00,0x00,0x00,0x00,0x00,0x00,0x00,0x00,
  0x00,0x00,0x00,0x00,0x00,0x00,0x00,0x00,0x00,0x00,0x90,0xaa,0xaa,0x6a,0x00,0x00,0x00,0x00,0x00,0x00,0x00,0x00,0xa4,0xaa,
  0xaa,0x0a,0x00,0x00,0x00,0x00,0x00,0x00,0x00,0x00,0x00,0x00,0x00,0x00,0xa4,0xaa,0xaa,0x1a,0x00,0x00,0x00,0x00,0x00,0x00,
  0x00,0x00,0xa9,0xaa,0xaa,0x06,0x00,0x00,0x00,0x00,0x00,0x00,0x00,0x00,0x00,0x00,0x00,0x00,0x00,0x00,0x00,0x00,0x00,0x00,
  0x00,0x00,0x00,0x00,0x00,0x00,0x00,0x00,0x00,0x00,0x00,0x00,0x00,0x00,0x00,0x00,0x00,0x00,0xa0,0xaa,0xaa,0x1a,0x00,0x00,
  0x00,0x00,0x00,0x00,0x00,0x00,0x80,0xaa,0xaa,0x1a,0x00,0x00,0x00,0x00,0x00,0x00,0x00,0x00,0x00,0x00,0x00,0x00,0xa9,0xaa,
  0xaa,0x01,0x00,0x00,0x00,0x00,0x00,0x00,0x00,0x00,0x90,0xaa,0xaa,0x0a,0x00,0x00,0x00,0x00,0x00,0x00,0x00,0x00,0x00,0x00,
  0x00,0x00,0x00,0x00,0x00,0x00,0x00,0x00,0x00,0x00,0x00,0x00,0x00,0x00,0x00,0x00,0x00,0x00,0x00,0x00,0x00,0x00,0x00,0x00,
  0x00,0x00,0xa8,0xaa,0xaa,0x01,0x00,0x00,0x00,0x00,0x00,0x00,0x00,0x00,0x00,0xaa,0xaa,0x6a,0x00,0x00,0x00,0x00,0x00,0x00,
  0x00,0x00,0x00,0x00,0x00,0x00,0xaa,0xaa,0x6a,0x00,0x00,0x00,0x00,0x00,0x00,0x00,0x00,0x00,0x40,0xaa,0xaa,0x2a,0x00,0x00,
  0x00,0x00,0x00,0x00,0x00,0x00,0x00,0x00,0x00,0x00,0x00,0x00,0x00,0x00,0x00,0x00,0x00,0x00,0x00,0x00,0x00,0x00,0x00,0x00,
  0x00,0x00,0x00,0x00,0x00,0x00,0x00,0x00,0x00,0x00,0xa9,0xaa,0x6a,0x00,0x00,0x00,0x00,0x00,0x00,0x00,0x00,0x00,0x00,0xa4,
  0xaa,0xaa,0x00,0x00,0x00,0x00,0x00,0x00,0x00,0x00,0x00,0x00,0x00,0x80,0xaa,0xaa,0x1a,0x00,0x00,0x00,0x00,0x00,0x00,0x00,
  0x00,0x00,0x00,0xa9,0xaa,0x6a,0x00,0x00,0x00,0x00,0x00,0x00,0x00,0x00,0x00,0x00,0x00,0x00,0x00,0x00,0x00,0x00,0x00,0x00,
  0x00,0x00,0x00,0x00,0x00,0x00,0x00,0x00,0x00,0x00,0x00,0x00,0x00,0x00,0x00,0x00,0x00,0x40,0xaa,0xaa,0x1a,0x00,0x00,0x00,
  0x00,0x94,0xaa,0x56,0x00,0x00,0x00,0x90,0xaa,0xaa,0x02,0x00,0x00,0x00,0x00,0x00,0x00,0x00,0x00,0x00,0x00,0x90,0xaa,0xaa,
  0x06,0x00,0x00,0x00,0x54,0xaa,0x5a,0x01,0x00,0x00,0x00,0xa4,0xaa,0xaa,0x01,0x00,0x00,0x00,0x00,0x00,0x00,0x00,0x00,0x00,
  0x00,0x00,0x00,0x00,0x00,0x00,0x00,0x00,0x00,0x00,0x00,0x00,0x00,0x00,0x00,0x00,0x00,0x00,0x00,0x00,0x00,0x00,0x00,0x00,
  0x00,0x80,0xaa,0xaa,0x06,0x00,0x00,0x00,0x90,0xaa,0xaa,0xaa,0x16,0x00,0x00,0x80,0xaa,0xaa,0x06,0x00,0x00,0x00,0x00,0x00,
  0x00,0x00,0x00,0x00,0x00,0xa0,0xaa,0xaa,0x01,0x00,0x00,0x40,0xaa,0xaa,0xaa,0x5a,0x00,0x00,0x00,0x90,0xaa,0xaa,0x02,0x00,
  0x00,0x00,0x00,0x00,0x00,0x00,0x00,0x00,0x00,0x00,0x00,0x00,0x00,0x00,0x00,0x00,0x00,0x00,0x00,0x00,0x00,0x00,0x00,0x00,
  0x00,0x00,0x00,0x00,0x00,0x00,0x00,0x00,0x00,0x90,0xaa,0xaa,0x01,0x00,0x00,0x00,0xa9,0xaa,0xaa,0xaa,0xaa,0x01,0x00,0x00,
  0xaa,0xaa,0x0a,0x00,0x00,0x00,0x00,0x00,0x00,0x00,0x00,0x00,0x00,0xa4,0xaa,0x6a,0x00,0x00,0x00,0xa4,0xaa,0xaa,0xaa,0xaa,
  0x06,0x00,0x00,0x40,0xaa,0xaa,0x06,0x00,0x00,0x00,0x00,0x00,0x00,0x00,0x00,0x00,0x00,0x00,0x00,0x00,0x00,0x00,0x00,0x00,
  0x00,0x00,0x00,0x00,0x00,0x00,0x00,0x00,0x00,0x00,0x00,0x00,0x00,0x00,0x00,0x00,0x00,0xa4,0xaa,0xaa,0x00,0x00,0x00,0x80,
  0xaa,0xaa,0xaa,0xaa,0xaa,0x06,0x00,0x00,0xa9,0xaa,0x1a,0x00,0x00,0x00,0x00,0x00,0x00,0x00,0x00,0x00,0x00,0xa8,0xaa,0x1a,
  0x00,0x00,0x40,0xaa,0xaa,0xaa,0xaa,0xaa,0x1a,0x00,0x00,0x00,0xaa,0xaa,0x0a,0x00,0x00,0x00,0x00,0x00,0x00,0x00,0x00,0x00,
  0x00,0x00,0x00,0x00,0x00,0x00,0x00,0x00,0x00,0x00,0x00,0x00,0x00,0x00,0x00,0x00,0x00,0x00,0x00,0x00,0x00,0x00,0x00,0x00,
  0x00,0xa8,0xaa,0x2a,0x00,0x00,0x00,0xa4,0xaa,0xaa,0xaa,0xaa,0xaa,0x6a,0x00,0x00,0xa4,0xaa,0x2a,0x00,0x00,0x00,0x00,0x00,
  0x00,0x00,0x00,0x00,0x00,0xa9,0xaa,0x0a,0x00,0x00,0x90,0xaa,0xaa,0xaa,0xaa,0xaa,0xaa,0x01,0x00,0x00,0xa8,0xaa,0x1a,0x00,
  0x00,0x00,0x00,0x00,0x00,0x00,0x00,0x00,0x00,0x00,0x00,0x00,0x00,0x00,0x00,0x00,0x00,0x00,0x00,0x00,0x00,0x00,0x00,0x00,
  0x00,0x00,0x00,0x00,0x00,0x00,0x00,0x00,0x00,0xa9,0xaa,0x1a,0x00,0x00,0x00,0xa9,0xaa,0xaa,0xaa,0xaa,0xaa,0xaa,0x01,0x00,
  0xa0,0xaa,0x6a,0x00,0x00,0x00,0x00,0x00,0x00,0x00,0x00,0x00,0x40,0xaa,0xaa,0x06,0x00,0x00,0xa8,0xaa,0xaa,0xaa,0xaa,0xaa,
  0xaa,0x06,0x00,0x00,0xa4,0xaa,0x2a,0x00,0x00,0x00,0x00,0x00,0x00,0x00,0x00,0x00,0x00,0x00,0x00,0x00,0x00,0x00,0x00,0x00,
  0x00,0x00,0x00,0x00,0x00,0x00,0x00,0x00,0x00,0x00,0x00,0x00,0x00,0x00,0x00,0x00,0x00,0xaa,0xaa,0x06,0x00,0x00,0x00,0x95,
  0xaa,0xaa,0xaa,0xaa,0xaa,0xaa,0x06,0x00,0x90,0xaa,0xaa,0x00,0x00,0x00,0x00,0x00,0x00,0x00,0x00,0x00,0x40,0xaa,0xaa,0x01,
  0x00,0x00,0x94,0xaa,0xaa,0xaa,0xaa,0xaa,0xaa,0x1a,0x00,0x00,0xa0,0xaa,0x6a,0x00,0x00,0x00,0x00,0x00,0x00,0x00,0x00,0x00,
  0x00,0x00,0x00,0x00,0x00,0x00,0x00,0x00,0x00,0x00,0x00,0x00,0x00,0x00,0x00,0x00,0x00,0x00,0x00,0x00,0x00,0x00,0x00,0x00,
  0x40,0xaa,0xaa,0x02,0x00,0x00,0x00,0x00,0xa9,0xaa,0xaa,0xaa,0xaa,0xaa,0x1a,0x00,0x40,0xaa,0xaa,0x01,0x00,0x00,0x00,0x00,
  0x00,0x00,0x00,0x00,0x80,0xaa,0xaa,0x00,0x00,0x00,0x00,0xa9,0xaa,0xaa,0xaa,0xaa,0xaa,0x6a,0x00,0x00,0x90,0xaa,0xaa,0x00,
  0x00,0x00,0x00,0x00,0x00,0x00,0x00,0x00,0x00,0x00,0x00,0x00,0x00,0x00,0x00,0x00,0x00,0x00,0x00,0x00,0x00,0x00,0x00,0x00,
  0x00,0x00,0x00,0x00,0x00,0x00,0x00,0x00,0x40,0xaa,0xaa,0x01,0x00,0x00,0x00,0x00,0xa4,0xaa,0xaa,0xaa,0xaa,0xaa,0x6a,0x00,
  0x00,0xaa,0xaa,0x02,0x00,0x00,0x00,0x00,0x00,0x00,0x00,0x00,0x90,0xaa,0x6a,0x00,0x00,0x00,0x00,0x90,0xaa,0xaa,0xaa,0xaa,
  0xaa,0xaa,0x01,0x00,0x80,0xaa,0xaa,0x01,0x00,0x00,0x00,0x00,0x00,0x00,0x00,0x00,0x00,0x00,0x00,0x00,0x00,0x00,0x00,0x00,
  0x00,0x00,0x00,0x00,0x00,0x00,0x00,0x00,0x00,0x00,0x00,0x00,0x00,0x00,0x00,0x00,0x80,0xaa,0xaa,0x00,0x00,0x00,0x00,0x00,
  0x90,0xaa,0xaa,0xaa,0xaa,0xaa,0xaa,0x00,0x00,0xaa,0xaa,0x06,0x00,0x00,0x00,0x00,0x00,0x00,0x00,0x00,0xa0,0xaa,0x2a,0x00,
  0x00,0x00,0x00,0x80,0xaa,0xaa,0xaa,0xaa,0xaa,0xaa,0x02,0x00,0x40,0xaa,0xaa,0x01,0x00,0x00,0x00,0x00,0x00,0x00,0x00,0x00,
  0x00,0x00,0x00,0x00,0x00,0x00,0x00,0x00,0x00,0x00,0x00,0x00,0x00,0x00,0x00,0x00,0x00,0x00,0x00,0x00,0x00,0x00,0x00,0x00,
  0x90,0xaa,0x6a,0x00,0x00,0x00,0x00,0x00,0x40,0xaa,0xaa,0xaa,0xaa,0xaa,0xaa,0x01,0x00,0xa9,0xaa,0x06,0x00,0x00,0x00,0x00,
  0x00,0x00,0x00,0x00,0xa0,0xaa,0x1a,0x00,0x00,0x00,0x00,0x00,0xaa,0xaa,0xaa,0xaa,0xaa,0xaa,0x06,0x00,0x00,0xaa,0xaa,0x02,
  0x00,0x00,0x00,0x00,0x00,0x00,0x00,0x00,0x00,0x00,0x00,0x00,0x00,0x00,0x00,0x00,0x00,0x00,0x00,0x00,0x00,0x00,0x00,0x00,
  0x00,0x00,0x00,0x00,0x00,0x00,0x00,0x00,0xa0,0xaa,0x2a,0x00,0x00,0x00,0x00,0x00,0x40,0xaa,0xaa,0xaa,0xaa,0xaa,0xaa,0x06,
  0x00,0xa8,0xaa,0x0a,0x00,0x00,0x00,0x00,0x00,0x00,0x00,0x00,0xa4,0xaa,0x1a,0x00,0x00,0x00,0x00,0x00,0xa9,0xaa,0xaa,0xaa,
  0xaa,0xaa,0x1a,0x00,0x00,0xa9,0xaa,0x02,0x00,0x00,0x00,0x00,0x00,0x00,0x00,0x00,0x00,0x00,0x00,0x00,0x00,0x00,0x00,0x00,
  0x00,0x00,0x00,0x00,0x00,0x00,0x00,0x00,0x00,0x00,0x00,0x00,0x00,0x00,0x00,0x00,0xa0,0xaa,0x1a,0x00,0x00,0x00,0x00,0x00,
  0x00,0xaa,0xaa,0xaa,0xaa,0xaa,0xaa,0x0a,0x00,0xa4,0xaa,0x0a,0x00,0x00,0x00,0x00,0x00,0x00,0x00,0x00,0xa4,0xaa,0x0a,0x00,
  0x00,0x00,0x00,0x00,0xa9,0xaa,0xaa,0xaa,0xaa,0xaa,0x2a,0x00,0x00,0xa8,0xaa,0x06,0x00,0x00,0x00,0x00,0x00,0x00,0x00,0x00,
  0x00,0x00,0x00,0x00,0x00,0x00,0x00,0x00,0x00,0x00,0x00,0x00,0x00,0x00,0x00,0x00,0x00,0x00,0x00,0x00,0x00,0x00,0x00,0x00,
  0xa4,0xaa,0x1a,0x00,0x00,0x00,0x00,0x00,0x00,0xa9,0xaa,0xaa,0xaa,0xaa,0xaa,0x1a,0x00,0xa4,0xaa,0x1a,0x00,0x00,0x00,0x00,
  0x00,0x00,0x00,0x00,0xa8,0xaa,0x06,0x00,0x00,0x00,0x00,0x00,0xa8,0xaa,0xaa,0xaa,0xaa,0xaa,0x6a,0x00,0x00,0xa8,0xaa,0x0a,
  0x00,0x00,0x00,0x00,0x00,0x00,0x00,0x00,0x00,0x00,0x00,0x00,0x00,0x00,0x00,0x00,0x00,0x00,0x00,0x00,0x00,0x00,0x00,0x00,
  0x00,0x00,0x00,0x00,0x00,0x00,0x00,0x00,0xa4,0xaa,0x0a,0x00,0x00,0x00,0x00,0x00,0x00,0xa9,0xaa,0xaa,0xaa,0xaa,0xaa,0x1a,
  0x00,0xa0,0xaa,0x1a,0x00,0x00,0x00,0x00,0x00,0x00,0x00,0x00,0xa8,0xaa,0x06,0x00,0x00,0x00,0x00,0x00,0xa8,0xaa,0xaa,0xaa,
  0xaa,0xaa,0x6a,0x00,0x00,0xa4,0xaa,0x0a,0x00,0x00,0x00,0x00,0x00,0x00,0x00,0x00,0x00,0x00,0x00,0x00,0x00,0x00,0x00,0x00,
  0x00,0x00,0x00,0x00,0x00,0x00,0x00,0x00,0x00,0x00,0x00,0x00,0x00,0x00,0x00,0x00,0xa8,0xaa,0x0a,0x00,0x00,0x00,0x00,0x00,
  0x00,0xa9,0xaa,0xaa,0xaa,0xaa,0xaa,0x2a,0x00,0xa0,0xaa,0x1a,0x00,0x00,0x00,0x00,0x00,0x00,0x00,0x00,0xa9,0xaa,0x02,0x00,
  0x00,0x00,0x00,0x00,0xa8,0xaa,0xaa,0xaa,0xaa,0xaa,0xaa,0x00,0x00,0xa4,0xaa,0x0a,0x00,0x00,0x00,0x00,0x00,0x00,0x00,0x00,
  0x00,0x00,0x00,0x00,0x00,0x00,0x00,0x00,0x00,0x00,0x00,0x00,0x00,0x00,0x00,0x00,0x00,0x00,0x00,0x00,0x00,0x00,0x00,0x00,
  0xa8,0xaa,0x06,0x00,0x00,0x00,0x00,0x00,0x00,0xaa,0xaa,0xaa,0xaa,0xaa,0xaa,0x6a,0x00,0x90,0xaa,0x2a,0x00,0x00,0x00,0x00,
  0x00,0x00,0x00,0x00,0xa9,0xaa,0x02,0x00,0x00,0x00,0x00,0x00,0xa9,0xaa,0xaa,0xaa,0xaa,0xaa,0xaa,0x00,0x00,0xa4,0xaa,0x1a,
  0x00,0x00,0x00,0x00,0x00,0x00,0x00,0x00,0x00,0x00,0x00,0x00,0x00,0x00,0x00,0x00,0x00,0x00,0x00,0x00,0x00,0x00,0x00,0x00,
  0x00,0x00,0x00,0x00,0x00,0x00,0x00,0x00,0xa8,0xaa,0x06,0x00,0x00,0x00,0x00,0x00,0x40,0xaa,0xaa,0xaa,0xaa,0xaa,0xaa,0x6a,
  0x00,0x90,0xaa,0x2a,0x00,0x00,0x00,0x00,0x00,0x00,0x00,0x00,0xa9,0xaa,0x02,0x00,0x00,0x00,0x00,0x00,0xa9,0xaa,0xaa,0xaa,
  0xaa,0xaa,0xaa,0x01,0x00,0xa0,0xaa,0x1a,0x00,0x00,0x00,0x00,0x00,0x00,0x00,0x00,0x00,0x00,0x00,0x00,0x00,0x00,0x00,0x00,
  0x00,0x00,0x00,0x00,0x00,0x00,0x00,0x00,0x00,0x00,0x00,0x00,0x00,0x00,0x00,0x00,0xa8,0xaa,0x06,0x00,0x00,0x00,0x00,0x00,
  0x80,0xaa,0xaa,0xaa,0xaa,0xaa,0xaa,0x6a,0x00,0x90,0xaa,0x2a,0x00,0x00,0x00,0x00,0x00,0x00,0x00,0x00,0xaa,0xaa,0x01,0x00,
  0x00,0x00,0x00,0x40,0xaa,0xaa,0xaa,0xaa,0xaa,0xaa,0xaa,0x01,0x00,0xa0,0xaa,0x1a,0x00,0x00,0x00,0x00,0x00,0x00,0x00,0x00,
  0x00,0x00,0x00,0x00,0x00,0x00,0x00,0x00,0x00,0x00,0x00,0x00,0x00,0x00,0x00,0x00,0x00,0x00,0x00,0x00,0x00,0x00,0x00,0x00,
  0xa9,0xaa,0x02,0x00,0x00,0x00,0x00,0x00,0x90,0xaa,0xaa,0xaa,0xaa,0xaa,0xaa,0xaa,0x00,0x80,0xaa,0x6a,0x00,0x00,0x00,0x00,
  0x00,0x00,0x00,0x00,0xaa,0xaa,0x01,0x00,0x00,0x00,0x00,0x80,0xaa,0xaa,0xaa,0xaa,0xaa,0xaa,0xaa,0x01,0x00,0xa0,0xaa,0x1a,
  0x00,0x00,0x00,0x00,0x00,0x00,0x00,0x00,0x00,0x00,0x00,0x00,0x00,0x00,0x00,0x00,0x00,0x00,0x00,0x00,0x00,0x00,0x00,0x00,
  0x00,0x00,0x00,0x00,0x00,0x00,0x00,0x00,0xa9,0xaa,0x02,0x00,0x00,0x14,0x00,0x00,0xa4,0xaa,0xaa,0xaa,0xaa,0xaa,0xaa,0xaa,
  0x00,0x80,0xaa,0x6a,0x00,0x00,0x00,0x00,0x00,0x00,0x00,0x00,0xaa,0xaa,0x01,0x00,0x14,0x00,0x00,0xa0,0xaa,0xaa,0xaa,0xaa,
  0xaa,0xaa,0xaa,0x02,0x00,0x90,0xaa,0x1a,0x00,0x00,0x00,0x00,0x00,0x00,0x00,0x00,0x00,0x00,0x00,0x00,0x00,0x00,0x00,0x00,
  0x00,0x00,0x00,0x00,0x00,0x00,0x00,0x00,0x00,0x00,0x00,0x00,0x00,0x00,0x00,0x00,0xa9,0xaa,0x02,0x00,0x00,0x6a,0x00,0x00,
  0xa9,0xaa,0xaa,0xaa,0xaa,0xaa,0xaa,0xaa,0x00,0x80,0xaa,0x6a,0x00,0x00,0x00,0x00,0x00,0x00,0x00,0x00,0xaa,0xaa,0x01,0x00,
  0xa8,0x01,0x00,0xa9,0xaa,0xaa,0xaa,0xaa,0xaa,0xaa,0xaa,0x02,0x00,0x90,0xaa,0x1a,0x00,0x00,0x00,0x00,0x00,0x00,0x00,0x00,
  0x00,0x00,0x00,0x00,0x00,0x00,0x00,0x00,0x00,0x00,0x00,0x00,0x00,0x00,0x00,0x00,0x00,0x00,0x00,0x00,0x00,0x00,0x00,0x00,
  0xa9,0xaa,0x02,0x00,0x00,0xaa,0x56,0xa5,0xaa,0xaa,0xaa,0xaa,0xaa,0xaa,0xaa,0xaa,0x00,0x80,0xaa,0x6a,0x00,0x00,0x00,0x00,
  0x00,0x00,0x00,0x00,0xaa,0xaa,0x01,0x00,0xa8,0x5a,0x95,0xaa,0xaa,0xaa,0xaa,0xaa,0xaa,0xaa,0xaa,0x02,0x00,0x90,0xaa,0x1a,
  0x00,0x00,0x00,0x00,0x00,0x00,0x00,0x00,0x00,0x00,0x00,0x00,0x00,0x00,0x00,0x00,0x00,0x00,0x00,0x00,0x00,0x00,0x00,0x00,
  0x00,0x00,0x00,0x00,0x00,0x00,0x00,0x00,0xa9,0xaa,0x02,0x00,0x00,0xaa,0xaa,0xaa,0xaa,0xaa,0xaa,0xaa,0xaa,0xaa,0xaa,0xaa,
  0x00,0x80,0xaa,0x6a,0x00,0x00,0x00,0x00,0x00,0x00,0x00,0x00,0xaa,0xaa,0x01,0x00,0xa8,0xaa,0xaa,0xaa,0xaa,0xaa,0xaa,0xaa,
  0xaa,0xaa,0xaa,0x02,0x00,0x90,0xaa,0x1a,0x00,0x00,0x00,0x00,0x00,0x00,0x00,0x00,0x00,0x00,0x00,0x00,0x00,0x00,0x00,0x00,
  0x00,0x00,0x00,0x00,0x00,0x00,0x00,0x00,0x00,0x00,0x00,0x00,0x00,0x00,0x00,0x00,0xa9,0xaa,0x02,0x00,0x00,0xaa,0xaa,0xaa,
  0xaa,0xaa,0xaa,0xaa,0xaa,0xaa,0xaa,0xaa,0x00,0x90,0xaa,0x6a,0x00,0x00,0x00,0x00,0x00,0x00,0x00,0x00,0xaa,0xaa,0x01,0x00,
  0xa8,0xaa,0xaa,0xaa,0xaa,0xaa,0xaa,0xaa,0xaa,0xaa,0xaa,0x01,0x00,0xa0,0xaa,0x1a,0x00,0x00,0x00,0x00,0x00,0x00,0x00,0x00,
  0x00,0x00,0x00,0x00,0x00,0x00,0x00,0x00,0x00,0x00,0x00,0x00,0x00,0x00,0x00,0x00,0x00,0x00,0x00,0x00,0x00,0x00,0x00,0x00,
  0xa9,0xaa,0x02,0x00,0x00,0xaa,0xaa,0xaa,0xaa,0xaa,0xaa,0xaa,0xaa,0xaa,0xaa,0x6a,0x00,0x90,0xaa,0x2a,0x00,0x00,0x00,0x00,
  0x00,0x00,0x00,0x00,0xa9,0xaa,0x01,0x00,0xa8,0xaa,0xaa,0xaa,0xaa,0xaa,0xaa,0xaa,0xaa,0xaa,0xaa,0x01,0x00,0xa0,0xaa,0x1a,
  0x00,0x00,0x00,0x00,0x00,0x00,0x00,0x00,0x00,0x00,0x00,0x00,0x00,0x00,0x00,0x00,0x00,0x00,0x00,0x00,0x00,0x00,0x00,0x00,
  0x00,0x00,0x00,0x00,0x00,0x00,0x00,0x00,0xa8,0xaa,0x06,0x00,0x00,0xaa,0xaa,0xaa,0xaa,0xaa,0xaa,0xaa,0xaa,0xaa,0xaa,0x6a,
  0x00,0x90,0xaa,0x2a,0x00,0x00,0x00,0x00,0x00,0x00,0x00,0x00,0xa9,0xaa,0x02,0x00,0xa4,0xaa,0xaa,0xaa,0xaa,0xaa,0xaa,0xaa,
  0xaa,0xaa,0xaa,0x01,0x00,0xa0,0xaa,0x1a,0x00,0x00,0x00,0x00,0x00,0x00,0x00,0x00,0x00,0x00,0x00,0x00,0x00,0x00,0x00,0x00,
  0x00,0x00,0x00,0x00,0x00,0x00,0x00,0x00,0x00,0x00,0x00,0x00,0x00,0x00,0x00,0x00,0xa8,0xaa,0x06,0x00,0x00,0xaa,0xaa,0xaa,
  0xaa,0xaa,0xaa,0xaa,0xaa,0xaa,0xaa,0x6a,0x00,0x90,0xaa,0x2a,0x00,0x00,0x00,0x00,0x00,0x00,0x00,0x00,0xa9,0xaa,0x02,0x00,
  0xa4,0xaa,0xaa,0xaa,0xaa,0xaa,0xaa,0xaa,0xaa,0xaa,0xaa,0x00,0x00,0xa0,0xaa,0x1a,0x00,0x00,0x00,0x00,0x00,0x00,0x00,0x00,
  0x00,0x00,0x00,0x00,0x00,0x00,0x00,0x00,0x00,0x00,0x00,0x00,0x00,0x00,0x00,0x00,0x00,0x00,0x00,0x00,0x00,0x00,0x00,0x00,
  0xa8,0xaa,0x06,0x00,0x00,0xaa,0xaa,0xaa,0xaa,0xaa,0xaa,0xaa,0xaa,0xaa,0xaa,0x2a,0x00,0xa0,0xaa,0x1a,0x00,0x00,0x00,0x00,
  0x00,0x00,0x00,0x00,0xa9,0xaa,0x06,0x00,0xa0,0xaa,0xaa,0xaa,0xaa,0xaa,0xaa,0xaa,0xaa,0xaa,0xaa,0x00,0x00,0xa4,0xaa,0x0a,
  0x00,0x00,0x00,0x00,0x00,0x00,0x00,0x00,0x00,0x00,0x00,0x00,0x00,0x00,0x00,0x00,0x00,0x00,0x00,0x00,0x00,0x00,0x00,0x00,
  0x00,0x00,0x00,0x00,0x00,0x00,0x00,0x00,0xa8,0xaa,0x0a,0x00,0x00,0xa9,0xaa,0xaa,0xaa,0xaa,0xaa,0xaa,0xaa,0xaa,0xaa,0x1a,
  0x00,0xa0,0xaa,0x1a,0x00,0x00,0x00,0x00,0x00,0x00,0x00,0x00,0xa8,0xaa,0x06,0x00,0xa0,0xaa,0xaa,0xaa,0xaa,0xaa,0xaa,0xaa,
  0xaa,0xaa,0x6a,0x00,0x00,0xa4,0xaa,0x0a,0x00,0x00,0x00,0x00,0x00,0x00,0x00,0x00,0x00,0x00,0x00,0x00,0x00,0x00,0x00,0x00,
  0x00,0x00,0x00,0x00,0x00,0x00,0x00,0x00,0x00,0x00,0x00,0x00,0x00,0x00,0x00,0x00,0xa4,0xaa,0x0a,0x00,0x00,0xa9,0xaa,0xaa,
  0xaa,0xaa,0xaa,0xaa,0xaa,0xaa,0xaa,0x1a,0x00,0xa4,0xaa,0x1a,0x00,0x00,0x00,0x00,0x00,0x00,0x00,0x00,0xa8,0xaa,0x0a,0x00,
  0x90,0xaa,0xaa,0xaa,0xaa,0xaa,0xaa,0xaa,0xaa,0xaa,0x2a,0x00,0x00,0xa8,0xaa,0x0a,0x00,0x00,0x00,0x00,0x00,0x00,0x00,0x00,
  0x00,0x00,0x00,0x00,0x00,0x00,0x00,0x00,0x00,0x00,0x00,0x00,0x00,0x00,0x00,0x00,0x00,0x00,0x00,0x00,0x00,0x00,0x00,0x00,
  0xa4,0xaa,0x1a,0x00,0x00,0xa8,0xaa,0xaa,0xaa,0xaa,0xaa,0xaa,0xaa,0xaa,0xaa,0x06,0x00,0xa4,0xaa,0x0a,0x00,0x00,0x00,0x00,
  0x00,0x00,0x00,0x00,0xa4,0xaa,0x0a,0x00,0x80,0xaa,0xaa,0xaa,0xaa,0xaa,0xaa,0xaa,0xaa,0xaa,0x1a,0x00,0x00,0xa8,0xaa,0x06,
  0x00,0x00,0x00,0x00,0x00,0x00,0x00,0x00,0x00,0x00,0x00,0x00,0x00,0x00,0x00,0x00,0x00,0x00,0x00,0x00,0x00,0x00,0x00,0x00,
  0x00,0x00,0x00,0x00,0x00,0x00,0x00,0x00,0xa0,0xaa,0x2a,0x00,0x00,0xa4,0xaa,0xaa,0xaa,0xaa,0xaa,0xaa,0xaa,0xaa,0xaa,0x06,
  0x00,0xa8,0xaa,0x0a,0x00,0x00,0x00,0x00,0x00,0x00,0x00,0x00,0xa4,0xaa,0x1a,0x00,0x40,0xaa,0xaa,0xaa,0xaa,0xaa,0xaa,0xaa,
  0xaa,0xaa,0x0a,0x00,0x00,0xa9,0xaa,0x06,0x00,0x00,0x00,0x00,0x00,0x00,0x00,0x00,0x00,0x00,0x00,0x00,0x00,0x00,0x00,0x00,
  0x00,0x00,0x00,0x00,0x00,0x00,0x00,0x00,0x00,0x00,0x00,0x00,0x00,0x00,0x00,0x00,0x90,0xaa,0x6a,0x00,0x00,0xa0,0xaa,0xaa,
  0xaa,0xaa,0xaa,0xaa,0xaa,0xaa,0xaa,0x01,0x00,0xa9,0xaa,0x06,0x00,0x00,0x00,0x00,0x00,0x00,0x00,0x00,0xa0,0xaa,0x2a,0x00,
  0x00,0xaa,0xaa,0xaa,0xaa,0xaa,0xaa,0xaa,0xaa,0xaa,0x06,0x00,0x00,0xaa,0xaa,0x02,0x00,0x00,0x00,0x00,0x00,0x00,0x00,0x00,
  0x00,0x00,0x00,0x00,0x00,0x00,0x00,0x00,0x00,0x00,0x00,0x00,0x00,0x00,0x00,0x00,0x00,0x00,0x00,0x00,0x00,0x00,0x00,0x00,
  0x90,0xaa,0x6a,0x00,0x00,0x90,0xaa,0xaa,0xaa,0xaa,0xaa,0xaa,0xaa,0xaa,0xaa,0x00,0x00,0xaa,0xaa,0x02,0x00,0x00,0x00,0x00,
  0x00,0x00,0x00,0x00,0x90,0xaa,0x6a,0x00,0x00,0xa9,0xaa,0xaa,0xaa,0xaa,0xaa,0xaa,0xaa,0xaa,0x02,0x00,0x40,0xaa,0xaa,0x01,
  0x00,0x00,0x00,0x00,0x00,0x00,0x00,0x00,0x00,0x00,0x00,0x00,0x00,0x00,0x00,0x00,0x00,0x00,0x00,0x00,0x00,0x00,0x00,0x00,
  0x00,0x00,0x00,0x00,0x00,0x00,0x00,0x00,0x80,0xaa,0xaa,0x00,0x00,0x40,0xaa,0xaa,0xaa,0xaa,0xaa,0xaa,0xaa,0xaa,0x2a,0x00,
  0x40,0xaa,0xaa,0x02,0x00,0x00,0x00,0x00,0x00,0x00,0x00,0x00,0x80,0xaa,0xaa,0x00,0x00,0xa4,0xaa,0xaa,0xaa,0xaa,0xaa,0xaa,
  0xaa,0xaa,0x00,0x00,0x80,0xaa,0xaa,0x01,0x00,0x00,0x00,0x00,0x00,0x00,0x00,0x00,0x00,0x00,0x00,0x00,0x00,0x00,0x00,0x00,
  0x00,0x00,0x00,0x00,0x00,0x00,0x00,0x00,0x00,0x00,0x00,0x00,0x00,0x00,0x00,0x00,0x40,0xaa,0xaa,0x01,0x00,0x00,0xaa,0xaa,
  0xaa,0xaa,0xaa,0xaa,0xaa,0xaa,0x1a,0x00,0x80,0xaa,0xaa,0x01,0x00,0x00,0x00,0x00,0x00,0x00,0x00,0x00,0x80,0xaa,0xaa,0x01,
  0x00,0xa0,0xaa,0xaa,0xaa,0xaa,0xaa,0xaa,0xaa,0x6a,0x00,0x00,0x90,0xaa,0xaa,0x00,0x00,0x00,0x00,0x00,0x00,0x00,0x00,0x00,
  0x00,0x00,0x00,0x00,0x00,0x00,0x00,0x00,0x00,0x00,0x00,0x00,0x00,0x00,0x00,0x00,0x00,0x00,0x00,0x00,0x00,0x00,0x00,0x00,
  0x40,0xaa,0xaa,0x06,0x00,0x00,0xa8,0xaa,0xaa,0xaa,0xaa,0xaa,0xaa,0xaa,0x06,0x00,0x90,0xaa,0xaa,0x00,0x00,0x00,0x00,0x00,
  0x00,0x00,0x00,0x00,0x40,0xaa,0xaa,0x06,0x00,0x80,0xaa,0xaa,0xaa,0xaa,0xaa,0xaa,0xaa,0x1a,0x00,0x00,0xa0,0xaa,0x6a,0x00,
  0x00,0x00,0x00,0x00,0x00,0x00,0x00,0x00,0x00,0x00,0x00,0x00,0x00,0x00,0x00,0x00,0x00,0x00,0x00,0x00,0x00,0x00,0x00,0x00,
  0x00,0x00,0x00,0x00,0x00,0x00,0x00,0x00,0x00,0xa9,0xaa,0x0a,0x00,0x00,0xa0,0xaa,0xaa,0xaa,0xaa,0xaa,0xaa,0xaa,0x01,0x00,
  0xa4,0xaa,0x6a,0x00,0x00,0x40,0x55,0x00,0x00,0x00,0x00,0x00,0x00,0xaa,0xaa,0x0a,0x00,0x00,0xaa,0xaa,0xaa,0xaa,0xaa,0xaa,
  0xaa,0x06,0x00,0x00,0xa4,0xaa,0x2a,0x00,0x00,0x00,0x00,0x00,0x00,0x00,0x00,0x00,0x00,0x00,0x00,0x00,0x00,0x00,0x00,0x00,
  0x00,0x00,0x00,0x00,0x00,0x00,0x00,0x00,0x00,0x00,0x00,0x00,0x00,0x00,0x00,0x00,0x00,0xa8,0xaa,0x1a,0x00,0x00,0x40,0xaa,
  0xaa,0xaa,0xaa,0xaa,0xaa,0x2a,0x00,0x00,0xa9,0xaa,0x2a,0x00,0x00,0xa0,0xaa,0x01,0x00,0x00,0x00,0x00,0x00,0xa9,0xaa,0x2a,
  0x00,0x00,0xa4,0xaa,0xaa,0xaa,0xaa,0xaa,0xaa,0x01,0x00,0x00,0xa9,0xaa,0x1a,0x00,0x00,0x00,0x00,0x00,0x00,0x00,0x00,0x00,
  0x00,0x00,0x00,0x00,0x00,0x00,0x00,0x00,0x00,0x00,0x00,0x00,0x00,0x00,0x00,0x00,0x00,0x00,0x00,0x00,0x00,0x00,0x00,0x00,
  0x00,0xa4,0xaa,0x6a,0x00,0x00,0x00,0xa9,0xaa,0xaa,0xaa,0xaa,0xaa,0x06,0x00,0x00,0xaa,0xaa,0x1a,0x00,0x00,0xa4,0xaa,0x06,
  0x00,0x00,0x00,0x00,0x00,0xa4,0xaa,0x6a,0x00,0x00,0x90,0xaa,0xaa,0xaa,0xaa,0xaa,0x1a,0x00,0x00,0x40,0xaa,0xaa,0x0a,0x00,
  0x00,0x00,0x00,0x00,0x00,0x00,0x00,0x00,0x00,0x00,0x00,0x00,0x00,0x00,0x00,0x00,0x00,0x00,0x00,0x00,0x00,0x00,0x00,0x00,
  0x00,0x00,0x00,0x00,0x00,0x00,0x00,0x00,0x00,0xa0,0xaa,0xaa,0x01,0x00,0x00,0x90,0xaa,0xaa,0xaa,0xaa,0x6a,0x00,0x00,0x80,
  0xaa,0xaa,0x06,0x00,0x00,0xa9,0xaa,0x0a,0x00,0x00,0x00,0x00,0x00,0xa0,0xaa,0xaa,0x01,0x00,0x00,0xa9,0xaa,0xaa,0xaa,0xaa,
  0x06,0x00,0x00,0x80,0xaa,0xaa,0x06,0x00,0x00,0x00,0x00,0x00,0x00,0x00,0x00,0x00,0x00,0x00,0x00,0x00,0x00,0x00,0x00,0x00,
  0x00,0x00,0x00,0x00,0x00,0x00,0x00,0x00,0x00,0x00,0x00,0x00,0x00,0x00,0x00,0x00,0x00,0x90,0xaa,0xaa,0x06,0x00,0x00,0x00,
  0xa9,0xaa,0xaa,0xaa,0x06,0x00,0x00,0xa0,0xaa,0xaa,0x02,0x00,0x00,0xaa,0xaa,0x0a,0x00,0x00,0x00,0x00,0x00,0x90,0xaa,0xaa,
  0x0a,0x00,0x00,0x90,0xaa,0xaa,0xaa,0x5a,0x00,0x00,0x00,0xa0,0xaa,0xaa,0x01,0x00,0x00,0x00,0x00,0x00,0x00,0x00,0x00,0x00,
  0x00,0x00,0x00,0x00,0x00,0x00,0x00,0x00,0x00,0x00,0x00,0x00,0x00,0x00,0x00,0x00,0x00,0x00,0x00,0x00,0x00,0x00,0x00,0x00,
  0x00,0x80,0xaa,0xaa,0x1a,0x00,0x00,0x00,0x40,0xa9,0xaa,0x16,0x00,0x00,0x00,0xa9,0xaa,0xaa,0x01,0x00,0x40,0xaa,0xaa,0x0a,
  0x00,0x00,0x00,0x00,0x00,0x40,0xaa,0xaa,0x2a,0x00,0x00,0x00,0x94,0xaa,0x5a,0x01,0x00,0x00,0x00,0xa9,0xaa,0xaa,0x00,0x00,
  0x00,0x00,0x00,0x00,0x00,0x00,0x00,0x00,0x00,0x00,0x00,0x00,0x00,0x00,0x00,0x00,0x00,0x00,0x00,0x00,0x00,0x00,0x00,0x00,
  0x00,0x00,0x00,0x00,0x00,0x00,0x00,0x00,0x00,0x00,0xaa,0xaa,0x6a,0x00,0x00,0x00,0x00,0x00,0x00,0x00,0x00,0x00,0x40,0xaa,
  0xaa,0x6a,0x00,0x00,0x80,0xaa,0xaa,0x0a,0x00,0x00,0x00,0x00,0x00,0x00,0xaa,0xaa,0xaa,0x01,0x00,0x00,0x00,0x00,0x00,0x00,
  0x00,0x00,0x40,0xaa,0xaa,0x6a,0x00,0x00,0x00,0x00,0x00,0x00,0x00,0x00,0x00,0x00,0x00,0x00,0x00,0x00,0x00,0x00,0x00,0x00,
  0x00,0x00,0x00,0x00,0x00,0x00,0x00,0x00,0x00,0x00,0x00,0x00,0x00,0x00,0x00,0x00,0x00,0x00,0xa9,0xaa,0xaa,0x02,0x00,0x00,
  0x00,0x00,0x00,0x00,0x00,0x00,0xa4,0xaa,0xaa,0x1a,0x00,0x00,0x90,0xaa,0xaa,0x06,0x00,0x00,0x00,0x00,0x00,0x00,0xa8,0xaa,
  0xaa,0x06,0x00,0x00,0x00,0x00,0x00,0x00,0x00,0x00,0x90,0xaa,0xaa,0x1a,0x00,0x00,0x00,0x00,0x00,0x00,0x00,0x00,0x00,0x00,
  0x00,0x00,0x00,0x00,0x00,0x00,0x00,0x00,0x00,0x00,0x00,0x00,0x00,0x00,0x00,0x00,0x00,0x00,0x00,0x00,0x00,0x00,0x00,0x00,
  0x00,0x00,0xa4,0xaa,0xaa,0x1a,0x00,0x00,0x00,0x00,0x00,0x00,0x00,0x00,0xa9,0xaa,0xaa,0x06,0x00,0x00,0xa0,0xaa,0xaa,0x02,
  0x00,0x00,0x00,0x00,0x00,0x00,0xa0,0xaa,0xaa,0x6a,0x00,0x00,0x00,0x00,0x00,0x00,0x00,0x00,0xa9,0xaa,0xaa,0x06,0x00,0x00,
  0x00,0x00,0x00,0x00,0x00,0x00,0x00,0x00,0x00,0x00,0x00,0x00,0x00,0x00,0x00,0x00,0x00,0x00,0x00,0x00,0x00,0x00,0x00,0x00,
  0x00,0x00,0x00,0x00,0x00,0x00,0x00,0x00,0x00,0x00,0x90,0xaa,0xaa,0xaa,0x01,0x00,0x00,0x00,0x00,0x00,0x00,0x90,0xaa,0xaa,
  0xaa,0x01,0x00,0x00,0xa4,0xaa,0xaa,0x01,0x00,0x00,0x00,0x00,0x00,0x00,0x80,0xaa,0xaa,0xaa,0x06,0x00,0x00,0x00,0x00,0x00,
  0x00,0x50,0xaa,0xaa,0xaa,0x02,0x00,0x00,0x00,0x00,0x00,0x00,0x00,0x00,0x00,0x00,0x00,0x00,0x00,0x00,0x00,0x00,0x00,0x00,
  0x00,0x00,0x00,0x00,0x00,0x00,0x00,0x00,0x00,0x00,0x00,0x00,0x00,0x00,0x00,0x00,0x00,0x00,0x40,0xaa,0xaa,0xaa,0x1a,0x00,
  0x00,0x00,0x00,0x00,0x40,0xa9,0xaa,0xaa,0x6a,0x00,0x00,0x00,0xa8,0xaa,0xaa,0x00,0x00,0x00,0x00,0x00,0x00,0x00,0x00,0xaa,
  0xaa,0xaa,0x6a,0x00,0x00,0x00,0x00,0x00,0x00,0xa9,0xaa,0xaa,0xaa,0x00,0x00,0x00,0x00,0x00,0x00,0x00,0x00,0x00,0x00,0x00,
  0x00,0x00,0x00,0x00,0x00,0x00,0x00,0x00,0x00,0x00,0x00,0x00,0x00,0x00,0x00,0x00,0x00,0x00,0x00,0x00,0x00,0x00,0x00,0x00,
  0x00,0x00,0x00,0xa9,0xaa,0xaa,0xaa,0x05,0x00,0x00,0x00,0x00,0xa5,0xaa,0xaa,0xaa,0x1a,0x00,0x00,0x00,0xa9,0xaa,0x6a,0x00,
  0x00,0x00,0x00,0x00,0x00,0x00,0x00,0xa4,0xaa,0xaa,0xaa,0x5a,0x00,0x00,0x00,0x00,0x94,0xaa,0xaa,0xaa,0x1a,0x00,0x00,0x00,
  0x00,0x00,0x00,0x00,0x00,0x00,0x00,0x00,0x00,0x00,0x00,0x00,0x00,0x00,0x00,0x00,0x00,0x00,0x00,0x00,0x00,0x00,0x00,0x00,
  0x00,0x00,0x00,0x00,0x00,0x00,0x00,0x00,0x00,0x00,0x00,0xa4,0xaa,0xaa,0xaa,0xaa,0x15,0x00,0x40,0xa5,0xaa,0xaa,0xaa,0xaa,
  0x06,0x00,0x00,0x00,0xaa,0xaa,0x2a,0x00,0x00,0x00,0x00,0x00,0x00,0x00,0x00,0x90,0xaa,0xaa,0xaa,0xaa,0x5a,0x05,0x40,0x95,
  0xaa,0xaa,0xaa,0xaa,0x06,0x00,0x00,0x00,0x00,0x00,0x00,0x00,0x00,0x00,0x00,0x00,0x00,0x00,0x00,0x00,0x00,0x00,0x00,0x00,
  0x00,0x00,0x00,0x00,0x00,0x00,0x00,0x00,0x00,0x00,0x00,0x00,0x00,0x00,0x00,0x00,0x00,0x00,0x00,0x80,0xaa,0xaa,0xaa,0xaa,
  0xaa,0xaa,0xaa,0xaa,0xaa,0xaa,0xaa,0xaa,0x00,0x00,0x00,0x40,0xaa,0xaa,0x1a,0x00,0x00,0x00,0x00,0x00,0x00,0x00,0x00,0x40,
  0xaa,0xaa,0xaa,0xaa,0xaa,0xaa,0xaa,0xaa,0xaa,0xaa,0xaa,0xaa,0x01,0x00,0x00,0x00,0x00,0x00,0x00,0x00,0x00,0x00,0x00,0x00,
  0x00,0x00,0x00,0x00,0x00,0x00,0x00,0x00,0x00,0x00,0x00,0x00,0x00,0x00,0x00,0x00,0x00,0x00,0x00,0x00,0x00,0x00,0x00,0x00,
  0x00,0x00,0x00,0x00,0xa9,0xaa,0xaa,0xaa,0xaa,0xaa,0xaa,0xaa,0xaa,0xaa,0xaa,0x1a,0x00,0x00,0x00,0x80,0xaa,0xaa,0x0a,0x00,
  0x00,0x00,0x00,0x00,0x00,0x00,0x00,0x00,0xa4,0xaa,0xaa,0xaa,0xaa,0xaa,0xaa,0xaa,0xaa,0xaa,0xaa,0x2a,0x00,0x00,0x00,0x00,
  0x00,0x00,0x00,0x00,0x00,0x00,0x00,0x00,0x00,0x00,0x00,0x00,0x00,0x00,0x00,0x00,0x00,0x00,0x00,0x00,0x00,0x00,0x00,0x00,
  0x00,0x00,0x00,0x00,0x00,0x00,0x00,0x00,0x00,0x00,0x00,0x00,0xa4,0xaa,0xaa,0xaa,0xaa,0xaa,0xaa,0xaa,0xaa,0xaa,0xaa,0x01,
  0x00,0x00,0x00,0x90,0xaa,0xaa,0x06,0x00,0x00,0x00,0x00,0x00,0x00,0x00,0x00,0x00,0x90,0xaa,0xaa,0xaa,0xaa,0xaa,0xaa,0xaa,
  0xaa,0xaa,0xaa,0x06,0x00,0x00,0x00,0x00,0x00,0x00,0x00,0x00,0x00,0x00,0x00,0x00,0x00,0x00,0x00,0x00,0x00,0x00,0x00,0x00,
  0x00,0x00,0x00,0x00,0x00,0x00,0x00,0x00,0x00,0x00,0x00,0x00,0x00,0x00,0x00,0x00,0x00,0x00,0x00,0x00,0x40,0xaa,0xaa,0xaa,
  0xaa,0xaa,0xaa,0xaa,0xaa,0xaa,0x5a,0x00,0x00,0x00,0x00,0x90,0xaa,0xaa,0x02,0x00,0x00,0x00,0x00,0x00,0x00,0x00,0x00,0x00,
  0x00,0xa9,0xaa,0xaa,0xaa,0xaa,0xaa,0xaa,0xaa,0xaa,0x6a,0x00,0x00,0x00,0x00,0x00,0x00,0x00,0x00,0x00,0x00,0x00,0x00,0x00,
  0x00,0x00,0x00,0x00,0x00,0x00,0x00,0x00,0x00,0x00,0x00,0x00,0x00,0x00,0x00,0x00,0x00,0x00,0x00,0x00,0x00,0x00,0x00,0x00,
  0x00,0x00,0x00,0x00,0x00,0xa4,0xaa,0xaa,0xaa,0xaa,0xaa,0xaa,0xaa,0xaa,0x05,0x00,0x00,0x00,0x00,0xa0,0xaa,0xaa,0x01,0x00,
  0x00,0x00,0x00,0x00,0x00,0x00,0x00,0x00,0x00,0x90,0xaa,0xaa,0xaa,0xaa,0xaa,0xaa,0xaa,0xaa,0x06,0x00,0x00,0x00,0x00,0x00,
  0x00,0x00,0x00,0x00,0x00,0x00,0x00,0x00,0x00,0x00,0x00,0x00,0x00,0x00,0x00,0x00,0x00,0x00,0x00,0x00,0x00,0x00,0x00,0x00,
  0x00,0x00,0x00,0x00,0x00,0x00,0x00,0x00,0x00,0x00,0x00,0x00,0x00,0x40,0xaa,0xaa,0xaa,0xaa,0xaa,0xaa,0xaa,0x1a,0x00,0x00,
  0x00,0x00,0x00,0xa4,0xaa,0xaa,0x00,0x00,0x00,0x00,0x00,0x00,0x00,0x00,0x00,0x00,0x00,0x00,0xa5,0xaa,0xaa,0xaa,0xaa,0xaa,
  0xaa,0x6a,0x00,0x00,0x00,0x00,0x00,0x00,0x00,0x00,0x00,0x00,0x00,0x00,0x00,0x00,0x00,0x00,0x00,0x00,0x00,0x00,0x00,0x00,
  0x00,0x00,0x00,0x00,0x00,0x00,0x00,0x00,0x00,0x00,0x00,0x00,0x00,0x00,0x00,0x00,0x00,0x00,0x00,0x00,0x00,0x00,0x90,0xaa,
  0xaa,0xaa,0xaa,0xaa,0x6a,0x01,0x00,0x00,0x00,0x00,0x00,0xa8,0xaa,0x6a,0x00,0x00,0x00,0x00,0x00,0x00,0x00,0x00,0x00,0x00,
  0x00,0x00,0x40,0xa9,0xaa,0xaa,0xaa,0xaa,0xaa,0x01,0x00,0x00,0x00,0x00,0x00,0x00,0x00,0x00,0x00,0x00,0x00,0x00,0x00,0x00,
  0x00,0x00,0x00,0x00,0x00,0x00,0x00,0x00,0x00,0x00,0x00,0x00,0x00,0x00,0x00,0x00,0x00,0x00,0x00,0x00,0x00,0x00,0x00,0x00,
  0x00,0x00,0x00,0x00,0x00,0x00,0x00,0x94,0xaa,0xaa,0xaa,0x6a,0x01,0x00,0x00,0x00,0x00,0x00,0x00,0xa9,0xaa,0x2a,0x00,0x00,
  0x00,0x00,0x00,0x00,0x00,0x00,0x00,0x00,0x00,0x00,0x00,0x40,0xa5,0xaa,0xaa,0x6a,0x05,0x00,0x00,0x00,0x00,0x00,0x00,0x00,
  0x00,0x00,0x00,0x00,0x00,0x00,0x00,0x00,0x00,0x00,0x00,0x00,0x00,0x00,0x00,0x00,0x00,0x00,0x00,0x00,0x00,0x00,0x00,0x00,
  0x00,0x00,0x00,0x00,0x00,0x00,0x00,0x00,0x00,0x00,0x00,0x00,0x00,0x00,0x00,0x00,0x50,0x55,0x55,0x00,0x00,0x00,0x00,0x00,
  0x00,0x00,0x00,0xa9,0xaa,0x1a,0x00,0x00,0x00,0x00,0x00,0x00,0x00,0x00,0x00,0x00,0x00,0x00,0x00,0x00,0x00,0x54,0x55,0x00,
  0x00,0x00,0x00,0x00,0x00,0x00,0x00,0x00,0x00,0x00,0x00,0x00,0x00,0x00,0x00,0x00,0x00,0x00,0x00,0x00,0x00,0x00,0x00,0x00,
  0x00,0x00,0x00,0x00,0x00,0x00,0x00,0x00,0x00,0x00,0x00,0x00,0x00,0x00,0x00,0x00,0x00,0x00,0x00,0x00,0x00,0x00,0x00,0x00,
  0x00,0x00,0x00,0x00,0x00,0x00,0x00,0x00,0x00,0x00,0x00,0xaa,0xaa,0x1a,0x00,0x00,0x00,0x00,0x00,0x00,0x00,0x00,0x00,0x00,
  0x00,0x00,0x00,0x00,0x00,0x00,0x00,0x00,0x00,0x00,0x00,0x00,0x00,0x00,0x00,0x00,0x00,0x00,0x00,0x00,0x00,0x00,0x00,0x00,
  0x00,0x00,0x00,0x00,0x00,0x00,0x00,0x00,0x00,0x00,0x00,0x00,0x00,0x00,0x00,0x00,0x00,0x00,0x00,0x00,0x00,0x00,0x00,0x00,
  0x00,0x00,0x00,0x00,0x00,0x00,0x00,0x00,0x00,0x00,0x00,0x00,0x00,0x00,0x00,0x00,0x00,0x00,0x40,0xaa,0xaa,0x0a,0x00,0x00,
  0x00,0x00,0x00,0x00,0x00,0x00,0x00,0x00,0x00,0x00,0x00,0x00,0x00,0x00,0x00,0x00,0x00,0x00,0x00,0x00,0x00,0x00,0x00,0x00,
  0x00,0x00,0x00,0x00,0x00,0x00,0x00,0x00,0x00,0x00,0x00,0x00,0x00,0x00,0x00,0x00,0x00,0x00,0x00,0x00,0x00,0x00,0x00,0x00,
  0x00,0x00,0x00,0x00,0x00,0x00,0x00,0x00,0x00,0x00,0x00,0x00,0x00,0x00,0x00,0x00,0x00,0x00,0x00,0x00,0x00,0x00,0x00,0x00,
  0x00,0x00,0x40,0xaa,0xaa,0x06,0x00,0x00,0x00,0x00,0x00,0x00,0x00,0x00,0x00,0x00,0x00,0x00,0x00,0x00,0x00,0x00,0x00,0x00,
  0x00,0x00,0x00,0x00,0x00,0x00,0x00,0x00,0x00,0x00,0x00,0x00,0x00,0x00,0x00,0x00,0x00,0x00,0x00,0x00,0x00,0x00,0x00,0x00,
  0x00,0x00,0x00,0x00,0x00,0x00,0x00,0x00,0x00,0x00,0x00,0x00,0x00,0x00,0x00,0x00,0x00,0x00,0x00,0x00,0x00,0x00,0x00,0x00,
  0x00,0x00,0x00,0x00,0x00,0x00,0x00,0x00,0x00,0x00,0x80,0xaa,0xaa,0x02,0x00,0x00,0x00,0x00,0x00,0x00,0x00,0x00,0x00,0x00,
  0x00,0x00,0x00,0x00,0x00,0x00,0x00,0x00,0x00,0x00,0x00,0x00,0x00,0x00,0x00,0x00,0x00,0x00,0x00,0x00,0x00,0x00,0x00,0x00,
  0x00,0x00,0x00,0x00,0x00,0x00,0x00,0x00,0x00,0x00,0x00,0x00,0x00,0x00,0x00,0x00,0x00,0x00,0x00,0x00,0x00,0x00,0x00,0x00,
  0x00,0x00,0x00,0x00,0x00,0x00,0x00,0x00,0x00,0x00,0x00,0x00,0x00,0x00,0x00,0x00,0x00,0x00,0x90,0xaa,0xaa,0x02,0x00,0x00,
  0x00,0x00,0x00,0x00,0x00,0x00,0x00,0x00,0x00,0x00,0x00,0x00,0x00,0x00,0x00,0x00,0x00,0x00,0x00,0x00,0x00,0x00,0x00,0x00,
  0x00,0x00,0x00,0x00,0x00,0x00,0x00,0x00,0x00,0x00,0x00,0x00,0x00,0x00,0x00,0x00,0x00,0x00,0x00,0x00,0x00,0x00,0x00,0x00,
  0x00,0x00,0x00,0x00,0x00,0x00,0x00,0x00,0x00,0x00,0x00,0x00,0x00,0x00,0x00,0x00,0x00,0x00,0x00,0x00,0x00,0x00,0x00,0x00,
  0x00,0x00,0x90,0xaa,0xaa,0x01,0x00,0x00,0x00,0x00,0x00,0x00,0x00,0x00,0x00,0x00,0x00,0x00,0x00,0x00,0x00,0x00,0x00,0x00,
  0x00,0x00,0x00,0x00,0x00,0x00,0x00,0x00,0x00,0x00,0x00,0x00,0x00,0x00,0x00,0x00,0x00,0x00,0x00,0x00,0x00,0x00,0x00,0x00,
  0x00,0x00,0x00,0x00,0x00,0x00,0x00,0x00,0x00,0x00,0x00,0x00,0x00,0x00,0x00,0x00,0x00,0x00,0x00,0x00,0x00,0x00,0x00,0x00,
  0x00,0x00,0x00,0x00,0x00,0x00,0x00,0x00,0x00,0x00,0xa0,0xaa,0xaa,0x01,0x00,0x00,0x00,0x00,0x00,0x00,0x00,0x00,0x00,0x00,
  0x00,0x00,0x00,0x00,0x00,0x00,0x00,0x00,0x00,0x00,0x00,0x00,0x00,0x00,0x00,0x00,0x00,0x00,0x00,0x00,0x00,0x00,0x00,0x00,
  0x00,0x00,0x00,0x00,0x00,0x00,0x00,0x00,0x00,0x00,0x00,0x00,0x00,0x00,0x00,0x00,0x00,0x00,0x00,0x00,0x00,0x00,0x00,0x00,
  0x00,0x00,0x00,0x00,0x00,0x00,0x00,0x00,0x00,0x00,0x00,0x00,0x00,0x00,0x00,0x00,0x00,0x00,0xa0,0xaa,0xaa,0x00,0x00,0x00,
  0x00,0x00,0x00,0x00,0x00,0x00,0x00,0x00,0x00,0x00,0x00,0x00,0x00,0x00,0x00,0x00,0x00,0x00,0x00,0x00,0x00,0x00,0x00,0x00,
  0x00,0x00,0x00,0x00,0x00,0x00,0x00,0x00,0x00,0x00,0x00,0x00,0x00,0x00,0x00,0x00,0x00,0x00,0x00,0x00,0x00,0x00,0x00,0x00,
  0x00,0x00,0x00,0x00,0x00,0x00,0x00,0x00,0x00,0x00,0x00,0x00,0x00,0x00,0x00,0x00,0x00,0x00,0x00,0x00,0x00,0x00,0x00,0x00,
  0x00,0x00,0xa4,0xaa,0xaa,0x00,0x00,0x00,0x00,0x00,0x00,0x00,0x00,0x00,0x00,0x00,0x00,0x00,0x00,0x00,0x00,0x00,0x00,0x00,
  0x00,0x00,0x00,0x00,0x00,0x00,0x00,0x00,0x00,0x00,0x00,0x00,0x00,0x00,0x00,0x00,0x00,0x00,0x00,0x00,0x00,0x00,0x00,0x00,
  0x00,0x00,0x00,0x00,0x00,0x00,0x00,0x00,0x00,0x00,0x00,0x00,0x00,0x00,0x00,0x00,0x00,0x00,0x00,0x00,0x00,0x00,0x00,0x00,
  0x00,0x00,0x00,0x00,0x00,0x00,0x00,0x00,0x00,0x00,0xa4,0xaa,0x6a,0x00,0x00,0x00,0x00,0x00,0x00,0x00,0x00,0x00,0x00,0x00,
  0x00,0x00,0x00,0x00,0x00,0x00,0x00,0x00,0x00,0x00,0x00,0x00,0x00,0x00,0x00,0x00,0x00,0x00,0x00,0x00,0x00,0x00,0x00,0x00,
  0x00,0x00,0x00,0x00,0x00,0x00,0x00,0x00,0x00,0x00,0x00,0x00,0x00,0x00,0x00,0x00,0x00,0x00,0x00,0x00,0x00,0x00,0x00,0x00,
  0x00,0x00,0x00,0x00,0x00,0x00,0x00,0x00,0x00,0x00,0x00,0x00,0x00,0x00,0x00,0x00,0x00,0x00,0xa4,0xaa,0x6a,0x00,0x00,0x00,
  0x00,0x00,0x00,0x00,0x00,0x00,0x00,0x00,0x00,0x00,0x00,0x00,0x00,0x00,0x00,0x00,0x00,0x00,0x00,0x00,0x00,0x00,0x00,0x00,
  0x00,0x00,0x00,0x00,0x00,0x00,0x00,0x00,0x00,0x00,0x00,0x00,0x00,0x00,0x00,0x00,0x00,0x00,0x00,0x00,0x00,0x00,0x00,0x00,
  0x00,0x00,0x00,0x00,0x00,0x00,0x00,0x00,0x00,0x00,0x00,0x00,0x00,0x00,0x00,0x00,0x00,0x00,0x00,0x00,0x00,0x00,0x00,0x00,
  0x00,0x00,0xa8,0xaa,0x2a,0x00,0x00,0x00,0x00,0x00,0x00,0x00,0x00,0x00,0x00,0x00,0x00,0x00,0x00,0x00,0x00,0x00,0x00,0x00,
  0x00,0x00,0x00,0x00,0x00,0x00,0x00,0x00,0x00,0x00,0x00,0x00,0x00,0x00,0x00,0x00,0x00,0x00,0x00,0x00,0x00,0x00,0x00,0x00,
  0x00,0x00,0x00,0x00,0x00,0x00,0x00,0x00,0x00,0x00,0x00,0x00,0x00,0x00,0x00,0x00,0x00,0x00,0x00,0x00,0x00,0x00,0x00,0x00,
  0x00,0x00,0x00,0x00,0x00,0x00,0x00,0x00,0x00,0x00,0xa8,0xaa,0x2a,0x00,0x00,0x00,0x00,0x00,0x00,0x00,0x00,0x00,0x00,0x00,
  0x00,0x00,0x00,0x00,0x00,0x00,0x00,0x00,0x00,0x00,0x00,0x00,0x00,0x00,0x00,0x00,0x00,0x00,0x00,0x00,0x00,0x00,0x00,0x00,
  0x00,0x00,0x00,0x00,0x00,0x00,0x00,0x00,0x00,0x00,0x00,0x00,0x00,0x00,0x00,0x00,0x00,0x00,0x00,0x00,0x00,0x00,0x00,0x00,
  0x00,0x00,0x00,0x00,0x00,0x00,0x00,0x00,0x00,0x00,0x00,0x00,0x00,0x00,0x00,0x00,0x00,0x00,0xa8,0xaa,0x2a,0x00,0x00,0x00,
  0x00,0x00,0x00,0x00,0x00,0x00,0x00,0x00,0x00,0x00,0x00,0x00,0x00,0x00,0x00,0x00,0x00,0x00,0x00,0x00,0x00,0x00,0x00,0x00,
  0x00,0x00,0x00,0x00,0x00,0x00,0x00,0x00,0x00,0x00,0x00,0x00,0x00,0x00,0x00,0x00,0x00,0x00,0x00,0x00,0x00,0x00,0x00,0x00,
  0x00,0x00,0x00,0x00,0x00,0x00,0x00,0x00,0x00,0x00,0x00,0x00,0x00,0x00,0x00,0x00,0x00,0x00,0x00,0x00,0x00,0x00,0x00,0x00,
  0x00,0x00,0xa8,0xaa,0x2a,0x00,0x00,0x00,0x00,0x00,0x00,0x00,0x00,0x00,0x00,0x00,0x00,0x00,0x00,0x00,0x00,0x00,0x00,0x00,
  0x00,0x00,0x00,0x00,0x00,0x00,0x00,0x00,0x00,0x00,0x00,0x00,0x00,0x00,0x00,0x00,0x00,0x00,0x00,0x00,0x00,0x00,0x00,0x00,
  0x00,0x00,0x00,0x00,0x00,0x00,0x00,0x00,0x00,0x00,0x00,0x00,0x00,0x00,0x00,0x00,0x00,0x00,0x00,0x00,0x00,0x00,0x00,0x00,
  0x00,0x00,0x00,0x00,0x00,0x00,0x00,0x00,0x00,0x00,0xa8,0xaa,0x2a,0x00,0x00,0x00,0x00,0x00,0x00,0x00,0x00,0x00,0x00,0x00,
  0x00,0x00,0x00,0x00,0x00,0x00,0x00,0x00,0x00,0x00,0x00,0x00,0x00,0x00,0x00,0x00,0x00,0x00,0x00,0x00,0x00,0x00,0x00,0x00,
  0x00,0x00,0x00,0x00,0x00,0x00,0x00,0x00,0x00,0x00,0x00,0x00,0x00,0x00,0x00,0x00,0x00,0x00,0x00,0x00,0x00,0x00,0x00,0x00,
  0x00,0x00,0x00,0x00,0x00,0x00,0x00,0x00,0x00,0x00,0x00,0x00,0x00,0x00,0x00,0x00,0x00,0x00,0xa8,0xaa,0x2a,0x00,0x00,0x00,
  0x00,0x00,0x00,0x00,0x00,0x00,0x00,0x00,0x00,0x00,0x00,0x00,0x00,0x00,0x00,0x00,0x00,0x00,0x00,0x00,0x00,0x00,0x00,0x00,
  0x00,0x00,0x00,0x00,0x00,0x00,0x00,0x00,0x00,0x00,0x00,0x00,0x00,0x00,0x00,0x00,0x00,0x00,0x00,0x00,0x00,0x00,0x00,0x00,
  0x00,0x00,0x00,0x00,0x00,0x00,0x00,0x00,0x00,0x00,0x00,0x00,0x00,0x00,0x00,0x00,0x00,0x00,0x00,0x00,0x00,0x00,0x00,0x00,
  0x00,0x00,0xa4,0xaa,0xaa,0x00,0x00,0x00,0x00,0x00,0x00,0x00,0x00,0x00,0x00,0x00,0x00,0x00,0x00,0x00,0x00,0x00,0x00,0x00,
  0x00,0x00,0x00,0x00,0x00,0x00,0x00,0x00,0x00,0x00,0x00,0x00,0x00,0x00,0x00,0x00,0x00,0x00,0x00,0x00,0x00,0x00,0x00,0x00,
  0x00,0x00,0x00,0x00,0x00,0x00,0x00,0x00,0x00,0x00,0x00,0x00,0x00,0x00,0x00,0x00,0x00,0x00,0x00,0x00,0x00,0x00,0x00,0x00,
  0x00,0x00,0x00,0x00,0x00,0x00,0x00,0x00,0x00,0x00,0xa4,0xaa,0xaa,0x01,0x00,0x00,0x00,0x00,0x00,0x00,0x00,0x00,0x00,0x00,
  0x00,0x00,0x00,0x00,0x00,0x00,0x00,0x00,0x00,0x00,0x00,0x00,0x00,0x00,0x00,0x00,0x00,0x00,0x00,0x00,0x00,0x00,0x00,0x00,
  0x00,0x00,0x00,0x00,0x00,0x00,0x00,0x00,0x00,0x00,0x00,0x00,0x00,0x00,0x00,0x00,0x00,0x00,0x00,0x00,0x00,0x00,0x00,0x00,
  0x00,0x00,0x00,0x00,0x00,0x00,0x00,0x00,0x00,0x00,0x00,0x00,0x00,0x00,0x00,0x00,0x00,0x00,0xa0,0xaa,0xaa,0x0a,0x00,0x00,
  0x00,0x00,0x00,0x00,0x00,0x00,0x00,0x00,0x00,0x00,0x00,0x00,0x00,0x00,0x00,0x00,0x00,0x00,0x00,0x00,0x00,0x00,0x00,0x00,
  0x00,0x00,0x00,0x00,0x00,0x00,0x00,0x00,0x00,0x00,0x00,0x00,0x00,0x00,0x00,0x00,0x00,0x00,0x00,0x00,0x00,0x00,0x00,0x00,
  0x00,0x00,0x00,0x00,0x00,0x00,0x00,0x00,0x00,0x00,0x00,0x00,0x00,0x00,0x00,0x00,0x00,0x00,0x00,0x00,0x00,0x00,0x00,0x00,
  0x00,0x00,0xa0,0xaa,0xaa,0x6a,0x00,0x00,0x00,0x00,0x00,0x00,0x00,0x00,0x00,0x00,0x00,0x00,0x00,0x00,0x00,0x00,0x00,0x00,
  0x00,0x00,0x00,0x00,0x00,0x00,0x00,0x00,0x00,0x00,0x00,0x00,0x00,0x00,0x00,0x00,0x00,0x00,0x00,0x00,0x00,0x00,0x00,0x00,
  0x00,0x00,0x00,0x00,0x00,0x00,0x00,0x00,0x00,0x00,0x00,0x00,0x00,0x00,0x00,0x00,0x00,0x00,0x00,0x00,0x00,0x00,0x00,0x00,
  0x00,0x00,0x00,0x00,0x00,0x00,0x00,0x00,0x00,0x00,0x90,0xaa,0xaa,0xaa,0x5a,0x00,0x00,0x40,0xa5,0x6a,0x00,0x00,0x00,0x00,
  0x00,0x00,0x00,0x00,0x00,0x00,0x00,0x00,0x00,0x00,0x00,0x00,0x00,0x00,0x00,0x00,0x00,0x00,0x00,0x00,0x00,0x00,0x00,0x00,
  0x00,0x00,0x00,0x00,0x00,0x00,0x00,0x00,0x00,0x00,0x00,0x00,0x00,0x00,0x00,0x00,0x00,0x00,0x00,0x00,0x00,0x00,0x00,0x00,
  0x00,0x00,0x00,0x00,0x00,0x00,0x00,0x00,0x00,0x00,0x00,0x00,0x00,0x00,0x00,0x00,0x00,0x00,0x40,0xaa,0xaa,0xaa,0xaa,0x6a,
  0x95,0xaa,0xaa,0xaa,0x01,0x00,0x00,0x00,0x00,0x00,0x00,0x00,0x00,0x00,0x00,0x00,0x00,0x00,0x00,0x00,0x00,0x00,0x00,0x00,
  0x00,0x00,0x00,0x00,0x00,0x00,0x00,0x00,0x00,0x00,0x00,0x00,0x00,0x00,0x00,0x00,0x00,0x00,0x00,0x00,0x00,0x00,0x00,0x00,
  0x00,0x00,0x00,0x00,0x00,0x00,0x00,0x00,0x00,0x00,0x00,0x00,0x00,0x00,0x00,0x00,0x00,0x00,0x00,0x00,0x00,0x00,0x00,0x00,
  0x00,0x00,0x00,0xaa,0xaa,0xaa,0xaa,0xaa,0xaa,0xaa,0xaa,0xaa,0x02,0x00,0x00,0x00,0x00,0x00,0x00,0x00,0x00,0x00,0x00,0x00,
  0x00,0x00,0x00,0x00,0x00,0x00,0x00,0x00,0x00,0x00,0x00,0x00,0x00,0x00,0x00,0x00,0x00,0x00,0x00,0x00,0x00,0x00,0x00,0x00,
  0x00,0x00,0x00,0x00,0x00,0x00,0x00,0x00,0x00,0x00,0x00,0x00,0x00,0x00,0x00,0x00,0x00,0x00,0x00,0x00,0x00,0x00,0x00,0x00,
  0x00,0xff,0xff,0x3f,0x00,0x00,0x00,0x00,0x00,0x00,0x00,0xa8,0xaa,0xaa,0xaa,0xaa,0xaa,0xaa,0xaa,0xaa,0x02,0x00,0x00,0x00,
  0x00,0x00,0x00,0x00,0xf0,0xff,0xff,0x00,0x00,0x00,0x00,0x00,0x00,0x00,0x00,0x00,0x00,0x00,0x00,0x00,0x00,0x00,0x00,0x00,
  0x00,0x00,0x00,0x00,0x00,0x00,0x00,0x00,0x00,0x00,0x00,0x00,0x00,0x00,0x00,0x00,0x00,0x00,0x00,0x00,0x00,0x00,0x00,0x00,
  0x00,0x00,0x00,0x00,0x00,0x00,0x00,0x00,0xf0,0xff,0xff,0xff,0x03,0x00,0x00,0x00,0x00,0x00,0x00,0xa0,0xaa,0xaa,0xaa,0xaa,
  0xaa,0xaa,0xaa,0xaa,0x06,0x00,0x00,0x00,0x00,0x00,0x00,0xc0,0xff,0xff,0xff,0x0f,0x00,0x00,0x00,0x00,0x00,0x00,0x00,0x00,
  0x00,0x00,0x00,0x00,0x00,0x00,0x00,0x00,0x00,0x00,0x00,0x00,0x00,0x00,0x00,0x00,0x00,0x00,0x00,0x00,0x00,0x00,0x00,0x00,
  0x00,0x00,0x00,0x00,0x00,0x00,0x00,0x00,0x00,0x00,0x00,0x00,0x00,0x00,0x00,0x00,0xff,0xff,0xff,0xff,0x0f,0x00,0x00,0x00,
  0x00,0x00,0x00,0x40,0xaa,0xaa,0xaa,0xaa,0xaa,0xaa,0xaa,0xaa,0x02,0x00,0x00,0x00,0x00,0x00,0x00,0xf0,0xff,0xff,0xff,0xff,
  0x00,0x00,0x00,0x00,0x00,0x00,0x00,0x00,0x00,0x00,0x00,0x00,0x00,0x00,0x00,0x00,0x00,0x00,0x00,0x00,0x00,0x00,0x00,0x00,
  0x00,0x00,0x00,0x00,0x00,0x00,0x00,0x00,0x00,0x00,0x00,0x00,0x00,0x00,0x00,0x00,0x00,0x00,0x00,0x00,0x00,0x00,0x00,0xc0,
  0xff,0xff,0xff,0xff,0x3f,0x00,0x00,0x00,0x00,0x00,0x00,0x00,0xa9,0xaa,0xaa,0xaa,0xaa,0xaa,0xaa,0xaa,0x02,0x00,0x00,0x00,
  0x00,0x00,0x00,0xfc,0xff,0xff,0xff,0xff,0x03,0x00,0x00,0x00,0x00,0x00,0x00,0x00,0x00,0x00,0x00,0x00,0x00,0x00,0x00,0x00,
  0x00,0x00,0x00,0x00,0x00,0x00,0x00,0x00,0x00,0x00,0x00,0x00,0x00,0x00,0x00,0x00,0x00,0x00,0x00,0x00,0x00,0x00,0x00,0x00,
  0x00,0x00,0x00,0x00,0x00,0x00,0x00,0xf0,0xff,0xff,0xff,0xff,0xff,0x00,0x00,0x00,0x00,0x00,0x00,0x00,0x90,0xaa,0xaa,0xaa,
  0xaa,0xaa,0xaa,0xaa,0x00,0x00,0x00,0x00,0x00,0x00,0x00,0xff,0xff,0xff,0xff,0xff,0x0f,0x00,0x00,0x00,0x00,0x00,0x00,0x00,
  0x00,0x00,0x00,0x00,0x00,0x00,0x00,0x00,0x00,0x00,0x00,0x00,0x00,0x00,0x00,0x00,0x00,0x00,0x00,0x00,0x00,0x00,0x00,0x00,
  0x00,0x00,0x00,0x00,0x00,0x00,0x00,0x00,0x00,0x00,0x00,0x00,0x00,0x00,0x00,0xfc,0xff,0xff,0xff,0xff,0xff,0x00,0x00,0x00,
  0x00,0x00,0x00,0x00,0x00,0xa9,0xaa,0xaa,0xaa,0xaa,0xaa,0x1a,0x00,0x00,0x00,0x00,0x00,0x00,0x00,0xff,0xff,0xff,0xff,0xff,
  0x3f,0x00,0x00,0x00,0x00,0x00,0x00,0x00,0x00,0x00,0x00,0x00,0x00,0x00,0x00,0x00,0x00,0x00,0x00,0x00,0x00,0x00,0x00,0x00,
  0x00,0x00,0x00,0x00,0x00,0x00,0x00,0x00,0x00,0x00,0x00,0x00,0x00,0x00,0x00,0x00,0x00,0x00,0x00,0x00,0x00,0x00,0x00,0xfc,
  0xff,0xff,0xff,0xff,0xff,0x03,0x00,0x00,0x00,0x00,0x00,0x00,0x00,0x40,0xa9,0xaa,0xaa,0xaa,0x6a,0x01,0x00,0x00,0x00,0x00,
  0x00,0x00,0xc0,0xff,0xff,0xff,0xff,0xff,0xff,0x00,0x00,0x00,0x00,0x00,0x00,0x00,0x00,0x00,0x00,0x00,0x00,0x00,0x00,0x00,
  0x00,0x00,0x00,0x00,0x00,0x00,0x00,0x00,0x00,0x00,0x00,0x00,0x00,0x00,0x00,0x00,0x00,0x00,0x00,0x00,0x00,0x00,0x00,0x00,
  0x00,0x00,0x00,0x00,0x00,0x00,0x00,0xff,0xff,0xff,0xff,0xff,0xff,0x03,0x00,0x00,0x00,0x00,0x00,0x00,0x00,0x00,0x50,0x55,
  0x56,0x55,0x00,0x00,0x00,0x00,0x00,0x00,0x00,0x00,0xc0,0xff,0xff,0xff,0xff,0xff,0xff,0x00,0x00,0x00,0x00,0x00,0x00,0x00,
  0x00,0x00,0x00,0x00,0x00,0x00,0x00,0x00,0x00,0x00,0x00,0x00,0x00,0x00,0x00,0x00,0x00,0x00,0x00,0x00,0x00,0x00,0x00,0x00,
  0x00,0x00,0x00,0x00,0x00,0x00,0x00,0x00,0x00,0x00,0x00,0x00,0x00,0x00,0x00,0xff,0xff,0xff,0xff,0xff,0xff,0x03,0x00,0x00,
  0x00,0x00,0x00,0x00,0x00,0x00,0x00,0x00,0x00,0x00,0x00,0x00,0x00,0x00,0x00,0x00,0x00,0x00,0xc0,0xff,0xff,0xff,0xff,0xff,
  0xff,0x03,0x00,0x00,0x00,0x00,0x00,0x00,0x00,0x00,0x00,0x00,0x00,0x00,0x00,0x00,0x00,0x00,0x00,0x00,0x00,0x00,0x00,0x00,
  0x00,0x00,0x00,0x00,0x00,0x00,0x00,0x00,0x00,0x00,0x00,0x00,0x00,0x00,0x00,0x00,0x00,0x00,0x00,0x00,0x00,0x00,0xc0,0xff,
  0xff,0xff,0x00,0xff,0xff,0x03,0x00,0x00,0x00,0x00,0x00,0xc0,0xff,0x03,0x00,0x00,0x00,0x00,0xc0,0xff,0x03,0x00,0x00,0x00,
  0x00,0x00,0xc0,0xff,0xff,0x00,0xff,0xff,0xff,0x03,0x00,0x00,0x00,0x00,0x00,0x00,0x00,0x00,0x00,0x00,0x00,0x00,0x00,0x00,
  0x00,0x00,0x00,0x00,0x00,0x00,0x00,0x00,0x00,0x00,0x00,0x00,0x00,0x00,0x00,0x00,0x00,0x00,0x00,0x00,0x00,0x00,0x00,0x00,
  0x00,0x00,0x00,0x00,0x00,0x00,0xc0,0xff,0xff,0x3f,0x00,0xfc,0xff,0x03,0x00,0x00,0x00,0x00,0xc0,0xff,0xff,0xff,0x03,0x00,
  0x00,0xc0,0xff,0xff,0xff,0x03,0x00,0x00,0x00,0x00,0x00,0xff,0x3f,0x00,0xfc,0xff,0xff,0x0f,0x00,0x00,0x00,0x00,0x00,0x00,
  0x00,0x00,0x00,0x00,0x00,0x00,0x00,0x00,0x00,0x00,0x00,0x00,0x00,0x00,0x00,0x00,0x00,0x00,0x00,0x00,0x00,0x00,0x00,0x00,
  0x00,0x00,0x00,0x00,0x00,0x00,0x00,0x00,0x00,0x00,0x00,0x00,0x00,0x00,0xc0,0xff,0xff,0x0f,0x00,0xf0,0xff,0x00,0x00,0x00,
  0x00,0x00,0xfc,0xff,0xff,0xff,0x3f,0x00,0x00,0xfc,0xff,0xff,0xff,0x3f,0x00,0x00,0x00,0x00,0x00,0xff,0x3f,0x00,0xf0,0xff,
  0xff,0x0f,0x00,0x00,0x00,0x00,0x00,0x00,0x00,0x00,0x00,0x00,0x00,0x00,0x00,0x00,0x00,0x00,0x00,0x00,0x00,0x00,0x00,0x00,
  0x00,0x00,0x00,0x00,0x00,0x00,0x00,0x00,0x00,0x00,0x00,0x00,0x00,0x00,0x00,0x00,0x00,0x00,0x00,0x00,0x00,0x00,0xf0,0xff,
  0xff,0x0f,0x00,0xc0,0x3f,0x00,0x00,0x00,0x00,0xc0,0xff,0xff,0xff,0xff,0xff,0x00,0x00,0xff,0xff,0xff,0xff,0xff,0x03,0x00,
  0x00,0x00,0x00,0xfc,0x03,0x00,0xf0,0xff,0xff,0x0f,0x00,0x00,0x00,0x00,0x00,0x00,0x00,0x00,0x00,0x00,0x00,0x00,0x00,0x00,
  0x00,0x00,0x00,0x00,0x00,0x00,0x00,0x00,0x00,0x00,0x00,0x00,0x00,0x00,0x00,0x00,0x00,0x00,0x00,0x00,0x00,0x00,0x00,0x00,
  0x00,0x00,0x00,0x00,0x00,0x00,0xf0,0xff,0xff,0x0f,0x00,0x00,0x00,0x00,0x00,0x00,0x00,0xfc,0xff,0xff,0xff,0xff,0xff,0x0f,
  0xf0,0xff,0xff,0xff,0xff,0xff,0x3f,0x00,0x00,0x00,0x00,0x00,0x00,0x00,0xf0,0xff,0xff,0x0f,0x00,0x00,0x00,0x00,0x00,0x00,
  0x00,0x00,0x00,0x00,0x00,0x00,0x00,0x00,0x00,0x00,0x00,0x00,0x00,0x00,0x00,0x00,0x00,0x00,0x00,0x00,0x00,0x00,0x00,0x00,
  0x00,0x00,0x00,0x00,0x00,0x00,0x00,0x00,0x00,0x00,0x00,0x00,0x00,0x00,0xf0,0xff,0xff,0x0f,0x00,0x00,0x00,0x00,0x00,0x00,
  0x00,0xff,0xff,0xff,0xff,0xff,0xff,0x3f,0xfc,0xff,0xff,0xff,0xff,0xff,0xff,0x00,0x00,0x00,0x00,0x00,0x00,0x00,0xf0,0xff,
  0xff,0x0f,0x00,0x00,0x00,0x00,0x00,0x00,0x00,0x00,0x00,0x00,0x00,0x00,0x00,0x00,0x00,0x00,0x00,0x00,0x00,0x00,0x00,0x00,
  0x00,0x00,0x00,0x00,0x00,0x00,0x00,0x00,0x00,0x00,0x00,0x00,0x00,0x00,0x00,0x00,0x00,0x00,0x00,0x00,0x00,0x00,0xf0,0xff,
  0xff,0x0f,0x00,0x00,0x00,0x00,0x00,0x00,0xf0,0xff,0xff,0xff,0xff,0xff,0xff,0xff,0xff,0xff,0xff,0xff,0xff,0xff,0xff,0x03,
  0x00,0x00,0x00,0x00,0x00,0x00,0xf0,0xff,0xff,0x0f,0x00,0x00,0x00,0x00,0x00,0x00,0x00,0x00,0x00,0x00,0x00,0x00,0x00,0x00,
  0x00,0x00,0x00,0x00,0x00,0x00,0x00,0x00,0x00,0x00,0x00,0x00,0x00,0x00,0x00,0x00,0x00,0x00,0x00,0x00,0x00,0x00,0x00,0x00,
  0x00,0x00,0x00,0x00,0x00,0x00,0xf0,0xff,0xff,0x0f,0x00,0x00,0x00,0x00,0x00,0x00,0xfc,0xff,0xff,0xff,0xff,0xff,0xff,0xff,
  0xff,0xff,0xff,0xff,0xff,0xff,0xff,0x3f,0x00,0x00,0x00,0x00,0x00,0x00,0xf0,0xff,0xff,0x0f,0x00,0x00,0x00,0x00,0x00,0x00,
  0x00,0x00,0x00,0x00,0x00,0x00,0x00,0x00,0x00,0x00,0x00,0x00,0x00,0x00,0x00,0x00,0x00,0x00,0x00,0x00,0x00,0x00,0x00,0x00,
  0x00,0x00,0x00,0x00,0x00,0x00,0x00,0x00,0x00,0x00,0x00,0x00,0x00,0x00,0xc0,0xff,0xff,0x3f,0x00,0x00,0x00,0x00,0x00,0xc0,
  0xff,0xff,0xff,0xff,0xff,0xff,0xff,0xff,0xff,0xff,0xff,0xff,0xff,0xff,0xff,0xff,0x00,0x00,0x00,0x00,0x00,0x00,0xfc,0xff,
  0xff,0x0f,0x00,0x00,0x00,0x00,0x00,0x00,0x00,0x00,0x00,0x00,0x00,0x00,0x00,0x00,0x00,0x00,0x00,0x00,0x00,0x00,0x00,0x00,
  0x00,0x00,0x00,0x00,0x00,0x00,0x00,0x00,0x00,0x00,0x00,0x00,0x00,0x00,0x00,0x00,0x00,0x00,0x00,0x00,0x00,0x00,0xc0,0xff,
  0xff,0xff,0x00,0x00,0x00,0x00,0x00,0xf0,0xff,0xff,0xff,0xff,0xff,0xff,0xff,0xff,0xff,0xff,0xff,0xff,0xff,0xff,0xff,0xff,
  0x0f,0x00,0x00,0x00,0x00,0x00,0xfc,0xff,0xff,0x03,0x00,0x00,0x00,0x00,0x00,0x00,0x00,0x00,0x00,0x00,0x00,0x00,0x00,0x00,
  0x00,0x00,0x00,0x00,0x00,0x00,0x00,0x00,0x00,0x00,0x00,0x00,0x00,0x00,0x00,0x00,0x00,0x00,0x00,0x00,0x00,0x00,0x00,0x00,
  0x00,0x00,0x00,0x00,0x00,0x00,0xc0,0xff,0xff,0xff,0x03,0x00,0x00,0x00,0x00,0xff,0xff,0xff,0xff,0xff,0xff,0xff,0xff,0xff,
  0xff,0xff,0xff,0xff,0xff,0xff,0xff,0xff,0xff,0x00,0x00,0x00,0x00,0x00,0xff,0xff,0xff,0x03,0x00,0x00,0x00,0x00,0x00,0x00,
  0x00,0x00,0x00,0x00,0x00,0x00,0x00,0x00,0x00,0x00,0x00,0x00,0x00,0x00,0x00,0x00,0x00,0x00,0x00,0x00,0x00,0x00,0x00,0x00,
  0x00,0x00,0x00,0x00,0x00,0x00,0x00,0x00,0x00,0x00,0x00,0x00,0x00,0x00,0xc0,0xff,0xff,0xff,0x0f,0x00,0x00,0x00,0xf0,0xff,
  0xff,0xff,0xff,0xff,0xff,0xff,0xff,0xff,0xff,0xff,0xff,0xff,0xff,0xff,0xff,0xff,0xff,0x0f,0x00,0x00,0x00,0xf0,0xff,0xff,
  0xff,0x03,0x00,0x00,0x00,0x00,0x00,0x00,0x00,0x00,0x00,0x00,0x00,0x00,0x00,0x00,0x00,0x00,0x00,0x00,0x00,0x00,0x00,0x00,
  0x00,0x00,0x00,0x00,0x00,0x00,0x00,0x00,0x00,0x00,0x00,0x00,0x00,0x00,0x00,0x00,0x00,0x00,0x00,0x00,0x00,0x00,0x00,0xff,
  0xff,0xff,0xff,0x00,0x00,0x00,0xff,0xff,0xff,0xff,0xff,0xff,0xff,0xff,0xff,0xff,0xff,0xff,0xff,0xff,0xff,0xff,0xff,0xff,
  0xff,0xff,0x00,0x00,0x00,0xff,0xff,0xff,0xff,0x00,0x00,0x00,0x00,0x00,0x00,0x00,0x00,0x00,0x00,0x00,0x00,0x00,0x00,0x00,
  0x00,0x00,0x00,0x00,0x00,0x00,0x00,0x00,0x00,0x00,0x00,0x00,0x00,0x00,0x00,0x00,0x00,0x00,0x00,0x00,0x00,0x00,0x00,0x00,
  0x00,0x00,0x00,0x00,0x00,0x00,0x00,0xff,0xff,0xff,0xff,0x3f,0xc0,0xff,0xff,0xff,0xff,0xff,0xff,0xff,0xff,0xff,0xff,0xff,
  0xff,0xff,0xff,0xff,0xff,0xff,0xff,0xff,0xff,0xff,0xff,0x03,0xfc,0xff,0xff,0xff,0xff,0x00,0x00,0x00,0x00,0x00,0x00,0x00,
  0x00,0x00,0x00,0x00,0x00,0x00,0x00,0x00,0x00,0x00,0x00,0x00,0x00,0x00,0x00,0x00,0x00,0x00,0x00,0x00,0x00,0x00,0x00,0x00,
  0x00,0x00,0x00,0x00,0x00,0x00,0x00,0x00,0x00,0x00,0x00,0x00,0x00,0x00,0x00,0xfc,0xff,0xff,0xff,0xff,0xff,0xff,0xff,0xff,
  0xff,0xff,0xff,0xff,0xff,0xff,0xff,0xff,0xff,0xff,0xff,0xff,0xff,0xff,0xff,0xff,0xff,0xff,0xff,0xff,0xff,0xff,0xff,0xff,
  0x3f,0x00,0x00,0x00,0x00,0x00,0x00,0x00,0x00,0x00,0x00,0x00,0x00,0x00,0x00,0x00,0x00,0x00,0x00,0x00,0x00,0x00,0x00,0x00,
  0x00,0x00,0x00,0x00,0x00,0x00,0x00,0x00,0x00,0x00,0x00,0x00,0x00,0x00,0x00,0x00,0x00,0x00,0x00,0x00,0x00,0x00,0x00,0xf0,
  0xff,0xff,0xff,0xff,0xff,0xff,0xff,0xff,0xff,0xff,0xff,0xff,0xff,0xff,0xff,0xff,0xff,0xff,0xff,0xff,0xff,0xff,0xff,0xff,
  0xff,0xff,0xff,0xff,0xff,0xff,0xff,0xff,0x3f,0x00,0x00,0x00,0x00,0x00,0x00,0x00,0x00,0x00,0x00,0x00,0x00,0x00,0x00,0x00,
  0x00,0x00,0x00,0x00,0x00,0x00,0x00,0x00,0x00,0x00,0x00,0x00,0x00,0x00,0x00,0x00,0x00,0x00,0x00,0x00,0x00,0x00,0x00,0x00,
  0x00,0x00,0x00,0x00,0x00,0x00,0x00,0xf0,0xff,0xff,0xff,0xff,0xff,0xff,0xff,0xff,0xff,0xff,0xff,0xff,0xff,0xff,0xff,0x3f,
  0xfc,0xff,0xff,0xff,0xff,0xff,0xff,0xff,0xff,0xff,0xff,0xff,0xff,0xff,0xff,0xff,0x0f,0x00,0x00,0x00,0x00,0x00,0x00,0x00,
  0x00,0x00,0x00,0x00,0x00,0x00,0x00,0x00,0x00,0x00,0x00,0x00,0x00,0x00,0x00,0x00,0x00,0x00,0x00,0x00,0x00,0x00,0x00,0x00,
  0x00,0x00,0x00,0x00,0x00,0x00,0x00,0x00,0x00,0x00,0x00,0x00,0x00,0x00,0x00,0xc0,0xff,0xff,0xff,0xff,0xff,0xff,0xff,0xff,
  0xff,0xff,0xff,0xff,0xff,0xff,0xff,0x3f,0xf0,0xff,0xff,0xff,0xff,0xff,0xff,0xff,0xff,0xff,0xff,0xff,0xff,0xff,0xff,0xff,
  0x03,0x00,0x00,0x00,0x00,0x00,0x00,0x00,0x00,0x00,0x00,0x00,0x00,0x00,0x00,0x00,0x00,0x00,0x00,0x00,0x00,0x00,0x00,0x00,
  0x00,0x00,0x00,0x00,0x00,0x00,0x00,0x00,0x00,0x00,0x00,0x00,0x00,0x00,0x00,0x00,0x00,0x00,0x00,0x00,0x00,0x00,0x00,0x00,
  0xff,0xff,0xff,0xff,0xff,0xff,0xff,0xff,0xff,0xff,0xff,0xff,0xff,0xff,0xff,0x0f,0xc0,0xff,0xff,0xff,0xff,0xff,0xff,0xff,
  0xff,0xff,0xff,0xff,0xff,0xff,0xff,0xff,0x00,0x00,0x00,0x00,0x00,0x00,0x00,0x00,0x00,0x00,0x00,0x00,0x00,0x00,0x00,0x00,
  0x00,0x00,0x00,0x00,0x00,0x00,0x00,0x00,0x00,0x00,0x00,0x00,0x00,0x00,0x00,0x00,0x00,0x00,0x00,0x00,0x00,0x00,0x00,0x00,
  0x00,0x00,0x00,0x00,0x00,0x00,0x00,0x00,0xfc,0xff,0xff,0xff,0xff,0xff,0xff,0xff,0xff,0xff,0xff,0xff,0xff,0xff,0xff,0x00,
  0x00,0xff,0xff,0xff,0xff,0xff,0xff,0xff,0xff,0xff,0xff,0xff,0xff,0xff,0xff,0x3f,0x00,0x00,0x00,0x00,0x00,0x00,0x00,0x00,
  0x00,0x00,0x00,0x00,0x00,0x00,0x00,0x00,0x00,0x00,0x00,0x00,0x00,0x00,0x00,0x00,0x00,0x00,0x00,0x00,0x00,0x00,0x00,0x00,
  0x00,0x00,0x00,0x00,0x00,0x00,0x00,0x00,0x00,0x00,0x00,0x00,0x00,0x00,0x00,0x00,0xf0,0xff,0xff,0xff,0xff,0xff,0xff,0xff,
  0xff,0xff,0xff,0xff,0xff,0xff,0x3f,0x00,0x00,0xfc,0xff,0xff,0xff,0xff,0xff,0xff,0xff,0xff,0xff,0xff,0xff,0xff,0xff,0x0f,
  0x00,0x00,0x00,0x00,0x00,0x00,0x00,0x00,0x00,0x00,0x00,0x00,0x00,0x00,0x00,0x00,0x00,0x00,0x00,0x00,0x00,0x00,0x00,0x00,
  0x00,0x00,0x00,0x00,0x00,0x00,0x00,0x00,0x00,0x00,0x00,0x00,0x00,0x00,0x00,0x00,0x00,0x00,0x00,0x00,0x00,0x00,0x00,0x00,
  0x00,0xff,0xff,0xff,0xff,0xff,0xff,0xff,0xff,0xff,0xff,0xff,0xff,0xff,0x0f,0x00,0x00,0xf0,0xff,0xff,0xff,0xff,0xff,0xff,
  0xff,0xff,0xff,0xff,0xff,0xff,0xff,0x03,0x00,0x00,0x00,0x00,0x00,0x00,0x00,0x00,0x00,0x00,0x00,0x00,0x00,0x00,0x00,0x00,
  0x00,0x00,0x00,0x00,0x00,0x00,0x00,0x00,0x00,0x00,0x00,0x00,0x00,0x00,0x00,0x00,0x00,0x00,0x00,0x00,0x00,0x00,0x00,0x00,
  0x00,0x00,0x00,0x00,0x00,0x00,0x00,0x00,0x00,0xfc,0xff,0xff,0xff,0xff,0xff,0xff,0xff,0xff,0xff,0xff,0xff,0xff,0x00,0x00,
  0x00,0x00,0xff,0xff,0xff,0xff,0xff,0xff,0xff,0xff,0xff,0xff,0xff,0xff,0x3f,0x00,0x40,0x05,0x00,0x00,0x00,0x00,0x00,0x00,
  0x00,0x00,0x00,0x00,0x00,0x00,0x00,0x00,0x00,0x00,0x00,0x00,0x00,0x00,0x00,0x00,0x00,0x00,0x00,0x00,0x00,0x00,0x00,0x00,
  0x00,0x00,0x00,0x00,0x00,0x00,0x00,0x00,0x00,0x00,0x00,0x00,0x00,0x00,0x00,0x00,0x00,0xc0,0xff,0xff,0xff,0xff,0xff,0xff,
  0xff,0xff,0xff,0xff,0xff,0x0f,0x00,0x00,0x00,0x00,0xf0,0xff,0xff,0xff,0xff,0xff,0xff,0xff,0xff,0xff,0xff,0xff,0x0f,0x00,
  0xa9,0xaa,0x5a,0x00,0x00,0x00,0x00,0x00,0x00,0x00,0x00,0x00,0x00,0x00,0x00,0x00,0x00,0x00,0x00,0x00,0x00,0x00,0x00,0x00,
  0x00,0x00,0x00,0x00,0x00,0x00,0x00,0x00,0x00,0x00,0x00,0x00,0x00,0x00,0x00,0x00,0x00,0x00,0x00,0x00,0x00,0x00,0x00,0x00,
  0x00,0x00,0xff,0xff,0xff,0xff,0xff,0xff,0xff,0xff,0xff,0xff,0xff,0x00,0x00,0x00,0x00,0x00,0x00,0xff,0xff,0xff,0xff,0xff,
  0xff,0xff,0xff,0xff,0xff,0xff,0x00,0x80,0xaa,0xaa,0xaa,0x16,0x00,0x00,0x00,0x00,0x00,0x00,0x00,0x00,0x00,0x00,0x00,0x00,
  0x00,0x00,0x00,0x00,0x00,0x00,0x00,0x00,0x00,0x00,0x00,0x00,0x00,0x00,0x00,0x00,0x00,0x00,0x00,0x00,0x00,0x00,0x00,0x00,
  0x00,0x00,0x00,0x00,0x00,0x00,0x00,0x00,0x00,0x00,0xc0,0xff,0xff,0xff,0xff,0xff,0xff,0xff,0xff,0xff,0x0f,0x00,0x00,0x00,
  0x00,0x00,0x00,0xf0,0xff,0xff,0xff,0xff,0xff,0xff,0xff,0xff,0xff,0x0f,0x00,0x90,0xaa,0xaa,0xaa,0xaa,0x01,0x00,0x00,0x00,
  0x00,0x00,0x00,0x00,0x00,0x00,0x00,0x00,0x00,0x00,0x00,0x00,0x00,0x00,0x00,0x00,0x00,0x00,0x00,0x00,0x00,0x00,0x00,0x00,
  0x00,0x00,0x00,0x00,0x00,0x00,0x00,0x00,0x00,0x00,0x00,0x00,0x00,0x00,0x00,0x00,0x00,0x00,0x00,0xfc,0xff,0xff,0xff,0xff,
  0xff,0xff,0xff,0xff,0x00,0x00,0x00,0x00,0x00,0x00,0x00,0x00,0xfc,0xff,0xff,0xff,0xff,0xff,0xff,0xff,0x3f,0x00,0x00,0xa0,
  0xaa,0xaa,0xaa,0xaa,0x1a,0x00,0x00,0x00,0x00,0x00,0x00,0x00,0x00,0x00,0x00,0x00,0x00,0x00,0x00,0x00,0x00,0x00,0x00,0x00,
  0x00,0x00,0x00,0x00,0x00,0x00,0x00,0x00,0x00,0x00,0x00,0x00,0x00,0x00,0x00,0x00,0x00,0x00,0x00,0x00,0x00,0x00,0x00,0x00,
  0x00,0x00,0x00,0x00,0xff,0xff,0xff,0xff,0xff,0xff,0xff,0x03,0x00,0x00,0x00,0x00,0x00,0x00,0x00,0x00,0x00,0xff,0xff,0xff,
  0xff,0xff,0xff,0xff,0x00,0x00,0x00,0xa4,0xaa,0xaa,0xaa,0xaa,0x6a,0x00,0x00,0x00,0x00,0x00,0x00,0x00,0x00,0x00,0x00,0x00,
  0x00,0x00,0x00,0x00,0x00,0x00,0x00,0x00,0x00,0x00,0x00,0x00,0x00,0x00,0x00,0x00,0x00,0x00,0x00,0x00,0x00,0x00,0x00,0x00,
  0x00,0x00,0x00,0x00,0x00,0x00,0x00,0x00,0x00,0x00,0x00,0x00,0x00,0xfc,0xff,0xff,0xff,0xff,0x00,0x00,0x00,0x00,0x00,0x00,
  0x00,0x00,0x00,0x00,0x00,0x00,0xff,0xff,0xff,0xff,0x3f,0x00,0x00,0x00,0x00,0xa4,0xaa,0xaa,0xaa,0xaa,0xaa,0x01,0x00,0x00,
  0x00,0x00,0x00,0x00,0x00,0x00,0x00,0x00,0x00,0x00,0x00,0x00,0x00,0x00,0x00,0x00,0x00,0x00,0x00,0x00,0x00,0x00,0x00,0x00,
  0x00,0x00,0x00,0x00,0x00,0x00,0x00,0x00,0x00,0x00,0x00,0x00,0x00,0x00,0x00,0x00,0x00,0x00,0x00,0x00,0x00,0x00,0x00,0x00,
  0x00,0x00,0x00,0x00,0x00,0x00,0x00,0x00,0x00,0x00,0x00,0x00,0x00,0x00,0x00,0x00,0x00,0x00,0x00,0x00,0x00,0x00,0x00,0xa0,
  0xaa,0xaa,0xaa,0xaa,0xaa,0x06,0x00,0x00,0x00,0x00,0x00,0x00,0x00,0x00,0x00,0x00,0x00,0x00,0x00,0x00,0x00,0x00,0x00,0x00,
  0x00,0x00,0x00,0x00,0x00,0x00,0x00,0x00,0x00,0x00,0x00,0x00,0x00,0x00,0x00,0x00,0x00,0x00,0x00,0x00,0x00,0x00,0x00,0x00,
  0x00,0x00,0x00,0x00,0x00,0x00,0x00,0x00,0x00,0x00,0x00,0x00,0x00,0x00,0x00,0x00,0x00,0x00,0x00,0x00,0x00,0x00,0x00,0x00,
  0x00,0x00,0x00,0x00,0x00,0x00,0x00,0x90,0xaa,0xaa,0xaa,0xaa,0xaa,0x1a,0x00,0x00,0x00,0x00,0x00,0x00,0x00,0x00,0x00,0x00,
  0x00,0x00,0x00,0x00,0x00,0x00,0x00,0x00,0x00,0x00,0x00,0x00,0x00,0x00,0x00,0x00,0x00,0x00,0x00,0x00,0x00,0x00,0x00,0x00,
  0x00,0x00,0x00,0x00,0x00,0x00,0x00,0x00,0x00,0x00,0x00,0x00,0x00,0x00,0x00,0x00,0x00,0x00,0x00,0x00,0x00,0x00,0x00,0x00,
  0x00,0x00,0x00,0x00,0x00,0x00,0x00,0x00,0x00,0x00,0x00,0x00,0x00,0x00,0x00,0x40,0xaa,0xaa,0xaa,0xaa,0xaa,0x2a,0x00,0x00,
  0x00,0x00,0x00,0x00,0x00,0x00,0x00,0x00,0x00,0x00,0x00,0x00,0x00,0x00,0x00,0x00,0x00,0x00,0x00,0x00,0x00,0x00,0x00,0x00,
  0x00,0x00,0x00,0x00,0x00,0x00,0x00,0x00,0x00,0x00,0x00,0x00,0x00,0x00,0x00,0x00,0x00,0x00,0x00,0x00,0x00,0x00,0x00,0x00,
  0x00,0x00,0x00,0x00,0x00,0x00,0x00,0x00,0x00,0x00,0x00,0x00,0x00,0x00,0x00,0x00,0x00,0x00,0x00,0x00,0x00,0x00,0x00,0x00,
  0x54,0xa5,0xaa,0xaa,0xaa,0x6a,0x00,0x00,0x00,0x00,0x00,0x00,0x00,0x00,0x00,0x00,0x00,0x00,0x00,0x00,0x00,0x00,0x00,0x00,
  0x00,0x00,0x00,0x00,0x00,0x00,0x00,0x00,0x00,0x00,0x00,0x00,0x00,0x00,0x00,0x00,0x00,0x00,0x00,0x00,0x00,0x00,0x00,0x00,
  0x00,0x00,0x00,0x00,0x00,0x00,0x00,0x00,0x00,0x00,0x00,0x00,0x00,0x00,0x00,0x00,0x00,0x00,0x00,0x00,0x00,0x00,0x00,0x00,
  0x00,0x00,0x00,0x00,0x00,0x00,0x00,0x00,0x00,0x80,0xaa,0xaa,0xaa,0xaa,0x00,0x00,0x00,0x00,0x00,0x00,0x00,0x00,0x00,0x00,
  0x00,0x00,0x00,0x00,0x00,0x00,0x00,0x00,0x00,0x00,0x00,0x00,0x00,0x00,0x00,0x00,0x00,0x00,0x00,0x00,0x00,0x00,0x00,0x00,
  0x00,0x00,0x00,0x00,0x00,0x00,0x00,0x00,0x00,0x00,0x00,0x00,0x00,0x00,0x00,0x00,0x00,0x00,0x00,0x00,0x00,0x00,0x00,0x00,
  0x00,0x00,0x00,0x00,0x00,0x00,0x00,0x00,0x00,0x00,0x00,0x00,0x00,0x00,0x00,0x00,0x00,0xa0,0xaa,0xaa,0xaa,0xaa,0x01,0x00,
  0x00,0x00,0x00,0x00,0x00,0x00,0x00,0x00,0x00,0x00,0x00,0x00,0x00,0x00,0x00,0x00,0x00,0x00,0x00,0x00,0x00,0x00,0x00,0x00,
  0x00,0x00,0x00,0x00,0x00,0x00,0x00,0x00,0x00,0x00,0x00,0x00,0x00,0x00,0x00,0x00,0x00,0x00,0x00,0x00,0x00,0x00,0x00,0x00,
  0x00,0x00,0x00,0x00,0x00,0x00,0x00,0x00,0x00,0x00,0x00,0x00,0x00,0x00,0x00,0x00,0x00,0x00,0x00,0x00,0x00,0x00,0x00,0x00,
  0x00,0xa4,0xaa,0xaa,0xaa,0xaa,0x01,0x00,0x00,0x00,0x00,0x00,0x00,0x00,0x00,0x00,0x00,0x00,0x00,0x00,0x00,0x00,0x00,0x00,
  0x00,0x00,0x00,0x00,0x00,0x00,0x00,0x00,0x00,0x00,0x00,0x00,0x00,0x00,0x00,0x00,0x00,0x00,0x00,0x00,0x00,0x00,0x00,0x00,
  0x00,0x00,0x00,0x00,0x00,0x00,0x00,0x00,0x00,0x00,0x00,0x00,0x00,0x00,0x00,0x00,0x00,0x00,0x00,0x00,0x00,0x00,0x00,0x00,
  0x00,0x00,0x00,0x00,0x00,0x00,0x00,0x00,0x00,0xa9,0xaa,0xaa,0xaa,0xaa,0x02,0x00,0x00,0x00,0x00,0x00,0x00,0x00,0x00,0x00,
  0x00,0x00,0x00,0x00,0x00,0x00,0x00,0x00,0x00,0x00,0x00,0x00,0x00,0x00,0x00,0x00,0x00,0x00,0x00,0x00,0x00,0x00,0x00,0x00,
  0x00,0x00,0x00,0x00,0x00,0x00,0x00,0x00,0x00,0x00,0x00,0x00,0x00,0x00,0x00,0x00,0x00,0x00,0x00,0x00,0x00,0x00,0x00,0x00,
  0x00,0x00,0x00,0x00,0x00,0x00,0x00,0x00,0x00,0x00,0x00,0x00,0x00,0x00,0x00,0x00,0x40,0xaa,0xaa,0xaa,0xaa,0xaa,0x02,0x00,
  0x00,0x00,0x00,0x00,0x00,0x00,0x00,0x00,0x00,0x00,0x00,0x00,0x00,0x00,0x00,0x00,0x00,0x00,0x00,0x00,0x00,0x00,0x00,0x00,
  0x00,0x00,0x00,0x00,0x00,0x00,0x00,0x00,0x00,0x00,0x00,0x00,0x00,0x00,0x00,0x00,0x00,0x00,0x00,0x00,0x00,0x00,0x00,0x00,
  0x00,0x00,0x00,0x00,0x00,0x00,0x00,0x00,0x00,0x00,0x00,0x00,0x00,0x00,0x00,0x00,0x00,0x00,0x00,0x00,0x00,0x00,0x00,0x00,
  0xa0,0xaa,0xaa,0x9a,0xaa,0xaa,0x02,0x00,0x00,0x00,0x00,0x00,0x00,0x00,0x00,0x00,0x00,0x00,0x00,0x00,0x00,0x00,0x00,0x00,
  0x00,0x00,0x00,0x00,0x00,0x00,0x00,0x00,0x00,0x00,0x00,0x00,0x00,0x00,0x00,0x00,0x00,0x00,0x00,0x00,0x00,0x00,0x00,0x00,
  0x00,0x00,0x00,0x00,0x00,0x00,0x00,0x00,0x00,0x00,0x00,0x00,0x00,0x00,0x00,0x00,0x00,0x00,0x00,0x00,0x00,0x00,0x00,0x00,
  0x00,0x00,0x00,0x00,0x00,0x00,0x00,0x00,0xa8,0xaa,0xaa,0x46,0xaa,0xaa,0x02,0x00,0x00,0x00,0x00,0x00,0x00,0x00,0x00,0x00,
  0x00,0x00,0x00,0x00,0x00,0x00,0x00,0x00,0x00,0x00,0x00,0x00,0x00,0x00,0x00,0x00,0x00,0x00,0x00,0x00,0x00,0x00,0x00,0x00,
  0x00,0x00,0x00,0x00,0x00,0x00,0x00,0x00,0x00,0x00,0x00,0x00,0x00,0x00,0x00,0x00,0x00,0x00,0x00,0x00,0x00,0x00,0x00,0x00,
  0x00,0x00,0x00,0x00,0x00,0x00,0x00,0x00,0x00,0x00,0x00,0x00,0x00,0x00,0x00,0x40,0xaa,0xaa,0xaa,0x41,0xaa,0xaa,0x01,0x00,
  0x00,0x00,0x00,0x00,0x00,0x00,0x00,0x00,0x00,0x00,0x00,0x00,0x00,0x00,0x00,0x00,0x00,0x00,0x00,0x00,0x00,0x00,0x00,0x00,
  0x00,0x00,0x00,0x00,0x00,0x00,0x00,0x00,0x00,0x00,0x00,0x00,0x00,0x00,0x00,0x00,0x00,0x00,0x00,0x00,0x00,0x00,0x00,0x00,
  0x00,0x00,0x00,0x00,0x00,0x00,0x00,0x00,0x00,0x00,0x00,0x00,0x00,0x00,0x00,0x00,0x00,0x00,0x00,0x00,0x00,0x00,0x00,0x90,
  0xaa,0xaa,0x6a,0x00,0xa9,0xaa,0x00,0x00,0x00,0x00,0x00,0x00,0x00,0x00,0x00,0x00,0x00,0x00,0x00,0x00,0x00,0x00,0x00,0x00,
  0x00,0x00,0x00,0x00,0x00,0x00,0x00,0x00,0x00,0x00,0x00,0x00,0x00,0x00,0x00,0x00,0x00,0x00,0x00,0x00,0x00,0x00,0x00,0x00,
  0x00,0x00,0x00,0x00,0x00,0x00,0x00,0x00,0x00,0x00,0x00,0x00,0x00,0x00,0x00,0x00,0x00,0x00,0x00,0x00,0x00,0x00,0x00,0x00,
  0x00,0x00,0x00,0x00,0x00,0x00,0x00,0xa9,0xaa,0xaa,0x1a,0x00,0xa4,0x2a,0x00,0x00,0x00,0x00,0x00,0x00,0x00,0x00,0x00,0x00,
  0x00,0x00,0x00,0x00,0x00,0x00,0x00,0x00,0x00,0x00,0x00,0x00,0x00,0x00,0x00,0x00,0x00,0x00,0x00,0x00,0x00,0x00,0x00,0x00,
  0x00,0x00,0x00,0x00,0x00,0x00,0x00,0x00,0x00,0x00,0x00,0x00,0x00,0x00,0x00,0x00,0x00,0x00,0x00,0x00,0x00,0x00,0x00,0x00,
  0x00,0x00,0x00,0x00,0x00,0x00,0x00,0x00,0x00,0x00,0x00,0x00,0x00,0x00,0x40,0xaa,0xaa,0xaa,0x06,0x00,0x50,0x05,0x00,0x00,
  0x00,0x00,0x00,0x00,0x00,0x00,0x00,0x00,0x00,0x00,0x00,0x00,0x00,0x00,0x00,0x00,0x00,0x00,0x00,0x00,0x00,0x00,0x00,0x00,
  0x00,0x00,0x00,0x00,0x00,0x00,0x00,0x00,0x00,0x00,0x00,0x00,0x00,0x00,0x00,0x00,0x00,0x00,0x00,0x00,0x00,0x54,0x00,0x00,
  0x00,0x00,0x00,0x00,0x00,0x00,0x00,0x00,0x00,0x00,0x00,0x00,0x00,0x00,0x00,0x00,0x00,0x00,0x00,0x00,0x00,0x00,0xa4,0xaa,
  0xaa,0xaa,0x01,0x00,0x00,0x00,0x00,0x00,0x00,0x00,0x00,0x00,0x00,0x00,0x00,0x00,0x00,0x00,0x00,0x00,0x00,0x00,0x00,0x00,
  0x00,0x00,0x00,0x00,0x00,0x00,0x00,0x00,0x00,0x00,0x00,0x00,0x00,0x00,0x00,0x00,0x00,0x00,0x00,0x00,0x00,0x00,0x00,0x00,
  0x00,0x00,0x00,0x00,0x40,0xaa,0x06,0x00,0x00,0x00,0x00,0x00,0x00,0x00,0x00,0x00,0x00,0x00,0x00,0x00,0x00,0x00,0x00,0x00,
  0x00,0x00,0x00,0x00,0x00,0x00,0xa9,0xaa,0xaa,0x6a,0x00,0x00,0x00,0x00,0x00,0x00,0x00,0x00,0x00,0x00,0x00,0x00,0x00,0x00,
  0x00,0x00,0x00,0x00,0x00,0x00,0x00,0x00,0x00,0x00,0x00,0x00,0x00,0x00,0x00,0x00,0x00,0x00,0x00,0x00,0x00,0x00,0x00,0x00,
  0x00,0x00,0x00,0x00,0x00,0x00,0x00,0x00,0x00,0x00,0x00,0x00,0x90,0xaa,0x1a,0x00,0x00,0x00,0x00,0x00,0x00,0x00,0x00,0x00,
  0x00,0x00,0x00,0x00,0x00,0x00,0x00,0x00,0x00,0x00,0x00,0x00,0x00,0x90,0xaa,0xaa,0xaa,0x1a,0x00,0x00,0x00,0x00,0x00,0x00,
  0x00,0x00,0x00,0x00,0x00,0x00,0x00,0x00,0x00,0x00,0x00,0x00,0x00,0x00,0x00,0x00,0x00,0x00,0x00,0x00,0x00,0x00,0x00,0x00,
  0x00,0x00,0x00,0x00,0x00,0x00,0x00,0x00,0x00,0x00,0x00,0x00,0x00,0x00,0x00,0x00,0x00,0x00,0x00,0x00,0xa0,0xaa,0xaa,0x01,
  0x00,0x00,0x00,0x00,0x00,0x00,0x00,0x00,0x00,0x00,0x00,0x00,0x00,0x00,0x00,0x00,0x00,0x00,0x00,0x00,0x00,0xa9,0xaa,0xaa,
  0xaa,0x02,0x00,0x00,0x00,0x00,0x00,0x00,0x00,0x00,0x00,0x00,0x00,0x00,0x00,0x00,0x00,0x00,0x00,0x00,0x00,0x00,0x00,0x00,
  0x00,0x00,0x00,0x00,0x00,0x00,0x00,0x00,0x00,0x00,0x00,0x00,0x00,0x00,0x00,0x00,0x00,0x00,0x00,0x00,0x00,0x00,0x00,0x00,
  0x00,0x00,0x00,0x00,0xa4,0xaa,0xaa,0x1a,0x00,0x00,0x00,0x00,0x00,0x00,0x00,0x00,0x00,0x00,0x00,0x00,0x00,0x00,0x00,0x00,
  0x00,0x00,0x00,0x00,0x90,0xaa,0xaa,0xaa,0x6a,0x00,0x00,0x00,0x00,0x00,0x00,0x00,0x00,0x00,0x00,0x00,0x00,0x00,0x00,0x00,
  0x00,0x00,0x00,0x00,0x00,0x00,0x00,0x00,0x00,0x00,0x00,0x00,0x00,0x00,0x00,0x00,0x00,0x00,0x00,0x00,0x00,0x00,0x00,0x00,
  0x00,0x00,0x00,0x00,0x00,0x00,0x00,0x00,0x00,0x00,0x00,0x00,0xa4,0xaa,0xaa,0xaa,0x01,0x00,0x00,0x00,0x00,0x00,0x00,0x00,
  0x00,0x00,0x00,0x00,0x00,0x00,0x00,0x00,0x00,0x00,0x00,0x40,0xa9,0xaa,0xaa,0xaa,0x1a,0x00,0x00,0x00,0x00,0x00,0x00,0x00,
  0x00,0x00,0x00,0x00,0x00,0x00,0x00,0x00,0x00,0x00,0x00,0x00,0x00,0x00,0x00,0x00,0x00,0x00,0x00,0x00,0x00,0x00,0x00,0x00,
  0x00,0x00,0x00,0x00,0x00,0x00,0x00,0x00,0x00,0x00,0x00,0x00,0x00,0x00,0x00,0x00,0x00,0x00,0x00,0x00,0xa4,0xaa,0xaa,0xaa,
  0x6a,0x00,0x00,0x00,0x00,0x00,0x00,0x00,0x00,0x00,0x00,0x00,0x00,0x00,0x00,0x00,0x00,0x00,0x00,0xa4,0xaa,0xaa,0xaa,0xaa,
  0x01,0x00,0x00,0x00,0x00,0x00,0x00,0x00,0x00,0x00,0x00,0x00,0x00,0x00,0x00,0x00,0x00,0x00,0x00,0x00,0x00,0x00,0x00,0x00,
  0x00,0x00,0x00,0x00,0x00,0x00,0x00,0x00,0x00,0x00,0x00,0x00,0x00,0x00,0x00,0x00,0x00,0x00,0x00,0x00,0x00,0x00,0x00,0x00,
  0x00,0x00,0x00,0x00,0xa0,0xaa,0xaa,0xaa,0xaa,0x06,0x00,0x00,0x00,0x00,0x00,0x00,0x00,0x00,0x00,0x00,0x00,0x00,0x00,0x00,
  0x00,0x00,0x50,0xaa,0xaa,0xaa,0xaa,0x6a,0x00,0x00,0x00,0x00,0x00,0x00,0x00,0x00,0x00,0x00,0x00,0x00,0x00,0x00,0x00,0x00,
  0x00,0x00,0x00,0x00,0x00,0x00,0x00,0x00,0x00,0x00,0x00,0x00,0x00,0x00,0x00,0x00,0x00,0x00,0x00,0x00,0x00,0x00,0x00,0x00,
  0x00,0x00,0x00,0x00,0x00,0x00,0x00,0x00,0x00,0x00,0x00,0x00,0x80,0xaa,0xaa,0xaa,0xaa,0xaa,0x01,0x00,0x00,0x00,0x00,0x00,
  0x00,0x00,0x00,0x00,0x00,0x00,0x00,0x00,0x00,0x40,0xa9,0xaa,0xaa,0xaa,0xaa,0x06,0x00,0x00,0x00,0x00,0x00,0x00,0x00,0x00,
  0x00,0x00,0x00,0x00,0x00,0x00,0x00,0x00,0x00,0x00,0x00,0x00,0x00,0x00,0x00,0x00,0x00,0x00,0x00,0x00,0x00,0x00,0x00,0x00,
  0x00,0x00,0x00,0x00,0x00,0x00,0x00,0x00,0x00,0x00,0x00,0x00,0x00,0x00,0x00,0x00,0x00,0x00,0x00,0x00,0x00,0xa9,0xaa,0xaa,
  0xaa,0xaa,0x6a,0x00,0x00,0x00,0x00,0x00,0x00,0x00,0x00,0x00,0x00,0x00,0x00,0x00,0x00,0xa9,0xaa,0xaa,0xaa,0xaa,0x6a,0x00,
  0x00,0x00,0x00,0x00,0x00,0x00,0x00,0x00,0x00,0x00,0x00,0x00,0x00,0x00,0x00,0x00,0x00,0x00,0x00,0x00,0x00,0x00,0x00,0x00,
  0x00,0x00,0x00,0x00,0x00,0x00,0x00,0x00,0x00,0x00,0x00,0x00,0x00,0x00,0x00,0x00,0x00,0x00,0x00,0x00,0x00,0x00,0x00,0x00,
  0x00,0x00,0x00,0x00,0x00,0x90,0xaa,0xaa,0xaa,0xaa,0xaa,0x5a,0x00,0x00,0x00,0x00,0x00,0x00,0x00,0x00,0x00,0x00,0x00,0x40,
  0xa5,0xaa,0xaa,0xaa,0xaa,0xaa,0x06,0x00,0x00,0x00,0x00,0x00,0x00,0x00,0x00,0x00,0x00,0x00,0x00,0x00,0x00,0x00,0x00,0x00,
  0x00,0x00,0x00,0x00,0x00,0x00,0x00,0x00,0x00,0x00,0x00,0x00,0x00,0x00,0x00,0x00,0x00,0x00,0x00,0x00,0x00,0x00,0x00,0x00,
  0x00,0x00,0x00,0x00,0x00,0x00,0x00,0x00,0x00,0x00,0x00,0x00,0x00,0x40,0xa9,0xaa,0xaa,0xaa,0xaa,0xaa,0x5a,0x01,0x00,0x00,
  0x00,0x00,0x00,0x00,0x00,0x00,0x50,0xa9,0xaa,0xaa,0xaa,0xaa,0xaa,0x6a,0x01,0x00,0x00,0x00,0x00,0x00,0x00,0x00,0x00,0x00,
  0x00,0x00,0x00,0x00,0x00,0x00,0x00,0x00,0x00,0x00,0x00,0x00,0x00,0x00,0x00,0x00,0x00,0x00,0x00,0x00,0x00,0x00,0x00,0x00,
  0x00,0x00,0x00,0x00,0x00,0x00,0x00,0x00,0x00,0x00,0x00,0x00,0x00,0x00,0x00,0x00,0x00,0x00,0x00,0x00,0x00,0x00,0x94,0xaa,
  0xaa,0xaa,0xaa,0xaa,0xaa,0xaa,0x55,0x00,0x00,0x00,0x00,0x00,0x50,0x95,0xaa,0xaa,0xaa,0xaa,0xaa,0xaa,0xaa,0x06,0x00,0x00,
  0x00,0x00,0x00,0x00,0x00,0x00,0x00,0x00,0x00,0x00,0x00,0x00,0x00,0x00,0x00,0x00,0x00,0x00,0x00,0x00,0x00,0x00,0x00,0x00,
  0x00,0x00,0x00,0x00,0x00,0x00,0x00,0x00,0x00,0x00,0x00,0x00,0x00,0x00,0x00,0x00,0x00,0x00,0x00,0x00,0x00,0x00,0x00,0x00,
  0x00,0x00,0x00,0x00,0x00,0x00,0x40,0xa9,0xaa,0xaa,0xaa,0xaa,0xaa,0xaa,0xaa,0xaa,0x5a,0x55,0x95,0xaa,0xaa,0xaa,0xaa,0xaa,
  0xaa,0xaa,0xaa,0xaa,0x6a,0x00,0x00,0x00,0x00,0x00,0x00,0x00,0x00,0x00,0x00,0x00,0x00,0x00,0x00,0x00,0x00,0x00,0x00,0x00,
  0x00,0x00,0x00,0x00,0x00,0x00,0x00,0x00,0x00,0x00,0x00,0x00,0x00,0x00,0x00,0x00,0x00,0x00,0x00,0x00,0x00,0x00,0x00,0x00,
  0x00,0x00,0x00,0x00,0x00,0x00,0x00,0x00,0x00,0x00,0x00,0x00,0x00,0x00,0x00,0x90,0xaa,0xaa,0xaa,0xaa,0xaa,0xaa,0xaa,0xaa,
  0xaa,0xaa,0xaa,0xaa,0xaa,0xaa,0xaa,0xaa,0xaa,0xaa,0xaa,0xaa,0x06,0x00,0x00,0x00,0x00,0x00,0x00,0x00,0x00,0x00,0x00,0x00,
  0x00,0x00,0x00,0x00,0x00,0x00,0x00,0x00,0x00,0x00,0x00,0x00,0x00,0x00,0x00,0x00,0x00,0x00,0x00,0x00,0x00,0x00,0x00,0x00,
  0x00,0x00,0x00,0x00,0x00,0x00,0x00,0x00,0x00,0x00,0x00,0x00,0x00,0x00,0x00,0x00,0x00,0x00,0x00,0x00,0x00,0x00,0x00,0x00,
  0xa9,0xaa,0xaa,0xaa,0xaa,0xaa,0xaa,0xaa,0xaa,0xaa,0xaa,0xaa,0xaa,0xaa,0xaa,0xaa,0xaa,0xaa,0xaa,0x1a,0x00,0x00,0x00,0x00,
  0x00,0x00,0x00,0x00,0x00,0x00,0x00,0x00,0x00,0x00,0x00,0x00,0x00,0x00,0x00,0x00,0x00,0x00,0x00,0x00,0x00,0x00,0x00,0x00,
  0x00,0x00,0x00,0x00,0x00,0x00,0x00,0x00,0x00,0x00,0x00,0x00,0x00,0x00,0x00,0x00,0x00,0x00,0x00,0x00,0x00,0x00,0x00,0x00,
  0x00,0x00,0x00,0x00,0x00,0x00,0x00,0x00,0x40,0xaa,0xaa,0xaa,0xaa,0xaa,0xaa,0xaa,0xaa,0xaa,0xaa,0xaa,0xaa,0xaa,0xaa,0xaa,
  0xaa,0xaa,0x6a,0x01,0x00,0x00,0x00,0x00,0x00,0x00,0x00,0x00,0x00,0x00,0x00,0x00,0x00,0x00,0x00,0x00,0x00,0x00,0x00,0x00,
  0x00,0x00,0x00,0x00,0x00,0x00,0x00,0x00,0x00,0x00,0x00,0x00,0x00,0x00,0x00,0x00,0x00,0x00,0x00,0x00,0x00,0x00,0x00,0x00,
  0x00,0x00,0x00,0x00,0x00,0x00,0x00,0x00,0x00,0x00,0x00,0x00,0x00,0x00,0x00,0x00,0x00,0x94,0xaa,0xaa,0xaa,0xaa,0xaa,0xaa,
  0xaa,0xaa,0xaa,0xaa,0xaa,0xaa,0xaa,0xaa,0xaa,0xaa,0x05,0x00,0x00,0x00,0x00,0x00,0x00,0x00,0x00,0x00,0x00,0x00,0x00,0x00,
  0x00,0x00,0x00,0x00,0x00,0x00,0x00,0x00,0x00,0x00,0x00,0x00,0x00,0x00,0x00,0x00,0x00,0x00,0x00,0x00,0x00,0x00,0x00,0x00,
  0x00,0x00,0x00,0x00,0x00,0x00,0x00,0x00,0x00,0x00,0x00,0x00,0x00,0x00,0x00,0x00,0x00,0x00,0x00,0x00,0x00,0x00,0x00,0x00,
  0x00,0x00,0xa5,0xaa,0xaa,0xaa,0xaa,0xaa,0xaa,0xaa,0xaa,0xaa,0xaa,0xaa,0xaa,0xaa,0xaa,0x05,0x00,0x00,0x00,0x00,0x00,0x00,
  0x00,0x00,0x00,0x00,0x00,0x00,0x00,0x00,0x00,0x00,0x00,0x00,0x00,0x00,0x00,0x00,0x00,0x00,0x00,0x00,0x00,0x00,0x00,0x00,
  0x00,0x00,0x00,0x00,0x00,0x00,0x00,0x00,0x00,0x00,0x00,0x00,0x00,0x00,0x00,0x00,0x00,0x00,0x00,0x00,0x00,0x00,0x00,0x00,
  0x00,0x00,0x00,0x00,0x00,0x00,0x00,0x00,0x00,0x00,0x00,0xa5,0xaa,0xaa,0xaa,0xaa,0xaa,0xaa,0xaa,0xaa,0xaa,0xaa,0xaa,0xaa,
  0x15,0x00,0x00,0x00,0x00,0x00,0x00,0x00,0x00,0x00,0x00,0x00,0x00,0x00,0x00,0x00,0x00,0x00,0x00,0x00,0x00,0x00,0x00,0x00,
  0x00,0x00,0x00,0x00,0x00,0x00,0x00,0x00,0x00,0x00,0x00,0x00,0x00,0x00,0x00,0x00,0x00,0x00,0x00,0x00,0x00,0x00,0x00,0x00,
  0x00,0x00,0x00,0x00,0x00,0x00,0x00,0x00,0x00,0x00,0x00,0x00,0x00,0x00,0x00,0x00,0x00,0x00,0x00,0x00,0xa5,0xaa,0xaa,0xaa,
  0xaa,0xaa,0xaa,0xaa,0xaa,0xaa,0x6a,0x05,0x00,0x00,0x00,0x00,0x00,0x00,0x00,0x00,0x00,0x00,0x00,0x00,0x00,0x00,0x00,0x00,
  0x00,0x00,0x00,0x00,0x00,0x00,0x00,0x00,0x00,0x00,0x00,0x00,0x00,0x00,0x00,0x00,0x00,0x00,0x00,0x00,0x00,0x00,0x00,0x00,
  0x00,0x00,0x00,0x00,0x00,0x00,0x00,0x00,0x00,0x00,0x00,0x00,0x00,0x00,0x00,0x00,0x00,0x00,0x00,0x00,0x00,0x00,0x00,0x00,
  0x00,0x00,0x00,0x00,0x00,0x54,0xa9,0xaa,0xaa,0xaa,0xaa,0xaa,0xaa,0x55,0x00,0x00,0x00,0x00,0x00,0x00,0x00,0x00,0x00,0x00,
  0x00,0x00,0x00,0x00,0x00,0x00,0x00,0x00,0x00,0x00,0x00,0x00,0x00,0x00,0x00,0x00,0x00,0x00,0x00,0x00,0x00,0x00,0x00,0x00,
  0x00,0x00,0x00,0x00,0x00,0x00,0x00,0x00,0x00,0x00,0x00,0x00,0x00,0x00,0x00,0x00,0x00,0x00,0x00,0x00,0x00,0x00,0x00,0x00,
  0x00,0x00,0x00,0x00,0x00,0x00,0x00,0x00,0x00,0x00,0x00,0x00,0x00,0x00,0x00,0x54,0x55,0x55,0x55,0x55,0x00,0x00,0x00,0x00,
  0x00,0x00,0x00,0x00,0x00,0x00,0x00,0x00,0x00,0x00,0x00,0x00,0x00,0x00,0x00,0x00,0x00,0x00,0x00,0x00,0x00,0x00,0x00,0x00,
  0x00,0x00,0x00,0x00,0x00,0x00,0x00,0x00,0x00,0x00,0x00,0x00,0x00,0x00,0x00,0x00,0x00,0x00,0x00,0x00,0x00,0x00,0x00,0x00,
  0x00,0x00,0x00,0x00,0x00,0x00,0x00,0x00,0x00,0x00,0x00,0x00,0x00,0x00,0x00,0x00,0x00,0x00,0x00,0x00,0x00,0x00,0x00,0x00,
  0x00,0x00,0x00,0x00,0x00,0x00,0x00,0x00,0x00,0x00,0x00,0x00,0x00,0x00,0x00,0x00,0x00,0x00,0x00,0x00,0x00,0x00,0x00,0x00,
  0x00,0x00,0x00,0x00,0x00,0x00,0x00,0x00,0x00,0x00,0x00,0x00,0x00,0x00,0x00,0x00,0x00,0x00,0x00,0x00,0x00,0x00,0x00,0x00,
  0x00,0x00,0x00,0x00,0x00,0x00,0x00,0x00,0x00,0x00,0x00,0x00,0x00,0x00,0x00,0x00,0x00,0x00,0x00,0x00,0x00,0x00,0x00,0x00,
  0x00,0x00,0x00,0x00,0x00,0x00,0x00,0x00,0x00,0x00,0x00,0x00,0x00,0x00,0x00,0x00,0x00,0x00,0x00,0x00,0x00,0x00,0x00,0x00,
  0x00,0x00,0x00,0x00,0x00,0x00,0x00,0x00,0x00,0x00,0x00,0x00,0x00,0x00,0x00,0x00,0x00,0x00,0x00,0x00,0x00,0x00,0x00,0x00,
  0x00,0x00,0x00,0x00,0x00,0x00,0x00,0x00,0x00,0x00,0x00,0x00,0x00,0x00,0x00,0x00,0x00,0x00,0x00,0x00,0x00,0x00,0x00,0x00,
  0x00,0x00,0x00,0x00,0x00,0x00,0x00,0x00,0x00,0x00,0x00,0x00,0x00,0x00,0x00,0x00,0x00,0x00,0x00,0x00,0x00,0x00,0x00,0x00,
  0x00,0x00,0x00,0x00,0x00,0x00,0x00,0x00,0x00,0x00,0x00,0x00,0x00,0x00,0x00,0x00,0x00,0x00,0x00,0x00,0x00,0x00,0x00,0x00,
  0x00,0x00,0x00,0x00,0x00,0x00,0x00,0x00,0x00,0x00,0x00,0x00,0x00,0x00,0x00,0x00,0x00,0x00,0x00,0x00,0x00,0x00,0x00,0x00,
  0x00,0x00,0x00,0x00,0x00,0x00,0x00,0x00,0x00,0x00,0x00,0x00,0x00,0x00,0x00,0x00,0x00,0x00,0x00,0x00,0x00,0x00,0x00,0x00,
  0x00,0x00,0x00,0x00,0x00,0x00,0x00,0x00,0x00,0x00,0x00,0x00,0x00,0x00,0x00,0x00,0x00,0x00,0x00,0x00,0x00,0x00,0x00,0x00,
  0x00,0x00,0x00,0x00,0x00,0x00,0x00,0x00,0x00,0x00,0x00,0x00,0x00,0x00,0x00,0x00,0x00,0x00,0x00,0x00,0x00,0x00,0x00,0x00,
  0x00,0x00,0x00,0x00,0x00,0x00,0x00,0x00,0x00,0x00,0x00,0x00,0x00,0x00,0x00,0x00,0x00,0x00,0x00,0x00,0x00,0x00,0x00,0x00,
  0x00,0x00,0x00,0x00,0x00,0x00,0x00,0x00,0x00,0x00,0x00,0x00,0x00,0x00,0x00,0x00,0x00,0x00,0x00,0x00,0x00,0x00,0x00,0x00,
  0x00,0x00,0x00,0x00,0x00,0x00,0x00,0x00,0x00,0x00,0x00,0x00,0x00,0x00,0x00,0x00,0x00,0x00,0x00,0x00,0x00,0x00,0x00,0x00,
  0x00,0x00,0x00,0x00,0x00,0x00,0x00,0x00,0x00,0x00,0x00,0x00,0x00,0x00,0x00,0x00,0x00,0x00,0x00,0x00,0x00,0x00,0x00,0x00,
  0x00,0x00,0x00,0x00,0x00,0x00,0x00,0x00,0x00,0x00,0x00,0x00,0x00,0x00,0x00,0x00,0x00,0x00,0x00,0x00,0x00,0x00,0x00,0x00,
  0x00,0x00,0x00,0x00,0x00,0x00,0x00,0x00,0x00,0x00,0x00,0x00,0x00,0x00,0x00,0x00,0x00,0x00,0x00,0x00,0x00,0x00,0x00,0x00,
  0x00,0x00,0x00,0x00,0x00,0x00,0x00,0x00,0x00,0x00,0x00,0x00,0x00,0x00,0x00,0x00,0x00,0x00,0x00,0x00,0x00,0x00,0x00,0x00,
  0x00,0x00,0x00,0x00,0x00,0x00,0x00,0x00,0x00,0x00,0x00,0x00,0x00,0x00,0x00,0x00,0x00,0x00,0x00,0x00,0x00,0x00,0x00,0x00,
  0x00,0x00,0x00,0x00,0x00,0x00,0x00,0x00,0x00,0x00,0x00,0x00,0x00,0x00,0x00,0x00,0x00,0x00,0x00,0x00,0x00,0x00,0x00,0x00,
  0x00,0x00,0x00,0x00,0x00,0x00,0x00,0x00,0x00,0x00,0x00,0x00,0x00,0x00,0x00,0x00,0x00,0x00,0x00,0x00,0x00,0x00,0x00,0x00,
  0x00,0x00,0x00,0x00,0x00,0x00,0x00,0x00,0x00,0x00,0x00,0x00,0x00,0x00,0x00,0x00,0x00,0x00,0x00,0x00,0x00,0x00,0x00,0x00,
  0x00,0x00,0x00,0x00,0x00,0x00,0x00,0x00,0x00,0x00,0x00,0x00,0x00,0x00,0x00,0x00,0x00,0x00,0x00,0x00,0x00,0x00,0x00,0x00,
  0x00,0x00,0x00,0x00,0x00,0x00,0x00,0x00,0x00,0x00,0x00,0x00,0x00,0x00,0x00,0x00,0x00,0x00,0x00,0x00,0x00,0x00,0x00,0x00,
  0x00,0x00,0x00,0x00,0x00,0x00,0x00,0x00,0x00,0x00,0x00,0x00,0x00,0x00,0x00,0x00,0x00,0x00,0x00,0x00,0x00,0x00,0x00,0x00,
  0x00,0x00,0x00,0x00,0x00,0x00,0x00,0x00,0x00,0x00,0x00,0x00,0x00,0x00,0x00,0x00,0x00,0x00,0x00,0x00,0x00,0x00,0x00,0x00,
  0x00,0x00,0x00,0x00,0x00,0x00,0x00,0x00,0x00,0x00,0x00,0x00,0x00,0x00,0x00,0x00,0x00,0x00,0x00,0x00,0x00,0x00,0x00,0x00,
  0x00,0x00,0x00,0x00,0x00,0x00,0x00,0x00,0x00,0x00,0x00,0x00,0x00,0x00,0x00,0x00,0x00,0x00,0x00,0x00,0x00,0x00,0x00,0x00,
  0x00,0x00,0x00,0x00,0x00,0x00,0x00,0x00,0x00,0x00,0x00,0x00,0x00,0x00,0x00,0x00,0x00,0x00,0x00,0x00,0x00,0x00,0x00,0x00,
  0x00,0x00,0x00,0x00,0x00,0x00,0x00,0x00,0x00,0x00,0x00,0x00,0x00,0x00,0x00,0x00,0x00,0x00,0x00,0x00,0x00,0x00,0x00,0x00,
  0x00,0x00,0x00,0x00,0x00,0x00,0x00,0x00,0x00,0x00,0x00,0x00,0x00,0x00,0x00,0x00,0x00,0x00,0x00,0x00,0x00,0x00,0x00,0x00,
  0x00,0x00,0x00,0x00,0x00,0x00,0x00,0x00,0x00,0x00,0x00,0x00,0x00,0x00,0x00,0x00,0x00,0x00,0x00,0x00,0x00,0x00,0x00,0x00,
  0x00,0x00,0x00,0x00,0x00,0x00,0x00,0x00,0x00,0x00,0x00,0x00,0x00,0x00,0x00,0x00,0x00,0x00,0x00,0x00,0x00,0x00,0x00,0x00,
  0x00,0x00,0x00,0x00,0x00,0x00,0x00,0x00,0x00,0x00,0x00,0x00,0x00,0x00,0x00,0x00,0x00,0x00,0x00,0x00,0x00,0x00,0x00,0x00,
  0x00,0x00,0x00,0x00,0x00,0x00,0x00,0x00,0x00,0x00,0x00,0x00,0x00,0x00,0x00,0x00,0x00,0x00,0x00,0x00,0x00,0x00,0x00,0x00,
  0x00,0x00,0x00,0x00,0x00,0x00,0x00,0x00,0x00,0x00,0x00,0x00,0x00,0x00,0x00,0x00,0x00,0x00,0x00,0x00,0x00,0x00,0x00,0x00,
  0x00,0x00,0x00,0x00,0x00,0x00,0x00,0x00,0x00,0x00,0x00,0x00,0x00,0x00,0x00,0x00,0x00,0x00,0x00,0x00,0x00,0x00,0x00,0x00,
  0x00,0x00,0x00,0x00,0x00,0x00,0x00,0x00,0x00,0x00,0x00,0x00,0x00,0x00,0x00,0x00,0x00,0x00,0x00,0x00,0x00,0x00,0x00,0x00,
  0x00,0x00,0x00,0x00,0x00,0x00,0x00,0x00,0x00,0x00,0x00,0x00,0x00,0x00,0x00,0x00,0x00,0x00,0x00,0x00,0x00,0x00,0x00,0x00,
  0x00,0x00,0x00,0x00,0x00,0x00,0x00,0x00,0x00,0x00,0x00,0x00,0x00,0x00,0x00,0x00,0x00,0x00,0x00,0x00,0x00,0x00,0x00,0x00,
  0x00,0x00,0x00,0x00,0x00,0x00,0x00,0x00,0x00,0x00,0x00,0x00,0x00,0x00,0x00,0x00,0x00,0x00,0x00,0x00,0x00,0x00,0x00,0x00,
  0x00,0x00,0x00,0x00,0x00,0x00,0x00,0x00,0x00,0x00,0x00,0x00,0x00,0x00,0x00,0x00,0x00,0x00,0x00,0x00,0x00,0x00,0x00,0x00,
  0x00,0x00,0x00,0x00,0x00,0x00,0x00,0x00,0x00,0x00,0x00,0x00,0x00,0x00,0x00,0x00,0x00,0x00,0x00,0x00,0x00,0x00,0x00,0x00,
  0x00,0x00,0x00,0x00,0x00,0x00,0x00,0x00,0x00,0x00,0x00,0x00,0x00,0x00,0x00,0x00,0x00,0x00,0x00,0x00,0x00,0x00,0x00,0x00,
  0x00,0x00,0x00,0x00,0x00,0x00,0x00,0x00,0x00,0x00,0x00,0x00,0x00,0x00,0x00,0x00,0x00,0x00,0x00,0x00,0x00,0x00,0x00,0x00,
  0x00,0x00,0x00,0x00,0x00,0x00,0x00,0x00,0x00,0x00,0x00,0x00,0x00,0x00,0x00,0x00,0x00,0x00,0x00,0x00,0x00,0x00,0x00,0x00,
  0x00,0x00,0x00,0x00,0x00,0x00,0x00,0x00,0x00,0x00,0x00,0x00,0x00,0x00,0x00,0x00,0x00,0x00,0x00,0x00,0x00,0x00,0x00,0x00,
  0x00,0x00,0x00,0x00,0x00,0x00,0x00,0x00,0x00,0x00,0x00,0x00,0x00,0x00,0x00,0x00,0x00,0x00,0x00,0x00,0x00,0x00,0x00,0x00,
  0x00,0x00,0x00,0x00,0x00,0x00,0x00,0x00,0x00,0x00,0x00,0x00,0x00,0x00,0x00,0x00,0x00,0x00,0x00,0x00,0x00,0x00,0x00,0x00,
  0x00,0x00,0x00,0x00,0x00,0x00,0x00,0x00,0x00,0x00,0x00,0x00,0x00,0x00,0x00,0x00,0x00,0x00,0x00,0x00,0x00,0x00,0x00,0x00,
  0x00,0x00,0x00,0x00,0x00,0x00,0x00,0x00,0x00,0x00,0x00,0x00,0x00,0x00,0x00,0x00,0x00,0x00,0x00,0x00,0x00,0x00,0x00,0x00,
  0x00,0x00,0x00,0x00,0x00,0x00,0x00,0x00,0x00,0x00,0x00,0x00,0x00,0x00,0x00,0x00,0x00,0x00,0x00,0x00,0x00,0x00,0x00,0x00,
  0x00,0x00,0x00,0x00,0x00,0x00,0x00,0x00,0x00,0x00,0x00,0x00,0x00,0x00,0x00,0x00,0x00,0x00,0x00,0x00,0x00,0x00,0x00,0x00,
  0x00,0x00,0x00,0x00,0x00,0x00,0x00,0x00,0x00,0x00,0x00,0x00,0x00,0x00,0x00,0x00,0x00,0x00,0x00,0x00,0x00,0x00,0x00,0x00,
  0x00,0x00,0x00,0x00,0x00,0x00,0x00,0x00,0x00,0x00,0x00,0x00,0x00,0x00,0x00,0x00,0x00,0x00,0x00,0x00,0x00,0x00,0x00,0x00,
  0x00,0x00,0x00,0x00,0x00,0x00,0x00,0x00,0x00,0x00,0x00,0x00,0x00,0x00,0x00,0x00,0x00,0x00,0x00,0x00,0x00,0x00,0x00,0x00,
  0x00,0x00,0x00,0x00,0x00,0x00,0x00,0x00,0x00,0x00,0x00,0x00,0x00,0x00,0x00,0x00,0x00,0x00,0x00,0x00,0x00,0x00,0x00,0x00,
  0x00,0x00,0x00,0x00,0x00,0x00,0x00,0x00,0x00,0x00,0x00,0x00,0x00,0x00,0x00,0x00,0x00,0x00,0x00,0x00,0x00,0x00,0x00,0x00,
  0x00,0x00,0x00,0x00,0x00,0x00,0x00,0x00,0x00,0x00,0x00,0x00,0x00,0x00,0x00,0x00,0x00,0x00,0x00,0x00,0x00,0x00,0x00,0x00,
  0x00,0x00,0x00,0x00,0x00,0x00,0x00,0x00,0x00,0x00,0x00,0x00,0x00,0x00,0x00,0x00,0x00,0x00,0x00,0x00,0x00,0x00,0x00,0x00,
  0x00,0x00,0x00,0x00,0x00,0x00,0x00,0x00,0x00,0x00,0x00,0x00,0x00,0x00,0x00,0x00,0x00,0x00,0x00,0x00,0x00,0x00,0x00,0x00,
  0x00,0x00,0x00,0x00,0x00,0x00,0x00,0x00,0x00,0x00,0x00,0x00,0x00,0x00,0x00,0x00,0x00,0x00,0x00,0x00,0x00,0x00,0x00,0x00,
  0x00,0x00,0x00,0x00,0x00,0x00,0x00,0x00,0x00,0x00,0x00,0x00,0x00,0x00,0x00,0x00,0x00,0x00,0x00,0x00,0x00,0x00,0x00,0x00,
  0x00,0x00,0x00,0x00,0x00,0x00,0x00,0x00,0x00,0x00,0x00,0x00,0x00,0x00,0x00,0x00,0x00,0x00,0x00,0x00,0x00,0x00,0x00,0x00,
  0x00,0x00,0x00,0x00,0x00,0x00,0x00,0x00,0x00,0x00,0x00,0x00,0x00,0x00,0x00,0x00,0x00,0x00,0x00,0x00,0x00,0x00,0x00,0x00,
  0x00,0x00,0x00,0x00,0x00,0x00,0x00,0x00,0x00,0x00,0x00,0x00,0x00,0x00,0x00,0x00,0x00,0x00,0x00,0x00,0x00,0x00,0x00,0x00,
  0x00,0x00,0x00,0x00,0x00,0x00,0x00,0x00,0x00,0x00,0x00,0x00,0x00,0x00,0x00,0x00,0x00,0x00,0x00,0x00,0x00,0x00,0x00,0x00,
  0x00,0x00,0x00,0x00,0x00,0x00,0x00,0x00,0x00,0x00,0x00,0x00,0x00,0x00,0x00,0x00,0x00,0x00,0x00,0x00,0x00,0x00,0x00,0x00,
  0x00,0x00,0x00,0x00,0x00,0x00,0x00,0x00,0x00,0x00,0x00,0x00,0x00,0x00,0x00,0x00,0x00,0x00,0x00,0x00,0x00,0x00,0x00,0x00,
  0x00,0x00,0x00,0x00,0x00,0x00,0x00,0x00,0x00,0x00,0x00,0x00,0x00,0x00,0x00,0x00,0x00,0x00,0x00,0x00,0x00,0x00,0x00,0x00,
  0x00,0x00,0x00,0x00,0x00,0x00,0x00,0x00,0x00,0x00,0x00,0x00,0x00,0x00,0x00,0x00,0x00,0x00,0x00,0x00,0x00,0x00,0x00,0x00,
  0x00,0x00,0x00,0x00,0x00,0x00,0x00,0x00,0x00,0x00,0x00,0x00,0x00,0x00,0x00,0x00,0x00,0x00,0x00,0x00,0x00,0x00,0x00,0x00,
  0x00,0x00,0x00,0x00,0x00,0x00,0x00,0x00,0x00,0x00,0x00,0x00,0x00,0x00,0x00,0x00,0x00,0x00,0x00,0x00,0x00,0x00,0x00,0x00,
  0x00,0x00,0x00,0x00,0x00,0x00,0x00,0x00,0x00,0x00,0x00,0x00,0x00,0x00,0x00,0x00,0x00,0x00,0x00,0x00,0x00,0x00,0x00,0x00,
  0x00,0x00,0x00,0x00,0x00,0x00,0x00,0x00,0x00,0x00,0x00,0x00,0x00,0x00,0x00,0x00,0x00,0x00,0x00,0x00,0x00,0x00,0x00,0x00,
  0x00,0x00,0x00,0x00,0x00,0x00,0x00,0x00,0x00,0x00,0x00,0x00,0x00,0x00,0x00,0x00,0x00,0x00,0x00,0x00,0x00,0x00,0x00,0x00,
  0x00,0x00,0x00,0x00,0x00,0x00,0x00,0x00,0x00,0x00,0x00,0x00,0x00,0x00,0x00,0x00,0x00,0x00,0x00,0x00,0x00,0x00,0x00,0x00,
  0x00,0x00,0x00,0x00,0x00,0x00,0x00,0x00,0x00,0x00,0x00,0x00,0x00,0x00,0x00,0x00,0x00,0x00,0x00,0x00,0x00,0x00,0x00,0x00,
  0x00,0x00,0x00,0x00,0x00,0x00,0x00,0x00,0x00,0x00,0x00,0x00,0x00,0x00,0x00,0x00,0x00,0x00,0x00,0x00,0x00,0x00,0x00,0x00,
  0x00,0x00,0x00,0x00,0x00,0x00,0x00,0x00,0x00,0x00,0x00,0x00,0x00,0x00,0x00,0x00,0x00,0x00,0x00,0x00,0x00,0x00,0x00,0x00,
  0x00,0x00,0x00,0x00,0x00,0x00,0x00,0x00,0x00,0x00,0x00,0x00,0x00,0x00,0x00,0x00,0x00,0x00,0x00,0x00,0x00,0x00,0x00,0x00,
  0x00,0x00,0x00,0x00,0x00,0x00,0x00,0x00,0x00,0x00,0x00,0x00,0x00,0x00,0x00,0x00,0x00,0x00,0x00,0x00,0x00,0x00,0x00,0x00,
  0x00,0x00,0x00,0x00,0x00,0x00,0x00,0x00,0x00,0x00,0x00,0x00,0x00,0x00,0x00,0x00,0x00,0x00,0x00,0x00,0x00,0x00,0x00,0x00,
  0x00,0x00,0x00,0x00,0x00,0x00,0x00,0x00,0x00,0x00,0x00,0x00,0x00,0x00,0x00,0x00,0x00,0x00,0x00,0x00,0x00,0x00,0x00,0x00,
  0x00,0x00,0x00,0x00,0x00,0x00,0x00,0x00,0x00,0x00,0x00,0x00,0x00,0x00,0x00,0x00,0x00,0x00,0x00,0x00,0x00,0x00,0x00,0x00,
  0x00,0x00,0x00,0x00,0x00,0x00,0x00,0x00,0x00,0x00,0x00,0x00,0x00,0x00,0x00,0x00,0x00,0x00,0x00,0x00,0x00,0x00,0x00,0x00,
  0x00,0x00,0x00,0x00,0x00,0x00,0x00,0x00,0x00,0x00,0x00,0x00,0x00,0x00,0x00,0x00,0x00,0x00,0x00,0x00,0x00,0x00,0x00,0x00,
  0x00,0x00,0x00,0x00,0x00,0x00,0x00,0x00,0x00,0x00,0x00,0x00,0x00,0x00,0x00,0x00,0x00,0x00,0x00,0x00,0x00,0x00,0x00,0x00,
  0x00,0x00,0x00,0x00,0x00,0x00,0x00,0x00,0x00,0x00,0x00,0x00,0x00,0x00,0x00,0x00,0x00,0x00,0x00,0x00,0x00,0x00,0x00,0x00,
  0x00,0x00,0x00,0x00,0x00,0x00,0x00,0x00,0x00,0x00,0x00,0x00,0x00,0x00,0x00,0x00,0x00,0x00,0x00,0x00,0x00,0x00,0x00,0x00,
  0x00,0x00,0x00,0x00,0x00,0x00,0x00,0x00,0x00,0x00,0x00,0x00,0x00,0x00,0x00,0x00,0x00,0x00,0x00,0x00,0x00,0x00,0x00,0x00,
  0x00,0x00,0x00,0x00,0x00,0x00,0x00,0x00,0x00,0x00,0x00,0x00,0x00,0x00,0x00,0x00,0x00,0x00,0x00,0x00,0x00,0x00,0x00,0x00,
  0x00,0x00,0x00,0x00,0x00,0x00,0x00,0x00,0x00,0x00,0x00,0x00,0x00,0x00,0x00,0x00,0x00,0x00,0x00,0x00,0x00,0x00,0x00,0x00,
  0x00,0x00,0x00,0x00,0x00,0x00,0x00,0x00,0x00,0x00,0x00,0x00,0x00,0x00,0x00,0x00,0x00,0x00,0x00,0x00,0x00,0x00,0x00,0x00,
  0x00,0x00,0x00,0x00,0x00,0x00,0x00,0x00,0x00,0x00,0x00,0x00,0x00,0x00,0x00,0x00,0x00,0x00,0x00,0x00,0x00,0x00,0x00,0x00,
  0x00,0x00,0x00,0x00,0x00,0x00,0x00,0x00,0x00,0x00,0x00,0x00,0x00,0x00,0x00,0x00,0x00,0x00,0x00,0x00,0x00,0x00,0x00,0x00,
  0x00,0x00,0x00,0x00,0x00,0x00,0x00,0x00,0x00,0x00,0x00,0x00,0x00,0x00,0x00,0x00,0x00,0x00,0x00,0x00,0x00,0x00,0x00,0x00,
  0x00,0x00,0x00,0x00,0x00,0x00,0x00,0x00,0x00,0x00,0x00,0x00,0x00,0x00,0x00,0x00,0x00,0x00,0x00,0x00,0x00,0x00,0x00,0x00,
  0x00,0x00,0x00,0x00,0x00,0x00,0x00,0x00,0x00,0x00,0x00,0x00,0x00,0x00,0x00,0x00,0x00,0x00,0x00,0x00,0x00,0x00,0x00,0x00,
  0x00,0x00,0x00,0x00,0x00,0x00,0x00,0x00,0x00,0x00,0x00,0x00,0x00,0x00,0x00,0x00,0x00,0x00,0x00,0x00,0x00,0x00,0x00,0x00,
  0x00,0x00,0x00,0x00,0x00,0x00,0x00,0x00,0x00,0x00,0x00,0x00,0x00,0x00,0x00,0x00,0x00,0x00,0x00,0x00,0x00,0x00,0x00,0x00,
  0x00,0x00,0x00,0x00,0x00,0x00,0x00,0x00,0x00,0x00,0x00,0x00,0x00,0x00,0x00,0x00,0x00,0x00,0x00,0x00,0x00,0x00,0x00,0x00,
  0x00,0x00,0x00,0x00,0x00,0x00,0x00,0x00,0x00,0x00,0x00,0x00,0x00,0x00,0x00,0x00,0x00,0x00,0x00,0x00,0x00,0x00,0x00,0x00,
  0x00,0x00,0x00,0x00,0x00,0x00,0x00,0x00,0x00,0x00,0x00,0x00,0x00,0x00,0x00,0x00,0x00,0x00,0x00,0x00,0x00,0x00,0x00,0x00,
};

static const uint8_t CARMEL_EYE_L0_PX[1782] = {
  0xaa,0x2a,0x00,0x00,0x00,0x00,0x00,0x00,0x00,0x00,0x00,0x00,0x00,0x00,0x00,0x00,0x00,0x00,0x00,0x00,0x00,0x00,0xaa,0x06,
  0x00,0x00,0x00,0x00,0x00,0x00,0x00,0x00,0x00,0x00,0x00,0x00,0x00,0x00,0x00,0x00,0x00,0x00,0x00,0x00,0xaa,0x01,0x00,0x00,
  0x00,0x00,0x00,0x00,0x00,0x00,0x00,0x00,0x00,0x00,0x00,0x00,0x00,0x00,0x00,0x00,0x00,0x00,0x2a,0x00,0x00,0x00,0x00,0x00,
  0x00,0x00,0x00,0x54,0xa9,0xaa,0x55,0x00,0x00,0x00,0x00,0x00,0x00,0x00,0x00,0x00,0x06,0x00,0x00,0x00,0x00,0x00,0x00,0x00,
  0x94,0xaa,0xaa,0xaa,0xaa,0x1a,0x00,0x00,0x00,0x00,0x00,0x00,0x00,0x00,0x00,0x00,0x00,0x00,0x00,0x00,0x00,0x90,0xaa,0xaa,
  0xaa,0xaa,0xaa,0xaa,0x06,0x00,0x00,0x00,0x00,0x00,0x00,0x00,0x00,0x00,0x00,0x00,0x00,0x00,0x40,0xa9,0xaa,0xaa,0xaa,0xaa,
  0xaa,0xaa,0x6a,0x00,0x00,0x00,0x00,0x00,0x00,0x00,0x00,0x00,0x00,0x00,0x00,0x00,0xa4,0xaa,0xaa,0xaa,0xaa,0xaa,0xaa,0xaa,
  0xaa,0x06,0x00,0x00,0x00,0x00,0x00,0x00,0x00,0x00,0x00,0x00,0x00,0x40,0xaa,0xaa,0xaa,0xaa,0xaa,0xaa,0xaa,0xaa,0xaa,0x6a,
  0x00,0x00,0x00,0x00,0x00,0x00,0x00,0x00,0x00,0x00,0x00,0x90,0xaa,0xaa,0xaa,0xaa,0xaa,0xaa,0xaa,0xaa,0xaa,0xaa,0x06,0x00,
  0x00,0x00,0x00,0x00,0x00,0x00,0x00,0x00,0x00,0xa9,0xaa,0xaa,0xaa,0xaa,0xaa,0xaa,0xaa,0xaa,0xaa,0xaa,0x1a,0x00,0x00,0x00,
  0x00,0x00,0x00,0x00,0x00,0x00,0x40,0xaa,0xaa,0xaa,0xaa,0xaa,0x55,0x55,0xa9,0xaa,0xaa,0xaa,0x6a,0x00,0x00,0x00,0x00,0x00,
  0x00,0x00,0x00,0x00,0xa0,0xaa,0xaa,0xaa,0x6a,0x01,0x00,0x00,0x40,0xa9,0xaa,0xaa,0xaa,0x02,0x00,0x00,0x00,0x00,0x00,0x00,
  0x00,0x00,0xa9,0xaa,0xaa,0xaa,0x05,0x00,0x00,0x00,0x00,0x50,0xaa,0xaa,0xaa,0x0a,0x00,0x00,0x00,0x00,0x00,0x00,0x00,0x40,
  0xaa,0xaa,0xaa,0x1a,0x00,0x00,0x00,0x00,0x00,0x00,0xa4,0xaa,0xaa,0x2a,0x00,0x00,0x00,0x00,0x00,0x00,0x00,0x90,0xaa,0xaa,
  0xaa,0x01,0x00,0x00,0x00,0x00,0x00,0x00,0x90,0xaa,0xaa,0xaa,0x00,0x00,0x00,0x00,0x00,0x00,0x00,0xa4,0xaa,0xaa,0x1a,0x00,
  0x00,0x00,0x00,0x00,0x00,0x00,0x00,0xa9,0xaa,0xaa,0x02,0x00,0x00,0x00,0x00,0x00,0x00,0xa8,0xaa,0xaa,0x06,0x00,0x00,0x00,
  0x00,0x00,0x00,0x00,0x00,0xa0,0xaa,0xaa,0x06,0x00,0x00,0x00,0x00,0x00,0x00,0xaa,0xaa,0x6a,0x00,0x00,0x00,0x00,0x00,0x00,
  0x00,0x00,0x00,0x80,0xaa,0xaa,0x1a,0x00,0x00,0x00,0x00,0x00,0x40,0xaa,0xaa,0x1a,0x00,0x00,0x00,0x00,0x00,0x00,0x00,0x00,
  0x00,0x00,0xa9,0xaa,0x2a,0x00,0x00,0x00,0x00,0x00,0x90,0xaa,0xaa,0x06,0x00,0x00,0x00,0x00,0xa5,0xaa,0x15,0x00,0x00,0x00,
  0xa4,0xaa,0xaa,0x00,0x00,0x00,0x00,0x00,0xa0,0xaa,0xaa,0x01,0x00,0x00,0x00,0xa4,0xaa,0xaa,0xaa,0x05,0x00,0x00,0xa0,0xaa,
  0xaa,0x01,0x00,0x00,0x00,0x00,0xa4,0xaa,0x6a,0x00,0x00,0x00,0x40,0xaa,0xaa,0xaa,0xaa,0x6a,0x00,0x00,0x80,0xaa,0xaa,0x02,
  0x00,0x00,0x00,0x00,0xa9,0xaa,0x2a,0x00,0x00,0x00,0xa0,0xaa,0xaa,0xaa,0xaa,0xaa,0x01,0x00,0x40,0xaa,0xaa,0x06,0x00,0x00,
  0x00,0x00,0xaa,0xaa,0x0a,0x00,0x00,0x00,0xa9,0xaa,0xaa,0xaa,0xaa,0xaa,0x1a,0x00,0x00,0xa9,0xaa,0x0a,0x00,0x00,0x00,0x40,
  0xaa,0xaa,0x06,0x00,0x00,0x40,0xaa,0xaa,0xaa,0xaa,0xaa,0xaa,0x6a,0x00,0x00,0xa8,0xaa,0x1a,0x00,0x00,0x00,0x80,0xaa,0xaa,
  0x01,0x00,0x00,0x40,0xa5,0xaa,0xaa,0xaa,0xaa,0xaa,0xaa,0x01,0x00,0xa4,0xaa,0x2a,0x00,0x00,0x00,0x90,0xaa,0xaa,0x00,0x00,
  0x00,0x00,0x40,0xaa,0xaa,0xaa,0xaa,0xaa,0xaa,0x06,0x00,0x90,0xaa,0x6a,0x00,0x00,0x00,0x90,0xaa,0x6a,0x00,0x00,0x00,0x00,
  0x00,0xa9,0xaa,0xaa,0xaa,0xaa,0xaa,0x1a,0x00,0x80,0xaa,0xaa,0x00,0x00,0x00,0xa0,0xaa,0x2a,0x00,0x00,0x00,0x00,0x00,0xa4,
  0xaa,0xaa,0xaa,0xaa,0xaa,0x2a,0x00,0x80,0xaa,0xaa,0x01,0x00,0x00,0xa4,0xaa,0x1a,0x00,0x00,0x00,0x00,0x00,0x90,0xaa,0xaa,
  0xaa,0xaa,0xaa,0x6a,0x00,0x40,0xaa,0xaa,0x01,0x00,0x00,0xa8,0xaa,0x0a,0x00,0x00,0x00,0x00,0x00,0x90,0xaa,0xaa,0xaa,0xaa,
  0xaa,0xaa,0x01,0x00,0xaa,0xaa,0x02,0x00,0x00,0xa8,0xaa,0x06,0x00,0x00,0x00,0x00,0x00,0x80,0xaa,0xaa,0xaa,0xaa,0xaa,0xaa,
  0x02,0x00,0xa9,0xaa,0x02,0x00,0x00,0xa9,0xaa,0x06,0x00,0x00,0x00,0x00,0x00,0x40,0xaa,0xaa,0xaa,0xaa,0xaa,0xaa,0x06,0x00,
  0xa9,0xaa,0x06,0x00,0x00,0xa9,0xaa,0x02,0x00,0x00,0x00,0x00,0x00,0x40,0xaa,0xaa,0xaa,0xaa,0xaa,0xaa,0x06,0x00,0xa8,0xaa,
  0x06,0x00,0x00,0xaa,0xaa,0x02,0x00,0x00,0x00,0x00,0x00,0x40,0xaa,0xaa,0xaa,0xaa,0xaa,0xaa,0x0a,0x00,0xa8,0xaa,0x06,0x00,
  0x00,0xaa,0xaa,0x01,0x00,0x00,0x00,0x00,0x00,0x80,0xaa,0xaa,0xaa,0xaa,0xaa,0xaa,0x1a,0x00,0xa4,0xaa,0x0a,0x00,0x00,0xaa,
  0xaa,0x01,0x00,0x00,0x00,0x00,0x00,0x90,0xaa,0xaa,0xaa,0xaa,0xaa,0xaa,0x1a,0x00,0xa4,0xaa,0x0a,0x00,0x00,0xaa,0xaa,0x01,
  0x00,0x00,0x00,0x00,0x00,0xa0,0xaa,0xaa,0xaa,0xaa,0xaa,0xaa,0x1a,0x00,0xa4,0xaa,0x0a,0x00,0x40,0xaa,0xaa,0x00,0x00,0x00,
  0x00,0x00,0x00,0xa4,0xaa,0xaa,0xaa,0xaa,0xaa,0xaa,0x2a,0x00,0xa0,0xaa,0x1a,0x00,0x40,0xaa,0xaa,0x00,0x00,0x00,0x05,0x00,
  0x00,0xa9,0xaa,0xaa,0xaa,0xaa,0xaa,0xaa,0x2a,0x00,0xa0,0xaa,0x1a,0x00,0x40,0xaa,0xaa,0x00,0x00,0x80,0x1a,0x00,0x40,0xaa,
  0xaa,0xaa,0xaa,0xaa,0xaa,0xaa,0x2a,0x00,0xa0,0xaa,0x1a,0x00,0x40,0xaa,0xaa,0x00,0x00,0x80,0xaa,0x55,0xa9,0xaa,0xaa,0xaa,
  0xaa,0xaa,0xaa,0xaa,0x2a,0x00,0xa0,0xaa,0x1a,0x00,0x40,0xaa,0xaa,0x00,0x00,0x80,0xaa,0xaa,0xaa,0xaa,0xaa,0xaa,0xaa,0xaa,
  0xaa,0xaa,0x2a,0x00,0xa0,0xaa,0x1a,0x00,0x40,0xaa,0xaa,0x00,0x00,0x80,0xaa,0xaa,0xaa,0xaa,0xaa,0xaa,0xaa,0xaa,0xaa,0xaa,
  0x2a,0x00,0xa4,0xaa,0x1a,0x00,0x40,0xaa,0xaa,0x00,0x00,0x80,0xaa,0xaa,0xaa,0xaa,0xaa,0xaa,0xaa,0xaa,0xaa,0xaa,0x1a,0x00,
  0xa4,0xaa,0x0a,0x00,0x00,0xaa,0xaa,0x01,0x00,0x80,0xaa,0xaa,0xaa,0xaa,0xaa,0xaa,0xaa,0xaa,0xaa,0xaa,0x1a,0x00,0xa4,0xaa,
  0x0a,0x00,0x00,0xaa,0xaa,0x01,0x00,0x80,0xaa,0xaa,0xaa,0xaa,0xaa,0xaa,0xaa,0xaa,0xaa,0xaa,0x1a,0x00,0xa4,0xaa,0x0a,0x00,
  0x00,0xaa,0xaa,0x01,0x00,0x80,0xaa,0xaa,0xaa,0xaa,0xaa,0xaa,0xaa,0xaa,0xaa,0xaa,0x0a,0x00,0xa8,0xaa,0x06,0x00,0x00,0xaa,
  0xaa,0x02,0x00,0x40,0xaa,0xaa,0xaa,0xaa,0xaa,0xaa,0xaa,0xaa,0xaa,0xaa,0x06,0x00,0xa8,0xaa,0x06,0x00,0x00,0xa9,0xaa,0x02,
  0x00,0x40,0xaa,0xaa,0xaa,0xaa,0xaa,0xaa,0xaa,0xaa,0xaa,0xaa,0x06,0x00,0xa9,0xaa,0x06,0x00,0x00,0xa9,0xaa,0x06,0x00,0x00,
  0xaa,0xaa,0xaa,0xaa,0xaa,0xaa,0xaa,0xaa,0xaa,0xaa,0x01,0x00,0xa9,0xaa,0x02,0x00,0x00,0xa8,0xaa,0x0a,0x00,0x00,0xa9,0xaa,
  0xaa,0xaa,0xaa,0xaa,0xaa,0xaa,0xaa,0xaa,0x01,0x00,0xaa,0xaa,0x02,0x00,0x00,0xa4,0xaa,0x1a,0x00,0x00,0xa8,0xaa,0xaa,0xaa,
  0xaa,0xaa,0xaa,0xaa,0xaa,0x6a,0x00,0x40,0xaa,0xaa,0x01,0x00,0x00,0xa4,0xaa,0x1a,0x00,0x00,0xa4,0xaa,0xaa,0xaa,0xaa,0xaa,
  0xaa,0xaa,0xaa,0x2a,0x00,0x80,0xaa,0xaa,0x00,0x00,0x00,0xa0,0xaa,0x2a,0x00,0x00,0x90,0xaa,0xaa,0xaa,0xaa,0xaa,0xaa,0xaa,
  0xaa,0x0a,0x00,0x90,0xaa,0xaa,0x00,0x00,0x00,0x90,0xaa,0x6a,0x00,0x00,0x80,0xaa,0xaa,0xaa,0xaa,0xaa,0xaa,0xaa,0xaa,0x06,
  0x00,0xa0,0xaa,0x6a,0x00,0x00,0x00,0x90,0xaa,0xaa,0x01,0x00,0x00,0xaa,0xaa,0xaa,0xaa,0xaa,0xaa,0xaa,0xaa,0x01,0x00,0xa4,
  0xaa,0x2a,0x00,0x00,0x00,0x40,0xaa,0xaa,0x02,0x00,0x00,0xa8,0xaa,0xaa,0xaa,0xaa,0xaa,0xaa,0x6a,0x00,0x00,0xa9,0xaa,0x1a,
  0x00,0x00,0x00,0x00,0xaa,0xaa,0x06,0x00,0x00,0x90,0xaa,0xaa,0xaa,0xaa,0xaa,0xaa,0x0a,0x00,0x40,0xaa,0xaa,0x0a,0x00,0x00,
  0x00,0x00,0xa9,0xaa,0x1a,0x00,0x00,0x40,0xaa,0xaa,0xaa,0xaa,0xaa,0xaa,0x01,0x00,0x80,0xaa,0xaa,0x06,0x00,0x00,0x00,0x00,
  0xa8,0xaa,0x6a,0x00,0x00,0x00,0xa4,0xaa,0xaa,0xaa,0xaa,0x1a,0x00,0x00,0xa0,0xaa,0xaa,0x01,0x00,0x00,0x00,0x00,0xa4,0xaa,
  0xaa,0x01,0x00,0x00,0x40,0xaa,0xaa,0xaa,0xaa,0x01,0x00,0x00,0xa8,0xaa,0xaa,0x00,0x00,0x00,0x00,0x00,0xa0,0xaa,0xaa,0x06,
  0x00,0x00,0x00,0x50,0xaa,0xaa,0x05,0x00,0x00,0x40,0xaa,0xaa,0x6a,0x00,0x00,0x00,0x00,0x00,0x80,0xaa,0xaa,0x1a,0x00,0x00,
  0x00,0x00,0x00,0x00,0x00,0x00,0x00,0x90,0xaa,0xaa,0x1a,0x00,0x00,0x00,0x00,0x00,0x40,0xaa,0xaa,0xaa,0x00,0x00,0x00,0x00,
  0x00,0x00,0x00,0x00,0x00,0xa9,0xaa,0xaa,0x06,0x00,0x00,0x00,0x00,0x00,0x00,0xa9,0xaa,0xaa,0x06,0x00,0x00,0x00,0x00,0x00,
  0x00,0x00,0x40,0xaa,0xaa,0xaa,0x01,0x00,0x00,0x00,0x00,0x00,0x00,0xa4,0xaa,0xaa,0x6a,0x00,0x00,0x00,0x00,0x00,0x00,0x00,
  0xa4,0xaa,0xaa,0x6a,0x00,0x00,0x00,0x01,0x00,0x00,0x00,0x90,0xaa,0xaa,0xaa,0x06,0x00,0x00,0x00,0x00,0x00,0x50,0xaa,0xaa,
  0xaa,0x1a,0x00,0x00,0x00,0x02,0x00,0x00,0x00,0x40,0xaa,0xaa,0xaa,0x6a,0x01,0x00,0x00,0x00,0x40,0xa9,0xaa,0xaa,0xaa,0x06,
  0x00,0x00,0x40,0x02,0x00,0x00,0x00,0x00,0xa9,0xaa,0xaa,0xaa,0x6a,0x05,0x00,0x50,0xa9,0xaa,0xaa,0xaa,0xaa,0x01,0x00,0x00,
  0x80,0x02,0x00,0x00,0x00,0x00,0xa0,0xaa,0xaa,0xaa,0xaa,0xaa,0xaa,0xaa,0xaa,0xaa,0xaa,0xaa,0x2a,0x00,0x00,0x00,0x90,0x02,
  0x00,0x00,0x00,0x00,0x40,0xaa,0xaa,0xaa,0xaa,0xaa,0xaa,0xaa,0xaa,0xaa,0xaa,0xaa,0x06,0x00,0x00,0x00,0xa0,0x02,0x00,0x00,
  0x00,0x00,0x00,0xa9,0xaa,0xaa,0xaa,0xaa,0xaa,0xaa,0xaa,0xaa,0xaa,0x6a,0x00,0x00,0x00,0x00,0xa4,0x02,0x00,0x00,0x00,0x00,
  0x00,0x90,0xaa,0xaa,0xaa,0xaa,0xaa,0xaa,0xaa,0xaa,0xaa,0x16,0x00,0x00,0x00,0x00,0xa4,0x02,0x00,0x00,0x00,0x00,0x00,0x00,
  0xa9,0xaa,0xaa,0xaa,0xaa,0xaa,0xaa,0xaa,0x6a,0x01,0x00,0x00,0x00,0x00,0xa8,0x02,0x00,0x00,0x00,0x00,0x00,0x00,0x90,0xaa,
  0xaa,0xaa,0xaa,0xaa,0xaa,0xaa,0x06,0x00,0x00,0x00,0x00,0x00,0xa9,0x02,0x00,0x00,0x00,0x00,0x00,0x00,0x00,0xa4,0xaa,0xaa,
  0xaa,0xaa,0xaa,0x5a,0x00,0x00,0x00,0x00,0x00,0x00,0xaa,0x02,0x00,0x00,0x00,0x00,0x00,0x00,0x00,0x00,0xa5,0xaa,0xaa,0xaa,
  0x5a,0x00,0x00,0x00,0x00,0x00,0x00,0x40,0xaa,0x02,0x00,0x00,0x00,0x00,0x00,0x00,0x00,0x00,0x00,0x54,0x55,0x15,0x00,0x00,
  0x00,0x00,0x00,0x00,0x00,0x40,0xaa,0x02,0x00,0x00,0x00,0x00,0x00,0x00,0x00,0x00,0x00,0x00,0x00,0x00,0x00,0x00,0x00,0x00,
  0x00,0x00,0x00,0x80,0xaa,0x02,
};

static const uint8_t CARMEL_EYE_R0_PX[1826] = {
  0x00,0x00,0x00,0x00,0x00,0x00,0x00,0x00,0x00,0x00,0x00,0x00,0x00,0x00,0x00,0x00,0x00,0x00,0x00,0x00,0xa4,0x02,0x00,0x00,
  0x00,0x00,0x00,0x00,0x00,0x00,0x00,0x00,0x00,0x00,0x00,0x00,0x00,0x00,0x00,0x00,0x00,0x00,0x90,0x02,0x00,0x00,0x00,0x00,
  0x00,0x00,0x00,0x00,0x40,0x95,0xaa,0xaa,0x55,0x00,0x00,0x00,0x00,0x00,0x00,0x00,0x00,0x01,0x00,0x00,0x00,0x00,0x00,0x00,
  0x00,0x40,0xa9,0xaa,0xaa,0xaa,0xaa,0x16,0x00,0x00,0x00,0x00,0x00,0x00,0x00,0x00,0x00,0x00,0x00,0x00,0x00,0x00,0x00,0xa4,
  0xaa,0xaa,0xaa,0xaa,0xaa,0xaa,0x06,0x00,0x00,0x00,0x00,0x00,0x00,0x00,0x00,0x00,0x00,0x00,0x00,0x00,0x50,0xaa,0xaa,0xaa,
  0xaa,0xaa,0xaa,0xaa,0x6a,0x00,0x00,0x00,0x00,0x00,0x00,0x00,0x00,0x00,0x00,0x00,0x00,0x00,0xa5,0xaa,0xaa,0xaa,0xaa,0xaa,
  0xaa,0xaa,0xaa,0x06,0x00,0x00,0x00,0x00,0x00,0x00,0x00,0x00,0x00,0x00,0x00,0x40,0xaa,0xaa,0xaa,0xaa,0xaa,0xaa,0xaa,0xaa,
  0xaa,0x6a,0x00,0x00,0x00,0x00,0x00,0x00,0x00,0x00,0x00,0x00,0x00,0xa4,0xaa,0xaa,0xaa,0xaa,0xaa,0xaa,0xaa,0xaa,0xaa,0xaa,
  0x06,0x00,0x00,0x00,0x00,0x00,0x00,0x00,0x00,0x00,0x00,0xa9,0xaa,0xaa,0xaa,0xaa,0xaa,0xaa,0xaa,0xaa,0xaa,0xaa,0x1a,0x00,
  0x00,0x00,0x00,0x00,0x00,0x00,0x00,0x00,0x90,0xaa,0xaa,0xaa,0xaa,0x5a,0x55,0x55,0xa9,0xaa,0xaa,0xaa,0xaa,0x00,0x00,0x00,
  0x00,0x00,0x00,0x00,0x00,0x00,0xa4,0xaa,0xaa,0xaa,0x5a,0x00,0x00,0x00,0x40,0xa9,0xaa,0xaa,0xaa,0x06,0x00,0x00,0x00,0x00,
  0x00,0x00,0x00,0x00,0xa9,0xaa,0xaa,0x6a,0x00,0x00,0x00,0x00,0x00,0x50,0xaa,0xaa,0xaa,0x1a,0x00,0x00,0x00,0x00,0x00,0x00,
  0x00,0x40,0xaa,0xaa,0xaa,0x06,0x00,0x00,0x00,0x00,0x00,0x00,0xa4,0xaa,0xaa,0x6a,0x00,0x00,0x00,0x00,0x00,0x00,0x00,0x90,
  0xaa,0xaa,0x6a,0x00,0x00,0x00,0x00,0x00,0x00,0x00,0x40,0xaa,0xaa,0xaa,0x01,0x00,0x00,0x00,0x00,0x00,0x00,0xa4,0xaa,0xaa,
  0x1a,0x00,0x00,0x00,0x00,0x00,0x00,0x00,0x00,0xa9,0xaa,0xaa,0x06,0x00,0x00,0x00,0x00,0x00,0x00,0xa9,0xaa,0xaa,0x01,0x00,
  0x00,0x00,0x00,0x00,0x00,0x00,0x00,0x90,0xaa,0xaa,0x0a,0x00,0x00,0x00,0x00,0x00,0x00,0xaa,0xaa,0x6a,0x00,0x00,0x00,0x00,
  0x00,0x00,0x00,0x00,0x00,0x40,0xaa,0xaa,0x2a,0x00,0x00,0x00,0x00,0x00,0x80,0xaa,0xaa,0x1a,0x00,0x00,0x00,0x00,0x00,0x00,
  0x00,0x00,0x00,0x00,0xa9,0xaa,0x6a,0x00,0x00,0x00,0x00,0x00,0x90,0xaa,0xaa,0x06,0x00,0x00,0x00,0x54,0xaa,0x5a,0x01,0x00,
  0x00,0x00,0xa4,0xaa,0xaa,0x01,0x00,0x00,0x00,0x00,0xa0,0xaa,0xaa,0x01,0x00,0x00,0x40,0xaa,0xaa,0xaa,0x5a,0x00,0x00,0x00,
  0x90,0xaa,0xaa,0x02,0x00,0x00,0x00,0x00,0xa4,0xaa,0x6a,0x00,0x00,0x00,0xa4,0xaa,0xaa,0xaa,0xaa,0x06,0x00,0x00,0x40,0xaa,
  0xaa,0x06,0x00,0x00,0x00,0x00,0xa8,0xaa,0x1a,0x00,0x00,0x40,0xaa,0xaa,0xaa,0xaa,0xaa,0x1a,0x00,0x00,0x00,0xaa,0xaa,0x0a,
  0x00,0x00,0x00,0x00,0xa9,0xaa,0x0a,0x00,0x00,0x90,0xaa,0xaa,0xaa,0xaa,0xaa,0xaa,0x01,0x00,0x00,0xa8,0xaa,0x1a,0x00,0x00,
  0x00,0x40,0xaa,0xaa,0x06,0x00,0x00,0xa8,0xaa,0xaa,0xaa,0xaa,0xaa,0xaa,0x06,0x00,0x00,0xa4,0xaa,0x2a,0x00,0x00,0x00,0x40,
  0xaa,0xaa,0x01,0x00,0x00,0x94,0xaa,0xaa,0xaa,0xaa,0xaa,0xaa,0x1a,0x00,0x00,0xa0,0xaa,0x6a,0x00,0x00,0x00,0x80,0xaa,0xaa,
  0x00,0x00,0x00,0x00,0xa9,0xaa,0xaa,0xaa,0xaa,0xaa,0x6a,0x00,0x00,0x90,0xaa,0xaa,0x00,0x00,0x00,0x90,0xaa,0x6a,0x00,0x00,
  0x00,0x00,0x90,0xaa,0xaa,0xaa,0xaa,0xaa,0xaa,0x01,0x00,0x80,0xaa,0xaa,0x01,0x00,0x00,0xa0,0xaa,0x2a,0x00,0x00,0x00,0x00,
  0x80,0xaa,0xaa,0xaa,0xaa,0xaa,0xaa,0x02,0x00,0x40,0xaa,0xaa,0x01,0x00,0x00,0xa0,0xaa,0x1a,0x00,0x00,0x00,0x00,0x00,0xaa,
  0xaa,0xaa,0xaa,0xaa,0xaa,0x06,0x00,0x00,0xaa,0xaa,0x02,0x00,0x00,0xa4,0xaa,0x1a,0x00,0x00,0x00,0x00,0x00,0xa9,0xaa,0xaa,
  0xaa,0xaa,0xaa,0x1a,0x00,0x00,0xa9,0xaa,0x02,0x00,0x00,0xa4,0xaa,0x0a,0x00,0x00,0x00,0x00,0x00,0xa9,0xaa,0xaa,0xaa,0xaa,
  0xaa,0x2a,0x00,0x00,0xa8,0xaa,0x06,0x00,0x00,0xa8,0xaa,0x06,0x00,0x00,0x00,0x00,0x00,0xa8,0xaa,0xaa,0xaa,0xaa,0xaa,0x6a,
  0x00,0x00,0xa8,0xaa,0x0a,0x00,0x00,0xa8,0xaa,0x06,0x00,0x00,0x00,0x00,0x00,0xa8,0xaa,0xaa,0xaa,0xaa,0xaa,0x6a,0x00,0x00,
  0xa4,0xaa,0x0a,0x00,0x00,0xa9,0xaa,0x02,0x00,0x00,0x00,0x00,0x00,0xa8,0xaa,0xaa,0xaa,0xaa,0xaa,0xaa,0x00,0x00,0xa4,0xaa,
  0x0a,0x00,0x00,0xa9,0xaa,0x02,0x00,0x00,0x00,0x00,0x00,0xa9,0xaa,0xaa,0xaa,0xaa,0xaa,0xaa,0x00,0x00,0xa4,0xaa,0x1a,0x00,
  0x00,0xa9,0xaa,0x02,0x00,0x00,0x00,0x00,0x00,0xa9,0xaa,0xaa,0xaa,0xaa,0xaa,0xaa,0x01,0x00,0xa0,0xaa,0x1a,0x00,0x00,0xaa,
  0xaa,0x01,0x00,0x00,0x00,0x00,0x40,0xaa,0xaa,0xaa,0xaa,0xaa,0xaa,0xaa,0x01,0x00,0xa0,0xaa,0x1a,0x00,0x00,0xaa,0xaa,0x01,
  0x00,0x00,0x00,0x00,0x80,0xaa,0xaa,0xaa,0xaa,0xaa,0xaa,0xaa,0x01,0x00,0xa0,0xaa,0x1a,0x00,0x00,0xaa,0xaa,0x01,0x00,0x14,
  0x00,0x00,0xa0,0xaa,0xaa,0xaa,0xaa,0xaa,0xaa,0xaa,0x02,0x00,0x90,0xaa,0x1a,0x00,0x00,0xaa,0xaa,0x01,0x00,0xa8,0x01,0x00,
  0xa9,0xaa,0xaa,0xaa,0xaa,0xaa,0xaa,0xaa,0x02,0x00,0x90,0xaa,0x1a,0x00,0x00,0xaa,0xaa,0x01,0x00,0xa8,0x5a,0x95,0xaa,0xaa,
  0xaa,0xaa,0xaa,0xaa,0xaa,0xaa,0x02,0x00,0x90,0xaa,0x1a,0x00,0x00,0xaa,0xaa,0x01,0x00,0xa8,0xaa,0xaa,0xaa,0xaa,0xaa,0xaa,
  0xaa,0xaa,0xaa,0xaa,0x02,0x00,0x90,0xaa,0x1a,0x00,0x00,0xaa,0xaa,0x01,0x00,0xa8,0xaa,0xaa,0xaa,0xaa,0xaa,0xaa,0xaa,0xaa,
  0xaa,0xaa,0x01,0x00,0xa0,0xaa,0x1a,0x00,0x00,0xa9,0xaa,0x01,0x00,0xa8,0xaa,0xaa,0xaa,0xaa,0xaa,0xaa,0xaa,0xaa,0xaa,0xaa,
  0x01,0x00,0xa0,0xaa,0x1a,0x00,0x00,0xa9,0xaa,0x02,0x00,0xa4,0xaa,0xaa,0xaa,0xaa,0xaa,0xaa,0xaa,0xaa,0xaa,0xaa,0x01,0x00,
  0xa0,0xaa,0x1a,0x00,0x00,0xa9,0xaa,0x02,0x00,0xa4,0xaa,0xaa,0xaa,0xaa,0xaa,0xaa,0xaa,0xaa,0xaa,0xaa,0x00,0x00,0xa0,0xaa,
  0x1a,0x00,0x00,0xa9,0xaa,0x06,0x00,0xa0,0xaa,0xaa,0xaa,0xaa,0xaa,0xaa,0xaa,0xaa,0xaa,0xaa,0x00,0x00,0xa4,0xaa,0x0a,0x00,
  0x00,0xa8,0xaa,0x06,0x00,0xa0,0xaa,0xaa,0xaa,0xaa,0xaa,0xaa,0xaa,0xaa,0xaa,0x6a,0x00,0x00,0xa4,0xaa,0x0a,0x00,0x00,0xa8,
  0xaa,0x0a,0x00,0x90,0xaa,0xaa,0xaa,0xaa,0xaa,0xaa,0xaa,0xaa,0xaa,0x2a,0x00,0x00,0xa8,0xaa,0x0a,0x00,0x00,0xa4,0xaa,0x0a,
  0x00,0x80,0xaa,0xaa,0xaa,0xaa,0xaa,0xaa,0xaa,0xaa,0xaa,0x1a,0x00,0x00,0xa8,0xaa,0x06,0x00,0x00,0xa4,0xaa,0x1a,0x00,0x40,
  0xaa,0xaa,0xaa,0xaa,0xaa,0xaa,0xaa,0xaa,0xaa,0x0a,0x00,0x00,0xa9,0xaa,0x06,0x00,0x00,0xa0,0xaa,0x2a,0x00,0x00,0xaa,0xaa,
  0xaa,0xaa,0xaa,0xaa,0xaa,0xaa,0xaa,0x06,0x00,0x00,0xaa,0xaa,0x02,0x00,0x00,0x90,0xaa,0x6a,0x00,0x00,0xa9,0xaa,0xaa,0xaa,
  0xaa,0xaa,0xaa,0xaa,0xaa,0x02,0x00,0x40,0xaa,0xaa,0x01,0x00,0x00,0x80,0xaa,0xaa,0x00,0x00,0xa4,0xaa,0xaa,0xaa,0xaa,0xaa,
  0xaa,0xaa,0xaa,0x00,0x00,0x80,0xaa,0xaa,0x01,0x00,0x00,0x80,0xaa,0xaa,0x01,0x00,0xa0,0xaa,0xaa,0xaa,0xaa,0xaa,0xaa,0xaa,
  0x6a,0x00,0x00,0x90,0xaa,0xaa,0x00,0x00,0x00,0x40,0xaa,0xaa,0x06,0x00,0x80,0xaa,0xaa,0xaa,0xaa,0xaa,0xaa,0xaa,0x1a,0x00,
  0x00,0xa0,0xaa,0x6a,0x00,0x00,0x00,0x00,0xaa,0xaa,0x0a,0x00,0x00,0xaa,0xaa,0xaa,0xaa,0xaa,0xaa,0xaa,0x06,0x00,0x00,0xa4,
  0xaa,0x2a,0x00,0x00,0x00,0x00,0xa9,0xaa,0x2a,0x00,0x00,0xa4,0xaa,0xaa,0xaa,0xaa,0xaa,0xaa,0x01,0x00,0x00,0xa9,0xaa,0x1a,
  0x00,0x00,0x00,0x00,0xa4,0xaa,0x6a,0x00,0x00,0x90,0xaa,0xaa,0xaa,0xaa,0xaa,0x1a,0x00,0x00,0x40,0xaa,0xaa,0x0a,0x00,0x00,
  0x00,0x00,0xa0,0xaa,0xaa,0x01,0x00,0x00,0xa9,0xaa,0xaa,0xaa,0xaa,0x06,0x00,0x00,0x80,0xaa,0xaa,0x06,0x00,0x00,0x00,0x00,
  0x90,0xaa,0xaa,0x0a,0x00,0x00,0x90,0xaa,0xaa,0xaa,0x5a,0x00,0x00,0x00,0xa0,0xaa,0xaa,0x01,0x00,0x00,0x00,0x00,0x40,0xaa,
  0xaa,0x2a,0x00,0x00,0x00,0x94,0xaa,0x5a,0x01,0x00,0x00,0x00,0xa9,0xaa,0xaa,0x00,0x00,0x00,0x00,0x00,0x00,0xaa,0xaa,0xaa,
  0x01,0x00,0x00,0x00,0x00,0x00,0x00,0x00,0x00,0x40,0xaa,0xaa,0x6a,0x00,0x00,0x00,0x00,0x00,0x00,0xa8,0xaa,0xaa,0x06,0x00,
  0x00,0x00,0x00,0x00,0x00,0x00,0x00,0x90,0xaa,0xaa,0x1a,0x00,0x00,0x00,0x00,0x00,0x00,0xa0,0xaa,0xaa,0x6a,0x00,0x00,0x00,
  0x00,0x00,0x00,0x00,0x00,0xa9,0xaa,0xaa,0x06,0x00,0x00,0x00,0x00,0x00,0x00,0x80,0xaa,0xaa,0xaa,0x06,0x00,0x00,0x00,0x00,
  0x00,0x00,0x50,0xaa,0xaa,0xaa,0x02,0x00,0x00,0x00,0x00,0x00,0x00,0x00,0xaa,0xaa,0xaa,0x6a,0x00,0x00,0x00,0x00,0x00,0x00,
  0xa9,0xaa,0xaa,0xaa,0x00,0x00,0x00,0x00,0x00,0x00,0x00,0x00,0xa4,0xaa,0xaa,0xaa,0x5a,0x00,0x00,0x00,0x00,0x94,0xaa,0xaa,
  0xaa,0x1a,0x00,0x00,0x00,0x00,0x00,0x00,0x00,0x00,0x90,0xaa,0xaa,0xaa,0xaa,0x5a,0x05,0x40,0x95,0xaa,0xaa,0xaa,0xaa,0x06,
  0x00,0x00,0x00,0x00,0x00,0x00,0x00,0x00,0x40,0xaa,0xaa,0xaa,0xaa,0xaa,0xaa,0xaa,0xaa,0xaa,0xaa,0xaa,0xaa,0x01,0x00,0x00,
  0x00,0x00,0x00,0x00,0x00,0x00,0x00,0xa4,0xaa,0xaa,0xaa,0xaa,0xaa,0xaa,0xaa,0xaa,0xaa,0xaa,0x2a,0x00,0x00,0x00,0x00,0x00,
  0x00,0x00,0x00,0x00,0x00,0x90,0xaa,0xaa,0xaa,0xaa,0xaa,0xaa,0xaa,0xaa,0xaa,0xaa,0x06,0x00,0x00,0x00,0x00,0x00,0x00,0x00,
  0x00,0x00,0x00,0x00,0xa9,0xaa,0xaa,0xaa,0xaa,0xaa,0xaa,0xaa,0xaa,0x6a,0x00,0x00,0x00,0x00,0x00,0x00,0x00,0x00,0x00,0x00,
  0x00,0x00,0x90,0xaa,0xaa,0xaa,0xaa,0xaa,0xaa,0xaa,0xaa,0x06,0x00,0x00,0x00,0x00,0x00,0x00,0x00,0x00,0x00,0x00,0x00,0x00,
  0x00,0xa5,0xaa,0xaa,0xaa,0xaa,0xaa,0xaa,0x6a,0x00,0x00,0x00,0x00,0x00,0x00,0x00,0x00,0x00,0x00,0x00,0x00,0x00,0x00,0x40,
  0xa9,0xaa,0xaa,0xaa,0xaa,0xaa,0x01,0x00,0x00,0x00,0x00,0x00,0x00,0x00,0x00,0x00,0x00,0x00,0x00,0x00,0x00,0x00,0x40,0xa5,
  0xaa,0xaa,0x6a,0x05,0x00,0x00,0x00,0x00,0x00,0x00,0x00,0x00,0x00,0x00,0x00,0x00,0x00,0x00,0x00,0x00,0x00,0x00,0x54,0x55,
  0x00,0x00,0x00,0x00,0x00,0x00,0x00,0x00,0x00,0x00,0x00,0x00,0x00,0x00,0x00,0x00,0x00,0x00,0x00,0x00,0x00,0x00,0x00,0x00,
  0x00,0x00,0x00,0x00,0x00,0x00,0x00,0x00,0x00,0x00,0x00,0x00,0x00,0x00,0x00,0x00,0x00,0x00,0x00,0x00,0x00,0x00,0x00,0x00,
  0x00,0x00,0x00,0x00,0x00,0x00,0x00,0x00,0x00,0x00,0x00,0x00,0x00,0x00,0x00,0x00,0x00,0x00,0x00,0x00,0x00,0x00,0x00,0x00,
  0x00,0x00,0x00,0x00,0x00,0x00,0x00,0x00,0x00,0x00,0x00,0x00,0x00,0x00,0x00,0x00,0x00,0x00,0x00,0x00,0x00,0x00,0x00,0x00,
  0x00,0x00,
};

static const uint8_t CARMEL_EYE_L1_PX[1782] = {
  0xaa,0x2a,0x00,0x00,0x00,0x00,0x00,0x00,0x00,0x00,0x00,0x00,0x00,0x00,0x00,0x00,0x00,0x00,0x00,0x00,0x00,0x00,0xaa,0x06,
  0x00,0x00,0x00,0x00,0x00,0x00,0x00,0x40,0x55,0x05,0x00,0x00,0x00,0x00,0x00,0x00,0x00,0x00,0x00,0x00,0xaa,0x01,0x00,0x00,
  0x00,0x00,0x00,0x00,0x54,0xaa,0xaa,0xaa,0x56,0x00,0x00,0x00,0x00,0x00,0x00,0x00,0x00,0x00,0x2a,0x00,0x00,0x00,0x00,0x00,
  0x00,0x50,0xaa,0xaa,0xaa,0xaa,0xaa,0x16,0x00,0x00,0x00,0x00,0x00,0x00,0x00,0x00,0x06,0x00,0x00,0x00,0x00,0x00,0x40,0xa9,
  0xaa,0xaa,0xaa,0xaa,0xaa,0xaa,0x05,0x00,0x00,0x00,0x00,0x00,0x00,0x00,0x00,0x00,0x00,0x00,0x00,0x00,0xa4,0xaa,0xaa,0xaa,
  0xaa,0xaa,0xaa,0xaa,0x6a,0x00,0x00,0x00,0x00,0x00,0x00,0x00,0x00,0x00,0x00,0x00,0x00,0x40,0xaa,0xaa,0xaa,0xaa,0xaa,0xaa,
  0xaa,0xaa,0xaa,0x06,0x00,0x00,0x00,0x00,0x00,0x00,0x00,0x00,0x00,0x00,0x00,0xa4,0xaa,0xaa,0xaa,0xaa,0xaa,0xaa,0xaa,0xaa,
  0xaa,0x1a,0x00,0x00,0x00,0x00,0x00,0x00,0x00,0x00,0x00,0x00,0x00,0xa9,0xaa,0xaa,0xaa,0xaa,0xaa,0xaa,0xaa,0xaa,0xaa,0xaa,
  0x01,0x00,0x00,0x00,0x00,0x00,0x00,0x00,0x00,0x00,0x90,0xaa,0xaa,0xaa,0xaa,0xaa,0xaa,0xaa,0xaa,0xaa,0xaa,0xaa,0x06,0x00,
  0x00,0x00,0x00,0x00,0x00,0x00,0x00,0x00,0xa4,0xaa,0xaa,0xaa,0xaa,0x56,0x55,0x95,0xaa,0xaa,0xaa,0xaa,0x2a,0x00,0x00,0x00,
  0x00,0x00,0x00,0x00,0x00,0x00,0xa9,0xaa,0xaa,0xaa,0x1a,0x00,0x00,0x00,0x94,0xaa,0xaa,0xaa,0xaa,0x00,0x00,0x00,0x00,0x00,
  0x00,0x00,0x00,0x40,0xaa,0xaa,0xaa,0x6a,0x00,0x00,0x00,0x00,0x00,0xa5,0xaa,0xaa,0xaa,0x06,0x00,0x00,0x00,0x00,0x00,0x00,
  0x00,0xa0,0xaa,0xaa,0xaa,0x06,0x00,0x00,0x00,0x00,0x00,0x40,0xaa,0xaa,0xaa,0x1a,0x00,0x00,0x00,0x00,0x00,0x00,0x00,0xa8,
  0xaa,0xaa,0x6a,0x00,0x00,0x00,0x00,0x00,0x00,0x00,0xa4,0xaa,0xaa,0x2a,0x00,0x00,0x00,0x00,0x00,0x00,0x00,0xa9,0xaa,0xaa,
  0x06,0x00,0x00,0x00,0x00,0x00,0x00,0x00,0x90,0xaa,0xaa,0xaa,0x00,0x00,0x00,0x00,0x00,0x00,0x40,0xaa,0xaa,0xaa,0x01,0x00,
  0x00,0x00,0x00,0x00,0x00,0x00,0x00,0xaa,0xaa,0xaa,0x02,0x00,0x00,0x00,0x00,0x00,0x90,0xaa,0xaa,0x2a,0x00,0x00,0x00,0x00,
  0x00,0x00,0x00,0x00,0x00,0xa4,0xaa,0xaa,0x06,0x00,0x00,0x00,0x00,0x00,0xa4,0xaa,0xaa,0x06,0x00,0x00,0x00,0x00,0x00,0x00,
  0x00,0x00,0x00,0x90,0xaa,0xaa,0x1a,0x00,0x00,0x00,0x00,0x00,0xa8,0xaa,0xaa,0x01,0x00,0x00,0x00,0x00,0x00,0x00,0x00,0x00,
  0x00,0x40,0xaa,0xaa,0x2a,0x00,0x00,0x00,0x00,0x00,0xa9,0xaa,0x6a,0x00,0x00,0x00,0x00,0x00,0x00,0x00,0x00,0x00,0x00,0x00,
  0xa9,0xaa,0x6a,0x00,0x00,0x00,0x00,0x40,0xaa,0xaa,0x2a,0x00,0x00,0x00,0x00,0x00,0x00,0x00,0x00,0x00,0x00,0x00,0xa4,0xaa,
  0xaa,0x01,0x00,0x00,0x00,0x80,0xaa,0xaa,0x0a,0x00,0x00,0x00,0x00,0x00,0x00,0x00,0x00,0x00,0x00,0x00,0xa0,0xaa,0xaa,0x01,
  0x00,0x00,0x00,0x90,0xaa,0xaa,0x06,0x00,0x00,0x00,0x00,0x00,0x00,0x00,0x00,0x00,0x00,0x00,0x90,0xaa,0xaa,0x06,0x00,0x00,
  0x00,0xa0,0xaa,0xaa,0x01,0x00,0x00,0x00,0x00,0x00,0x00,0x00,0x00,0x00,0x00,0x00,0x40,0xaa,0xaa,0x0a,0x00,0x00,0x00,0xa4,
  0xaa,0xaa,0x00,0x00,0x00,0x00,0x00,0x00,0x00,0x00,0x00,0x00,0x00,0x00,0x00,0xaa,0xaa,0x1a,0x00,0x00,0x00,0xa8,0xaa,0x6a,
  0x00,0x00,0x00,0x00,0x00,0x00,0x00,0x00,0x00,0x00,0x00,0x00,0x00,0xa9,0xaa,0x1a,0x00,0x00,0x00,0xa9,0xaa,0x1a,0x00,0x00,
  0x00,0x00,0x00,0x00,0x00,0x00,0x00,0x00,0x00,0x00,0x00,0xa8,0xaa,0x2a,0x00,0x00,0x00,0xa9,0xaa,0x0a,0x00,0x00,0x00,0x00,
  0x00,0x00,0x00,0x00,0x00,0x00,0x00,0x00,0x00,0xa4,0xaa,0x6a,0x00,0x00,0x00,0xaa,0xaa,0x06,0x00,0x00,0x00,0x00,0x00,0x00,
  0x00,0x00,0x00,0x00,0x00,0x00,0x00,0xa0,0xaa,0x6a,0x00,0x00,0x40,0xaa,0xaa,0x06,0x00,0x00,0x00,0x00,0x00,0x00,0x00,0x00,
  0x00,0x00,0x00,0x00,0x00,0x90,0xaa,0xaa,0x00,0x00,0x40,0xaa,0xaa,0x02,0x00,0x00,0x00,0x00,0x00,0x00,0x00,0x00,0x00,0x00,
  0x00,0x00,0x00,0x90,0xaa,0xaa,0x00,0x00,0x80,0xaa,0xaa,0x01,0x00,0x00,0x00,0x00,0x00,0x00,0x00,0x00,0x00,0x00,0x00,0x00,
  0x00,0x80,0xaa,0xaa,0x01,0x00,0x90,0xaa,0xaa,0x00,0x00,0x00,0x00,0x00,0x00,0x00,0x00,0x00,0x00,0x00,0x00,0x00,0x00,0x40,
  0xaa,0xaa,0x01,0x00,0x90,0xaa,0xaa,0x00,0x00,0x00,0x00,0x00,0x00,0x00,0x00,0x00,0x00,0x00,0x00,0x00,0x00,0x40,0xaa,0xaa,
  0x02,0x00,0x90,0xaa,0x6a,0x00,0x00,0x00,0x00,0x00,0x00,0x00,0x00,0x00,0x00,0x00,0x00,0x00,0x00,0x40,0xaa,0xaa,0x02,0x00,
  0xa0,0xaa,0x6a,0x00,0x00,0x00,0x00,0x00,0x00,0x00,0x00,0x00,0x00,0x00,0x00,0x00,0x00,0x00,0xaa,0xaa,0x02,0x00,0xa0,0xaa,
  0x2a,0x00,0x00,0x00,0x00,0x00,0x00,0x00,0x00,0x00,0x00,0x00,0x00,0x00,0x00,0x00,0xaa,0xaa,0x06,0x00,0xa0,0xaa,0x2a,0x00,
  0x00,0x00,0x00,0x00,0x00,0x00,0x55,0xa9,0xaa,0xaa,0x6a,0x55,0x00,0x00,0xaa,0xaa,0x06,0x00,0xa4,0xaa,0x2a,0x00,0x00,0x00,
  0x00,0x00,0x50,0xa9,0xaa,0xaa,0xaa,0xaa,0xaa,0xaa,0x6a,0x01,0xa9,0xaa,0x06,0x00,0xa4,0xaa,0x2a,0x00,0x00,0x00,0x00,0x54,
  0xaa,0xaa,0xaa,0xaa,0xaa,0xaa,0xaa,0xaa,0xaa,0x6a,0xaa,0xaa,0x06,0x00,0xa4,0xaa,0x2a,0x00,0x00,0x00,0x50,0xaa,0xaa,0xaa,
  0xaa,0xaa,0xaa,0xaa,0xaa,0xaa,0xaa,0xaa,0xaa,0xaa,0x06,0x00,0xa4,0xaa,0x2a,0x00,0x00,0x50,0xaa,0xaa,0xaa,0xaa,0xaa,0xaa,
  0xaa,0xaa,0xaa,0xaa,0xaa,0xaa,0xaa,0xaa,0x06,0x00,0xa4,0xaa,0x2a,0x00,0x00,0xa9,0xaa,0xaa,0xaa,0xaa,0xaa,0xaa,0xaa,0xaa,
  0xaa,0xaa,0xaa,0xaa,0xaa,0xaa,0x06,0x00,0xa4,0xaa,0x2a,0x00,0xa4,0xaa,0xaa,0xaa,0xaa,0xaa,0xaa,0xaa,0xaa,0xaa,0xaa,0xaa,
  0xaa,0xaa,0xaa,0xaa,0x06,0x00,0xa0,0xaa,0x2a,0x40,0xaa,0xaa,0xaa,0xaa,0xaa,0xaa,0xaa,0xaa,0xaa,0xaa,0xaa,0xaa,0xaa,0xaa,
  0xaa,0xaa,0x02,0x00,0xa0,0xaa,0x2a,0xa5,0xaa,0xaa,0xaa,0xaa,0xaa,0xaa,0xaa,0xaa,0xaa,0xaa,0xaa,0xaa,0xaa,0xaa,0xaa,0xaa,
  0x02,0x00,0xa0,0xaa,0xaa,0xaa,0xaa,0xaa,0xaa,0xaa,0xaa,0xaa,0xaa,0xaa,0xaa,0xaa,0xaa,0xaa,0xaa,0xaa,0xaa,0xaa,0x02,0x00,
  0xa0,0xaa,0xaa,0xaa,0xaa,0xaa,0xaa,0xaa,0xa5,0xaa,0xaa,0xaa,0xaa,0xaa,0xaa,0xaa,0xaa,0xaa,0xaa,0xaa,0x01,0x00,0x90,0xaa,
  0xaa,0xaa,0xaa,0xaa,0xaa,0x05,0xa0,0xaa,0xaa,0xaa,0xaa,0xaa,0xaa,0xaa,0xaa,0xaa,0xaa,0xaa,0x01,0x00,0x90,0xaa,0xaa,0xaa,
  0xaa,0xaa,0x06,0x00,0xa0,0xaa,0xaa,0xaa,0xaa,0xaa,0xaa,0xaa,0xaa,0xaa,0xaa,0xaa,0x00,0x00,0x80,0xaa,0xaa,0xaa,0xaa,0x1a,
  0x00,0x00,0x90,0xaa,0xaa,0xaa,0xaa,0xaa,0xaa,0xaa,0xaa,0xaa,0xaa,0xaa,0x00,0x00,0x80,0xaa,0xaa,0xaa,0x6a,0x00,0x00,0x00,
  0x90,0xaa,0xaa,0xaa,0xaa,0xaa,0xaa,0xaa,0xaa,0xaa,0xaa,0x6a,0x00,0x00,0x40,0xaa,0xaa,0xaa,0x06,0x00,0x00,0x00,0x80,0xaa,
  0xaa,0xaa,0xaa,0xaa,0xaa,0xaa,0xaa,0xaa,0xaa,0x6a,0x00,0x00,0x00,0xaa,0xaa,0x6a,0x00,0x00,0x00,0x00,0x40,0xaa,0xaa,0xaa,
  0xaa,0xaa,0xaa,0xaa,0xaa,0xaa,0xaa,0x2a,0x00,0x00,0x00,0xaa,0xaa,0x1a,0x00,0x00,0x00,0x00,0x00,0xaa,0xaa,0xaa,0xaa,0xaa,
  0xaa,0xaa,0xaa,0xaa,0xaa,0x1a,0x00,0x00,0x00,0xa9,0xaa,0x2a,0x00,0x00,0x00,0x00,0x00,0xa9,0xaa,0xaa,0xaa,0xaa,0xaa,0xaa,
  0xaa,0xaa,0xaa,0x0a,0x00,0x00,0x00,0xa8,0xaa,0x6a,0x00,0x00,0x00,0x00,0x00,0xa8,0xaa,0xaa,0xaa,0xaa,0xaa,0xaa,0xaa,0xaa,
  0xaa,0x06,0x00,0x00,0x00,0xa4,0xaa,0xaa,0x00,0x00,0x00,0x00,0x00,0xa0,0xaa,0xaa,0xaa,0xaa,0xaa,0xaa,0xaa,0xaa,0xaa,0x02,
  0x00,0x00,0x00,0xa0,0xaa,0xaa,0x02,0x00,0x00,0x00,0x00,0x80,0xaa,0xaa,0xaa,0xaa,0xaa,0xaa,0xaa,0xaa,0xaa,0x01,0x00,0x00,
  0x00,0x90,0xaa,0xaa,0x06,0x00,0x00,0x00,0x00,0x00,0xaa,0xaa,0xaa,0xaa,0xaa,0xaa,0xaa,0xaa,0xaa,0x00,0x00,0x00,0x00,0x40,
  0xaa,0xaa,0x1a,0x00,0x00,0x00,0x00,0x00,0xa4,0xaa,0xaa,0xaa,0xaa,0xaa,0xaa,0xaa,0x2a,0x00,0x00,0x00,0x00,0x00,0xaa,0xaa,
  0x6a,0x00,0x00,0x00,0x00,0x00,0x50,0xaa,0xaa,0xaa,0xaa,0x96,0xaa,0xaa,0x1a,0x00,0x00,0x00,0x00,0x00,0xa9,0xaa,0xaa,0x01,
  0x00,0x00,0x00,0x00,0x00,0xa4,0xaa,0xaa,0x5a,0xa4,0xaa,0xaa,0x0a,0x00,0x00,0x00,0x00,0x00,0xa4,0xaa,0xaa,0x0a,0x00,0x00,
  0x00,0x00,0x00,0x00,0x54,0x15,0x00,0xa9,0xaa,0xaa,0x02,0x00,0x00,0x00,0x00,0x00,0xa0,0xaa,0xaa,0x6a,0x00,0x00,0x00,0x00,
  0x00,0x00,0x00,0x00,0x40,0xaa,0xaa,0xaa,0x01,0x00,0x00,0x00,0x00,0x00,0x80,0xaa,0xaa,0xaa,0x02,0x00,0x00,0x00,0x00,0x00,
  0x00,0x00,0xa4,0xaa,0xaa,0x6a,0x00,0x00,0x00,0x00,0x00,0x00,0x00,0xaa,0xaa,0xaa,0x1a,0x00,0x00,0x00,0x00,0x00,0x00,0x40,
  0xaa,0xaa,0xaa,0x1a,0x00,0x00,0x00,0x01,0x00,0x00,0x00,0xa8,0xaa,0xaa,0xaa,0x05,0x00,0x00,0x00,0x00,0x00,0xa4,0xaa,0xaa,
  0xaa,0x06,0x00,0x00,0x00,0x02,0x00,0x00,0x00,0xa0,0xaa,0xaa,0xaa,0x6a,0x00,0x00,0x00,0x00,0x50,0xaa,0xaa,0xaa,0xaa,0x01,
  0x00,0x00,0x40,0x02,0x00,0x00,0x00,0x40,0xaa,0xaa,0xaa,0xaa,0x5a,0x01,0x00,0x50,0xa9,0xaa,0xaa,0xaa,0x6a,0x00,0x00,0x00,
  0x80,0x02,0x00,0x00,0x00,0x00,0xa9,0xaa,0xaa,0xaa,0xaa,0xaa,0xaa,0xaa,0xaa,0xaa,0xaa,0xaa,0x0a,0x00,0x00,0x00,0x90,0x02,
  0x00,0x00,0x00,0x00,0xa4,0xaa,0xaa,0xaa,0xaa,0xaa,0xaa,0xaa,0xaa,0xaa,0xaa,0xaa,0x01,0x00,0x00,0x00,0xa0,0x02,0x00,0x00,
  0x00,0x00,0x40,0xaa,0xaa,0xaa,0xaa,0xaa,0xaa,0xaa,0xaa,0xaa,0xaa,0x2a,0x00,0x00,0x00,0x00,0xa4,0x02,0x00,0x00,0x00,0x00,
  0x00,0xa9,0xaa,0xaa,0xaa,0xaa,0xaa,0xaa,0xaa,0xaa,0xaa,0x06,0x00,0x00,0x00,0x00,0xa4,0x02,0x00,0x00,0x00,0x00,0x00,0x90,
  0xaa,0xaa,0xaa,0xaa,0xaa,0xaa,0xaa,0xaa,0x6a,0x00,0x00,0x00,0x00,0x00,0xa8,0x02,0x00,0x00,0x00,0x00,0x00,0x00,0xa5,0xaa,
  0xaa,0xaa,0xaa,0xaa,0xaa,0xaa,0x06,0x00,0x00,0x00,0x00,0x00,0xa9,0x02,0x00,0x00,0x00,0x00,0x00,0x00,0x40,0xaa,0xaa,0xaa,
  0xaa,0xaa,0xaa,0x5a,0x00,0x00,0x00,0x00,0x00,0x00,0xaa,0x02,0x00,0x00,0x00,0x00,0x00,0x00,0x00,0x54,0xaa,0xaa,0xaa,0xaa,
  0x6a,0x01,0x00,0x00,0x00,0x00,0x00,0x40,0xaa,0x02,0x00,0x00,0x00,0x00,0x00,0x00,0x00,0x00,0x50,0xa5,0xaa,0x55,0x01,0x00,
  0x00,0x00,0x00,0x00,0x00,0x40,0xaa,0x02,0x00,0x00,0x00,0x00,0x00,0x00,0x00,0x00,0x00,0x00,0x00,0x00,0x00,0x00,0x00,0x00,
  0x00,0x00,0x00,0x80,0xaa,0x02,
};

static const uint8_t CARMEL_EYE_R1_PX[1826] = {
  0x00,0x00,0x00,0x00,0x00,0x00,0x00,0x00,0x00,0x00,0x00,0x00,0x00,0x00,0x00,0x00,0x00,0x00,0x00,0x00,0xa4,0x02,0x00,0x00,
  0x00,0x00,0x00,0x00,0x00,0x00,0x40,0xa5,0xaa,0xaa,0x15,0x00,0x00,0x00,0x00,0x00,0x00,0x00,0x90,0x02,0x00,0x00,0x00,0x00,
  0x00,0x00,0x00,0x40,0xa9,0xaa,0xaa,0xaa,0xaa,0x16,0x00,0x00,0x00,0x00,0x00,0x00,0x00,0x01,0x00,0x00,0x00,0x00,0x00,0x00,
  0x00,0xa5,0xaa,0xaa,0xaa,0xaa,0xaa,0xaa,0x05,0x00,0x00,0x00,0x00,0x00,0x00,0x00,0x00,0x00,0x00,0x00,0x00,0x00,0x90,0xaa,
  0xaa,0xaa,0xaa,0xaa,0xaa,0xaa,0x6a,0x00,0x00,0x00,0x00,0x00,0x00,0x00,0x00,0x00,0x00,0x00,0x00,0x00,0xa9,0xaa,0xaa,0xaa,
  0xaa,0xaa,0xaa,0xaa,0xaa,0x06,0x00,0x00,0x00,0x00,0x00,0x00,0x00,0x00,0x00,0x00,0x00,0x90,0xaa,0xaa,0xaa,0xaa,0xaa,0xaa,
  0xaa,0xaa,0xaa,0x6a,0x00,0x00,0x00,0x00,0x00,0x00,0x00,0x00,0x00,0x00,0x00,0xa4,0xaa,0xaa,0xaa,0xaa,0xaa,0xaa,0xaa,0xaa,
  0xaa,0xaa,0x01,0x00,0x00,0x00,0x00,0x00,0x00,0x00,0x00,0x00,0x40,0xaa,0xaa,0xaa,0xaa,0xaa,0xaa,0xaa,0xaa,0xaa,0xaa,0xaa,
  0x1a,0x00,0x00,0x00,0x00,0x00,0x00,0x00,0x00,0x00,0x90,0xaa,0xaa,0xaa,0xaa,0xaa,0xaa,0xaa,0xaa,0xaa,0xaa,0xaa,0x6a,0x00,
  0x00,0x00,0x00,0x00,0x00,0x00,0x00,0x00,0xa8,0xaa,0xaa,0xaa,0xaa,0x15,0x00,0x40,0xa5,0xaa,0xaa,0xaa,0xaa,0x02,0x00,0x00,
  0x00,0x00,0x00,0x00,0x00,0x00,0xaa,0xaa,0xaa,0xaa,0x16,0x00,0x00,0x00,0x40,0xa9,0xaa,0xaa,0xaa,0x0a,0x00,0x00,0x00,0x00,
  0x00,0x00,0x00,0x90,0xaa,0xaa,0xaa,0x5a,0x00,0x00,0x00,0x00,0x00,0x50,0xaa,0xaa,0xaa,0x6a,0x00,0x00,0x00,0x00,0x00,0x00,
  0x00,0xa4,0xaa,0xaa,0xaa,0x06,0x00,0x00,0x00,0x00,0x00,0x00,0xa5,0xaa,0xaa,0xaa,0x01,0x00,0x00,0x00,0x00,0x00,0x00,0xa8,
  0xaa,0xaa,0x6a,0x00,0x00,0x00,0x00,0x00,0x00,0x00,0x90,0xaa,0xaa,0xaa,0x02,0x00,0x00,0x00,0x00,0x00,0x00,0xaa,0xaa,0xaa,
  0x06,0x00,0x00,0x00,0x00,0x00,0x00,0x00,0x00,0xa9,0xaa,0xaa,0x0a,0x00,0x00,0x00,0x00,0x00,0x80,0xaa,0xaa,0xaa,0x01,0x00,
  0x00,0x00,0x00,0x00,0x00,0x00,0x00,0xa4,0xaa,0xaa,0x2a,0x00,0x00,0x00,0x00,0x00,0x90,0xaa,0xaa,0x2a,0x00,0x00,0x00,0x00,
  0x00,0x00,0x00,0x00,0x00,0x90,0xaa,0xaa,0x6a,0x00,0x00,0x00,0x00,0x00,0xa4,0xaa,0xaa,0x0a,0x00,0x00,0x00,0x00,0x00,0x00,
  0x00,0x00,0x00,0x00,0xaa,0xaa,0xaa,0x01,0x00,0x00,0x00,0x00,0xa8,0xaa,0xaa,0x02,0x00,0x00,0x00,0x00,0x00,0x00,0x00,0x00,
  0x00,0x00,0xa8,0xaa,0xaa,0x02,0x00,0x00,0x00,0x00,0xaa,0xaa,0xaa,0x00,0x00,0x00,0x00,0x00,0x00,0x00,0x00,0x00,0x00,0x00,
  0xa0,0xaa,0xaa,0x06,0x00,0x00,0x00,0x40,0xaa,0xaa,0x2a,0x00,0x00,0x00,0x00,0x00,0x00,0x00,0x00,0x00,0x00,0x00,0x80,0xaa,
  0xaa,0x0a,0x00,0x00,0x00,0x80,0xaa,0xaa,0x0a,0x00,0x00,0x00,0x00,0x00,0x00,0x00,0x00,0x00,0x00,0x00,0x40,0xaa,0xaa,0x1a,
  0x00,0x00,0x00,0x90,0xaa,0xaa,0x06,0x00,0x00,0x00,0x00,0x00,0x00,0x00,0x00,0x00,0x00,0x00,0x00,0xa9,0xaa,0x6a,0x00,0x00,
  0x00,0xa0,0xaa,0xaa,0x01,0x00,0x00,0x00,0x00,0x00,0x00,0x00,0x00,0x00,0x00,0x00,0x00,0xa8,0xaa,0x6a,0x00,0x00,0x00,0xa4,
  0xaa,0xaa,0x00,0x00,0x00,0x00,0x00,0x00,0x00,0x00,0x00,0x00,0x00,0x00,0x00,0xa4,0xaa,0xaa,0x00,0x00,0x00,0xa8,0xaa,0x6a,
  0x00,0x00,0x00,0x00,0x00,0x00,0x00,0x00,0x00,0x00,0x00,0x00,0x00,0xa0,0xaa,0xaa,0x01,0x00,0x00,0xa9,0xaa,0x2a,0x00,0x00,
  0x00,0x00,0x00,0x00,0x00,0x00,0x00,0x00,0x00,0x00,0x00,0x90,0xaa,0xaa,0x02,0x00,0x00,0xaa,0xaa,0x1a,0x00,0x00,0x00,0x00,
  0x00,0x00,0x00,0x00,0x00,0x00,0x00,0x00,0x00,0x40,0xaa,0xaa,0x06,0x00,0x00,0xaa,0xaa,0x0a,0x00,0x00,0x00,0x00,0x00,0x00,
  0x00,0x00,0x00,0x00,0x00,0x00,0x00,0x40,0xaa,0xaa,0x06,0x00,0x40,0xaa,0xaa,0x06,0x00,0x00,0x00,0x00,0x00,0x00,0x00,0x00,
  0x00,0x00,0x00,0x00,0x00,0x00,0xaa,0xaa,0x0a,0x00,0x80,0xaa,0xaa,0x02,0x00,0x00,0x00,0x00,0x00,0x00,0x00,0x00,0x00,0x00,
  0x00,0x00,0x00,0x00,0xa9,0xaa,0x1a,0x00,0x80,0xaa,0xaa,0x01,0x00,0x00,0x00,0x00,0x00,0x00,0x00,0x00,0x00,0x00,0x00,0x00,
  0x00,0x00,0xa8,0xaa,0x1a,0x00,0x90,0xaa,0xaa,0x01,0x00,0x00,0x00,0x00,0x00,0x00,0x00,0x00,0x00,0x00,0x00,0x00,0x00,0x00,
  0xa8,0xaa,0x1a,0x00,0x90,0xaa,0xaa,0x00,0x00,0x00,0x00,0x00,0x00,0x00,0x00,0x00,0x00,0x00,0x00,0x00,0x00,0x00,0xa4,0xaa,
  0x2a,0x00,0xa0,0xaa,0x6a,0x00,0x00,0x00,0x00,0x00,0x00,0x00,0x00,0x00,0x00,0x00,0x00,0x00,0x00,0x00,0xa4,0xaa,0x2a,0x00,
  0xa0,0xaa,0x6a,0x00,0x00,0x00,0x00,0x00,0x00,0x00,0x00,0x00,0x00,0x00,0x00,0x00,0x00,0x00,0xa4,0xaa,0x6a,0x00,0xa4,0xaa,
  0x6a,0x00,0x00,0x00,0x00,0x00,0x00,0x00,0x00,0x00,0x00,0x00,0x00,0x00,0x00,0x00,0xa0,0xaa,0x6a,0x00,0xa4,0xaa,0x2a,0x00,
  0x00,0x00,0x00,0x00,0x00,0x00,0x54,0x95,0xaa,0xaa,0xaa,0x56,0x01,0x00,0xa0,0xaa,0x6a,0x00,0xa4,0xaa,0x2a,0x00,0x00,0x00,
  0x00,0x00,0x40,0xa5,0xaa,0xaa,0xaa,0xaa,0xaa,0xaa,0x6a,0x05,0xa0,0xaa,0x6a,0x00,0xa4,0xaa,0x2a,0x00,0x00,0x00,0x00,0x50,
  0xa9,0xaa,0xaa,0xaa,0xaa,0xaa,0xaa,0xaa,0xaa,0xaa,0xa1,0xaa,0x6a,0x00,0xa4,0xaa,0x2a,0x00,0x00,0x00,0x40,0xaa,0xaa,0xaa,
  0xaa,0xaa,0xaa,0xaa,0xaa,0xaa,0xaa,0xaa,0xaa,0xaa,0x6a,0x00,0xa4,0xaa,0x1a,0x00,0x00,0x40,0xa9,0xaa,0xaa,0xaa,0xaa,0xaa,
  0xaa,0xaa,0xaa,0xaa,0xaa,0xaa,0xaa,0xaa,0x6a,0x00,0xa4,0xaa,0x2a,0x00,0x00,0xa5,0xaa,0xaa,0xaa,0xaa,0xaa,0xaa,0xaa,0xaa,
  0xaa,0xaa,0xaa,0xaa,0xaa,0xaa,0x6a,0x00,0xa4,0xaa,0x2a,0x00,0x90,0xaa,0xaa,0xaa,0xaa,0xaa,0xaa,0xaa,0xaa,0xaa,0xaa,0xaa,
  0xaa,0xaa,0xaa,0xaa,0x6a,0x00,0xa4,0xaa,0x2a,0x40,0xa9,0xaa,0xaa,0xaa,0xaa,0xaa,0xaa,0xaa,0xaa,0xaa,0xaa,0xaa,0xaa,0xaa,
  0xaa,0xaa,0x6a,0x00,0xa4,0xaa,0x2a,0xa4,0xaa,0xaa,0xaa,0xaa,0xaa,0xaa,0xaa,0xaa,0xaa,0xaa,0xaa,0xaa,0xaa,0xaa,0xaa,0xaa,
  0x6a,0x00,0xa4,0xaa,0x6a,0xaa,0xaa,0xaa,0xaa,0xaa,0xaa,0xaa,0xaa,0xaa,0xaa,0xaa,0xaa,0xaa,0xaa,0xaa,0xaa,0xaa,0x2a,0x00,
  0xa4,0xaa,0xaa,0xaa,0xaa,0xaa,0xaa,0xaa,0x5a,0xaa,0xaa,0xaa,0xaa,0xaa,0xaa,0xaa,0xaa,0xaa,0xaa,0xaa,0x2a,0x00,0xa0,0xaa,
  0xaa,0xaa,0xaa,0xaa,0xaa,0x5a,0x00,0xaa,0xaa,0xaa,0xaa,0xaa,0xaa,0xaa,0xaa,0xaa,0xaa,0xaa,0x1a,0x00,0xa0,0xaa,0xaa,0xaa,
  0xaa,0xaa,0x5a,0x00,0x00,0xaa,0xaa,0xaa,0xaa,0xaa,0xaa,0xaa,0xaa,0xaa,0xaa,0xaa,0x1a,0x00,0x90,0xaa,0xaa,0xaa,0xaa,0x6a,
  0x00,0x00,0x00,0xa9,0xaa,0xaa,0xaa,0xaa,0xaa,0xaa,0xaa,0xaa,0xaa,0xaa,0x1a,0x00,0x90,0xaa,0xaa,0xaa,0xaa,0x05,0x00,0x00,
  0x00,0xa9,0xaa,0xaa,0xaa,0xaa,0xaa,0xaa,0xaa,0xaa,0xaa,0xaa,0x0a,0x00,0x80,0xaa,0xaa,0xaa,0x1a,0x00,0x00,0x00,0x00,0xa9,
  0xaa,0xaa,0xaa,0xaa,0xaa,0xaa,0xaa,0xaa,0xaa,0xaa,0x06,0x00,0x80,0xaa,0xaa,0xaa,0x01,0x00,0x00,0x00,0x00,0xa8,0xaa,0xaa,
  0xaa,0xaa,0xaa,0xaa,0xaa,0xaa,0xaa,0xaa,0x06,0x00,0x40,0xaa,0xaa,0x1a,0x00,0x00,0x00,0x00,0x00,0xa4,0xaa,0xaa,0xaa,0xaa,
  0xaa,0xaa,0xaa,0xaa,0xaa,0xaa,0x02,0x00,0x00,0xaa,0xaa,0x0a,0x00,0x00,0x00,0x00,0x00,0xa0,0xaa,0xaa,0xaa,0xaa,0xaa,0xaa,
  0xaa,0xaa,0xaa,0xaa,0x01,0x00,0x00,0xa9,0xaa,0x2a,0x00,0x00,0x00,0x00,0x00,0x90,0xaa,0xaa,0xaa,0xaa,0xaa,0xaa,0xaa,0xaa,
  0xaa,0xaa,0x00,0x00,0x00,0xa8,0xaa,0x6a,0x00,0x00,0x00,0x00,0x00,0x80,0xaa,0xaa,0xaa,0xaa,0xaa,0xaa,0xaa,0xaa,0xaa,0x6a,
  0x00,0x00,0x00,0xa4,0xaa,0xaa,0x00,0x00,0x00,0x00,0x00,0x00,0xaa,0xaa,0xaa,0xaa,0xaa,0xaa,0xaa,0xaa,0xaa,0x2a,0x00,0x00,
  0x00,0xa4,0xaa,0xaa,0x02,0x00,0x00,0x00,0x00,0x00,0xa9,0xaa,0xaa,0xaa,0xaa,0xaa,0xaa,0xaa,0xaa,0x1a,0x00,0x00,0x00,0x90,
  0xaa,0xaa,0x06,0x00,0x00,0x00,0x00,0x00,0xa4,0xaa,0xaa,0xaa,0xaa,0xaa,0xaa,0xaa,0xaa,0x0a,0x00,0x00,0x00,0x80,0xaa,0xaa,
  0x1a,0x00,0x00,0x00,0x00,0x00,0x40,0xaa,0xaa,0xaa,0xaa,0xaa,0xaa,0xaa,0xaa,0x06,0x00,0x00,0x00,0x40,0xaa,0xaa,0x6a,0x00,
  0x00,0x00,0x00,0x00,0x00,0xa9,0xaa,0xaa,0xaa,0x6a,0xa9,0xaa,0xaa,0x01,0x00,0x00,0x00,0x00,0xa9,0xaa,0xaa,0x01,0x00,0x00,
  0x00,0x00,0x00,0x50,0xaa,0xaa,0xaa,0x45,0xaa,0xaa,0xaa,0x00,0x00,0x00,0x00,0x00,0xa8,0xaa,0xaa,0x06,0x00,0x00,0x00,0x00,
  0x00,0x00,0x50,0x55,0x05,0x90,0xaa,0xaa,0x2a,0x00,0x00,0x00,0x00,0x00,0xa0,0xaa,0xaa,0x6a,0x00,0x00,0x00,0x00,0x00,0x00,
  0x00,0x00,0x00,0xa8,0xaa,0xaa,0x1a,0x00,0x00,0x00,0x00,0x00,0x90,0xaa,0xaa,0xaa,0x01,0x00,0x00,0x00,0x00,0x00,0x00,0x00,
  0x40,0xaa,0xaa,0xaa,0x06,0x00,0x00,0x00,0x00,0x00,0x40,0xaa,0xaa,0xaa,0x1a,0x00,0x00,0x00,0x00,0x00,0x00,0x00,0xa4,0xaa,
  0xaa,0xaa,0x01,0x00,0x00,0x00,0x00,0x00,0x00,0xa9,0xaa,0xaa,0xaa,0x01,0x00,0x00,0x00,0x00,0x00,0x40,0xa9,0xaa,0xaa,0x6a,
  0x00,0x00,0x00,0x00,0x00,0x00,0x00,0xa4,0xaa,0xaa,0xaa,0x1a,0x00,0x00,0x00,0x00,0x00,0xa4,0xaa,0xaa,0xaa,0x1a,0x00,0x00,
  0x00,0x00,0x00,0x00,0x00,0x90,0xaa,0xaa,0xaa,0xaa,0x16,0x00,0x00,0x00,0x50,0xaa,0xaa,0xaa,0xaa,0x06,0x00,0x00,0x00,0x00,
  0x00,0x00,0x00,0x40,0xaa,0xaa,0xaa,0xaa,0xaa,0x56,0x55,0x55,0xaa,0xaa,0xaa,0xaa,0xaa,0x01,0x00,0x00,0x00,0x00,0x00,0x00,
  0x00,0x00,0xa4,0xaa,0xaa,0xaa,0xaa,0xaa,0xaa,0xaa,0xaa,0xaa,0xaa,0xaa,0x1a,0x00,0x00,0x00,0x00,0x00,0x00,0x00,0x00,0x00,
  0x90,0xaa,0xaa,0xaa,0xaa,0xaa,0xaa,0xaa,0xaa,0xaa,0xaa,0xaa,0x06,0x00,0x00,0x00,0x00,0x00,0x00,0x00,0x00,0x00,0x00,0xa9,
  0xaa,0xaa,0xaa,0xaa,0xaa,0xaa,0xaa,0xaa,0xaa,0x6a,0x00,0x00,0x00,0x00,0x00,0x00,0x00,0x00,0x00,0x00,0x00,0xa4,0xaa,0xaa,
  0xaa,0xaa,0xaa,0xaa,0xaa,0xaa,0xaa,0x1a,0x00,0x00,0x00,0x00,0x00,0x00,0x00,0x00,0x00,0x00,0x00,0x40,0xa9,0xaa,0xaa,0xaa,
  0xaa,0xaa,0xaa,0xaa,0xaa,0x01,0x00,0x00,0x00,0x00,0x00,0x00,0x00,0x00,0x00,0x00,0x00,0x00,0x94,0xaa,0xaa,0xaa,0xaa,0xaa,
  0xaa,0xaa,0x16,0x00,0x00,0x00,0x00,0x00,0x00,0x00,0x00,0x00,0x00,0x00,0x00,0x00,0x00,0xa9,0xaa,0xaa,0xaa,0xaa,0xaa,0x5a,
  0x00,0x00,0x00,0x00,0x00,0x00,0x00,0x00,0x00,0x00,0x00,0x00,0x00,0x00,0x00,0x40,0xa9,0xaa,0xaa,0xaa,0x5a,0x01,0x00,0x00,
  0x00,0x00,0x00,0x00,0x00,0x00,0x00,0x00,0x00,0x00,0x00,0x00,0x00,0x00,0x00,0x55,0x55,0x55,0x00,0x00,0x00,0x00,0x00,0x00,
  0x00,0x00,0x00,0x00,0x00,0x00,0x00,0x00,0x00,0x00,0x00,0x00,0x00,0x00,0x00,0x00,0x00,0x00,0x00,0x00,0x00,0x00,0x00,0x00,
  0x00,0x00,
};

static const uint8_t CARMEL_EYE_L2_PX[1782] = {
  0xaa,0x2a,0x00,0x00,0x00,0x00,0x00,0x00,0x00,0x00,0x00,0x00,0x00,0x00,0x00,0x00,0x00,0x00,0x00,0x00,0x00,0x00,0xaa,0x06,
  0x00,0x00,0x00,0x00,0x00,0x00,0x00,0x00,0x00,0x00,0x00,0x00,0x00,0x00,0x00,0x00,0x00,0x00,0x00,0x00,0xaa,0x01,0x00,0x00,
  0x00,0x00,0x00,0x00,0x00,0x00,0x00,0x00,0x00,0x00,0x00,0x00,0x00,0x00,0x00,0x00,0x00,0x00,0x2a,0x00,0x00,0x00,0x00,0x00,
  0x00,0x00,0x00,0x00,0x00,0x00,0x00,0x00,0x00,0x00,0x00,0x00,0x00,0x00,0x00,0x00,0x06,0x00,0x00,0x00,0x00,0x00,0x00,0x00,
  0x00,0x00,0x00,0x00,0x00,0x00,0x00,0x00,0x00,0x00,0x00,0x00,0x00,0x00,0x00,0x00,0x00,0x00,0x00,0x00,0x00,0x00,0x00,0x00,
  0x00,0x00,0x00,0x00,0x00,0x00,0x00,0x00,0x00,0x00,0x00,0x00,0x00,0x00,0x00,0x00,0x00,0x00,0x00,0x00,0x00,0x00,0x00,0x00,
  0x00,0x00,0x00,0x00,0x00,0x00,0x00,0x00,0x00,0x00,0x00,0x00,0x00,0x00,0x00,0x00,0x00,0x00,0x00,0x54,0xaa,0xaa,0x6a,0x15,
  0x00,0x00,0x00,0x00,0x00,0x00,0x00,0x00,0x00,0x00,0x00,0x00,0x00,0x00,0x00,0x00,0x94,0xaa,0xaa,0xaa,0xaa,0xaa,0x16,0x00,
  0x00,0x00,0x00,0x00,0x00,0x00,0x00,0x00,0x00,0x00,0x00,0x00,0x00,0x50,0xaa,0xaa,0xaa,0xaa,0xaa,0xaa,0xaa,0x01,0x00,0x00,
  0x00,0x00,0x00,0x00,0x00,0x00,0x00,0x00,0x00,0x00,0x00,0xa9,0xaa,0xaa,0xaa,0xaa,0xaa,0xaa,0xaa,0x5a,0x00,0x00,0x00,0x00,
  0x00,0x00,0x00,0x00,0x00,0x00,0x00,0x00,0x90,0xaa,0xaa,0xaa,0xaa,0xaa,0xaa,0xaa,0xaa,0xaa,0x06,0x00,0x00,0x00,0x00,0x00,
  0x00,0x00,0x00,0x00,0x00,0x00,0xa9,0xaa,0xaa,0xaa,0xaa,0xaa,0xaa,0xaa,0xaa,0xaa,0x1a,0x00,0x00,0x00,0x00,0x00,0x00,0x00,
  0x00,0x00,0x00,0x90,0xaa,0xaa,0xaa,0xaa,0xaa,0xaa,0xaa,0xaa,0xaa,0xaa,0xaa,0x01,0x00,0x00,0x00,0x00,0x00,0x00,0x00,0x00,
  0x00,0xa4,0xaa,0xaa,0xaa,0xaa,0xaa,0xaa,0xaa,0xaa,0xaa,0xaa,0xaa,0x06,0x00,0x00,0x00,0x00,0x00,0x00,0x00,0x00,0x40,0xaa,
  0xaa,0xaa,0xaa,0xaa,0xaa,0xaa,0xaa,0xaa,0xaa,0xaa,0xaa,0x6a,0x00,0x00,0x00,0x00,0x00,0x00,0x00,0x00,0x90,0xaa,0xaa,0xaa,
  0xaa,0x6a,0x15,0x00,0x55,0xaa,0xaa,0xaa,0xaa,0xaa,0x01,0x00,0x00,0x00,0x00,0x00,0x00,0x00,0xa4,0xaa,0xaa,0xaa,0x6a,0x01,
  0x00,0x00,0x00,0x50,0xaa,0xaa,0xaa,0xaa,0x06,0x00,0x00,0x00,0x00,0x00,0x00,0x00,0xaa,0xaa,0xaa,0xaa,0x06,0x00,0x00,0x00,
  0x00,0x00,0xa4,0xaa,0xaa,0xaa,0x1a,0x00,0x00,0x00,0x00,0x00,0x00,0x80,0xaa,0xaa,0xaa,0x6a,0x00,0x00,0x00,0x00,0x00,0x00,
  0x40,0xa9,0xaa,0xaa,0x6a,0x00,0x00,0x00,0x00,0x00,0x00,0xa0,0xaa,0xaa,0xaa,0x06,0x00,0x00,0x00,0x00,0x00,0x00,0x00,0xa4,
  0xaa,0xaa,0xaa,0x01,0x00,0x00,0x00,0x00,0x00,0xa8,0xaa,0xaa,0x6a,0x00,0x00,0x00,0x00,0x00,0x00,0x00,0x00,0x40,0xaa,0xaa,
  0xaa,0x06,0x00,0x00,0x00,0x00,0x00,0xa9,0xaa,0xaa,0x1a,0x00,0x00,0x00,0x00,0x00,0x00,0x00,0x00,0x00,0xa9,0xaa,0xaa,0x0a,
  0x00,0x00,0x00,0x00,0x40,0xaa,0xaa,0xaa,0x02,0x00,0x00,0x00,0x00,0x00,0x00,0x00,0x00,0x00,0xa0,0xaa,0xaa,0x2a,0x00,0x00,
  0x00,0x00,0x90,0xaa,0xaa,0x6a,0x00,0x00,0x00,0x00,0x00,0x00,0x00,0x00,0x00,0x00,0x80,0xaa,0xaa,0x6a,0x00,0x00,0x00,0x00,
  0xa0,0xaa,0xaa,0x1a,0x00,0x00,0x00,0x00,0x00,0x00,0x00,0x00,0x00,0x00,0x00,0xaa,0xaa,0xaa,0x00,0x00,0x00,0x00,0xa8,0xaa,
  0xaa,0x06,0x00,0x00,0x00,0x00,0x00,0x00,0x00,0x00,0x00,0x00,0x00,0xa8,0xaa,0xaa,0x01,0x00,0x00,0x00,0xa9,0xaa,0xaa,0x01,
  0x00,0x00,0x00,0x00,0x00,0x00,0x00,0x00,0x00,0x00,0x00,0xa0,0xaa,0xaa,0x01,0x00,0x00,0x00,0xaa,0xaa,0xaa,0x00,0x00,0x00,
  0x00,0x00,0x00,0x00,0x00,0x00,0x00,0x00,0x00,0x90,0xaa,0xaa,0x01,0x00,0x00,0x80,0xaa,0xaa,0x2a,0x00,0x00,0x00,0x00,0x00,
  0x00,0x00,0x00,0x00,0x00,0x00,0x00,0x40,0xaa,0xaa,0x00,0x00,0x00,0x90,0xaa,0xaa,0x1a,0x00,0x00,0x00,0x00,0x00,0x00,0x00,
  0x00,0x00,0x00,0x00,0x00,0x00,0xaa,0x6a,0x00,0x00,0x00,0xa0,0xaa,0xaa,0x06,0x00,0x00,0x00,0x00,0x00,0x00,0x00,0x00,0x00,
  0x00,0x00,0x00,0x00,0xa4,0x1a,0x00,0x00,0x00,0xa4,0xaa,0xaa,0x02,0x00,0x00,0x00,0x00,0x00,0x00,0x00,0x00,0x00,0x00,0x00,
  0x00,0x00,0x00,0x00,0x00,0x00,0x00,0xa8,0xaa,0xaa,0x01,0x00,0x00,0x00,0x00,0x00,0x00,0x00,0x00,0x00,0x00,0x00,0x00,0x00,
  0x00,0x00,0x00,0x00,0x00,0xa9,0xaa,0xaa,0x00,0x00,0x00,0x00,0x00,0x00,0x00,0x00,0x00,0x00,0x00,0x00,0x00,0x00,0x00,0x00,
  0x00,0x00,0x00,0xaa,0xaa,0x6a,0x00,0x00,0x00,0x00,0x00,0x00,0x00,0x00,0x00,0x00,0x00,0x00,0x00,0x00,0x00,0x00,0x00,0x00,
  0x40,0xaa,0xaa,0x2a,0x00,0x00,0x00,0x00,0x00,0x00,0x00,0x00,0x00,0x00,0x00,0x00,0x00,0x00,0x00,0x00,0x00,0x00,0x40,0xaa,
  0xaa,0x1a,0x00,0x00,0x00,0x00,0x00,0x00,0x00,0x00,0x00,0x00,0x00,0x00,0x00,0x00,0x00,0x00,0x00,0x00,0x80,0xaa,0xaa,0x0a,
  0x00,0x00,0x00,0x00,0x00,0x00,0x00,0x00,0x00,0x00,0x00,0x00,0x00,0x00,0x00,0x00,0x00,0x00,0x90,0xaa,0xaa,0x0a,0x00,0x00,
  0x00,0x00,0x00,0x00,0x00,0x00,0x00,0x00,0x00,0x00,0x00,0x00,0x00,0x00,0x00,0x00,0x90,0xaa,0xaa,0x06,0x00,0x00,0x00,0x00,
  0x00,0x00,0x00,0x00,0x00,0x00,0x00,0x00,0x00,0x00,0x00,0x00,0x00,0x00,0x90,0xaa,0xaa,0x02,0x00,0x00,0x00,0x00,0x00,0x00,
  0x00,0x00,0x00,0x00,0x00,0x00,0x00,0x00,0x00,0x00,0x00,0x00,0x80,0xaa,0xaa,0x02,0x00,0x00,0x00,0x00,0x00,0x00,0x00,0x00,
  0x00,0x00,0x00,0x00,0x00,0x00,0x00,0x00,0x00,0x00,0x40,0xaa,0xaa,0x00,0x00,0x00,0x00,0x00,0x00,0x00,0x00,0x00,0x00,0x00,
  0x00,0x00,0x00,0x00,0x00,0x00,0x00,0x00,0x00,0xa9,0x2a,0x00,0x00,0x00,0x00,0x00,0x00,0x00,0x00,0x00,0x00,0x00,0x00,0x00,
  0x00,0x00,0x00,0x00,0x00,0x00,0x00,0x50,0x05,0x00,0x00,0x00,0x00,0x00,0x00,0x00,0x00,0x00,0x00,0x00,0x00,0x00,0x00,0x00,
  0x00,0x54,0x01,0x00,0x00,0x00,0x00,0x00,0x00,0x00,0x00,0x00,0x00,0x00,0x00,0x00,0x00,0x00,0x00,0x00,0x00,0x00,0x00,0xa9,
  0x1a,0x00,0x00,0x00,0x00,0x00,0x00,0x00,0x00,0x00,0x00,0x00,0x00,0x00,0x00,0x00,0x00,0x00,0x00,0x00,0x40,0xaa,0x2a,0x00,
  0x00,0x00,0x00,0x00,0x00,0x00,0x00,0x00,0x00,0x00,0x00,0x00,0x00,0x00,0x00,0x00,0x00,0x00,0x90,0xaa,0x6a,0x00,0x00,0x00,
  0x40,0x00,0x00,0x00,0x00,0x00,0x00,0x00,0x00,0x00,0x00,0x00,0x00,0x00,0x00,0x00,0xa0,0xaa,0xaa,0x00,0x00,0x00,0xa9,0x06,
  0x00,0x00,0x00,0x00,0x00,0x00,0x00,0x00,0x00,0x00,0x00,0x00,0x00,0x00,0xa4,0xaa,0xaa,0x00,0x00,0x40,0xaa,0x1a,0x00,0x00,
  0x00,0x00,0x00,0x00,0x00,0x00,0x00,0x00,0x00,0x00,0x00,0x00,0xa8,0xaa,0xaa,0x00,0x00,0x90,0xaa,0x6a,0x00,0x00,0x00,0x00,
  0x00,0x00,0x00,0x00,0x00,0x00,0x00,0x00,0x00,0x00,0xa9,0xaa,0x6a,0x00,0x00,0x90,0xaa,0xaa,0x00,0x00,0x00,0x00,0x00,0x00,
  0x00,0x00,0x00,0x00,0x00,0x00,0x00,0x00,0xaa,0xaa,0x2a,0x00,0x00,0x90,0xaa,0xaa,0x01,0x00,0x00,0x00,0x00,0x00,0x00,0x00,
  0x00,0x00,0x00,0x00,0x00,0x80,0xaa,0xaa,0x2a,0x00,0x00,0x90,0xaa,0xaa,0x06,0x00,0x00,0x00,0x00,0x00,0x00,0x00,0x00,0x00,
  0x00,0x00,0x00,0x90,0xaa,0xaa,0x1a,0x00,0x00,0x80,0xaa,0xaa,0x0a,0x00,0x00,0x00,0x00,0x00,0x00,0x00,0x00,0x00,0x00,0x00,
  0x00,0xa4,0xaa,0xaa,0x06,0x00,0x00,0x40,0xaa,0xaa,0x1a,0x00,0x00,0x00,0x00,0x00,0x00,0x00,0x00,0x00,0x00,0x00,0x00,0xa8,
  0xaa,0xaa,0x02,0x00,0x00,0x00,0xaa,0xaa,0x6a,0x00,0x00,0x00,0x00,0x00,0x00,0x00,0x00,0x00,0x00,0x00,0x00,0xaa,0xaa,0xaa,
  0x01,0x00,0x00,0x00,0xa9,0xaa,0xaa,0x01,0x00,0x00,0x00,0x00,0x00,0x00,0x00,0x00,0x00,0x00,0x80,0xaa,0xaa,0xaa,0x00,0x00,
  0x00,0x00,0xa8,0xaa,0xaa,0x06,0x00,0x00,0x00,0x00,0x00,0x00,0x00,0x00,0x00,0x00,0xa0,0xaa,0xaa,0x2a,0x00,0x00,0x00,0x00,
  0xa4,0xaa,0xaa,0x1a,0x00,0x00,0x00,0x00,0x00,0x00,0x00,0x00,0x00,0x00,0xa9,0xaa,0xaa,0x1a,0x00,0x00,0x00,0x00,0x90,0xaa,
  0xaa,0xaa,0x00,0x00,0x00,0x00,0x00,0x00,0x00,0x00,0x00,0x40,0xaa,0xaa,0xaa,0x06,0x00,0x00,0x00,0x00,0x40,0xaa,0xaa,0xaa,
  0x06,0x00,0x00,0x00,0x00,0x00,0x00,0x00,0x00,0xa0,0xaa,0xaa,0xaa,0x01,0x00,0x00,0x00,0x00,0x00,0xaa,0xaa,0xaa,0x1a,0x00,
  0x00,0x00,0x00,0x00,0x00,0x00,0x00,0xa9,0xaa,0xaa,0xaa,0x00,0x00,0x00,0x00,0x00,0x00,0xa8,0xaa,0xaa,0xaa,0x01,0x00,0x00,
  0x00,0x00,0x00,0x00,0x90,0xaa,0xaa,0xaa,0x2a,0x00,0x00,0x00,0x00,0x00,0x00,0xa0,0xaa,0xaa,0xaa,0x5a,0x00,0x00,0x00,0x00,
  0x00,0x00,0xa9,0xaa,0xaa,0xaa,0x0a,0x00,0x00,0x00,0x00,0x00,0x00,0x80,0xaa,0xaa,0xaa,0xaa,0x06,0x00,0x00,0x00,0x00,0x94,
  0xaa,0xaa,0xaa,0xaa,0x02,0x00,0x00,0x01,0x00,0x00,0x00,0x00,0xaa,0xaa,0xaa,0xaa,0xaa,0x15,0x00,0x00,0x95,0xaa,0xaa,0xaa,
  0xaa,0x6a,0x00,0x00,0x00,0x02,0x00,0x00,0x00,0x00,0xa4,0xaa,0xaa,0xaa,0xaa,0xaa,0xaa,0xaa,0xaa,0xaa,0xaa,0xaa,0xaa,0x1a,
  0x00,0x00,0x40,0x02,0x00,0x00,0x00,0x00,0x90,0xaa,0xaa,0xaa,0xaa,0xaa,0xaa,0xaa,0xaa,0xaa,0xaa,0xaa,0xaa,0x02,0x00,0x00,
  0x80,0x02,0x00,0x00,0x00,0x00,0x00,0xaa,0xaa,0xaa,0xaa,0xaa,0xaa,0xaa,0xaa,0xaa,0xaa,0xaa,0x6a,0x00,0x00,0x00,0x90,0x02,
  0x00,0x00,0x00,0x00,0x00,0xa4,0xaa,0xaa,0xaa,0xaa,0xaa,0xaa,0xaa,0xaa,0xaa,0xaa,0x0a,0x00,0x00,0x00,0xa0,0x02,0x00,0x00,
  0x00,0x00,0x00,0x40,0xaa,0xaa,0xaa,0xaa,0xaa,0xaa,0xaa,0xaa,0xaa,0xaa,0x01,0x00,0x00,0x00,0xa4,0x02,0x00,0x00,0x00,0x00,
  0x00,0x00,0xa4,0xaa,0xaa,0xaa,0xaa,0xaa,0xaa,0xaa,0xaa,0x1a,0x00,0x00,0x00,0x00,0xa4,0x02,0x00,0x00,0x00,0x00,0x00,0x00,
  0x40,0xaa,0xaa,0xaa,0xaa,0xaa,0xaa,0xaa,0x6a,0x01,0x00,0x00,0x00,0x00,0xa8,0x02,0x00,0x00,0x00,0x00,0x00,0x00,0x00,0x94,
  0xaa,0xaa,0xaa,0xaa,0xaa,0xaa,0x06,0x00,0x00,0x00,0x00,0x00,0xa9,0x02,0x00,0x00,0x00,0x00,0x00,0x00,0x00,0x00,0x95,0xaa,
  0xaa,0xaa,0xaa,0x16,0x00,0x00,0x00,0x00,0x00,0x00,0xaa,0x02,0x00,0x00,0x00,0x00,0x00,0x00,0x00,0x00,0x00,0x54,0x55,0x55,
  0x05,0x00,0x00,0x00,0x00,0x00,0x00,0x40,0xaa,0x02,0x00,0x00,0x00,0x00,0x00,0x00,0x00,0x00,0x00,0x00,0x00,0x00,0x00,0x00,
  0x00,0x00,0x00,0x00,0x00,0x40,0xaa,0x02,0x00,0x00,0x00,0x00,0x00,0x00,0x00,0x00,0x00,0x00,0x00,0x00,0x00,0x00,0x00,0x00,
  0x00,0x00,0x00,0x80,0xaa,0x02,
};

static const uint8_t CARMEL_EYE_R2_PX[1826] = {
  0x00,0x00,0x00,0x00,0x00,0x00,0x00,0x00,0x00,0x00,0x00,0x00,0x00,0x00,0x00,0x00,0x00,0x00,0x00,0x00,0xa4,0x02,0x00,0x00,
  0x00,0x00,0x00,0x00,0x00,0x00,0x00,0x00,0x00,0x00,0x00,0x00,0x00,0x00,0x00,0x00,0x00,0x00,0x90,0x02,0x00,0x00,0x00,0x00,
  0x00,0x00,0x00,0x00,0x00,0x00,0x00,0x00,0x00,0x00,0x00,0x00,0x00,0x00,0x00,0x00,0x00,0x01,0x00,0x00,0x00,0x00,0x00,0x00,
  0x00,0x00,0x00,0x00,0x00,0x00,0x00,0x00,0x00,0x00,0x00,0x00,0x00,0x00,0x00,0x00,0x00,0x00,0x00,0x00,0x00,0x00,0x00,0x00,
  0x00,0x00,0x00,0x00,0x00,0x00,0x00,0x00,0x00,0x00,0x00,0x00,0x00,0x00,0x00,0x00,0x00,0x00,0x00,0x00,0x00,0x00,0x00,0x00,
  0x00,0x00,0x00,0x00,0x00,0x00,0x00,0x00,0x00,0x00,0x00,0x00,0x00,0x00,0x00,0x00,0x00,0x00,0x00,0x00,0x50,0xa5,0xaa,0x6a,
  0x15,0x00,0x00,0x00,0x00,0x00,0x00,0x00,0x00,0x00,0x00,0x00,0x00,0x00,0x00,0x00,0x00,0x50,0xaa,0xaa,0xaa,0xaa,0xaa,0x16,
  0x00,0x00,0x00,0x00,0x00,0x00,0x00,0x00,0x00,0x00,0x00,0x00,0x00,0x00,0x40,0xa9,0xaa,0xaa,0xaa,0xaa,0xaa,0xaa,0x06,0x00,
  0x00,0x00,0x00,0x00,0x00,0x00,0x00,0x00,0x00,0x00,0x00,0x00,0xa4,0xaa,0xaa,0xaa,0xaa,0xaa,0xaa,0xaa,0x6a,0x01,0x00,0x00,
  0x00,0x00,0x00,0x00,0x00,0x00,0x00,0x00,0x00,0x40,0xaa,0xaa,0xaa,0xaa,0xaa,0xaa,0xaa,0xaa,0xaa,0x16,0x00,0x00,0x00,0x00,
  0x00,0x00,0x00,0x00,0x00,0x00,0x00,0xa4,0xaa,0xaa,0xaa,0xaa,0xaa,0xaa,0xaa,0xaa,0xaa,0x6a,0x00,0x00,0x00,0x00,0x00,0x00,
  0x00,0x00,0x00,0x00,0x00,0xaa,0xaa,0xaa,0xaa,0xaa,0xaa,0xaa,0xaa,0xaa,0xaa,0xaa,0x06,0x00,0x00,0x00,0x00,0x00,0x00,0x00,
  0x00,0x00,0x90,0xaa,0xaa,0xaa,0xaa,0xaa,0xaa,0xaa,0xaa,0xaa,0xaa,0xaa,0x6a,0x00,0x00,0x00,0x00,0x00,0x00,0x00,0x00,0x00,
  0xa8,0xaa,0xaa,0xaa,0xaa,0xaa,0xaa,0xaa,0xaa,0xaa,0xaa,0xaa,0xaa,0x01,0x00,0x00,0x00,0x00,0x00,0x00,0x00,0x40,0xaa,0xaa,
  0xaa,0xaa,0xaa,0x5a,0x55,0x55,0xaa,0xaa,0xaa,0xaa,0xaa,0x06,0x00,0x00,0x00,0x00,0x00,0x00,0x00,0x90,0xaa,0xaa,0xaa,0xaa,
  0x5a,0x00,0x00,0x00,0x50,0xaa,0xaa,0xaa,0xaa,0x2a,0x00,0x00,0x00,0x00,0x00,0x00,0x00,0xa4,0xaa,0xaa,0xaa,0x6a,0x00,0x00,
  0x00,0x00,0x00,0x94,0xaa,0xaa,0xaa,0xaa,0x00,0x00,0x00,0x00,0x00,0x00,0x00,0xa9,0xaa,0xaa,0xaa,0x05,0x00,0x00,0x00,0x00,
  0x00,0x00,0xa9,0xaa,0xaa,0xaa,0x02,0x00,0x00,0x00,0x00,0x00,0x40,0xaa,0xaa,0xaa,0x6a,0x00,0x00,0x00,0x00,0x00,0x00,0x00,
  0x90,0xaa,0xaa,0xaa,0x0a,0x00,0x00,0x00,0x00,0x00,0x90,0xaa,0xaa,0xaa,0x06,0x00,0x00,0x00,0x00,0x00,0x00,0x00,0x00,0xa9,
  0xaa,0xaa,0x2a,0x00,0x00,0x00,0x00,0x00,0xa4,0xaa,0xaa,0x6a,0x00,0x00,0x00,0x00,0x00,0x00,0x00,0x00,0x00,0xa4,0xaa,0xaa,
  0xaa,0x00,0x00,0x00,0x00,0x00,0xa9,0xaa,0xaa,0x1a,0x00,0x00,0x00,0x00,0x00,0x00,0x00,0x00,0x00,0x80,0xaa,0xaa,0xaa,0x01,
  0x00,0x00,0x00,0x00,0xaa,0xaa,0xaa,0x02,0x00,0x00,0x00,0x00,0x00,0x00,0x00,0x00,0x00,0x00,0xa9,0xaa,0xaa,0x06,0x00,0x00,
  0x00,0x40,0xaa,0xaa,0x6a,0x00,0x00,0x00,0x00,0x00,0x00,0x00,0x00,0x00,0x00,0x00,0xa4,0xaa,0xaa,0x0a,0x00,0x00,0x00,0x90,
  0xaa,0xaa,0x1a,0x00,0x00,0x00,0x00,0x00,0x00,0x00,0x00,0x00,0x00,0x00,0x90,0xaa,0xaa,0x1a,0x00,0x00,0x00,0xa0,0xaa,0xaa,
  0x06,0x00,0x00,0x00,0x00,0x00,0x00,0x00,0x00,0x00,0x00,0x00,0x40,0xaa,0xaa,0x6a,0x00,0x00,0x00,0xa4,0xaa,0xaa,0x02,0x00,
  0x00,0x00,0x00,0x00,0x00,0x00,0x00,0x00,0x00,0x00,0x00,0xaa,0xaa,0xaa,0x00,0x00,0x00,0xa4,0xaa,0xaa,0x00,0x00,0x00,0x00,
  0x00,0x00,0x00,0x00,0x00,0x00,0x00,0x00,0x00,0xa9,0xaa,0xaa,0x01,0x00,0x00,0xa4,0xaa,0x6a,0x00,0x00,0x00,0x00,0x00,0x00,
  0x00,0x00,0x00,0x00,0x00,0x00,0x00,0xa4,0xaa,0xaa,0x02,0x00,0x00,0xa0,0xaa,0x1a,0x00,0x00,0x00,0x00,0x00,0x00,0x00,0x00,
  0x00,0x00,0x00,0x00,0x00,0xa0,0xaa,0xaa,0x06,0x00,0x00,0x90,0xaa,0x06,0x00,0x00,0x00,0x00,0x00,0x00,0x00,0x00,0x00,0x00,
  0x00,0x00,0x00,0x80,0xaa,0xaa,0x0a,0x00,0x00,0x00,0xa9,0x01,0x00,0x00,0x00,0x00,0x00,0x00,0x00,0x00,0x00,0x00,0x00,0x00,
  0x00,0x40,0xaa,0xaa,0x1a,0x00,0x00,0x00,0x00,0x00,0x00,0x00,0x00,0x00,0x00,0x00,0x00,0x00,0x00,0x00,0x00,0x00,0x00,0x00,
  0xaa,0xaa,0x1a,0x00,0x00,0x00,0x00,0x00,0x00,0x00,0x00,0x00,0x00,0x00,0x00,0x00,0x00,0x00,0x00,0x00,0x00,0x00,0xa9,0xaa,
  0x2a,0x00,0x00,0x00,0x00,0x00,0x00,0x00,0x00,0x00,0x00,0x00,0x00,0x00,0x00,0x00,0x00,0x00,0x00,0x00,0xa9,0xaa,0x6a,0x00,
  0x00,0x00,0x00,0x00,0x00,0x00,0x00,0x00,0x00,0x00,0x00,0x00,0x00,0x00,0x00,0x00,0x00,0x00,0xa8,0xaa,0x6a,0x00,0x00,0x00,
  0x00,0x00,0x00,0x00,0x00,0x00,0x00,0x00,0x00,0x00,0x00,0x00,0x00,0x00,0x00,0x00,0xa4,0xaa,0xaa,0x00,0x00,0x00,0x00,0x00,
  0x00,0x00,0x00,0x00,0x00,0x00,0x00,0x00,0x00,0x00,0x00,0x00,0x00,0x00,0xa0,0xaa,0xaa,0x00,0x00,0x00,0x00,0x00,0x00,0x00,
  0x00,0x00,0x00,0x00,0x00,0x00,0x00,0x00,0x00,0x00,0x00,0x00,0xa0,0xaa,0xaa,0x00,0x00,0x00,0x00,0x00,0x00,0x00,0x00,0x00,
  0x00,0x00,0x00,0x00,0x00,0x00,0x00,0x00,0x00,0x00,0x90,0xaa,0xaa,0x00,0x00,0x00,0x00,0x00,0x00,0x00,0x00,0x00,0x00,0x00,
  0x00,0x00,0x00,0x00,0x00,0x00,0x00,0x00,0x90,0xaa,0xaa,0x00,0x00,0x00,0x00,0x00,0x00,0x00,0x00,0x00,0x00,0x00,0x00,0x00,
  0x00,0x00,0x00,0x00,0x00,0x00,0x80,0xaa,0x6a,0x00,0x00,0x00,0x00,0x00,0x00,0x00,0x00,0x00,0x00,0x00,0x00,0x00,0x00,0x00,
  0x00,0x00,0x00,0x00,0x00,0xaa,0x1a,0x00,0x00,0x00,0x00,0x00,0x00,0x00,0x00,0x00,0x00,0x00,0x00,0x00,0x00,0x00,0x00,0x00,
  0x00,0x00,0x00,0x54,0x05,0x00,0x00,0x94,0x05,0x00,0x00,0x00,0x00,0x00,0x00,0x00,0x00,0x00,0x00,0x00,0x00,0x00,0x00,0x00,
  0x00,0x00,0x00,0x00,0x00,0xa9,0x2a,0x00,0x00,0x00,0x00,0x00,0x00,0x00,0x00,0x00,0x00,0x00,0x00,0x00,0x00,0x00,0x00,0x00,
  0x00,0x00,0x40,0xaa,0xaa,0x00,0x00,0x00,0x00,0x00,0x00,0x00,0x00,0x00,0x00,0x00,0x00,0x00,0x00,0x00,0x00,0x00,0x00,0x00,
  0x80,0xaa,0xaa,0x01,0x00,0x00,0x00,0x00,0x00,0x00,0x00,0x00,0x00,0x00,0x00,0x00,0x00,0x00,0x00,0x00,0x00,0x00,0x90,0xaa,
  0xaa,0x01,0x00,0x00,0x00,0x00,0x00,0x00,0x00,0x00,0x00,0x00,0x00,0x00,0x00,0x00,0x00,0x00,0x00,0x00,0x90,0xaa,0xaa,0x02,
  0x00,0x00,0x00,0x00,0x00,0x00,0x00,0x00,0x00,0x00,0x00,0x00,0x00,0x00,0x00,0x01,0x00,0x00,0x80,0xaa,0xaa,0x06,0x00,0x00,
  0x00,0x00,0x00,0x00,0x00,0x00,0x00,0x00,0x00,0x00,0x00,0x00,0xa4,0x6a,0x00,0x00,0x80,0xaa,0xaa,0x0a,0x00,0x00,0x00,0x00,
  0x00,0x00,0x00,0x00,0x00,0x00,0x00,0x00,0x00,0x00,0xa9,0xaa,0x01,0x00,0x40,0xaa,0xaa,0x1a,0x00,0x00,0x00,0x00,0x00,0x00,
  0x00,0x00,0x00,0x00,0x00,0x00,0x00,0x00,0xaa,0xaa,0x02,0x00,0x00,0xaa,0xaa,0x2a,0x00,0x00,0x00,0x00,0x00,0x00,0x00,0x00,
  0x00,0x00,0x00,0x00,0x00,0x40,0xaa,0xaa,0x02,0x00,0x00,0xa9,0xaa,0x6a,0x00,0x00,0x00,0x00,0x00,0x00,0x00,0x00,0x00,0x00,
  0x00,0x00,0x00,0x90,0xaa,0xaa,0x06,0x00,0x00,0xa9,0xaa,0xaa,0x01,0x00,0x00,0x00,0x00,0x00,0x00,0x00,0x00,0x00,0x00,0x00,
  0x00,0xa0,0xaa,0xaa,0x02,0x00,0x00,0xa8,0xaa,0xaa,0x02,0x00,0x00,0x00,0x00,0x00,0x00,0x00,0x00,0x00,0x00,0x00,0x00,0xa8,
  0xaa,0xaa,0x02,0x00,0x00,0xa4,0xaa,0xaa,0x0a,0x00,0x00,0x00,0x00,0x00,0x00,0x00,0x00,0x00,0x00,0x00,0x00,0xa9,0xaa,0xaa,
  0x01,0x00,0x00,0x90,0xaa,0xaa,0x2a,0x00,0x00,0x00,0x00,0x00,0x00,0x00,0x00,0x00,0x00,0x00,0x40,0xaa,0xaa,0xaa,0x00,0x00,
  0x00,0x80,0xaa,0xaa,0x6a,0x00,0x00,0x00,0x00,0x00,0x00,0x00,0x00,0x00,0x00,0x00,0x90,0xaa,0xaa,0x2a,0x00,0x00,0x00,0x40,
  0xaa,0xaa,0xaa,0x01,0x00,0x00,0x00,0x00,0x00,0x00,0x00,0x00,0x00,0x00,0xa4,0xaa,0xaa,0x1a,0x00,0x00,0x00,0x00,0xa9,0xaa,
  0xaa,0x0a,0x00,0x00,0x00,0x00,0x00,0x00,0x00,0x00,0x00,0x00,0xa9,0xaa,0xaa,0x0a,0x00,0x00,0x00,0x00,0xa8,0xaa,0xaa,0x6a,
  0x00,0x00,0x00,0x00,0x00,0x00,0x00,0x00,0x00,0x90,0xaa,0xaa,0xaa,0x02,0x00,0x00,0x00,0x00,0xa0,0xaa,0xaa,0xaa,0x01,0x00,
  0x00,0x00,0x00,0x00,0x00,0x00,0x00,0xa4,0xaa,0xaa,0xaa,0x01,0x00,0x00,0x00,0x00,0x90,0xaa,0xaa,0xaa,0x1a,0x00,0x00,0x00,
  0x00,0x00,0x00,0x00,0x40,0xaa,0xaa,0xaa,0x6a,0x00,0x00,0x00,0x00,0x00,0x40,0xaa,0xaa,0xaa,0xaa,0x01,0x00,0x00,0x00,0x00,
  0x00,0x00,0xa4,0xaa,0xaa,0xaa,0x1a,0x00,0x00,0x00,0x00,0x00,0x00,0xa9,0xaa,0xaa,0xaa,0x1a,0x00,0x00,0x00,0x00,0x00,0x40,
  0xaa,0xaa,0xaa,0xaa,0x06,0x00,0x00,0x00,0x00,0x00,0x00,0xa4,0xaa,0xaa,0xaa,0xaa,0x06,0x00,0x00,0x00,0x00,0xa5,0xaa,0xaa,
  0xaa,0xaa,0x01,0x00,0x00,0x00,0x00,0x00,0x00,0x90,0xaa,0xaa,0xaa,0xaa,0xaa,0x55,0x01,0x54,0xa5,0xaa,0xaa,0xaa,0xaa,0x6a,
  0x00,0x00,0x00,0x00,0x00,0x00,0x00,0x00,0xaa,0xaa,0xaa,0xaa,0xaa,0xaa,0xaa,0xaa,0xaa,0xaa,0xaa,0xaa,0xaa,0x06,0x00,0x00,
  0x00,0x00,0x00,0x00,0x00,0x00,0xa4,0xaa,0xaa,0xaa,0xaa,0xaa,0xaa,0xaa,0xaa,0xaa,0xaa,0xaa,0xaa,0x01,0x00,0x00,0x00,0x00,
  0x00,0x00,0x00,0x00,0x90,0xaa,0xaa,0xaa,0xaa,0xaa,0xaa,0xaa,0xaa,0xaa,0xaa,0xaa,0x6a,0x00,0x00,0x00,0x00,0x00,0x00,0x00,
  0x00,0x00,0x00,0xa9,0xaa,0xaa,0xaa,0xaa,0xaa,0xaa,0xaa,0xaa,0xaa,0xaa,0x06,0x00,0x00,0x00,0x00,0x00,0x00,0x00,0x00,0x00,
  0x00,0x90,0xaa,0xaa,0xaa,0xaa,0xaa,0xaa,0xaa,0xaa,0xaa,0x6a,0x00,0x00,0x00,0x00,0x00,0x00,0x00,0x00,0x00,0x00,0x00,0x00,
  0xa9,0xaa,0xaa,0xaa,0xaa,0xaa,0xaa,0xaa,0xaa,0x06,0x00,0x00,0x00,0x00,0x00,0x00,0x00,0x00,0x00,0x00,0x00,0x00,0x90,0xaa,
  0xaa,0xaa,0xaa,0xaa,0xaa,0xaa,0x6a,0x00,0x00,0x00,0x00,0x00,0x00,0x00,0x00,0x00,0x00,0x00,0x00,0x00,0x00,0xa5,0xaa,0xaa,
  0xaa,0xaa,0xaa,0xaa,0x01,0x00,0x00,0x00,0x00,0x00,0x00,0x00,0x00,0x00,0x00,0x00,0x00,0x00,0x00,0x00,0xa5,0xaa,0xaa,0xaa,
  0x6a,0x05,0x00,0x00,0x00,0x00,0x00,0x00,0x00,0x00,0x00,0x00,0x00,0x00,0x00,0x00,0x00,0x00,0x00,0x54,0x55,0x55,0x01,0x00,
  0x00,0x00,0x00,0x00,0x00,0x00,0x00,0x00,0x00,0x00,0x00,0x00,0x00,0x00,0x00,0x00,0x00,0x00,0x00,0x00,0x00,0x00,0x00,0x00,
  0x00,0x00,0x00,0x00,0x00,0x00,0x00,0x00,0x00,0x00,0x00,0x00,0x00,0x00,0x00,0x00,0x00,0x00,0x00,0x00,0x00,0x00,0x00,0x00,
  0x00,0x00,0x00,0x00,0x00,0x00,0x00,0x00,0x00,0x00,0x00,0x00,0x00,0x00,0x00,0x00,0x00,0x00,0x00,0x00,0x00,0x00,0x00,0x00,
  0x00,0x00,
};

static const uint8_t CARMEL_MOUTH0_PX[1560] = {
  0x00,0x00,0x00,0x00,0x00,0x00,0x00,0x00,0x00,0x00,0x00,0x00,0x00,0x00,0x00,0x00,0x00,0x00,0x00,0x00,0x00,0x00,0x00,0x00,
  0x00,0x00,0x00,0x00,0xa9,0x0a,0x00,0x00,0x00,0x00,0x00,0x00,0x00,0x00,0x00,0x00,0x00,0x00,0x00,0x00,0x00,0x00,0x00,0x00,
  0x00,0x00,0x00,0x00,0x00,0x00,0x00,0x00,0x00,0x40,0xaa,0x0a,0x00,0x00,0x54,0x00,0x00,0x00,0x00,0x00,0x00,0x00,0x00,0x00,
  0x00,0x00,0x00,0x00,0x00,0x00,0x00,0x00,0x00,0x00,0x00,0x00,0x00,0x00,0x00,0xa4,0xaa,0x0a,0x00,0x40,0xaa,0x06,0x00,0x00,
  0x00,0x00,0x00,0x00,0x00,0x00,0x00,0x00,0x00,0x00,0x00,0x00,0x00,0x00,0x00,0x00,0x00,0x00,0x00,0x00,0x00,0xa9,0xaa,0x0a,
  0x00,0x90,0xaa,0x1a,0x00,0x00,0x00,0x00,0x00,0x00,0x00,0x00,0x00,0x00,0x00,0x00,0x00,0x00,0x00,0x00,0x00,0x00,0x00,0x00,
  0x00,0x00,0x90,0xaa,0xaa,0x0a,0x00,0xa0,0xaa,0xaa,0x01,0x00,0x00,0x00,0x00,0x00,0x00,0x00,0x00,0x00,0x00,0x00,0x00,0x00,
  0x00,0x00,0x00,0x00,0x00,0x00,0x00,0x00,0xa9,0xaa,0xaa,0x0a,0x00,0xa4,0xaa,0xaa,0x1a,0x00,0x00,0x00,0x00,0x00,0x00,0x00,
  0x00,0x00,0x00,0x00,0x00,0x00,0x00,0x00,0x00,0x00,0x00,0x00,0x00,0x90,0xaa,0xaa,0xaa,0x0a,0x00,0xa4,0xaa,0xaa,0xaa,0x01,
  0x00,0x00,0x00,0x00,0x00,0x00,0x00,0x00,0x00,0x00,0x00,0x00,0x00,0x00,0x00,0x00,0x00,0x00,0x40,0xa9,0xaa,0xaa,0xaa,0x0a,
  0x00,0xa4,0xaa,0xaa,0xaa,0x6a,0x00,0x00,0x00,0x00,0x00,0x00,0x00,0x00,0x00,0x00,0x00,0x00,0x00,0x00,0x00,0x00,0x00,0x00,
  0xa4,0xaa,0xaa,0xaa,0xaa,0x01,0x00,0xa0,0xaa,0xaa,0xaa,0xaa,0x06,0x00,0x00,0x00,0x00,0x00,0x00,0x00,0x00,0x00,0x00,0x00,
  0x00,0x00,0x00,0x00,0x00,0x50,0xaa,0xaa,0xaa,0xaa,0x6a,0x00,0x00,0x80,0xaa,0xaa,0xaa,0xaa,0xaa,0x01,0x00,0x00,0x00,0x00,
  0x00,0x00,0x00,0x00,0x00,0x00,0x00,0x00,0x00,0x00,0x40,0xa9,0xaa,0xaa,0xaa,0xaa,0x06,0x00,0x00,0x00,0xa9,0xaa,0xaa,0xaa,
  0xaa,0x6a,0x00,0x00,0x00,0x00,0x00,0x00,0x00,0x00,0x00,0x00,0x00,0x00,0x00,0x00,0xa9,0xaa,0xaa,0xaa,0xaa,0x6a,0x00,0x00,
  0x00,0x00,0x90,0xaa,0xaa,0xaa,0xaa,0xaa,0x5a,0x00,0x00,0x00,0x00,0x00,0x00,0x00,0x00,0x00,0x00,0x00,0x40,0xa5,0xaa,0xaa,
  0xaa,0xaa,0xaa,0x06,0x00,0x00,0x00,0x00,0x40,0xa9,0xaa,0xaa,0xaa,0xaa,0xaa,0x5a,0x01,0x00,0x00,0x00,0x00,0x00,0x00,0x00,
  0x00,0x50,0xa9,0xaa,0xaa,0xaa,0xaa,0xaa,0x6a,0x01,0x00,0x00,0x00,0x00,0x00,0x94,0xaa,0xaa,0xaa,0xaa,0xaa,0xaa,0xaa,0x55,
  0x00,0x00,0x00,0x00,0x00,0x50,0x95,0xaa,0xaa,0xaa,0xaa,0xaa,0xaa,0xaa,0x06,0x00,0x00,0x00,0x00,0x00,0x00,0x40,0xa9,0xaa,
  0xaa,0xaa,0xaa,0xaa,0xaa,0xaa,0xaa,0x5a,0x55,0x95,0xaa,0xaa,0xaa,0xaa,0xaa,0xaa,0xaa,0xaa,0xaa,0x6a,0x00,0x00,0x00,0x00,
  0x00,0x00,0x00,0x00,0x90,0xaa,0xaa,0xaa,0xaa,0xaa,0xaa,0xaa,0xaa,0xaa,0xaa,0xaa,0xaa,0xaa,0xaa,0xaa,0xaa,0xaa,0xaa,0xaa,
  0xaa,0x06,0x00,0x00,0x00,0x00,0x00,0x00,0x00,0x00,0x00,0xa9,0xaa,0xaa,0xaa,0xaa,0xaa,0xaa,0xaa,0xaa,0xaa,0xaa,0xaa,0xaa,
  0xaa,0xaa,0xaa,0xaa,0xaa,0xaa,0x1a,0x00,0x00,0x00,0x00,0x00,0x00,0x00,0x00,0x00,0x00,0x40,0xaa,0xaa,0xaa,0xaa,0xaa,0xaa,
  0xaa,0xaa,0xaa,0xaa,0xaa,0xaa,0xaa,0xaa,0xaa,0xaa,0xaa,0x6a,0x01,0x00,0x00,0x00,0x00,0x00,0x00,0x00,0x00,0x00,0x00,0x00,
  0x94,0xaa,0xaa,0xaa,0xaa,0xaa,0xaa,0xaa,0xaa,0xaa,0xaa,0xaa,0xaa,0xaa,0xaa,0xaa,0xaa,0x05,0x00,0x00,0x00,0x00,0x00,0x00,
  0x00,0x00,0x00,0x00,0x00,0x00,0x00,0xa5,0xaa,0xaa,0xaa,0xaa,0xaa,0xaa,0xaa,0xaa,0xaa,0xaa,0xaa,0xaa,0xaa,0xaa,0x05,0x00,
  0x00,0x00,0x00,0x00,0x00,0x00,0x00,0x00,0x00,0x00,0x00,0x00,0x00,0x00,0xa5,0xaa,0xaa,0xaa,0xaa,0xaa,0xaa,0xaa,0xaa,0xaa,
  0xaa,0xaa,0xaa,0x15,0x00,0x00,0x00,0x00,0x00,0x00,0x00,0x00,0x00,0x00,0x00,0x00,0x00,0x00,0x00,0x00,0x00,0xa5,0xaa,0xaa,
  0xaa,0xaa,0xaa,0xaa,0xaa,0xaa,0xaa,0x6a,0x05,0x00,0x00,0x00,0x00,0x00,0x00,0x00,0x00,0x00,0x00,0x00,0x00,0x00,0x00,0x00,
  0x00,0x00,0x00,0x00,0x54,0xa9,0xaa,0xaa,0xaa,0xaa,0xaa,0xaa,0x55,0x00,0x00,0x00,0x00,0x00,0x00,0x00,0x00,0x00,0x00,0x00,
  0x00,0x00,0x00,0x00,0x00,0x00,0x00,0x00,0x00,0x00,0x00,0x00,0x54,0x55,0x55,0x55,0x55,0x00,0x00,0x00,0x00,0x00,0x00,0x00,
  0x00,0x00,0x00,0x00,0x00,0x00,0x00,0x00,0x00,0x00,0x00,0x00,0x00,0x00,0x00,0x00,0x00,0x00,0x00,0x00,0x00,0x00,0x00,0x00,
  0x00,0x00,0x00,0x00,0x00,0x00,0x00,0x00,0x00,0x00,0x00,0x00,0x00,0x00,0x00,0x00,0x00,0x00,0x00,0x00,0x00,0x00,0x00,0x00,
  0x00,0x00,0x00,0x00,0x00,0x00,0x00,0x00,0x00,0x00,0x00,0x00,0x00,0x00,0x00,0x00,0x00,0x00,0x00,0x00,0x00,0x00,0x00,0x00,
  0x00,0x00,0x00,0x00,0x00,0x00,0x00,0x00,0x00,0x00,0x00,0x00,0x00,0x00,0x00,0x00,0x00,0x00,0x00,0x00,0x00,0x00,0x00,0x00,
  0x00,0x00,0x00,0x00,0x00,0x00,0x00,0x00,0x00,0x00,0x00,0x00,0x00,0x00,0x00,0x00,0x00,0x00,0x00,0x00,0x00,0x00,0x00,0x00,
  0x00,0x00,0x00,0x00,0x00,0x00,0x00,0x00,0x00,0x00,0x00,0x00,0x00,0x00,0x00,0x00,0x00,0x00,0x00,0x00,0x00,0x00,0x00,0x00,
  0x00,0x00,0x00,0x00,0x00,0x00,0x00,0x00,0x00,0x00,0x00,0x00,0x00,0x00,0x00,0x00,0x00,0x00,0x00,0x00,0x00,0x00,0x00,0x00,
  0x00,0x00,0x00,0x00,0x00,0x00,0x00,0x00,0x00,0x00,0x00,0x00,0x00,0x00,0x00,0x00,0x00,0x00,0x00,0x00,0x00,0x00,0x00,0x00,
  0x00,0x00,0x00,0x00,0x00,0x00,0x00,0x00,0x00,0x00,0x00,0x00,0x00,0x00,0x00,0x00,0x00,0x00,0x00,0x00,0x00,0x00,0x00,0x00,
  0x00,0x00,0x00,0x00,0x00,0x00,0x00,0x00,0x00,0x00,0x00,0x00,0x00,0x00,0x00,0x00,0x00,0x00,0x00,0x00,0x00,0x00,0x00,0x00,
  0x00,0x00,0x00,0x00,0x00,0x00,0x00,0x00,0x00,0x00,0x00,0x00,0x00,0x00,0x00,0x00,0x00,0x00,0x00,0x00,0x00,0x00,0x00,0x00,
  0x00,0x00,0x00,0x00,0x00,0x00,0x00,0x00,0x00,0x00,0x00,0x00,0x00,0x00,0x00,0x00,0x00,0x00,0x00,0x00,0x00,0x00,0x00,0x00,
  0x00,0x00,0x00,0x00,0x00,0x00,0x00,0x00,0x00,0x00,0x00,0x00,0x00,0x00,0x00,0x00,0x00,0x00,0x00,0x00,0x00,0x00,0x00,0x00,
  0x00,0x00,0x00,0x00,0x00,0x00,0x00,0x00,0x00,0x00,0x00,0x00,0x00,0x00,0x00,0x00,0x00,0x00,0x00,0x00,0x00,0x00,0x00,0x00,
  0x00,0x00,0x00,0x00,0x00,0x00,0x00,0x00,0x00,0x00,0x00,0x00,0x00,0x00,0x00,0x00,0x00,0x00,0x00,0x00,0x00,0x00,0x00,0x00,
  0x00,0x00,0x00,0x00,0x00,0x00,0x00,0x00,0x00,0x00,0x00,0x00,0x00,0x00,0x00,0x00,0x00,0x00,0x00,0x00,0x00,0x00,0x00,0x00,
  0x00,0x00,0x00,0x00,0x00,0x00,0x00,0x00,0x00,0x00,0x00,0x00,0x00,0x00,0x00,0x00,0x00,0x00,0x00,0x00,0x00,0x00,0x00,0x00,
  0x00,0x00,0x00,0x00,0x00,0x00,0x00,0x00,0x00,0x00,0x00,0x00,0x00,0x00,0x00,0x00,0x00,0x00,0x00,0x00,0x00,0x00,0x00,0x00,
  0x00,0x00,0x00,0x00,0x00,0x00,0x00,0x00,0x00,0x00,0x00,0x00,0x00,0x00,0x00,0x00,0x00,0x00,0x00,0x00,0x00,0x00,0x00,0x00,
  0x00,0x00,0x00,0x00,0x00,0x00,0x00,0x00,0x00,0x00,0x00,0x00,0x00,0x00,0x00,0x00,0x00,0x00,0x00,0x00,0x00,0x00,0x00,0x00,
  0x00,0x00,0x00,0x00,0x00,0x00,0x00,0x00,0x00,0x00,0x00,0x00,0x00,0x00,0x00,0x00,0x00,0x00,0x00,0x00,0x00,0x00,0x00,0x00,
  0x00,0x00,0x00,0x00,0x00,0x00,0x00,0x00,0x00,0x00,0x00,0x00,0x00,0x00,0x00,0x00,0x00,0x00,0x00,0x00,0x00,0x00,0x00,0x00,
  0x00,0x00,0x00,0x00,0x00,0x00,0x00,0x00,0x00,0x00,0x00,0x00,0x00,0x00,0x00,0x00,0x00,0x00,0x00,0x00,0x00,0x00,0x00,0x00,
  0x00,0x00,0x00,0x00,0x00,0x00,0x00,0x00,0x00,0x00,0x00,0x00,0x00,0x00,0x00,0x00,0x00,0x00,0x00,0x00,0x00,0x00,0x00,0x00,
  0x00,0x00,0x00,0x00,0x00,0x00,0x00,0x00,0x00,0x00,0x00,0x00,0x00,0x00,0x00,0x00,0x00,0x00,0x00,0x00,0x00,0x00,0x00,0x00,
  0x00,0x00,0x00,0x00,0x00,0x00,0x00,0x00,0x00,0x00,0x00,0x00,0x00,0x00,0x00,0x00,0x00,0x00,0x00,0x00,0x00,0x00,0x00,0x00,
  0x00,0x00,0x00,0x00,0x00,0x00,0x00,0x00,0x00,0x00,0x00,0x00,0x00,0x00,0x00,0x00,0x00,0x00,0x00,0x00,0x00,0x00,0x00,0x00,
  0x00,0x00,0x00,0x00,0x00,0x00,0x00,0x00,0x00,0x00,0x00,0x00,0x00,0x00,0x00,0x00,0x00,0x00,0x00,0x00,0x00,0x00,0x00,0x00,
  0x00,0x00,0x00,0x00,0x00,0x00,0x00,0x00,0x00,0x00,0x00,0x00,0x00,0x00,0x00,0x00,0x00,0x00,0x00,0x00,0x00,0x00,0x00,0x00,
  0x00,0x00,0x00,0x00,0x00,0x00,0x00,0x00,0x00,0x00,0x00,0x00,0x00,0x00,0x00,0x00,0x00,0x00,0x00,0x00,0x00,0x00,0x00,0x00,
  0x00,0x00,0x00,0x00,0x00,0x00,0x00,0x00,0x00,0x00,0x00,0x00,0x00,0x00,0x00,0x00,0x00,0x00,0x00,0x00,0x00,0x00,0x00,0x00,
  0x00,0x00,0x00,0x00,0x00,0x00,0x00,0x00,0x00,0x00,0x00,0x00,0x00,0x00,0x00,0x00,0x00,0x00,0x00,0x00,0x00,0x00,0x00,0x00,
  0x00,0x00,0x00,0x00,0x00,0x00,0x00,0x00,0x00,0x00,0x00,0x00,0x00,0x00,0x00,0x00,0x00,0x00,0x00,0x00,0x00,0x00,0x00,0x00,
  0x00,0x00,0x00,0x00,0x00,0x00,0x00,0x00,0x00,0x00,0x00,0x00,0x00,0x00,0x00,0x00,0x00,0x00,0x00,0x00,0x00,0x00,0x00,0x00,
};

static const uint8_t CARMEL_MOUTH1_PX[1560] = {
  0x00,0x00,0x00,0x00,0x00,0x00,0x00,0x00,0x00,0x00,0x00,0x00,0x00,0x00,0x00,0x00,0x00,0x00,0x00,0x00,0x00,0x00,0x00,0x00,
  0x00,0x00,0x00,0x00,0xa9,0x0a,0x00,0x00,0x00,0x00,0x00,0x00,0x00,0x00,0x00,0x00,0x00,0x00,0x00,0x00,0x00,0x00,0x00,0x00,
  0x00,0x00,0x00,0x00,0x00,0x00,0x00,0x00,0x00,0x90,0xaa,0x0a,0x00,0x15,0x54,0x00,0x00,0x00,0x00,0x00,0x00,0x00,0x00,0x00,
  0x00,0x00,0x00,0x00,0x00,0x00,0x00,0x00,0x00,0x00,0x00,0x00,0x00,0x00,0x00,0xa4,0xaa,0x0a,0x90,0xaa,0xaa,0x06,0x00,0x00,
  0x00,0x00,0x00,0x00,0x00,0x00,0x00,0x00,0x00,0x00,0x00,0x00,0x00,0x00,0x00,0x00,0x00,0x00,0x00,0x00,0x00,0xa9,0xaa,0x0a,
  0xa4,0xaa,0xaa,0x1a,0x00,0x00,0x00,0x00,0x00,0x00,0x00,0x00,0x00,0x00,0x00,0x00,0x00,0x00,0x00,0x00,0x00,0x00,0x00,0x00,
  0x00,0x00,0x90,0xaa,0xaa,0x0a,0xa8,0xaa,0xaa,0xaa,0x01,0x00,0x00,0x00,0x00,0x00,0x00,0x00,0x00,0x00,0x00,0x00,0x00,0x00,
  0x00,0x00,0x00,0x00,0x00,0x00,0x00,0x00,0xa9,0xaa,0xaa,0x0a,0xa8,0xaa,0xaa,0xaa,0x1a,0x00,0x00,0x00,0x00,0x00,0x00,0x00,
  0x00,0x00,0x00,0x00,0x00,0x00,0x00,0x00,0x00,0x00,0x00,0x00,0x00,0x90,0xaa,0xaa,0xaa,0x0a,0xa8,0xaa,0xaa,0xaa,0xaa,0x01,
  0x00,0x00,0x00,0x00,0x00,0x00,0x00,0x00,0x00,0x00,0x00,0x00,0x00,0x00,0x00,0x00,0x00,0x00,0x40,0xa9,0xaa,0xaa,0xaa,0x0a,
  0xa8,0xaa,0xaa,0xaa,0xaa,0x6a,0x00,0x00,0x00,0x00,0x00,0x00,0x00,0x00,0x00,0x00,0x00,0x00,0x00,0x00,0x00,0x00,0x00,0x00,
  0xa4,0xaa,0xaa,0xaa,0xaa,0x01,0xa4,0xaa,0xaa,0xaa,0xaa,0xaa,0x06,0x00,0x00,0x00,0x00,0x00,0x00,0x00,0x00,0x00,0x00,0x00,
  0x00,0x00,0x00,0x00,0x00,0x50,0xaa,0xaa,0xaa,0xaa,0x6a,0x00,0x90,0xaa,0xaa,0xaa,0xaa,0xaa,0xaa,0x01,0x00,0x00,0x00,0x00,
  0x00,0x00,0x00,0x00,0x00,0x00,0x00,0x00,0x00,0x00,0x40,0xa9,0xaa,0xaa,0xaa,0xaa,0x1a,0x00,0x40,0xa9,0xaa,0xaa,0xaa,0xaa,
  0xaa,0x6a,0x00,0x00,0x00,0x00,0x00,0x00,0x00,0x00,0x00,0x00,0x00,0x00,0x00,0x00,0xa9,0xaa,0xaa,0xaa,0xaa,0xaa,0x06,0x00,
  0x00,0x50,0xaa,0xaa,0xaa,0xaa,0xaa,0xaa,0x5a,0x00,0x00,0x00,0x00,0x00,0x00,0x00,0x00,0x00,0x00,0x00,0x40,0xa5,0xaa,0xaa,
  0xaa,0xaa,0xaa,0xaa,0x01,0x00,0x00,0x00,0xa9,0xaa,0xaa,0xaa,0xaa,0xaa,0xaa,0x5a,0x01,0x00,0x00,0x00,0x00,0x00,0x00,0x00,
  0x00,0x50,0xa9,0xaa,0xaa,0xaa,0xaa,0xaa,0xaa,0x2a,0x00,0x00,0x00,0x00,0x90,0xaa,0xaa,0xaa,0xaa,0xaa,0xaa,0xaa,0xaa,0x55,
  0x00,0x00,0x00,0x00,0x00,0x50,0x95,0xaa,0xaa,0xaa,0xaa,0xaa,0xaa,0xaa,0xaa,0x06,0x00,0x00,0x00,0x00,0x40,0xaa,0xaa,0xaa,
  0xaa,0xaa,0xaa,0xaa,0xaa,0xaa,0xaa,0x5a,0x55,0x95,0xaa,0xaa,0xaa,0xaa,0xaa,0xaa,0xaa,0xaa,0xaa,0xaa,0xaa,0x01,0x00,0x00,
  0x00,0x00,0x00,0xa9,0xaa,0xaa,0xaa,0xaa,0xaa,0xaa,0xaa,0xaa,0xaa,0xaa,0xaa,0xaa,0xaa,0xaa,0xaa,0xaa,0xaa,0xaa,0xaa,0xaa,
  0xaa,0xaa,0x2a,0x00,0x00,0x00,0x00,0x00,0x00,0x90,0xaa,0xaa,0xaa,0xaa,0xaa,0xaa,0xaa,0xaa,0xaa,0xaa,0xaa,0xaa,0xaa,0xaa,
  0xaa,0xaa,0xaa,0xaa,0xaa,0xaa,0xaa,0xaa,0x06,0x00,0x00,0x00,0x00,0x00,0x00,0x40,0xaa,0xaa,0xaa,0xaa,0xaa,0xaa,0xaa,0xaa,
  0xaa,0xaa,0xaa,0xaa,0xaa,0xaa,0xaa,0xaa,0xaa,0xaa,0xaa,0xaa,0xaa,0xaa,0x00,0x00,0x00,0x00,0x00,0x00,0x00,0x00,0xa4,0xaa,
  0xaa,0xaa,0xaa,0xaa,0xaa,0xaa,0xaa,0xaa,0xaa,0xaa,0xaa,0xaa,0xaa,0xaa,0xaa,0xaa,0xaa,0xaa,0xaa,0x1a,0x00,0x00,0x00,0x00,
  0x00,0x00,0x00,0x00,0x90,0xaa,0xaa,0xaa,0xaa,0xaa,0xaa,0xaa,0xaa,0xaa,0xaa,0xaa,0xaa,0xaa,0xaa,0xaa,0xaa,0xaa,0xaa,0xaa,
  0xaa,0x01,0x00,0x00,0x00,0x00,0x00,0x00,0x00,0x00,0x00,0xa9,0xaa,0xaa,0xaa,0xaa,0xaa,0xaa,0xaa,0xaa,0xaa,0xaa,0xaa,0xaa,
  0xaa,0xaa,0xaa,0xaa,0xaa,0xaa,0x6a,0x00,0x00,0x00,0x00,0x00,0x00,0x00,0x00,0x00,0x00,0x90,0xaa,0xaa,0xaa,0xaa,0xaa,0xaa,
  0xaa,0xaa,0xaa,0xaa,0xaa,0xaa,0xaa,0xaa,0xaa,0xaa,0xaa,0xaa,0x06,0x00,0x00,0x00,0x00,0x00,0x00,0x00,0x00,0x00,0x00,0x40,
  0xa9,0xaa,0xaa,0xaa,0xaa,0xaa,0xaa,0xaa,0xaa,0xaa,0xaa,0xaa,0xaa,0xaa,0xaa,0xaa,0xaa,0x6a,0x00,0x00,0x00,0x00,0x00,0x00,
  0x00,0x00,0x00,0x00,0x00,0x00,0x94,0xaa,0xaa,0xaa,0xaa,0xaa,0xaa,0xaa,0xaa,0xaa,0xaa,0xaa,0xaa,0xaa,0xaa,0xaa,0xaa,0x06,
  0x00,0x00,0x00,0x00,0x00,0x00,0x00,0x00,0x00,0x00,0x00,0x00,0x40,0xa9,0xaa,0xaa,0xaa,0xaa,0xaa,0xaa,0xaa,0xaa,0xaa,0xaa,
  0xaa,0xaa,0xaa,0xaa,0x5a,0x00,0x00,0x00,0x00,0x00,0x00,0x00,0x00,0x00,0x00,0x00,0x00,0x00,0x00,0x90,0xaa,0xaa,0xaa,0xaa,
  0xaa,0xaa,0xaa,0xaa,0xaa,0xaa,0xaa,0xaa,0xaa,0xaa,0x01,0x00,0x00,0x00,0x00,0x00,0x00,0x00,0x00,0x00,0x00,0x00,0x00,0x00,
  0x00,0x00,0xa9,0xaa,0xaa,0xaa,0xaa,0xaa,0xaa,0xaa,0xaa,0xaa,0xaa,0xaa,0xaa,0x16,0x00,0x00,0x00,0x00,0x00,0x00,0x00,0x00,
  0x00,0x00,0x00,0x00,0x00,0x00,0x00,0x00,0x40,0xaa,0xaa,0xaa,0xaa,0xaa,0xaa,0xaa,0xaa,0xaa,0xaa,0xaa,0x6a,0x00,0x00,0x00,
  0x00,0x00,0x00,0x00,0x00,0x00,0x00,0x00,0x00,0x00,0x00,0x00,0x00,0x00,0x00,0x90,0xaa,0xaa,0xaa,0xaa,0xaa,0xaa,0xaa,0xaa,
  0xaa,0x6a,0x01,0x00,0x00,0x00,0x00,0x00,0x00,0x00,0x00,0x00,0x00,0x00,0x00,0x00,0x00,0x00,0x00,0x00,0x00,0x00,0x94,0xaa,
  0xaa,0xaa,0xaa,0xaa,0xaa,0xaa,0x6a,0x01,0x00,0x00,0x00,0x00,0x00,0x00,0x00,0x00,0x00,0x00,0x00,0x00,0x00,0x00,0x00,0x00,
  0x00,0x00,0x00,0x00,0x00,0x50,0x99,0xaa,0xaa,0xaa,0x6a,0x55,0x00,0x00,0x00,0x00,0x00,0x00,0x00,0x00,0x00,0x00,0x00,0x00,
  0x00,0x00,0x00,0x00,0x00,0x00,0x00,0x00,0x00,0x00,0x00,0x00,0x00,0x50,0x55,0x55,0x00,0x00,0x00,0x00,0x00,0x00,0x00,0x00,
  0x00,0x00,0x00,0x00,0x00,0x00,0x00,0x00,0x00,0x00,0x00,0x00,0x00,0x00,0x00,0x00,0x00,0x00,0x00,0x00,0x00,0x00,0x00,0x00,
  0x00,0x00,0x00,0x00,0x00,0x00,0x00,0x00,0x00,0x00,0x00,0x00,0x00,0x00,0x00,0x00,0x00,0x00,0x00,0x00,0x00,0x00,0x00,0x00,
  0x00,0x00,0x00,0x00,0x00,0x00,0x00,0x00,0x00,0x00,0x00,0x00,0x00,0x00,0x00,0x00,0x00,0x00,0x00,0x00,0x00,0x00,0x00,0x00,
  0x00,0x00,0x00,0x00,0x00,0x00,0x00,0x00,0x00,0x00,0x00,0x00,0x00,0x00,0x00,0x00,0x00,0x00,0x00,0x00,0x00,0x00,0x00,0x00,
  0x00,0x00,0x00,0x00,0x00,0x00,0x00,0x00,0x00,0x00,0x00,0x00,0x00,0x00,0x00,0x00,0x00,0x00,0x00,0x00,0x00,0x00,0x00,0x00,
  0x00,0x00,0x00,0x00,0x00,0x00,0x00,0x00,0x00,0x00,0x00,0x00,0x00,0x00,0x00,0x00,0x00,0x00,0x00,0x00,0x00,0x00,0x00,0x00,
  0x00,0x00,0x00,0x00,0x00,0x00,0x00,0x00,0x00,0x00,0x00,0x00,0x00,0x00,0x00,0x00,0x00,0x00,0x00,0x00,0x00,0x00,0x00,0x00,
  0x00,0x00,0x00,0x00,0x00,0x00,0x00,0x00,0x00,0x00,0x00,0x00,0x00,0x00,0x00,0x00,0x00,0x00,0x00,0x00,0x00,0x00,0x00,0x00,
  0x00,0x00,0x00,0x00,0x00,0x00,0x00,0x00,0x00,0x00,0x00,0x00,0x00,0x00,0x00,0x00,0x00,0x00,0x00,0x00,0x00,0x00,0x00,0x00,
  0x00,0x00,0x00,0x00,0x00,0x00,0x00,0x00,0x00,0x00,0x00,0x00,0x00,0x00,0x00,0x00,0x00,0x00,0x00,0x00,0x00,0x00,0x00,0x00,
  0x00,0x00,0x00,0x00,0x00,0x00,0x00,0x00,0x00,0x00,0x00,0x00,0x00,0x00,0x00,0x00,0x00,0x00,0x00,0x00,0x00,0x00,0x00,0x00,
  0x00,0x00,0x00,0x00,0x00,0x00,0x00,0x00,0x00,0x00,0x00,0x00,0x00,0x00,0x00,0x00,0x00,0x00,0x00,0x00,0x00,0x00,0x00,0x00,
  0x00,0x00,0x00,0x00,0x00,0x00,0x00,0x00,0x00,0x00,0x00,0x00,0x00,0x00,0x00,0x00,0x00,0x00,0x00,0x00,0x00,0x00,0x00,0x00,
  0x00,0x00,0x00,0x00,0x00,0x00,0x00,0x00,0x00,0x00,0x00,0x00,0x00,0x00,0x00,0x00,0x00,0x00,0x00,0x00,0x00,0x00,0x00,0x00,
  0x00,0x00,0x00,0x00,0x00,0x00,0x00,0x00,0x00,0x00,0x00,0x00,0x00,0x00,0x00,0x00,0x00,0x00,0x00,0x00,0x00,0x00,0x00,0x00,
  0x00,0x00,0x00,0x00,0x00,0x00,0x00,0x00,0x00,0x00,0x00,0x00,0x00,0x00,0x00,0x00,0x00,0x00,0x00,0x00,0x00,0x00,0x00,0x00,
  0x00,0x00,0x00,0x00,0x00,0x00,0x00,0x00,0x00,0x00,0x00,0x00,0x00,0x00,0x00,0x00,0x00,0x00,0x00,0x00,0x00,0x00,0x00,0x00,
  0x00,0x00,0x00,0x00,0x00,0x00,0x00,0x00,0x00,0x00,0x00,0x00,0x00,0x00,0x00,0x00,0x00,0x00,0x00,0x00,0x00,0x00,0x00,0x00,
  0x00,0x00,0x00,0x00,0x00,0x00,0x00,0x00,0x00,0x00,0x00,0x00,0x00,0x00,0x00,0x00,0x00,0x00,0x00,0x00,0x00,0x00,0x00,0x00,
  0x00,0x00,0x00,0x00,0x00,0x00,0x00,0x00,0x00,0x00,0x00,0x00,0x00,0x00,0x00,0x00,0x00,0x00,0x00,0x00,0x00,0x00,0x00,0x00,
  0x00,0x00,0x00,0x00,0x00,0x00,0x00,0x00,0x00,0x00,0x00,0x00,0x00,0x00,0x00,0x00,0x00,0x00,0x00,0x00,0x00,0x00,0x00,0x00,
  0x00,0x00,0x00,0x00,0x00,0x00,0x00,0x00,0x00,0x00,0x00,0x00,0x00,0x00,0x00,0x00,0x00,0x00,0x00,0x00,0x00,0x00,0x00,0x00,
  0x00,0x00,0x00,0x00,0x00,0x00,0x00,0x00,0x00,0x00,0x00,0x00,0x00,0x00,0x00,0x00,0x00,0x00,0x00,0x00,0x00,0x00,0x00,0x00,
  0x00,0x00,0x00,0x00,0x00,0x00,0x00,0x00,0x00,0x00,0x00,0x00,0x00,0x00,0x00,0x00,0x00,0x00,0x00,0x00,0x00,0x00,0x00,0x00,
};

static const uint8_t CARMEL_MOUTH2_PX[1560] = {
  0x00,0x00,0x00,0x00,0x00,0x00,0x00,0x00,0x00,0x00,0x00,0x00,0x00,0x00,0x00,0x00,0x00,0x00,0x00,0x00,0x00,0x00,0x00,0x00,
  0x00,0x00,0x00,0x00,0xa9,0x0a,0x00,0x00,0x00,0x00,0x00,0x00,0x00,0x00,0x00,0x00,0x00,0x00,0x00,0x00,0x00,0x00,0x00,0x00,
  0x00,0x00,0x00,0x00,0x00,0x00,0x00,0x00,0x00,0x90,0xaa,0x0a,0x00,0x15,0x54,0x00,0x00,0x00,0x00,0x00,0x00,0x00,0x00,0x00,
  0x00,0x00,0x00,0x00,0x00,0x00,0x00,0x00,0x00,0x00,0x00,0x00,0x00,0x00,0x00,0xa4,0xaa,0x0a,0x90,0xaa,0xaa,0x06,0x00,0x00,
  0x00,0x00,0x00,0x00,0x00,0x00,0x00,0x00,0x00,0x00,0x00,0x00,0x00,0x00,0x00,0x00,0x00,0x00,0x00,0x00,0x00,0xa9,0xaa,0x0a,
  0xa4,0xaa,0xaa,0x1a,0x00,0x00,0x00,0x00,0x00,0x00,0x00,0x00,0x00,0x00,0x00,0x00,0x00,0x00,0x00,0x00,0x00,0x00,0x00,0x00,
  0x00,0x00,0x90,0xaa,0xaa,0x0a,0xa8,0xaa,0xaa,0xaa,0x01,0x00,0x00,0x00,0x00,0x00,0x00,0x00,0x00,0x00,0x00,0x00,0x00,0x00,
  0x00,0x00,0x00,0x00,0x00,0x00,0x00,0x00,0xa9,0xaa,0xaa,0x0a,0xa8,0xaa,0xaa,0xaa,0x1a,0x00,0x00,0x00,0x00,0x00,0x00,0x00,
  0x00,0x00,0x00,0x00,0x00,0x00,0x00,0x00,0x00,0x00,0x00,0x00,0x00,0x90,0xaa,0xaa,0xaa,0x0a,0xa8,0xaa,0xaa,0xaa,0xaa,0x01,
  0x00,0x00,0x00,0x00,0x00,0x00,0x00,0x00,0x00,0x00,0x00,0x00,0x00,0x00,0x00,0x00,0x00,0x00,0x40,0xa9,0xaa,0xaa,0xaa,0x0a,
  0xa8,0xaa,0xaa,0xaa,0xaa,0x6a,0x00,0x00,0x00,0x00,0x00,0x00,0x00,0x00,0x00,0x00,0x00,0x00,0x00,0x00,0x00,0x00,0x00,0x00,
  0xa4,0xaa,0xaa,0xaa,0xaa,0x01,0xa4,0xaa,0xaa,0xaa,0xaa,0xaa,0x06,0x00,0x00,0x00,0x00,0x00,0x00,0x00,0x00,0x00,0x00,0x00,
  0x00,0x00,0x00,0x00,0x00,0x50,0xaa,0xaa,0xaa,0xaa,0xaa,0x00,0x90,0xaa,0xaa,0xaa,0xaa,0xaa,0xaa,0x01,0x00,0x00,0x00,0x00,
  0x00,0x00,0x00,0x00,0x00,0x00,0x00,0x00,0x00,0x00,0x40,0xa9,0xaa,0xaa,0xaa,0xaa,0x2a,0x00,0x40,0xaa,0xaa,0xaa,0xaa,0xaa,
  0xaa,0x6a,0x00,0x00,0x00,0x00,0x00,0x00,0x00,0x00,0x00,0x00,0x00,0x00,0x00,0x00,0xa9,0xaa,0xaa,0xaa,0xaa,0xaa,0x0a,0x00,
  0x00,0xa4,0xaa,0xaa,0xaa,0xaa,0xaa,0xaa,0x5a,0x00,0x00,0x00,0x00,0x00,0x00,0x00,0x00,0x00,0x00,0x00,0x40,0xa5,0xaa,0xaa,
  0xaa,0xaa,0xaa,0xaa,0x02,0x00,0x00,0x40,0xaa,0xaa,0xaa,0xaa,0xaa,0xaa,0xaa,0x5a,0x01,0x00,0x00,0x00,0x00,0x00,0x00,0x00,
  0x00,0x50,0xa9,0xaa,0xaa,0xaa,0xaa,0xaa,0xaa,0xaa,0x01,0x00,0x00,0x00,0xa9,0xaa,0xaa,0xaa,0xaa,0xaa,0xaa,0xaa,0xaa,0x55,
  0x00,0x00,0x00,0x00,0x00,0x50,0x95,0xaa,0xaa,0xaa,0xaa,0xaa,0xaa,0xaa,0xaa,0x6a,0x00,0x00,0x00,0x00,0xa4,0xaa,0xaa,0xaa,
  0xaa,0xaa,0xaa,0xaa,0xaa,0xaa,0xaa,0x5a,0x55,0x95,0xaa,0xaa,0xaa,0xaa,0xaa,0xaa,0xaa,0xaa,0xaa,0xaa,0xaa,0x1a,0x00,0x00,
  0x00,0x00,0x90,0xaa,0xaa,0xaa,0xaa,0xaa,0xaa,0xaa,0xaa,0xaa,0xaa,0xaa,0xaa,0xaa,0xaa,0xaa,0xaa,0xaa,0xaa,0xaa,0xaa,0xaa,
  0xaa,0xaa,0xaa,0x02,0x00,0x00,0x00,0x00,0x40,0xaa,0xaa,0xaa,0xaa,0xaa,0xaa,0xaa,0xaa,0xaa,0xaa,0xaa,0xaa,0xaa,0xaa,0xaa,
  0xaa,0xaa,0xaa,0xaa,0xaa,0xaa,0xaa,0xaa,0xaa,0x00,0x00,0x00,0x00,0x00,0x00,0xa9,0xaa,0xaa,0xaa,0xaa,0xaa,0xaa,0xaa,0xaa,
  0xaa,0xaa,0xaa,0xaa,0xaa,0xaa,0xaa,0xaa,0xaa,0xaa,0xaa,0xaa,0xaa,0xaa,0x2a,0x00,0x00,0x00,0x00,0x00,0x00,0xa4,0xaa,0xaa,
  0xaa,0xaa,0xaa,0xaa,0xaa,0xaa,0xaa,0xaa,0xaa,0xaa,0xaa,0xaa,0xaa,0xaa,0xaa,0xaa,0xaa,0xaa,0xaa,0xaa,0x06,0x00,0x00,0x00,
  0x00,0x00,0x00,0x80,0xaa,0xaa,0xaa,0xaa,0xaa,0xaa,0xaa,0xaa,0xaa,0xaa,0xaa,0xaa,0xaa,0xaa,0xaa,0xaa,0xaa,0xaa,0xaa,0xaa,
  0xaa,0xaa,0x01,0x00,0x00,0x00,0x00,0x00,0x00,0x00,0xa9,0xaa,0xaa,0xaa,0xa6,0xaa,0xaa,0xaa,0xaa,0xaa,0xaa,0xaa,0xaa,0xaa,
  0xaa,0xaa,0xaa,0x95,0xaa,0xaa,0xaa,0x6a,0x00,0x00,0x00,0x00,0x00,0x00,0x00,0x00,0xa4,0xaa,0xaa,0xaa,0x5a,0xa5,0xaa,0xaa,
  0xaa,0xaa,0xaa,0xaa,0xaa,0xaa,0xaa,0xaa,0x55,0xa5,0xaa,0xaa,0xaa,0x0a,0x00,0x00,0x00,0x00,0x00,0x00,0x00,0x00,0x90,0xaa,
  0xaa,0xaa,0x6a,0x55,0x55,0xaa,0xaa,0xaa,0xaa,0xaa,0xaa,0xaa,0x56,0x55,0x95,0xaa,0xaa,0xaa,0xaa,0x01,0x00,0x00,0x00,0x00,
  0x00,0x00,0x00,0x00,0x00,0xa9,0xaa,0xaa,0xaa,0x5a,0x55,0x55,0x55,0x55,0x55,0x55,0x55,0x55,0x55,0x55,0xa9,0xaa,0xaa,0xaa,
  0x6a,0x00,0x00,0x00,0x00,0x00,0x00,0x00,0x00,0x00,0x00,0xa4,0xaa,0xaa,0xaa,0xaa,0x55,0x55,0x55,0x55,0x55,0x55,0x55,0x55,
  0x55,0x95,0xaa,0xaa,0xaa,0xaa,0x06,0x00,0x00,0x00,0x00,0x00,0x00,0x00,0x00,0x00,0x00,0x80,0xaa,0xaa,0xaa,0xaa,0x5a,0x55,
  0x55,0x55,0x55,0x55,0x55,0x55,0x55,0xaa,0xaa,0xaa,0xaa,0xaa,0x01,0x00,0x00,0x00,0x00,0x00,0x00,0x00,0x00,0x00,0x00,0x00,
  0xa9,0xaa,0xaa,0xaa,0xaa,0x56,0x55,0x55,0x55,0x55,0x55,0x55,0xa9,0xaa,0xaa,0xaa,0xaa,0x1a,0x00,0x00,0x00,0x00,0x00,0x00,
  0x00,0x00,0x00,0x00,0x00,0x00,0x90,0xaa,0xaa,0xaa,0xaa,0xaa,0x5a,0x55,0x55,0x55,0x55,0xa9,0xaa,0xaa,0xaa,0xaa,0xaa,0x06,
  0x00,0x00,0x00,0x00,0x00,0x00,0x00,0x00,0x00,0x00,0x00,0x00,0x40,0xaa,0xaa,0xaa,0xaa,0xaa,0xaa,0xaa,0xa6,0xaa,0xaa,0xaa,
  0xaa,0xaa,0xaa,0xaa,0x6a,0x00,0x00,0x00,0x00,0x00,0x00,0x00,0x00,0x00,0x00,0x00,0x00,0x00,0x00,0xa4,0xaa,0xaa,0xaa,0xaa,
  0xaa,0xaa,0xaa,0xaa,0xaa,0xaa,0xaa,0xaa,0xaa,0xaa,0x06,0x00,0x00,0x00,0x00,0x00,0x00,0x00,0x00,0x00,0x00,0x00,0x00,0x00,
  0x00,0x40,0xaa,0xaa,0xaa,0xaa,0xaa,0xaa,0xaa,0xaa,0xaa,0xaa,0xaa,0xaa,0xaa,0x6a,0x00,0x00,0x00,0x00,0x00,0x00,0x00,0x00,
  0x00,0x00,0x00,0x00,0x00,0x00,0x00,0x00,0xa4,0xaa,0xaa,0xaa,0xaa,0xaa,0xaa,0xaa,0xaa,0xaa,0xaa,0xaa,0xaa,0x06,0x00,0x00,
  0x00,0x00,0x00,0x00,0x00,0x00,0x00,0x00,0x00,0x00,0x00,0x00,0x00,0x00,0x40,0xaa,0xaa,0xaa,0xaa,0xaa,0xaa,0xaa,0xaa,0xaa,
  0xaa,0xaa,0x5a,0x00,0x00,0x00,0x00,0x00,0x00,0x00,0x00,0x00,0x00,0x00,0x00,0x00,0x00,0x00,0x00,0x00,0x00,0x94,0xaa,0xaa,
  0xaa,0xaa,0xaa,0xaa,0xaa,0xaa,0xaa,0xaa,0x01,0x00,0x00,0x00,0x00,0x00,0x00,0x00,0x00,0x00,0x00,0x00,0x00,0x00,0x00,0x00,
  0x00,0x00,0x00,0x00,0xa5,0xaa,0xaa,0xaa,0xaa,0xaa,0xaa,0xaa,0xaa,0x15,0x00,0x00,0x00,0x00,0x00,0x00,0x00,0x00,0x00,0x00,
  0x00,0x00,0x00,0x00,0x00,0x00,0x00,0x00,0x00,0x00,0x40,0xa5,0xaa,0xaa,0xaa,0xaa,0xaa,0xaa,0x16,0x00,0x00,0x00,0x00,0x00,
  0x00,0x00,0x00,0x00,0x00,0x00,0x00,0x00,0x00,0x00,0x00,0x00,0x00,0x00,0x00,0x00,0x00,0x40,0xa5,0xaa,0xaa,0xaa,0xaa,0x15,
  0x00,0x00,0x00,0x00,0x00,0x00,0x00,0x00,0x00,0x00,0x00,0x00,0x00,0x00,0x00,0x00,0x00,0x00,0x00,0x00,0x00,0x00,0x00,0x00,
  0x00,0x50,0x55,0x55,0x00,0x00,0x00,0x00,0x00,0x00,0x00,0x00,0x00,0x00,0x00,0x00,0x00,0x00,0x00,0x00,0x00,0x00,0x00,0x00,
  0x00,0x00,0x00,0x00,0x00,0x00,0x00,0x00,0x00,0x00,0x00,0x00,0x00,0x00,0x00,0x00,0x00,0x00,0x00,0x00,0x00,0x00,0x00,0x00,
  0x00,0x00,0x00,0x00,0x00,0x00,0x00,0x00,0x00,0x00,0x00,0x00,0x00,0x00,0x00,0x00,0x00,0x00,0x00,0x00,0x00,0x00,0x00,0x00,
  0x00,0x00,0x00,0x00,0x00,0x00,0x00,0x00,0x00,0x00,0x00,0x00,0x00,0x00,0x00,0x00,0x00,0x00,0x00,0x00,0x00,0x00,0x00,0x00,
  0x00,0x00,0x00,0x00,0x00,0x00,0x00,0x00,0x00,0x00,0x00,0x00,0x00,0x00,0x00,0x00,0x00,0x00,0x00,0x00,0x00,0x00,0x00,0x00,
  0x00,0x00,0x00,0x00,0x00,0x00,0x00,0x00,0x00,0x00,0x00,0x00,0x00,0x00,0x00,0x00,0x00,0x00,0x00,0x00,0x00,0x00,0x00,0x00,
  0x00,0x00,0x00,0x00,0x00,0x00,0x00,0x00,0x00,0x00,0x00,0x00,0x00,0x00,0x00,0x00,0x00,0x00,0x00,0x00,0x00,0x00,0x00,0x00,
  0x00,0x00,0x00,0x00,0x00,0x00,0x00,0x00,0x00,0x00,0x00,0x00,0x00,0x00,0x00,0x00,0x00,0x00,0x00,0x00,0x00,0x00,0x00,0x00,
  0x00,0x00,0x00,0x00,0x00,0x00,0x00,0x00,0x00,0x00,0x00,0x00,0x00,0x00,0x00,0x00,0x00,0x00,0x00,0x00,0x00,0x00,0x00,0x00,
  0x00,0x00,0x00,0x00,0x00,0x00,0x00,0x00,0x00,0x00,0x00,0x00,0x00,0x00,0x00,0x00,0x00,0x00,0x00,0x00,0x00,0x00,0x00,0x00,
  0x00,0x00,0x00,0x00,0x00,0x00,0x00,0x00,0x00,0x00,0x00,0x00,0x00,0x00,0x00,0x00,0x00,0x00,0x00,0x00,0x00,0x00,0x00,0x00,
  0x00,0x00,0x00,0x00,0x00,0x00,0x00,0x00,0x00,0x00,0x00,0x00,0x00,0x00,0x00,0x00,0x00,0x00,0x00,0x00,0x00,0x00,0x00,0x00,
  0x00,0x00,0x00,0x00,0x00,0x00,0x00,0x00,0x00,0x00,0x00,0x00,0x00,0x00,0x00,0x00,0x00,0x00,0x00,0x00,0x00,0x00,0x00,0x00,
  0x00,0x00,0x00,0x00,0x00,0x00,0x00,0x00,0x00,0x00,0x00,0x00,0x00,0x00,0x00,0x00,0x00,0x00,0x00,0x00,0x00,0x00,0x00,0x00,
  0x00,0x00,0x00,0x00,0x00,0x00,0x00,0x00,0x00,0x00,0x00,0x00,0x00,0x00,0x00,0x00,0x00,0x00,0x00,0x00,0x00,0x00,0x00,0x00,
  0x00,0x00,0x00,0x00,0x00,0x00,0x00,0x00,0x00,0x00,0x00,0x00,0x00,0x00,0x00,0x00,0x00,0x00,0x00,0x00,0x00,0x00,0x00,0x00,
  0x00,0x00,0x00,0x00,0x00,0x00,0x00,0x00,0x00,0x00,0x00,0x00,0x00,0x00,0x00,0x00,0x00,0x00,0x00,0x00,0x00,0x00,0x00,0x00,
};

static const uint8_t CARMEL_MOUTH3_PX[1560] = {
  0x00,0x00,0x00,0x00,0x00,0x00,0x00,0x00,0x00,0x00,0x00,0x00,0x00,0x00,0x00,0x00,0x00,0x00,0x00,0x00,0x00,0x00,0x00,0x00,
  0x00,0x00,0x00,0x00,0xa9,0x0a,0x00,0x00,0x00,0x00,0x00,0x00,0x00,0x00,0x00,0x00,0x00,0x00,0x00,0x00,0x00,0x00,0x00,0x00,
  0x00,0x00,0x00,0x00,0x00,0x00,0x00,0x00,0x00,0x90,0xaa,0x0a,0x00,0x15,0x54,0x00,0x00,0x00,0x00,0x00,0x00,0x00,0x00,0x00,
  0x00,0x00,0x00,0x00,0x00,0x00,0x00,0x00,0x00,0x00,0x00,0x00,0x00,0x00,0x00,0xa4,0xaa,0x0a,0x90,0xaa,0xaa,0x06,0x00,0x00,
  0x00,0x00,0x00,0x00,0x00,0x00,0x00,0x00,0x00,0x00,0x00,0x00,0x00,0x00,0x00,0x00,0x00,0x00,0x00,0x00,0x00,0xa9,0xaa,0x0a,
  0xa4,0xaa,0xaa,0x1a,0x00,0x00,0x00,0x00,0x00,0x00,0x00,0x00,0x00,0x00,0x00,0x00,0x00,0x00,0x00,0x00,0x00,0x00,0x00,0x00,
  0x00,0x00,0x90,0xaa,0xaa,0x0a,0xa8,0xaa,0xaa,0xaa,0x01,0x00,0x00,0x00,0x00,0x00,0x00,0x00,0x00,0x00,0x00,0x00,0x00,0x00,
  0x00,0x00,0x00,0x00,0x00,0x00,0x00,0x00,0xa9,0xaa,0xaa,0x0a,0xa8,0xaa,0xaa,0xaa,0x1a,0x00,0x00,0x00,0x00,0x00,0x00,0x00,
  0x00,0x00,0x00,0x00,0x00,0x00,0x00,0x00,0x00,0x00,0x00,0x00,0x00,0x90,0xaa,0xaa,0xaa,0x0a,0xa8,0xaa,0xaa,0xaa,0xaa,0x01,
  0x00,0x00,0x00,0x00,0x00,0x00,0x00,0x00,0x00,0x00,0x00,0x00,0x00,0x00,0x00,0x00,0x00,0x00,0x40,0xa9,0xaa,0xaa,0xaa,0x0a,
  0xa8,0xaa,0xaa,0xaa,0xaa,0x6a,0x00,0x00,0x00,0x00,0x00,0x00,0x00,0x00,0x00,0x00,0x00,0x00,0x00,0x00,0x00,0x00,0x00,0x00,
  0xa4,0xaa,0xaa,0xaa,0xaa,0x02,0xa4,0xaa,0xaa,0xaa,0xaa,0xaa,0x06,0x00,0x00,0x00,0x00,0x00,0x00,0x00,0x00,0x00,0x00,0x00,
  0x00,0x00,0x00,0x00,0x00,0x50,0xaa,0xaa,0xaa,0xaa,0xaa,0x00,0x90,0xaa,0xaa,0xaa,0xaa,0xaa,0xaa,0x01,0x00,0x00,0x00,0x00,
  0x00,0x00,0x00,0x00,0x00,0x00,0x00,0x00,0x00,0x00,0x40,0xa9,0xaa,0xaa,0xaa,0xaa,0x6a,0x00,0x40,0xaa,0xaa,0xaa,0xaa,0xaa,
  0xaa,0x6a,0x00,0x00,0x00,0x00,0x00,0x00,0x00,0x00,0x00,0x00,0x00,0x00,0x00,0x00,0xa9,0xaa,0xaa,0xaa,0xaa,0xaa,0x1a,0x00,
  0x00,0xa9,0xaa,0xaa,0xaa,0xaa,0xaa,0xaa,0x5a,0x00,0x00,0x00,0x00,0x00,0x00,0x00,0x00,0x00,0x00,0x00,0x40,0xa5,0xaa,0xaa,
  0xaa,0xaa,0xaa,0xaa,0x0a,0x00,0x00,0xa0,0xaa,0xaa,0xaa,0xaa,0xaa,0xaa,0xaa,0x5a,0x01,0x00,0x00,0x00,0x00,0x00,0x00,0x00,
  0x00,0x50,0xa9,0xaa,0xaa,0xaa,0xaa,0xaa,0xaa,0xaa,0x02,0x00,0x00,0x80,0xaa,0xaa,0xaa,0xaa,0xaa,0xaa,0xaa,0xaa,0xaa,0x55,
  0x00,0x00,0x00,0x00,0x00,0x50,0x95,0xaa,0xaa,0xaa,0xaa,0xaa,0xaa,0xaa,0xaa,0xaa,0x01,0x00,0x00,0x00,0x6a,0xaa,0xaa,0xaa,
  0xaa,0xaa,0xaa,0xaa,0xaa,0xaa,0xaa,0x5a,0x55,0x95,0xaa,0xaa,0xaa,0xaa,0xaa,0xaa,0xaa,0xaa,0xaa,0xaa,0xaa,0x6a,0x00,0x00,
  0x00,0x00,0x94,0xaa,0xaa,0xaa,0xaa,0xaa,0xaa,0xaa,0xaa,0xaa,0xaa,0xaa,0xaa,0xaa,0xaa,0xaa,0xaa,0xaa,0xaa,0xaa,0xaa,0xaa,
  0xaa,0xaa,0xaa,0x1a,0x00,0x00,0x00,0x00,0xa0,0xaa,0xaa,0xaa,0xaa,0xaa,0xaa,0xaa,0xaa,0xaa,0xaa,0xaa,0xaa,0xaa,0xaa,0xaa,
  0xaa,0xaa,0xaa,0xaa,0xaa,0xaa,0xaa,0xaa,0xaa,0x06,0x00,0x00,0x00,0x00,0x90,0xaa,0xaa,0xaa,0xaa,0xaa,0xaa,0xaa,0xaa,0xaa,
  0xaa,0xaa,0xaa,0xaa,0xaa,0xaa,0xaa,0xaa,0xaa,0xaa,0xaa,0xaa,0xaa,0xaa,0xaa,0x02,0x00,0x00,0x00,0x00,0x40,0xaa,0xaa,0xaa,
  0x95,0xaa,0xaa,0xaa,0xaa,0xaa,0xaa,0xaa,0xaa,0xaa,0xaa,0xaa,0xaa,0xaa,0xaa,0xaa,0xaa,0x95,0xaa,0xaa,0xaa,0x00,0x00,0x00,
  0x00,0x00,0x00,0xa9,0xaa,0xaa,0x5a,0xa5,0xaa,0xaa,0xaa,0xaa,0xaa,0xaa,0xaa,0xaa,0xaa,0xaa,0xaa,0xaa,0xaa,0xaa,0x56,0xa4,
  0xaa,0xaa,0x2a,0x00,0x00,0x00,0x00,0x00,0x00,0xa4,0xaa,0xaa,0x6a,0x55,0xa5,0xaa,0xaa,0xaa,0xaa,0xaa,0xaa,0xaa,0xaa,0xaa,
  0xaa,0xaa,0xaa,0x56,0x55,0xa9,0xaa,0xaa,0x0a,0x00,0x00,0x00,0x00,0x00,0x00,0x90,0xaa,0xaa,0xaa,0x55,0x55,0xa5,0xaa,0xaa,
  0xaa,0xaa,0xaa,0xaa,0xaa,0xaa,0xaa,0xaa,0x55,0x55,0x95,0xaa,0xaa,0xaa,0x02,0x00,0x00,0x00,0x00,0x00,0x00,0x40,0xaa,0xaa,
  0xaa,0x56,0x55,0x55,0x55,0xaa,0xaa,0xaa,0xaa,0xaa,0xaa,0xaa,0x56,0x55,0x55,0x55,0xa5,0xaa,0xaa,0xaa,0x00,0x00,0x00,0x00,
  0x00,0x00,0x00,0x00,0xa9,0xaa,0xaa,0x5a,0x55,0x55,0x55,0x55,0x55,0x55,0x55,0x55,0x55,0x55,0x55,0x55,0x55,0x55,0xa9,0xaa,
  0xaa,0x2a,0x00,0x00,0x00,0x00,0x00,0x00,0x00,0x00,0xa4,0xaa,0xaa,0xaa,0x55,0x55,0x55,0x55,0x55,0x55,0x55,0x55,0x55,0x55,
  0x55,0x55,0x55,0x95,0xaa,0xaa,0xaa,0x06,0x00,0x00,0x00,0x00,0x00,0x00,0x00,0x00,0x90,0xaa,0xaa,0xaa,0x56,0x55,0x55,0x55,
  0x55,0x55,0x55,0x55,0x55,0x55,0x55,0x55,0x55,0xa5,0xaa,0xaa,0xaa,0x01,0x00,0x00,0x00,0x00,0x00,0x00,0x00,0x00,0x40,0xaa,
  0xaa,0xaa,0x6a,0x55,0x55,0x55,0x55,0x55,0x55,0x55,0x55,0x55,0x55,0x55,0x55,0xaa,0xaa,0xaa,0x6a,0x00,0x00,0x00,0x00,0x00,
  0x00,0x00,0x00,0x00,0x00,0xa8,0xaa,0xaa,0xaa,0x55,0x55,0x55,0x55,0x55,0x55,0x55,0x55,0x55,0x55,0x55,0x95,0xaa,0xaa,0xaa,
  0x1a,0x00,0x00,0x00,0x00,0x00,0x00,0x00,0x00,0x00,0x00,0x90,0xaa,0xaa,0xaa,0x5a,0x55,0x55,0x55,0x55,0x55,0x55,0x55,0x55,
  0x55,0x55,0xa9,0xaa,0xaa,0xaa,0x02,0x00,0x00,0x00,0x00,0x00,0x00,0x00,0x00,0x00,0x00,0x40,0xaa,0xaa,0xaa,0xaa,0x55,0x55,
  0x55,0x55,0x55,0x55,0x55,0x55,0x55,0x95,0xaa,0xaa,0xaa,0x6a,0x00,0x00,0x00,0x00,0x00,0x00,0x00,0x00,0x00,0x00,0x00,0x00,
  0xa9,0xaa,0xaa,0xaa,0x5a,0x55,0x55,0x55,0x55,0x55,0x55,0x55,0x55,0xa9,0xaa,0xaa,0xaa,0x1a,0x00,0x00,0x00,0x00,0x00,0x00,
  0x00,0x00,0x00,0x00,0x00,0x00,0xa0,0xaa,0xaa,0xaa,0xaa,0x55,0x55,0x55,0x55,0x55,0x55,0x55,0xa5,0xaa,0xaa,0xaa,0xaa,0x02,
  0x00,0x00,0x00,0x00,0x00,0x00,0x00,0x00,0x00,0x00,0x00,0x00,0x40,0xaa,0xaa,0xaa,0xaa,0x6a,0x55,0x55,0x55,0x55,0x55,0x95,
  0xaa,0xaa,0xaa,0xaa,0x6a,0x00,0x00,0x00,0x00,0x00,0x00,0x00,0x00,0x00,0x00,0x00,0x00,0x00,0x00,0xa9,0xaa,0xaa,0xaa,0xaa,
  0x6a,0x55,0x55,0x55,0x55,0xaa,0xaa,0xaa,0xaa,0xaa,0x1a,0x00,0x00,0x00,0x00,0x00,0x00,0x00,0x00,0x00,0x00,0x00,0x00,0x00,
  0x00,0x90,0xaa,0xaa,0xaa,0xaa,0xaa,0xaa,0xaa,0xaa,0xaa,0xaa,0xaa,0xaa,0xaa,0xaa,0x01,0x00,0x00,0x00,0x00,0x00,0x00,0x00,
  0x00,0x00,0x00,0x00,0x00,0x00,0x00,0x00,0xa9,0xaa,0xaa,0xaa,0xaa,0xaa,0xaa,0xaa,0xaa,0xaa,0xaa,0xaa,0xaa,0x1a,0x00,0x00,
  0x00,0x00,0x00,0x00,0x00,0x00,0x00,0x00,0x00,0x00,0x00,0x00,0x00,0x00,0xa4,0xaa,0xaa,0xaa,0xaa,0xaa,0xaa,0xaa,0xaa,0xaa,
  0xaa,0xaa,0xaa,0x06,0x00,0x00,0x00,0x00,0x00,0x00,0x00,0x00,0x00,0x00,0x00,0x00,0x00,0x00,0x00,0x00,0x40,0xaa,0xaa,0xaa,
  0xaa,0xaa,0xaa,0xaa,0xaa,0xaa,0xaa,0xaa,0x6a,0x00,0x00,0x00,0x00,0x00,0x00,0x00,0x00,0x00,0x00,0x00,0x00,0x00,0x00,0x00,
  0x00,0x00,0x00,0xa4,0xaa,0xaa,0xaa,0xaa,0xaa,0xaa,0xaa,0xaa,0xaa,0xaa,0x05,0x00,0x00,0x00,0x00,0x00,0x00,0x00,0x00,0x00,
  0x00,0x00,0x00,0x00,0x00,0x00,0x00,0x00,0x00,0x40,0xa9,0xaa,0xaa,0xaa,0xaa,0xaa,0xaa,0xaa,0xaa,0x1a,0x00,0x00,0x00,0x00,
  0x00,0x00,0x00,0x00,0x00,0x00,0x00,0x00,0x00,0x00,0x00,0x00,0x00,0x00,0x00,0x00,0x90,0xaa,0xaa,0xaa,0xaa,0xaa,0xaa,0xaa,
  0x6a,0x01,0x00,0x00,0x00,0x00,0x00,0x00,0x00,0x00,0x00,0x00,0x00,0x00,0x00,0x00,0x00,0x00,0x00,0x00,0x00,0x00,0x00,0x94,
  0xaa,0xaa,0xaa,0xaa,0xaa,0x6a,0x05,0x00,0x00,0x00,0x00,0x00,0x00,0x00,0x00,0x00,0x00,0x00,0x00,0x00,0x00,0x00,0x00,0x00,
  0x00,0x00,0x00,0x00,0x00,0x00,0x95,0xaa,0xaa,0xaa,0x6a,0x05,0x00,0x00,0x00,0x00,0x00,0x00,0x00,0x00,0x00,0x00,0x00,0x00,
  0x00,0x00,0x00,0x00,0x00,0x00,0x00,0x00,0x00,0x00,0x00,0x00,0x00,0x40,0x55,0x55,0x00,0x00,0x00,0x00,0x00,0x00,0x00,0x00,
  0x00,0x00,0x00,0x00,0x00,0x00,0x00,0x00,0x00,0x00,0x00,0x00,0x00,0x00,0x00,0x00,0x00,0x00,0x00,0x00,0x00,0x00,0x00,0x00,
  0x00,0x00,0x00,0x00,0x00,0x00,0x00,0x00,0x00,0x00,0x00,0x00,0x00,0x00,0x00,0x00,0x00,0x00,0x00,0x00,0x00,0x00,0x00,0x00,
  0x00,0x00,0x00,0x00,0x00,0x00,0x00,0x00,0x00,0x00,0x00,0x00,0x00,0x00,0x00,0x00,0x00,0x00,0x00,0x00,0x00,0x00,0x00,0x00,
  0x00,0x00,0x00,0x00,0x00,0x00,0x00,0x00,0x00,0x00,0x00,0x00,0x00,0x00,0x00,0x00,0x00,0x00,0x00,0x00,0x00,0x00,0x00,0x00,
  0x00,0x00,0x00,0x00,0x00,0x00,0x00,0x00,0x00,0x00,0x00,0x00,0x00,0x00,0x00,0x00,0x00,0x00,0x00,0x00,0x00,0x00,0x00,0x00,
  0x00,0x00,0x00,0x00,0x00,0x00,0x00,0x00,0x00,0x00,0x00,0x00,0x00,0x00,0x00,0x00,0x00,0x00,0x00,0x00,0x00,0x00,0x00,0x00,
  0x00,0x00,0x00,0x00,0x00,0x00,0x00,0x00,0x00,0x00,0x00,0x00,0x00,0x00,0x00,0x00,0x00,0x00,0x00,0x00,0x00,0x00,0x00,0x00,
  0x00,0x00,0x00,0x00,0x00,0x00,0x00,0x00,0x00,0x00,0x00,0x00,0x00,0x00,0x00,0x00,0x00,0x00,0x00,0x00,0x00,0x00,0x00,0x00,
  0x00,0x00,0x00,0x00,0x00,0x00,0x00,0x00,0x00,0x00,0x00,0x00,0x00,0x00,0x00,0x00,0x00,0x00,0x00,0x00,0x00,0x00,0x00,0x00,
};

static const uint8_t CARMEL_MOUTH4_PX[1560] = {
  0x00,0x00,0x00,0x00,0x00,0x00,0x00,0x00,0x00,0x00,0x00,0x00,0x00,0x00,0x00,0x00,0x00,0x00,0x00,0x00,0x00,0x00,0x00,0x00,
  0x00,0x00,0x00,0x00,0xa9,0x0a,0x00,0x00,0x00,0x00,0x00,0x00,0x00,0x00,0x00,0x00,0x00,0x00,0x00,0x00,0x00,0x00,0x00,0x00,
  0x00,0x00,0x00,0x00,0x00,0x00,0x00,0x00,0x00,0x90,0xaa,0x0a,0x00,0x15,0x54,0x00,0x00,0x00,0x00,0x00,0x00,0x00,0x00,0x00,
  0x00,0x00,0x00,0x00,0x00,0x00,0x00,0x00,0x00,0x00,0x00,0x00,0x00,0x00,0x00,0xa4,0xaa,0x0a,0x90,0xaa,0xaa,0x06,0x00,0x00,
  0x00,0x00,0x00,0x00,0x00,0x00,0x00,0x00,0x00,0x00,0x00,0x00,0x00,0x00,0x00,0x00,0x00,0x00,0x00,0x00,0x00,0xa9,0xaa,0x0a,
  0xa4,0xaa,0xaa,0x1a,0x00,0x00,0x00,0x00,0x00,0x00,0x00,0x00,0x00,0x00,0x00,0x00,0x00,0x00,0x00,0x00,0x00,0x00,0x00,0x00,
  0x00,0x00,0x90,0xaa,0xaa,0x0a,0xa8,0xaa,0xaa,0xaa,0x01,0x00,0x00,0x00,0x00,0x00,0x00,0x00,0x00,0x00,0x00,0x00,0x00,0x00,
  0x00,0x00,0x00,0x00,0x00,0x00,0x00,0x00,0xa9,0xaa,0xaa,0x0a,0xa8,0xaa,0xaa,0xaa,0x1a,0x00,0x00,0x00,0x00,0x00,0x00,0x00,
  0x00,0x00,0x00,0x00,0x00,0x00,0x00,0x00,0x00,0x00,0x00,0x00,0x00,0x90,0xaa,0xaa,0xaa,0x0a,0xa8,0xaa,0xaa,0xaa,0xaa,0x01,
  0x00,0x00,0x00,0x00,0x00,0x00,0x00,0x00,0x00,0x00,0x00,0x00,0x00,0x00,0x00,0x00,0x00,0x00,0x40,0xa9,0xaa,0xaa,0xaa,0x0a,
  0xa8,0xaa,0xaa,0xaa,0xaa,0x6a,0x00,0x00,0x00,0x00,0x00,0x00,0x00,0x00,0x00,0x00,0x00,0x00,0x00,0x00,0x00,0x00,0x00,0x00,
  0xa4,0xaa,0xaa,0xaa,0xaa,0x02,0xa4,0xaa,0xaa,0xaa,0xaa,0xaa,0x06,0x00,0x00,0x00,0x00,0x00,0x00,0x00,0x00,0x00,0x00,0x00,
  0x00,0x00,0x00,0x00,0x00,0x50,0xaa,0xaa,0xaa,0xaa,0xaa,0x01,0x90,0xaa,0xaa,0xaa,0xaa,0xaa,0xaa,0x01,0x00,0x00,0x00,0x00,
  0x00,0x00,0x00,0x00,0x00,0x00,0x00,0x00,0x00,0x00,0x40,0xa9,0xaa,0xaa,0xaa,0xaa,0x6a,0x00,0x40,0xaa,0xaa,0xaa,0xaa,0xaa,
  0xaa,0x6a,0x00,0x00,0x00,0x00,0x00,0x00,0x00,0x00,0x00,0x00,0x00,0x00,0x00,0x00,0xa9,0xaa,0xaa,0xaa,0xaa,0xaa,0x2a,0x00,
  0x00,0xaa,0xaa,0xaa,0xaa,0xaa,0xaa,0xaa,0x5a,0x00,0x00,0x00,0x00,0x00,0x00,0x00,0x00,0x00,0x00,0x00,0x40,0xa5,0xaa,0xaa,
  0xaa,0xaa,0xaa,0xaa,0x1a,0x00,0x00,0xa8,0xaa,0xaa,0xaa,0xaa,0xaa,0xaa,0xaa,0x5a,0x01,0x00,0x00,0x00,0x00,0x00,0x00,0x00,
  0x00,0x50,0xa9,0xaa,0xaa,0xaa,0xaa,0xaa,0xaa,0xaa,0x06,0x00,0x00,0xa0,0xaa,0xaa,0xaa,0xaa,0xaa,0xaa,0xaa,0xaa,0xaa,0x55,
  0x00,0x00,0x00,0x00,0x00,0x50,0x95,0xaa,0xaa,0xaa,0xaa,0xaa,0xaa,0xaa,0xaa,0xaa,0x01,0x00,0x00,0x80,0xaa,0xaa,0xaa,0xaa,
  0xaa,0xaa,0xaa,0xaa,0xaa,0xaa,0xaa,0x5a,0x55,0x95,0xaa,0xaa,0xaa,0xaa,0xaa,0xaa,0xaa,0xaa,0xaa,0xaa,0xaa,0xaa,0x01,0x00,
  0x00,0x40,0xaa,0xaa,0xaa,0xaa,0xaa,0xaa,0xaa,0xaa,0xaa,0xaa,0xaa,0xaa,0xaa,0xaa,0xaa,0xaa,0xaa,0xaa,0xaa,0xaa,0xaa,0xaa,
  0xaa,0xaa,0xaa,0x6a,0x00,0x00,0x00,0x00,0xa9,0xaa,0xaa,0xa9,0xaa,0xaa,0xaa,0xaa,0xaa,0xaa,0xaa,0xaa,0xaa,0xaa,0xaa,0xaa,
  0xaa,0xaa,0xaa,0xaa,0xaa,0xaa,0x9a,0xaa,0xaa,0x2a,0x00,0x00,0x00,0x00,0xa4,0xaa,0xaa,0x56,0xaa,0xaa,0xaa,0xaa,0xaa,0xaa,
  0xaa,0xaa,0xaa,0xaa,0xaa,0xaa,0xaa,0xaa,0xaa,0xaa,0xaa,0x6a,0x95,0xaa,0xaa,0x0a,0x00,0x00,0x00,0x00,0xa0,0xaa,0xaa,0x5a,
  0x95,0xaa,0xaa,0xaa,0xaa,0xaa,0xaa,0xaa,0xaa,0xaa,0xaa,0xaa,0xaa,0xaa,0xaa,0xaa,0xaa,0x55,0xa5,0xaa,0xaa,0x06,0x00,0x00,
  0x00,0x00,0x80,0xaa,0xaa,0x6a,0x55,0xa5,0xaa,0xaa,0xaa,0xaa,0xaa,0xaa,0xaa,0xaa,0xaa,0xaa,0xaa,0xaa,0xaa,0xaa,0x56,0x55,
  0xa9,0xaa,0xaa,0x01,0x00,0x00,0x00,0x00,0x40,0xaa,0xaa,0xaa,0x55,0x55,0xa5,0xaa,0xaa,0xaa,0xaa,0xaa,0xaa,0xaa,0xaa,0xaa,
  0xaa,0xaa,0xaa,0x56,0x55,0x55,0xaa,0xaa,0xaa,0x00,0x00,0x00,0x00,0x00,0x00,0xa9,0xaa,0xaa,0x55,0x55,0x55,0xa5,0xaa,0xaa,
  0xaa,0xaa,0xaa,0xaa,0xaa,0xaa,0xaa,0xaa,0x55,0x55,0x55,0x95,0xaa,0xaa,0x2a,0x00,0x00,0x00,0x00,0x00,0x00,0xa4,0xaa,0xaa,
  0x56,0x55,0x55,0x55,0x55,0xaa,0xaa,0xaa,0xaa,0xaa,0xaa,0xaa,0x56,0x55,0x55,0x55,0x55,0xa5,0xaa,0xaa,0x0a,0x00,0x00,0x00,
  0x00,0x00,0x00,0xa0,0xaa,0xaa,0x5a,0x55,0x55,0x55,0x55,0x55,0x55,0x55,0x55,0x55,0x55,0x55,0x55,0x55,0x55,0x55,0x55,0xa9,
  0xaa,0xaa,0x06,0x00,0x00,0x00,0x00,0x00,0x00,0x80,0xaa,0xaa,0x6a,0x55,0x55,0x55,0x55,0x55,0x55,0x55,0x55,0x55,0x55,0x55,
  0x55,0x55,0x55,0x55,0x55,0xaa,0xaa,0xaa,0x01,0x00,0x00,0x00,0x00,0x00,0x00,0x00,0xaa,0xaa,0xaa,0x55,0x55,0x55,0x55,0x55,
  0x55,0x55,0x55,0x55,0x55,0x55,0x55,0x55,0x55,0x55,0x95,0xaa,0xaa,0x6a,0x00,0x00,0x00,0x00,0x00,0x00,0x00,0x00,0xa9,0xaa,
  0xaa,0x56,0x55,0x55,0x55,0x55,0x55,0x55,0x55,0x55,0x55,0x55,0x55,0x55,0x55,0x55,0xa5,0xaa,0xaa,0x1a,0x00,0x00,0x00,0x00,
  0x00,0x00,0x00,0x00,0xa4,0xaa,0xaa,0x6a,0x55,0x55,0x55,0x55,0x55,0x55,0x55,0x55,0x55,0x55,0x55,0x55,0x55,0x55,0xa9,0xaa,
  0xaa,0x06,0x00,0x00,0x00,0x00,0x00,0x00,0x00,0x00,0x90,0xaa,0xaa,0xaa,0x55,0x55,0x55,0x55,0x55,0x55,0x55,0x55,0x55,0x55,
  0x55,0x55,0x55,0x95,0xaa,0xaa,0xaa,0x01,0x00,0x00,0x00,0x00,0x00,0x00,0x00,0x00,0x40,0xaa,0xaa,0xaa,0x56,0x55,0x55,0x55,
  0x55,0x55,0x55,0x55,0x55,0x55,0x55,0x55,0x55,0xa5,0xaa,0xaa,0x6a,0x00,0x00,0x00,0x00,0x00,0x00,0x00,0x00,0x00,0x00,0xa9,
  0xaa,0xaa,0x5a,0x55,0x55,0x55,0x55,0x55,0x55,0x55,0x55,0x55,0x55,0x55,0x55,0xa9,0xaa,0xaa,0x1a,0x00,0x00,0x00,0x00,0x00,
  0x00,0x00,0x00,0x00,0x00,0xa4,0xaa,0xaa,0x6a,0x55,0x55,0x55,0x55,0x55,0x55,0x55,0x55,0x55,0x55,0x55,0x55,0xaa,0xaa,0xaa,
  0x06,0x00,0x00,0x00,0x00,0x00,0x00,0x00,0x00,0x00,0x00,0x90,0xaa,0xaa,0xaa,0x56,0x55,0x55,0x55,0x55,0x55,0x55,0x55,0x55,
  0x55,0x55,0xa5,0xaa,0xaa,0xaa,0x01,0x00,0x00,0x00,0x00,0x00,0x00,0x00,0x00,0x00,0x00,0x40,0xaa,0xaa,0xaa,0x5a,0x55,0x55,
  0x55,0x55,0x55,0x55,0x55,0x55,0x55,0x55,0xa9,0xaa,0xaa,0x6a,0x00,0x00,0x00,0x00,0x00,0x00,0x00,0x00,0x00,0x00,0x00,0x00,
  0xa9,0xaa,0xaa,0xaa,0x55,0x55,0x55,0x55,0x55,0x55,0x55,0x55,0x55,0x95,0xaa,0xaa,0xaa,0x1a,0x00,0x00,0x00,0x00,0x00,0x00,
  0x00,0x00,0x00,0x00,0x00,0x00,0xa0,0xaa,0xaa,0xaa,0x5a,0x55,0x55,0x55,0x55,0x55,0x55,0x55,0x55,0xa9,0xaa,0xaa,0xaa,0x02,
  0x00,0x00,0x00,0x00,0x00,0x00,0x00,0x00,0x00,0x00,0x00,0x00,0x40,0xaa,0xaa,0xaa,0x6a,0x55,0x55,0x55,0x55,0x55,0x55,0x55,
  0x95,0xaa,0xaa,0xaa,0xaa,0x00,0x00,0x00,0x00,0x00,0x00,0x00,0x00,0x00,0x00,0x00,0x00,0x00,0x00,0xa9,0xaa,0xaa,0xaa,0x5a,
  0x55,0x55,0x55,0x55,0x55,0x55,0xa9,0xaa,0xaa,0xaa,0x1a,0x00,0x00,0x00,0x00,0x00,0x00,0x00,0x00,0x00,0x00,0x00,0x00,0x00,
  0x00,0xa4,0xaa,0xaa,0xaa,0xaa,0x55,0x55,0x55,0x55,0x55,0xa5,0xaa,0xaa,0xaa,0xaa,0x06,0x00,0x00,0x00,0x00,0x00,0x00,0x00,
  0x00,0x00,0x00,0x00,0x00,0x00,0x00,0x40,0xaa,0xaa,0xaa,0xaa,0x6a,0x55,0x55,0x55,0x95,0xaa,0xaa,0xaa,0xaa,0x6a,0x00,0x00,
  0x00,0x00,0x00,0x00,0x00,0x00,0x00,0x00,0x00,0x00,0x00,0x00,0x00,0x00,0xa9,0xaa,0xaa,0xaa,0xaa,0xaa,0xaa,0xaa,0xaa,0xaa,
  0xaa,0xaa,0xaa,0x1a,0x00,0x00,0x00,0x00,0x00,0x00,0x00,0x00,0x00,0x00,0x00,0x00,0x00,0x00,0x00,0x00,0xa0,0xaa,0xaa,0xaa,
  0xaa,0xaa,0xaa,0xaa,0xaa,0xaa,0xaa,0xaa,0xaa,0x01,0x00,0x00,0x00,0x00,0x00,0x00,0x00,0x00,0x00,0x00,0x00,0x00,0x00,0x00,
  0x00,0x00,0x40,0xaa,0xaa,0xaa,0xaa,0xaa,0xaa,0xaa,0xaa,0xaa,0xaa,0xa9,0x6a,0x00,0x00,0x00,0x00,0x00,0x00,0x00,0x00,0x00,
  0x00,0x00,0x00,0x00,0x00,0x00,0x00,0x00,0x00,0xa4,0x6a,0xaa,0xaa,0xaa,0xaa,0xaa,0xaa,0xaa,0xaa,0xaa,0x06,0x00,0x00,0x00,
  0x00,0x00,0x00,0x00,0x00,0x00,0x00,0x00,0x00,0x00,0x00,0x00,0x00,0x00,0x00,0x40,0x6a,0xaa,0xaa,0xaa,0xaa,0xaa,0xaa,0xaa,
  0xaa,0x6a,0x00,0x00,0x00,0x00,0x00,0x00,0x00,0x00,0x00,0x00,0x00,0x00,0x00,0x00,0x00,0x00,0x00,0x00,0x00,0x00,0xa4,0xaa,
  0xaa,0xaa,0xaa,0xaa,0xaa,0xaa,0xaa,0x06,0x00,0x00,0x00,0x00,0x00,0x00,0x00,0x00,0x00,0x00,0x00,0x00,0x00,0x00,0x00,0x00,
  0x00,0x00,0x00,0x00,0x40,0xa9,0xaa,0xaa,0xaa,0xaa,0xaa,0xaa,0x1a,0x00,0x00,0x00,0x00,0x00,0x00,0x00,0x00,0x00,0x00,0x00,
  0x00,0x00,0x00,0x00,0x00,0x00,0x00,0x00,0x00,0x00,0x00,0x90,0xaa,0xaa,0xaa,0xaa,0xaa,0x6a,0x01,0x00,0x00,0x00,0x00,0x00,
  0x00,0x00,0x00,0x00,0x00,0x00,0x00,0x00,0x00,0x00,0x00,0x00,0x00,0x00,0x00,0x00,0x00,0x00,0x54,0xaa,0xaa,0xaa,0x6a,0x01,
  0x00,0x00,0x00,0x00,0x00,0x00,0x00,0x00,0x00,0x00,0x00,0x00,0x00,0x00,0x00,0x00,0x00,0x00,0x00,0x00,0x00,0x00,0x00,0x00,
  0x00,0x40,0x55,0x15,0x00,0x00,0x00,0x00,0x00,0x00,0x00,0x00,0x00,0x00,0x00,0x00,0x00,0x00,0x00,0x00,0x00,0x00,0x00,0x00,
  0x00,0x00,0x00,0x00,0x00,0x00,0x00,0x00,0x00,0x00,0x00,0x00,0x00,0x00,0x00,0x00,0x00,0x00,0x00,0x00,0x00,0x00,0x00,0x00,
};

static const FaceSprite CARMEL_BASE = { 0, 0, 320, 240, CARMEL_BASE_PX };
static const FaceSprite CARMEL_EYES_L[FACE_EYE_STATES] = {
  { 61, 28, 85, 81, CARMEL_EYE_L0_PX },
  { 61, 28, 85, 81, CARMEL_EYE_L1_PX },
  { 61, 28, 85, 81, CARMEL_EYE_L2_PX },
};
static const FaceSprite CARMEL_EYES_R[FACE_EYE_STATES] = {
  { 172, 29, 85, 83, CARMEL_EYE_R0_PX },
  { 172, 29, 85, 83, CARMEL_EYE_R1_PX },
  { 172, 29, 85, 83, CARMEL_EYE_R2_PX },
};
static const FaceSprite CARMEL_MOUTHS[FACE_MOUTH_LEVELS] = {
  { 108, 183, 118, 52, CARMEL_MOUTH0_PX },
  { 108, 183, 118, 52, CARMEL_MOUTH1_PX },
  { 108, 183, 118, 52, CARMEL_MOUTH2_PX },
  { 108, 183, 118, 52, CARMEL_MOUTH3_PX },
  { 108, 183, 118, 52, CARMEL_MOUTH4_PX },
};
static const FaceSpriteSet CARMEL_SPRITES = { &CARMEL_BASE, CARMEL_EYES_L, CARMEL_EYES_R, CARMEL_MOUTHS, true };
