/*
  Cara de Cesia a color: GENERADO por tools/make_face_sprites.py
  desde los SVG de assets/img/cesia/. No editar a mano: volver a correr la
  herramienta. Formato y capas: ver face_sprite.h.

  split = 142 (filas < split: ojos/cejas; >= split: boca)
  blob = 25300 bytes, parpadeo = Cara 1 + 2, 3, 4, 5, 6
*/

#pragma once

#include "face_sprite.h"

// RGB565 con el byte swap ya hecho (listo para SPI); el 15 no se usa (transparente).
static const uint16_t CESIA_FACE_LUT[16] = { 0x8deb, 0xffff, 0x35bd, 0xeca2, 0xad52, 0xcd4a, 0x8c6a, 0x6c4a, 0x4c4a, 0x4c42, 0x0579, 0x0570, 0x0358, 0x0bb8, 0xe320, 0x0000 };

static const uint8_t CESIA_FACE_BLOB[25300] = {
  0x0f,0xff,0x0f,0x21,0x0f,0x54,0x31,0xa1,0xea,0xa1,0x31,0x0f,0x45,0x32,0xa8,0x60,0x31,0x0f,0x55,0x0f,0x50,0x30,0xa0,0xef,
  0x07,0xa0,0x30,0x0f,0x3b,0x31,0xa0,0xef,0x05,0xa0,0x30,0x0f,0x50,0x0f,0x4d,0x30,0xa0,0xef,0x0d,0xa0,0x30,0x0f,0x35,0x30,
  0xa0,0xef,0x0d,0xa0,0x30,0x0f,0x4c,0x0f,0x4a,0x30,0xa0,0xef,0x13,0xa0,0x30,0x0f,0x2f,0x30,0xa0,0xef,0x13,0xa0,0x30,0x0f,
  0x49,0x0f,0x48,0x30,0xef,0x19,0x30,0x0f,0x2a,0x30,0xa0,0xef,0x19,0x60,0x0f,0x47,0x0f,0x46,0x30,0xef,0x1d,0x30,0x0f,0x27,
  0xa0,0xef,0x1d,0xa0,0x0f,0x45,0x0f,0x44,0x30,0xef,0x21,0x30,0x0f,0x24,0x60,0xef,0x20,0xa0,0x0f,0x43,0x0f,0x43,0xa0,0xef,
  0x23,0x30,0x0f,0x23,0xef,0x23,0xa0,0x0f,0x41,0x0f,0x41,0x30,0xef,0x26,0x0f,0x22,0x30,0xef,0x25,0x30,0x0f,0x3f,0x0f,0x40,
  0xa0,0xee,0xa0,0x60,0x30,0x0a,0x31,0x60,0xa0,0xef,0x06,0x30,0x0f,0x21,0xa0,0xef,0x07,0xa2,0x60,0x33,0x62,0xa0,0xef,0x03,
  0xa0,0x0f,0x3e,0x0f,0x3f,0xa0,0xec,0xa0,0x30,0x0f,0x04,0x30,0xa0,0xef,0x03,0x30,0x0f,0x21,0xa0,0xef,0x02,0xa0,0x60,0x30,
  0x0f,0x01,0x30,0x60,0xa0,0xee,0x30,0x0f,0x3c,0x0f,0x3d,0x30,0xeb,0xa0,0x0f,0x0b,0x30,0xa0,0xef,0x00,0x30,0x0f,0x21,0x30,
  0xee,0xa0,0x30,0x0f,0x09,0x30,0x60,0xec,0xa0,0x0f,0x3b,0x0f,0x3c,0x30,0xea,0x30,0x0f,0x10,0x30,0xed,0x30,0x0f,0x22,0xeb,
  0xa0,0x30,0x0f,0x0f,0x30,0xa0,0xea,0xa0,0x0f,0x3a,0x0f,0x3b,0x30,0xe9,0x30,0x0f,0x14,0x30,0xeb,0x0f,0x23,0x30,0xe8,0x60,
  0x0f,0x15,0x30,0xea,0x0f,0x39,0x0f,0x3a,0x30,0xe8,0x60,0x0f,0x18,0x60,0xe8,0x30,0x0f,0x24,0x30,0xe5,0x60,0x0f,0x19,0x30,
  0xe9,0x30,0x0f,0x37,0x0f,0x39,0x30,0xe7,0xa0,0x0f,0x1b,0x30,0xa0,0xe5,0x30,0x0f,0x27,0x30,0x61,0x30,0x0f,0x1d,0x60,0xe8,
  0x30,0x0f,0x36,0x0f,0x38,0x30,0xe7,0x30,0x0f,0x1e,0x30,0xa0,0xe0,0xa0,0x60,0x0f,0x5c,0xa0,0xe7,0x30,0x0f,0x35,0x0f,0x38,
  0xe7,0x30,0x0f,0x91,0x30,0xe7,0x30,0x0f,0x34,0x0f,0x37,0xa0,0xe5,0xa0,0x0f,0x95,0xa0,0xe6,0x30,0x0f,0x33,0x0f,0x36,0xa0,
  0xe5,0xa0,0x0f,0x97,0x60,0xe6,0x0f,0x33,0x0f,0x35,0x30,0xe5,0xa0,0x0f,0x06,0x30,0xa0,0xe8,0xa0,0x30,0x0f,0x76,0x30,0xe6,
  0x0f,0x32,0x0f,0x35,0xe5,0x60,0x0f,0x04,0xa0,0xe2,0x70,0x60,0x26,0x60,0x70,0xe2,0xa0,0x0f,0x74,0x30,0xe5,0xa0,0x0f,0x31,
  0x0f,0x34,0xa0,0xe4,0xa0,0x0f,0x02,0x30,0xc0,0xe1,0x30,0x20,0x1c,0x20,0x30,0xe1,0xc0,0x30,0x0f,0x48,0x30,0xa0,0xc0,0xe5,
  0xc0,0xa0,0x30,0x0f,0x0f,0xe5,0x0f,0x31,0x0f,0x34,0xe4,0xa0,0x0f,0x01,0x30,0xc0,0xe0,0x80,0x20,0x1f,0x03,0x20,0x80,0xe0,
  0xc0,0x0f,0x43,0x30,0xa0,0xe2,0x90,0x60,0x30,0x23,0x30,0x60,0x90,0xe2,0xa0,0x30,0x0f,0x0c,0xe4,0x0f,0x31,0x0f,0x34,0xe4,
  0x0f,0x01,0xa0,0xe0,0x90,0x20,0x1f,0x07,0x20,0x90,0xe0,0xa0,0x0f,0x3f,0x30,0xe2,0x30,0x20,0x1b,0x20,0x30,0xe2,0x30,0x0f,
  0x0b,0xe2,0x30,0x0f,0x31,0x0f,0x34,0xa0,0xe2,0x0f,0x01,0xe1,0x20,0x1f,0x0b,0x20,0xe1,0x0f,0x3c,0x30,0xe1,0x60,0x20,0x1f,
  0x02,0x20,0x60,0xe1,0x30,0x0f,0x4e,0x0f,0x35,0x31,0x0f,0x00,0x30,0xe1,0x1f,0x0f,0xe1,0x30,0x0f,0x39,0xa0,0xe0,0x60,0x1f,
  0x08,0x70,0xe0,0xa0,0x0f,0x4d,0x0f,0x46,0x30,0xe0,0x70,0x1f,0x11,0x70,0xe0,0x30,0x0f,0x36,0x30,0xe1,0x20,0x1f,0x0a,0x20,
  0xe1,0x30,0x0f,0x4b,0x0f,0x45,0x30,0xe0,0x60,0x1f,0x13,0x60,0xe0,0x30,0x0f,0x34,0xa0,0xe0,0x60,0x1f,0x0e,0x60,0xe0,0x30,
  0x0f,0x4a,0x0f,0x44,0x30,0xe0,0x60,0x1f,0x15,0x60,0xe0,0x30,0x0f,0x32,0xa0,0xe0,0x20,0x1f,0x10,0x20,0xe0,0xa0,0x0f,0x49,
  0x0f,0x44,0xe0,0x80,0x1f,0x17,0x70,0xe0,0x0f,0x31,0xa0,0xe0,0x20,0x1f,0x12,0x20,0xe0,0xa0,0x0f,0x48,0x0f,0x43,0xe1,0x1d,
  0x21,0x60,0x40,0x74,0x40,0x60,0x21,0x1d,0xe1,0x0f,0x2f,0xa0,0xe0,0x20,0x1f,0x00,0x20,0x1f,0x03,0x20,0xe0,0xa0,0x0f,0x47,
  0x0f,0x42,0xa0,0xe0,0x1c,0x20,0x40,0x7c,0x40,0x20,0x1c,0xe0,0xa0,0x0f,0x2d,0x30,0xe0,0x20,0x1a,0x21,0x40,0x76,0x40,0x60,
  0x20,0x1d,0x20,0xe0,0x30,0x0f,0x46,0x0f,0x41,0x30,0xe0,0x20,0x1a,0x20,0x7f,0x03,0x20,0x1a,0x20,0xe0,0x0f,0x2c,0x30,0xe0,
  0x20,0x19,0x20,0x40,0x7d,0x60,0x20,0x1b,0x60,0xe0,0x30,0x0f,0x45,0x0f,0x41,0xc0,0x90,0x19,0x20,0x40,0x7f,0x05,0x40,0x20,
  0x19,0xe0,0xc0,0x0f,0x2b,0xe0,0x70,0x18,0x20,0x7f,0x03,0x40,0x20,0x1a,0x90,0xe0,0x0f,0x45,0x0f,0x40,0x30,0xe0,0x20,0x18,
  0x20,0x7f,0x09,0x20,0x18,0x20,0xe0,0x30,0x0f,0x29,0xa0,0xe0,0x17,0x20,0x40,0x7f,0x06,0x20,0x1a,0xe0,0xa0,0x0f,0x44,0x0f,
  0x40,0xe0,0x40,0x18,0x60,0x7f,0x0b,0x60,0x18,0x70,0xe0,0x0f,0x28,0x30,0xe0,0x20,0x16,0x20,0x7f,0x09,0x40,0x19,0x20,0xe0,
  0x0f,0x44,0x0f,0x3f,0x30,0xe0,0x20,0x17,0x40,0x7f,0x0d,0x40,0x17,0x20,0xe0,0x30,0x0f,0x27,0xc0,0xe0,0x16,0x60,0x7f,0x0b,
  0x40,0x20,0x18,0xe0,0xa0,0x0f,0x43,0x0f,0x3f,0xa0,0x90,0x17,0x60,0x7a,0x80,0x91,0xe2,0x91,0x80,0x7a,0x60,0x17,0x90,0xa0,
  0x0f,0x26,0x30,0xe0,0x20,0x15,0x60,0x7f,0x0d,0x40,0x20,0x17,0x20,0xe0,0x30,0x0f,0x42,0x0f,0x3f,0xe0,0x20,0x16,0x20,0x72,
  0x40,0x24,0x40,0x80,0x90,0xe9,0x90,0x79,0x20,0x16,0x20,0xe0,0x0f,0x26,0xa0,0x80,0x15,0x20,0x7a,0x80,0x90,0xe4,0x91,0x7a,
  0x40,0x18,0xe0,0xa0,0x0f,0x42,0x0f,0x3e,0x30,0xe0,0x16,0x20,0x72,0x60,0x16,0x20,0xeb,0x90,0x79,0x20,0x16,0xe0,0x30,0x0f,
  0x25,0xe0,0x20,0x14,0x20,0x72,0x40,0x21,0x11,0x20,0x30,0x80,0x90,0xe9,0x90,0x79,0x40,0x17,0x20,0xe0,0x0f,0x42,0x0f,0x3e,
  0xa0,0x70,0x16,0x40,0x71,0x20,0x18,0x20,0xeb,0x90,0x78,0x40,0x16,0x70,0xa0,0x0f,0x24,0xa0,0xe0,0x15,0x40,0x71,0x60,0x16,
  0x20,0xec,0x79,0x20,0x17,0xe0,0xa0,0x0f,0x41,0x0f,0x3e,0xe0,0x20,0x15,0x20,0x71,0x40,0x1a,0x30,0xeb,0x90,0x78,0x20,0x15,
  0x20,0xe0,0x0f,0x24,0xe0,0x60,0x14,0x60,0x71,0x60,0x19,0xec,0x80,0x77,0x40,0x17,0x60,0xe0,0x0f,0x41,0x0f,0x3d,0x30,0xe0,
  0x16,0x40,0x71,0x20,0x1b,0xec,0x90,0x77,0x40,0x16,0xe0,0x30,0x0f,0x22,0x30,0xe0,0x20,0x14,0x71,0x40,0x1a,0x20,0xec,0x80,
  0x77,0x20,0x16,0x20,0xe0,0x0f,0x41,0x0f,0x3d,0x30,0xe0,0x15,0x20,0x72,0x1c,0x60,0xec,0x80,0x77,0x20,0x15,0xe0,0x30,0x0f,
  0x22,0xa0,0xe0,0x14,0x30,0x71,0x20,0x1b,0x70,0xeb,0x90,0x78,0x17,0xe0,0x30,0x0f,0x40,0x0f,0x3d,0xa0,0x90,0x15,0x20,0x71,
  0x40,0x1c,0x30,0xec,0x90,0x77,0x20,0x15,0x90,0xa0,0x0f,0x22,0xa0,0x40,0x14,0x72,0x20,0x1b,0x20,0xec,0x90,0x77,0x20,0x16,
  0x80,0xa0,0x0f,0x40,0x0f,0x3d,0xc0,0x60,0x15,0x40,0x71,0x40,0x1c,0x30,0xed,0x77,0x40,0x15,0x60,0xc0,0x0f,0x22,0xe0,0x20,
  0x13,0x20,0x72,0x1c,0x20,0xed,0x77,0x40,0x16,0x30,0xe0,0x0f,0x40,0x0f,0x3d,0xe0,0x30,0x15,0x73,0x1c,0x60,0xed,0x90,0x77,
  0x15,0x30,0xe0,0x0f,0x22,0xe0,0x20,0x13,0x60,0x72,0x1c,0x20,0xed,0x90,0x77,0x16,0x20,0xe0,0x0f,0x40,0x0f,0x3d,0xe0,0x20,
  0x14,0x20,0x73,0x20,0x1b,0xee,0x90,0x77,0x20,0x14,0x20,0xe0,0x0f,0x21,0x30,0xe0,0x14,0x40,0x72,0x20,0x1b,0x20,0xed,0x90,
  0x77,0x20,0x16,0xe0,0x0f,0x40,0x0f,0x3d,0xe0,0x20,0x14,0x20,0x73,0x40,0x1a,0x20,0xef,0x00,0x77,0x20,0x14,0x20,0xe0,0x0f,
  0x21,0x30,0xe0,0x14,0x73,0x20,0x1b,0x80,0xee,0x77,0x20,0x16,0xe0,0x30,0x0f,0x3f,0x0f,0x3d,0xe0,0x20,0x14,0x20,0x74,0x20,
  0x18,0x20,0xef,0x01,0x77,0x20,0x14,0x20,0xe0,0x0f,0x21,0x30,0xe0,0x13,0x20,0x73,0x40,0x1a,0x20,0xef,0x00,0x77,0x60,0x16,
  0xe0,0x30,0x0f,0x3f,0x0f,0x3d,0xe0,0x20,0x14,0x20,0x72,0x42,0x20,0x16,0x20,0xef,0x02,0x45,0x71,0x20,0x14,0x20,0xe0,0x0f,
  0x21,0xa0,0xe0,0x13,0x20,0x74,0x40,0x19,0xef,0x01,0x80,0x76,0x60,0x16,0xe0,0x30,0x0f,0x3f,0x0f,0x3d,0xe0,0x20,0x14,0x20,
  0x71,0x44,0x60,0x21,0x10,0x21,0x70,0xef,0x03,0x45,0x71,0x20,0x14,0x20,0xe0,0x0f,0x21,0xa0,0xe0,0x13,0x20,0x72,0x42,0x20,
  0x16,0x20,0xef,0x02,0x70,0x44,0x71,0x40,0x16,0xe0,0xa0,0x0f,0x3f,0x0f,0x3d,0xe0,0x20,0x14,0x20,0x71,0x45,0xef,0x09,0x46,
  0x70,0x20,0x14,0x20,0xe0,0x0f,0x21,0xa0,0xe0,0x13,0x20,0x71,0x45,0x60,0x23,0x70,0xef,0x03,0x45,0x71,0x40,0x16,0xe0,0xa0,
  0x0f,0x3f,0x0f,0x3d,0xe0,0x60,0x14,0x20,0x71,0x45,0x90,0xef,0x07,0x90,0x46,0x70,0x20,0x14,0x60,0xe0,0x0f,0x0c,0x30,0x0f,
  0x04,0xa0,0xe0,0x13,0x20,0x71,0x45,0x90,0xef,0x08,0x46,0x70,0x60,0x16,0xe0,0x30,0x0f,0x3f,0x0f,0x3d,0xa0,0x70,0x14,0x20,
  0x71,0x45,0x70,0xef,0x07,0x70,0x46,0x70,0x20,0x14,0x70,0xa0,0x0f,0x0a,0x33,0x0f,0x03,0x30,0xe0,0x13,0x20,0x71,0x45,0x70,
  0xef,0x08,0x46,0x70,0x20,0x16,0xe0,0x30,0x0f,0x3f,0x0f,0x3d,0xa0,0xe0,0x15,0x71,0x46,0xef,0x07,0x47,0x70,0x15,0xe0,0xa0,
  0x0f,0x0a,0x34,0x0f,0x02,0x30,0xe0,0x14,0x71,0x46,0xef,0x07,0x90,0x46,0x70,0x20,0x16,0xe0,0x30,0x0f,0x3f,0x0f,0x3d,0x30,
  0xe0,0x15,0x40,0x70,0x46,0x90,0xef,0x05,0x90,0x46,0x70,0x40,0x15,0xe0,0x30,0x0f,0x09,0x35,0x0f,0x02,0x30,0xe0,0x14,0x40,
  0x70,0x46,0xef,0x07,0x47,0x70,0x20,0x15,0x20,0xe0,0x0f,0x40,0x0f,0x3e,0xe0,0x20,0x14,0x20,0x70,0x47,0xef,0x05,0x47,0x70,
  0x20,0x14,0x20,0xe0,0x0f,0x0a,0x36,0x0f,0x02,0xe0,0x20,0x13,0x20,0x70,0x46,0x80,0xef,0x06,0x47,0x70,0x16,0x20,0xe0,0x0f,
  0x40,0x0f,0x3e,0xe0,0x60,0x14,0x20,0x70,0x47,0x90,0xef,0x03,0x90,0x47,0x70,0x20,0x14,0x60,0xe0,0x0f,0x0a,0x37,0x0f,0x01,
  0xe0,0x30,0x13,0x20,0x70,0x47,0xef,0x05,0x47,0x70,0x60,0x16,0x60,0xe0,0x0f,0x40,0x0f,0x3e,0xa0,0xe0,0x15,0x40,0x70,0x47,
  0xef,0x03,0x49,0x15,0xe0,0xa0,0x0f,0x09,0x38,0x0f,0x01,0xa0,0x80,0x14,0x48,0x70,0xef,0x04,0x47,0x70,0x20,0x16,0xe0,0xa0,
  0x0f,0x40,0x0f,0x3f,0xe0,0x20,0x14,0x20,0x70,0x48,0xef,0x01,0x48,0x70,0x20,0x14,0x20,0xe0,0x30,0x0f,0x09,0x39,0x0f,0x00,
  0x30,0xe0,0x14,0x20,0x70,0x47,0x90,0xef,0x02,0x49,0x17,0xe0,0x30,0x0f,0x40,0x0f,0x3f,0xe0,0x60,0x15,0x40,0x70,0x48,0xee,
  0x4a,0x15,0x60,0xe0,0x0f,0x0a,0x39,0x0f,0x01,0xe0,0x20,0x14,0x70,0x48,0x90,0xef,0x00,0x48,0x70,0x20,0x16,0x20,0xe0,0x0f,
  0x41,0x0f,0x3f,0x30,0xe0,0x16,0x70,0x49,0x80,0xea,0x90,0x49,0x70,0x16,0xe0,0x30,0x0f,0x0a,0x3a,0x0f,0x00,0xe0,0x60,0x14,
  0x20,0x70,0x48,0x90,0xed,0x4a,0x17,0x70,0xa0,0x0f,0x41,0x0f,0x40,0xe0,0x20,0x15,0x20,0x70,0x4a,0x80,0xe6,0x80,0x4a,0x70,
  0x20,0x15,0x20,0xe0,0x0f,0x0b,0x3a,0x0f,0x00,0x30,0xe0,0x15,0x4b,0xea,0x90,0x49,0x70,0x20,0x17,0xe0,0x30,0x0f,0x41,0x0f,
  0x40,0xa0,0xe0,0x16,0x60,0x70,0x4f,0x0e,0x60,0x16,0xe0,0xa0,0x0f,0x0b,0x3a,0x0f,0x01,0xe0,0x20,0x15,0x4c,0x90,0xe5,0x70,
  0x4b,0x20,0x17,0x30,0xe0,0x0f,0x42,0x0f,0x41,0xe0,0x60,0x16,0x60,0x4f,0x0d,0x60,0x16,0x60,0xe0,0x0f,0x0b,0x3c,0x0f,0x00,
  0xa0,0xe0,0x15,0x20,0x70,0x4f,0x0f,0x18,0xe0,0xa0,0x0f,0x42,0x0f,0x41,0x30,0xe0,0x17,0x60,0x70,0x4f,0x0a,0x60,0x16,0x20,
  0xe0,0x30,0x0f,0x0b,0x3c,0x0f,0x01,0xe0,0x20,0x15,0x20,0x4f,0x0e,0x18,0x20,0xe0,0x0f,0x43,0x0f,0x42,0xe1,0x17,0x20,0x70,
  0x4f,0x07,0x70,0x20,0x17,0xe1,0x0f,0x0c,0x3c,0x0f,0x01,0xa0,0xe0,0x16,0x20,0x4f,0x0c,0x19,0xe0,0xa0,0x0f,0x43,0x0f,0x43,
  0xe0,0x60,0x17,0x20,0x4f,0x07,0x20,0x17,0x60,0xe0,0x0f,0x0d,0x3d,0x0f,0x01,0xe0,0x30,0x16,0x20,0x4f,0x09,0x20,0x19,0x60,
  0xe0,0x0f,0x44,0x0f,0x43,0x30,0xe0,0x20,0x18,0x20,0x4f,0x03,0x20,0x18,0x20,0xe0,0x30,0x0f,0x0d,0x3d,0x0f,0x01,0x30,0xe0,
  0x20,0x17,0x60,0x4f,0x06,0x20,0x19,0x20,0xe0,0x30,0x0f,0x44,0x0f,0x44,0xa0,0xe0,0x20,0x19,0x20,0x40,0x70,0x4c,0x20,0x19,
  0x20,0xe0,0xa0,0x0f,0x0e,0x3d,0x0f,0x02,0xc0,0xe0,0x18,0x20,0x4f,0x03,0x20,0x1b,0xe0,0xa0,0x0f,0x45,0x0f,0x45,0xa0,0xe0,
  0x20,0x1a,0x21,0x60,0x40,0x74,0x40,0x60,0x21,0x1a,0x20,0xe0,0xa0,0x0f,0x0f,0x3e,0x0f,0x02,0xe0,0x70,0x19,0x20,0x60,0x4d,
  0x20,0x1c,0x80,0xe0,0x0f,0x46,0x0f,0x3a,0x30,0x0a,0xa0,0xe0,0x20,0x1f,0x11,0x20,0xe0,0xa0,0x0f,0x0f,0x3f,0x00,0x0f,0x02,
  0x30,0xe0,0x60,0x1b,0x21,0x60,0x41,0x70,0x42,0x21,0x1e,0x60,0xe0,0x30,0x0f,0x46,0x0f,0x3a,0x31,0x0a,0xa0,0xe0,0x20,0x1f,
  0x0f,0x20,0xe0,0xa0,0x0f,0x10,0x3f,0x00,0x0f,0x03,0x30,0xe0,0x30,0x1f,0x14,0x60,0xe0,0x30,0x0f,0x47,0x0f,0x3b,0x30,0x0b,
  0x30,0xe0,0x40,0x1f,0x0d,0x70,0xe0,0x30,0x0f,0x11,0x3f,0x00,0x0f,0x04,0x30,0xe0,0x60,0x1f,0x12,0x60,0xe0,0x30,0x0b,0x30,
  0x0f,0x3b,0x0f,0x3b,0x31,0x0b,0x30,0xe1,0x20,0x1f,0x09,0x20,0xe1,0x30,0x0f,0x11,0x3f,0x01,0x0f,0x05,0x30,0xe0,0x40,0x1f,
  0x10,0x70,0xe0,0x30,0x0b,0x30,0x0f,0x3c,0x0f,0x3c,0x31,0x0c,0xa0,0xe1,0x20,0x1f,0x05,0x20,0xe1,0xa0,0x0f,0x13,0x3f,0x01,
  0x0f,0x06,0x30,0xe1,0x20,0x1f,0x0c,0x20,0xe1,0x30,0x0c,0x30,0x0f,0x3c,0x0f,0x3d,0x31,0x0d,0xa0,0xe1,0x20,0x1f,0x01,0x20,
  0xe1,0xa0,0x0f,0x14,0x3f,0x03,0x0f,0x07,0xe1,0x30,0x1f,0x0a,0x60,0xe0,0xc0,0x0d,0x30,0x0f,0x3d,0x0f,0x3e,0x31,0x0d,0x30,
  0xa0,0xe1,0x90,0x30,0x20,0x18,0x20,0x30,0x90,0xe1,0xa0,0x30,0x0f,0x14,0x3f,0x04,0x0f,0x08,0x30,0xe1,0x20,0x1f,0x06,0x20,
  0xe1,0x30,0x0d,0x31,0x0f,0x3d,0x0f,0x3e,0x32,0x0f,0x00,0x30,0xa0,0xe5,0x90,0xe5,0xa0,0x30,0x0f,0x17,0x3f,0x04,0x0f,0x0a,
  0xa0,0xe1,0x30,0x1f,0x02,0x30,0xe1,0xa0,0x0e,0x31,0x0f,0x3e,0x0f,0x40,0x31,0x0f,0x03,0x31,0xa4,0x31,0x0f,0x1a,0x3f,0x05,
  0x0f,0x0c,0xa0,0xe1,0x90,0x21,0x19,0x20,0x30,0x90,0xe1,0xa0,0x0f,0x00,0x31,0x0f,0x3f,0x0f,0x41,0x32,0x0f,0x33,0x3f,0x06,
  0x0f,0x0e,0x30,0xa0,0xe3,0x80,0x70,0x61,0x70,0x80,0xe3,0xa0,0x30,0x0f,0x01,0x32,0x0f,0x3f,0x0f,0x42,0x33,0x0f,0x31,0x3f,
  0x06,0x0f,0x12,0x30,0xa2,0xc0,0xa3,0x30,0x0f,0x04,0x32,0x0f,0x40,0x0f,0x44,0x33,0x0f,0x2e,0x3f,0x07,0x0f,0x2e,0x32,0x0f,
  0x42,0x0f,0x47,0x33,0x0f,0x2a,0x3f,0x08,0x0f,0x2d,0x32,0x0f,0x43,0x0f,0x84,0x3f,0x09,0x0f,0x2b,0x32,0x0f,0x45,0x0f,0x83,
  0x3f,0x09,0x0f,0x29,0x33,0x0f,0x47,0x0f,0x83,0x3f,0x09,0x0f,0x26,0x33,0x0f,0x4a,0x0f,0x82,0x3f,0x0a,0x0f,0x84,0x0f,0x81,
  0x3f,0x0b,0x0f,0x84,0x0f,0x80,0x3f,0x0c,0x0f,0x84,0x0f,0x7f,0x3f,0x0d,0x0f,0x84,0x0f,0x7e,0x3f,0x0d,0x0f,0x85,0x0f,0x7d,
  0x3f,0x0e,0x0f,0x85,0x0f,0x7c,0x3f,0x0f,0x0f,0x85,0x0f,0x7b,0x3f,0x0f,0x0f,0x86,0x0f,0x7a,0x3f,0x10,0x0f,0x86,0x0f,0x7a,
  0x3f,0x0f,0x0f,0x87,0x0f,0x79,0x3f,0x0f,0x0f,0x88,0x0f,0x79,0x3f,0x0e,0x0f,0x89,0x0f,0x79,0x3f,0x0d,0x0f,0x8a,0x0f,0x79,
  0x3f,0x0c,0x0f,0x8b,0x0f,0x7a,0x3f,0x0b,0x0f,0x8b,0x0f,0x7a,0x3f,0x0a,0x0f,0x8c,0x0f,0x7a,0x3f,0x09,0x0f,0x8d,0x0f,0x7b,
  0x3f,0x07,0x0f,0x8e,0x0f,0x7c,0x3f,0x06,0x0f,0x8e,0x0f,0x7c,0x3f,0x05,0x0f,0x8f,0x0f,0x7d,0x3f,0x03,0x0f,0x90,0x0f,0x7f,
  0x3e,0x0f,0x92,0x0f,0x80,0x3c,0x0f,0x93,0x0f,0x83,0x37,0x0f,0x95,0x0f,0x89,0x31,0x0f,0x00,0x32,0x0f,0x82,0x0f,0x84,0x31,
  0x46,0x60,0x30,0x07,0x31,0x60,0x45,0x60,0x30,0x0f,0x7e,0x0f,0x82,0x30,0x60,0x4b,0x30,0x03,0x30,0x60,0x4b,0x60,0x0f,0x7c,
  0x0f,0x80,0x30,0x60,0x4f,0x00,0x30,0x00,0x30,0x4f,0x00,0x60,0x0f,0x7a,0x0f,0x7f,0x60,0x4f,0x03,0x60,0x4f,0x03,0x30,0x0f,
  0x78,0x0f,0x7d,0x30,0x4f,0x1b,0x60,0x30,0x0f,0x75,0x0f,0x7b,0x30,0x4f,0x1f,0x60,0x30,0x0f,0x73,0x0f,0x79,0x30,0x4f,0x24,
  0x60,0x31,0x0f,0x6f,0x0f,0x76,0x30,0x60,0x4f,0x2a,0x60,0x32,0x0a,0x30,0x0f,0x5e,0x0f,0x73,0x30,0x60,0x4f,0x35,0x62,0x42,
  0x61,0x0f,0x5e,0x0f,0x6b,0x33,0x61,0x4f,0x3e,0x70,0x40,0x0f,0x5f,0x0f,0x67,0x30,0x60,0x4f,0x42,0x73,0x40,0x0f,0x60,0x0f,
  0x69,0x62,0x4f,0x3b,0x77,0x0f,0x61,0x0f,0x6a,0x30,0x70,0x40,0x61,0x4f,0x32,0x7b,0x40,0x0f,0x62,0x0f,0x6c,0x60,0x72,0x40,
  0x61,0x4f,0x28,0x7f,0x01,0x40,0x0f,0x63,0x0f,0x6d,0x30,0x76,0x40,0x62,0x4e,0x64,0x4b,0x66,0x43,0x7f,0x07,0x40,0x0f,0x64,
  0x0f,0x6f,0x60,0x7e,0x43,0x7b,0x41,0x73,0x41,0x7f,0x13,0x60,0x0f,0x65,0x0f,0x70,0x30,0x7f,0x38,0x60,0x0f,0x66,0x0f,0x72,
  0x60,0x7f,0x35,0x60,0x0f,0x67,0x0f,0x73,0x30,0x7f,0x33,0x30,0x0f,0x68,0x0f,0x74,0x30,0x40,0x7f,0x30,0x30,0x0f,0x69,0x0f,
  0x76,0x60,0x7f,0x2d,0x40,0x30,0x0f,0x6a,0x0f,0x77,0x30,0x7f,0x2b,0x60,0x0f,0x6c,0x0f,0x79,0x60,0x7f,0x28,0x30,0x0f,0x6d,
  0x0f,0x7a,0x30,0x7f,0x25,0x40,0x30,0x0f,0x6e,0x0f,0x7b,0x30,0x40,0x7f,0x22,0x60,0x0f,0x70,0x0f,0x7d,0x60,0x7f,0x1f,0x40,
  0x30,0x0f,0x71,0x0f,0x7e,0x30,0x7f,0x1d,0x30,0x0f,0x73,0x0f,0x80,0x60,0x7f,0x18,0x40,0x30,0x0f,0x75,0x0f,0x82,0x60,0x7f,
  0x14,0x60,0x30,0x0f,0x77,0x0f,0x84,0x30,0x60,0x7f,0x0e,0x60,0x30,0x0f,0x7a,0x0f,0x88,0x32,0x63,0x33,0x00,0x32,0x62,0x42,
  0x62,0x32,0x0f,0x7d,0x00,0x00,0x00,0x00,0x00,0x00,0x00,0x00,0x00,0x00,0x00,0x00,0x00,0x00,0x00,0x00,0x00,0x00,0x00,0x00,
  0x00,0x00,0x00,0x00,0x00,0x00,0x00,0x00,0x00,0x00,0x00,0x00,0x00,0x00,0x00,0x00,0x00,0x00,0x00,0x00,0x00,0x00,0x00,0x00,
  0x00,0x00,0x00,0x00,0x00,0x00,0x00,0x00,0x00,0x00,0x00,0x00,0x00,0x00,0x00,0x00,0x00,0x00,0x00,0x00,0x00,0x00,0x00,0x00,
  0x00,0x00,0x00,0x00,0x00,0x00,0x00,0x00,0x00,0x00,0x00,0x00,0x00,0x00,0x00,0x00,0x04,0x00,0x13,0x00,0x25,0x00,0x37,0x00,
  0x49,0x00,0x58,0x00,0x66,0x00,0x74,0x00,0x81,0x00,0x8e,0x00,0xab,0x00,0xc9,0x00,0xe3,0x00,0xfa,0x00,0x0e,0x01,0x24,0x01,
  0x3b,0x01,0x4e,0x01,0x59,0x01,0x65,0x01,0x70,0x01,0x82,0x01,0x98,0x01,0xb8,0x01,0xdd,0x01,0xfd,0x01,0x17,0x02,0x2e,0x02,
  0x44,0x02,0x5a,0x02,0x70,0x02,0x84,0x02,0xa0,0x02,0xbf,0x02,0xdd,0x02,0xfa,0x02,0x17,0x03,0x32,0x03,0x4f,0x03,0x71,0x03,
  0x96,0x03,0xbe,0x03,0xe1,0x03,0x04,0x04,0x27,0x04,0x49,0x04,0x6c,0x04,0x8d,0x04,0xac,0x04,0xce,0x04,0xf0,0x04,0x14,0x05,
  0x3a,0x05,0x65,0x05,0x8a,0x05,0xb2,0x05,0xda,0x05,0xfd,0x05,0x24,0x06,0x49,0x06,0x70,0x06,0x92,0x06,0xb7,0x06,0xd9,0x06,
  0xfb,0x06,0x1f,0x07,0x3f,0x07,0x5c,0x07,0x7a,0x07,0x96,0x07,0xb3,0x07,0xd4,0x07,0xf4,0x07,0x16,0x08,0x38,0x08,0x54,0x08,
  0x72,0x08,0x90,0x08,0xae,0x08,0xcb,0x08,0xee,0x08,0x0c,0x09,0x29,0x09,0x42,0x09,0x55,0x09,0x61,0x09,0x6d,0x09,0x76,0x09,
  0x7f,0x09,0x88,0x09,0x8e,0x09,0x94,0x09,0x9a,0x09,0xa0,0x09,0xa6,0x09,0xac,0x09,0xb2,0x09,0xb2,0x09,0xb8,0x09,0xbe,0x09,
  0xbe,0x09,0xc4,0x09,0xc4,0x09,0xca,0x09,0xca,0x09,0xd0,0x09,0xd6,0x09,0xdc,0x09,0xe2,0x09,0xe8,0x09,0xee,0x09,0xf4,0x09,
  0xfa,0x09,0x00,0x0a,0x06,0x0a,0x0b,0x0a,0x10,0x0a,0x00,0x00,0x00,0x00,0x00,0x00,0x00,0x00,0x00,0x00,0x00,0x00,0x00,0x00,
  0x00,0x00,0x00,0x00,0x00,0x00,0x00,0x00,0x00,0x00,0x00,0x00,0x00,0x00,0x00,0x00,0x00,0x00,0x15,0x0a,0x1d,0x0a,0x2b,0x0a,
  0x38,0x0a,0x46,0x0a,0x51,0x0a,0x5a,0x0a,0x63,0x0a,0x6c,0x0a,0x78,0x0a,0x83,0x0a,0x8d,0x0a,0x97,0x0a,0x9f,0x0a,0xab,0x0a,
  0xb8,0x0a,0xc8,0x0a,0xd6,0x0a,0xde,0x0a,0xe6,0x0a,0xee,0x0a,0xf7,0x0a,0x00,0x0b,0x08,0x0b,0x10,0x0b,0x19,0x0b,0x22,0x0b,
  0x2b,0x0b,0x33,0x0b,0x3c,0x0b,0x45,0x0b,0x4f,0x0b,0x00,0x00,0x00,0x00,0x00,0x00,0x00,0x00,0x00,0x00,0x00,0x00,0x00,0x00,
  0x00,0x00,0x00,0x00,0x00,0x00,0x00,0x00,0x00,0x00,0x00,0x00,0x00,0x00,0x00,0x00,0x00,0x00,0x00,0x00,0x00,0x00,0x00,0x00,
  0x00,0x00,0x00,0x00,0x00,0x00,0x00,0x00,0x00,0x00,0x00,0x00,0x00,0x00,0x00,0x00,0x00,0x00,0x00,0x00,0x00,0x00,0x00,0x00,
  0x00,0x00,0x00,0x00,0xff,0x0c,0x33,0xff,0x56,0x33,0xff,0x0b,0xff,0x06,0x30,0xa0,0xe4,0xc0,0xe4,0xa1,0xff,0x4b,0x30,0xa1,
  0xe9,0xc0,0xa0,0x30,0xff,0x05,0xff,0x03,0x30,0xc0,0xe0,0xc0,0xa0,0x30,0xf8,0x31,0xa0,0xe1,0xa0,0xff,0x45,0x30,0xa0,0xe1,
  0xa0,0x30,0xf9,0x30,0xa0,0xe1,0xa0,0x30,0xff,0x02,0xff,0x01,0xa0,0xe0,0xc0,0x30,0xff,0x01,0x30,0xa0,0xe0,0xa0,0xff,0x41,
  0x30,0xe1,0xa0,0xff,0x02,0xa0,0xe1,0x30,0xff,0x00,0xfe,0xa0,0xe0,0xa0,0xf3,0x0c,0xf5,0xa0,0xe0,0xa0,0xff,0x3d,0x30,0xe1,
  0x30,0xff,0x06,0x30,0xe1,0x30,0xfd,0xfc,0x30,0xe0,0xa0,0xf2,0x0f,0x03,0xf4,0xa0,0xe0,0x30,0xff,0x3a,0xc0,0xe0,0x30,0xff,
  0x0a,0x30,0xe0,0xa0,0xfc,0xfb,0xa0,0xe0,0x30,0xf0,0x0f,0x09,0xf2,0x30,0xe0,0xa0,0xff,0x37,0x30,0xe0,0xa0,0xf7,0x0b,0xf9,
  0xe0,0xc0,0xfb,0xfa,0xe0,0xa0,0xf0,0x0f,0x0c,0xf3,0xe0,0xa0,0xff,0x35,0xa0,0xe0,0x30,0xf4,0x0f,0x04,0xf6,0xa0,0xe0,0xfa,
  0xf8,0x30,0xe0,0xa0,0xf0,0x0f,0x0f,0xf2,0xc1,0xff,0x33,0xc0,0xe0,0xf4,0x0f,0x08,0xf5,0x30,0xe0,0xf9,0xf7,0x30,0xe0,0x30,
  0xf0,0x0f,0x11,0xf2,0xc0,0xa0,0xff,0x31,0xe0,0xa0,0xf3,0x0f,0x0c,0xf4,0x30,0xe0,0xf8,0xf7,0xe0,0x30,0x0f,0x15,0xf1,0xe0,
  0xa0,0xff,0x2f,0xc0,0xa0,0xf3,0x0f,0x0e,0xf4,0x30,0xe0,0xf7,0xf6,0xe0,0x30,0x0f,0x17,0xf1,0xe0,0x30,0xff,0x2d,0xa0,0xe0,
  0xf2,0x0f,0x12,0xf3,0xa1,0xf6,0xf5,0xe0,0xa0,0x0f,0x19,0xf0,0x30,0xe0,0xff,0x2c,0x30,0xe0,0xf2,0x0f,0x14,0xf3,0xe0,0x30,
  0xf5,0xf4,0x30,0xe0,0x0f,0x1b,0xf0,0xa0,0xe0,0xff,0x2b,0xe0,0x30,0xf1,0x0f,0x16,0xf3,0xe0,0xf5,0xf4,0xe0,0xf0,0x0f,0x1b,
  0xf1,0xe0,0x30,0xff,0x29,0xe0,0xa0,0xf1,0x0f,0x18,0xf2,0xa0,0xc0,0xf4,0xf3,0xe0,0x30,0x0f,0x1d,0xf0,0x30,0xe0,0xff,0x28,
  0x30,0xe0,0xf1,0x0f,0x1a,0xf2,0xe0,0x30,0xf3,0xf2,0x30,0xe0,0x0f,0x00,0x30,0xa0,0xe9,0xc0,0xa0,0x30,0x0f,0x00,0xf0,0xa1,
  0xff,0x27,0xe0,0x30,0xf0,0x0d,0x30,0xa1,0xe9,0xa0,0x30,0x0e,0xf1,0x30,0xe0,0xf3,0xf2,0xe0,0x30,0x0c,0x30,0xe3,0x91,0xf5,
  0x80,0x91,0xe2,0xa0,0x30,0x0c,0xf0,0x30,0xe0,0xff,0x26,0x30,0xc0,0xf0,0x0b,0x30,0xa0,0xe2,0x91,0x80,0xf5,0x91,0xe3,0x30,
  0x0c,0xf1,0xe0,0x30,0xf2,0xf1,0x30,0xe0,0x0b,0xa0,0xe1,0x90,0x80,0xfe,0x90,0xe2,0x30,0x0b,0xf0,0xe0,0x30,0xff,0x25,0xe0,
  0x30,0xf0,0x09,0x30,0xe2,0x90,0xfe,0x82,0xe0,0xa0,0x0a,0xf1,0x30,0xc0,0xf2,0xf1,0xa0,0xf0,0x09,0xa0,0xe1,0x90,0xff,0x05,
  0x90,0xe1,0x30,0x0a,0x30,0xe0,0xff,0x24,0x30,0xe0,0xf0,0x08,0x30,0xe1,0x90,0xff,0x05,0x61,0xe0,0xa0,0x09,0xf1,0xe0,0xf2,
  0xf1,0xe0,0x08,0x30,0xe1,0x90,0xff,0x09,0x90,0xe1,0x30,0x08,0xf0,0xe0,0xff,0x24,0xa0,0x30,0x08,0xa0,0xe0,0x90,0xff,0x09,
  0x20,0x60,0xe0,0x30,0x07,0xf1,0xa0,0x30,0xf1,0xf0,0x30,0xc0,0x07,0xa0,0xe0,0x70,0xff,0x0d,0x80,0xe0,0xa0,0x08,0xa0,0x30,
  0xff,0x23,0xe0,0xf0,0x06,0x30,0xe0,0x90,0x80,0xff,0x0d,0x90,0xe0,0x07,0xf0,0x30,0xe0,0xf1,0xf0,0xa0,0x30,0x06,0xe0,0x60,
  0xff,0x11,0x80,0xe0,0x07,0x30,0xa0,0xff,0x22,0x30,0xe0,0x06,0xa0,0xe0,0x40,0xff,0x10,0x20,0xe0,0x30,0x06,0xf0,0xe0,0xf1,
  0xf0,0xe0,0x05,0x30,0xe0,0x20,0xff,0x13,0x30,0xe0,0x06,0xf0,0xe0,0xff,0x22,0xa1,0x05,0xa0,0x80,0x30,0xff,0x12,0x20,0xe0,
  0x30,0x05,0xf0,0xe0,0x30,0xf0,0xf0,0xe0,0x04,0x30,0xe0,0x20,0xff,0x15,0x20,0xe0,0x30,0x05,0xe0,0xff,0x22,0xe0,0x30,0x04,
  0xe0,0x60,0xff,0x16,0xe0,0x30,0x04,0xf0,0xa1,0xf0,0x30,0xe0,0x03,0x30,0xe0,0x20,0xff,0x17,0x20,0xe0,0x05,0xa0,0x30,0xff,
  0x21,0xe0,0x04,0xe0,0x60,0xff,0x18,0xe0,0x30,0x04,0x30,0xa0,0xf0,0xa1,0x03,0xe0,0x20,0xff,0x19,0x20,0xe0,0x04,0xa1,0xff,
  0x21,0xe0,0x03,0xa0,0x60,0xff,0x1a,0xe0,0x30,0x03,0xf0,0xe0,0xf0,0xc0,0x30,0x02,0xe0,0x20,0xff,0x1b,0x30,0xe0,0x03,0x30,
  0xa0,0xff,0x20,0x30,0xc0,0x02,0xa0,0x90,0xff,0x1b,0x20,0xe0,0x30,0x02,0xf0,0xe0,0xf0,0xe0,0x30,0x01,0xa0,0x60,0xff,0x1d,
  0x70,0xa0,0x02,0xf0,0xc0,0xff,0x20,0x30,0xa0,0x01,0x30,0xe0,0xff,0x1d,0x20,0xe0,0x03,0xe0,0xf0,0xe0,0x30,0x00,0x30,0xe0,
  0xff,0x1f,0xe0,0x30,0x01,0x30,0xe0,0xff,0x20,0x30,0xf0,0x01,0xe0,0x20,0xff,0x1e,0x60,0xa0,0x02,0xe0,0xf0,0xe0,0x30,0x00,
  0xe0,0x20,0xff,0x1f,0x20,0xe0,0x01,0x30,0xe0,0xff,0x20,0xa1,0x00,0xa0,0x60,0xff,0x20,0xe0,0x30,0x01,0xe0,0xf0,0xf0,0x30,
  0xa0,0x60,0xff,0x21,0x60,0xa0,0x00,0x30,0xe0,0xff,0x20,0xa1,0x30,0xe0,0xff,0x21,0x20,0xe0,0x01,0xe0,0x30,0xf0,0x30,0xe0,
  0xff,0x23,0xe0,0x00,0x30,0xe0,0xff,0x20,0xa1,0xe0,0x20,0xff,0x22,0x80,0x30,0x00,0xe0,0xf0,0xf0,0xe0,0x60,0xff,0x23,0x60,
  0xa0,0x30,0xe0,0xff,0x20,0xa0,0xf0,0xe0,0xff,0x23,0x20,0xe0,0x00,0xe0,0xf0,0xf0,0xe0,0xff,0x25,0xe0,0x30,0xa0,0xff,0x20,
  0xa0,0xf0,0x20,0xff,0x24,0x90,0x30,0xe0,0xf0,0xf0,0x60,0xff,0x25,0x90,0xf0,0xa0,0xff,0x57,0x20,0xf0,0xe0,0xf0,0xff,0x27,
  0x60,0xf0,0x30,0xff,0x59,0xe0,0xf0,0xff,0x29,0x30,0xff,0x59,0xe0,0xf0,0xff,0x93,0xa0,0xf0,0x3c,0x0d,0x44,0x0d,0x56,0x0d,
  0x72,0x0d,0x8a,0x0d,0x9f,0x0d,0xb5,0x0d,0xcb,0x0d,0xe0,0x0d,0xf4,0x0d,0x09,0x0e,0x1c,0x0e,0x2e,0x0e,0x41,0x0e,0x53,0x0e,
  0x66,0x0e,0x79,0x0e,0x98,0x0e,0xbd,0x0e,0xdf,0x0e,0x00,0x0f,0x21,0x0f,0x42,0x0f,0x60,0x0f,0x7e,0x0f,0x9a,0x0f,0xb5,0x0f,
  0xcd,0x0f,0xe9,0x0f,0x03,0x10,0x1d,0x10,0x36,0x10,0x4d,0x10,0x62,0x10,0x77,0x10,0x89,0x10,0x96,0x10,0x9f,0x10,0xa6,0x10,
  0xff,0x0c,0x33,0xff,0x75,0xff,0x06,0x30,0xa0,0xe0,0xf3,0xe1,0xf1,0xe2,0xa0,0x30,0xff,0x4f,0x31,0xa2,0x32,0xff,0x08,0xff,
  0x03,0x30,0xe0,0xf1,0xa0,0x30,0x09,0x30,0xa0,0xf0,0xe0,0xa0,0x30,0xff,0x47,0x30,0xa0,0xe2,0xc0,0xa5,0xe2,0xc0,0x30,0xff,
  0x04,0xff,0x02,0xe0,0xf0,0xa0,0x0f,0x02,0xa0,0xe1,0x30,0xff,0x42,0x30,0xa0,0xe1,0xa0,0xf0,0x0a,0xf0,0x30,0xa0,0xe1,0x30,
  0xff,0x01,0xff,0x00,0xe0,0xf0,0x30,0x0f,0x06,0x30,0xe1,0xff,0x3f,0x30,0xc0,0xe0,0xa0,0x0f,0x03,0x30,0xc0,0xe0,0x30,0xfe,
  0xfd,0xe0,0xf0,0x30,0x0f,0x0a,0xa0,0xe0,0x30,0xff,0x3c,0xc0,0xe0,0xf0,0x0f,0x07,0x30,0xc0,0xe0,0x30,0xfc,0xfb,0x30,0xe0,
  0xa0,0x0f,0x0e,0xf0,0xc0,0xff,0x39,0xa0,0xe0,0xa0,0x0f,0x0b,0x30,0xe0,0xa0,0xfb,0xfa,0xa0,0xf0,0x30,0x0f,0x10,0xa0,0xe0,
  0xff,0x37,0xe0,0xc0,0x0f,0x0e,0xf0,0xc0,0xe0,0xfa,0xf9,0xa0,0xf0,0x0f,0x13,0xa0,0xe0,0xff,0x34,0x30,0xe0,0xa0,0x0f,0x11,
  0xa0,0xe0,0xf9,0xf8,0xa0,0xe0,0x0f,0x15,0xa0,0xe0,0xff,0x32,0x30,0xe0,0x30,0x0f,0x13,0x30,0xe0,0xf8,0xf7,0xa0,0xf0,0x0f,
  0x17,0xa0,0xe0,0xff,0x30,0x30,0xe0,0x30,0x0f,0x15,0x30,0xe0,0xf7,0xf6,0x30,0xf0,0x0f,0x19,0xf0,0xa0,0xff,0x2e,0x30,0xe0,
  0x30,0x0f,0x17,0xa0,0xe0,0xf6,0xf5,0x30,0xe0,0x0f,0x1b,0xe0,0x30,0xff,0x2d,0xe0,0x30,0x0f,0x19,0xa1,0xf5,0xf5,0xe0,0x30,
  0x0f,0x1b,0x30,0xe0,0xff,0x2c,0xe0,0xf0,0x0f,0x1b,0xe0,0x30,0xf4,0xf4,0xa0,0xc0,0x0f,0x1d,0xa1,0xff,0x2a,0xa0,0xc0,0x0f,
  0x1c,0xf0,0xe0,0xf4,0xf3,0x30,0xe0,0x0f,0x1f,0xe0,0xff,0x29,0x30,0xe0,0x0f,0x1e,0xa1,0xf3,0xf3,0xc0,0xa0,0x0f,0x1f,0xa0,
  0xe0,0xff,0x28,0xe0,0x30,0x0f,0x1f,0xe0,0xf3,0xf4,0x0f,0x21,0xe0,0xff,0x27,0x30,0xe0,0x0f,0x20,0xa1,0xf2,0xf2,0xa1,0x0f,
  0x21,0xa1,0xff,0x26,0xe0,0x30,0x0f,0x21,0xe0,0xf2,0xf2,0xe0,0x0f,0x22,0x30,0xe0,0xff,0x25,0x30,0xe0,0x0f,0x22,0xa1,0xf1,
  0xf1,0x30,0xc0,0x0f,0x23,0xf0,0x30,0xff,0x24,0xa0,0x30,0x0f,0x23,0xe0,0xf1,0xf1,0xe0,0x30,0x0f,0x23,0xa0,0xe0,0xff,0x24,
  0xe0,0x0f,0x24,0xe0,0x30,0xf0,0xf1,0xe0,0x0f,0x06,0x35,0x0f,0x08,0x30,0xe0,0xff,0x23,0x30,0xe0,0x0f,0x24,0xf0,0xa0,0xf0,
  0xf0,0x30,0xe0,0x0f,0x01,0x30,0xa0,0xe3,0xf8,0xa0,0x30,0x0f,0x03,0xff,0x24,0xa0,0x30,0x0f,0x04,0x32,0xa4,0x31,0x0f,0x06,
  0x30,0xe0,0xf0,0xf0,0xa1,0x0c,0x30,0xa0,0xe1,0x60,0x21,0xff,0x00,0xa0,0x0f,0x00,0xe0,0xa0,0xff,0x22,0xe0,0x0f,0x00,0x30,
  0xa1,0xe2,0xfb,0xa0,0x30,0x0f,0x02,0xe0,0xf0,0xf0,0xe0,0x30,0x0a,0x30,0xe1,0x60,0x20,0xff,0x05,0xe1,0x30,0x0c,0xa0,0xe0,
  0xff,0x22,0xe0,0x0c,0x30,0xa0,0xe1,0x60,0x20,0xf2,0x60,0xfb,0xe1,0xa0,0x30,0x0e,0xe0,0x30,0xf0,0xe0,0x09,0x30,0xe0,0x80,
  0x20,0xff,0x08,0xe0,0x90,0xe1,0x30,0x0a,0x30,0xe0,0xff,0x21,0x30,0xe0,0x0a,0x30,0xe1,0x60,0xff,0x06,0xe2,0xa0,0x0c,0xf0,
  0xa0,0xf0,0xe0,0x07,0x30,0xe1,0x20,0xff,0x0b,0x90,0xf0,0x90,0xe1,0x30,0x08,0x30,0xe0,0xff,0x21,0xa1,0x08,0x30,0xe0,0x90,
  0x20,0xff,0x0a,0x90,0xe1,0xa0,0x0a,0x30,0xa0,0xf1,0x06,0xc0,0xe0,0x90,0xff,0x11,0x90,0xe0,0xa0,0x07,0x30,0xff,0x22,0xa1,
  0x06,0x30,0xe1,0x20,0xff,0x0e,0x90,0xe1,0x30,0x08,0x30,0xe0,0xf1,0x04,0x30,0xe1,0x80,0xff,0x13,0x90,0xe1,0x30,0x06,0xff,
  0x22,0xa0,0x30,0x05,0xa0,0xe1,0xff,0x12,0x90,0xe1,0x07,0x30,0xe0,0xf1,0x03,0xa0,0xe0,0xff,0x18,0x90,0xe0,0x30,0x05,0xff,
  0x22,0xc0,0x30,0x03,0x30,0xe1,0x90,0xf0,0x60,0xff,0x12,0x80,0xe1,0x30,0x06,0xe0,0x30,0xf0,0x02,0xe0,0x70,0xff,0x1a,0x90,
  0xe0,0xa0,0x04,0xff,0x22,0xe0,0x30,0x02,0x30,0xe0,0x90,0xf2,0x70,0xff,0x14,0x40,0xe0,0xa0,0x05,0xe0,0xf1,0x01,0xe0,0x60,
  0xff,0x1c,0x60,0x80,0xa0,0x03,0xff,0x22,0xe0,0x30,0x01,0xa0,0xe0,0xff,0x1a,0x40,0xf0,0x80,0xa0,0x04,0xe0,0xf1,0x00,0xe0,
  0x20,0xff,0x1b,0x40,0xf0,0x60,0xf0,0x60,0xe0,0x02,0xff,0x22,0xe0,0x30,0x00,0xa0,0x80,0xff,0x1b,0x70,0xf1,0x60,0xe0,0x03,
  0xe0,0xf1,0xe0,0x20,0xff,0x1e,0x60,0xf1,0x60,0xe0,0x00,0x30,0xff,0x22,0xa1,0xe0,0x60,0xff,0x20,0x30,0xe0,0x01,0x30,0xe0,
  0xf1,0xe0,0xff,0x23,0x60,0xa0,0x30,0xe0,0xff,0x23,0x60,0xf2,0x10,0xff,0x1e,0x30,0xe0,0x00,0x30,0xe0,0xf1,0xe0,0xff,0x24,
  0x90,0xe1,0xff,0x21,0xa0,0xff,0x25,0x60,0xe0,0x30,0xe0,0xf0,0x30,0xff,0x27,0xe0,0xff,0x58,0x60,0xf0,0xa0,0xff,0x29,0xa0,
  0xff,0x58,0x10,0xf0,0xa0,0xff,0x27,0x10,0xf0,0x30,0xff,0x5a,0x30,0xff,0x27,0x20,0xff,0x5a,0x20,0xf1,0xf8,0x10,0xfd,0x10,
  0x0f,0x11,0x29,0x11,0x42,0x11,0x58,0x11,0x6d,0x11,0x80,0x11,0x92,0x11,0xa3,0x11,0xb4,0x11,0xc5,0x11,0xd6,0x11,0xe5,0x11,
  0xf5,0x11,0x04,0x12,0x12,0x12,0x21,0x12,0x2d,0x12,0x3a,0x12,0x48,0x12,0x57,0x12,0x66,0x12,0x78,0x12,0x93,0x12,0xb1,0x12,
  0xd2,0x12,0xf1,0x12,0x11,0x13,0x2c,0x13,0x45,0x13,0x60,0x13,0x7c,0x13,0x95,0x13,0xb1,0x13,0xc8,0x13,0xdc,0x13,0xeb,0x13,
  0xf5,0x13,0xfd,0x13,0x05,0x14,0xff,0x08,0x30,0xa1,0xe5,0xc0,0xa0,0x30,0xff,0x71,0xff,0x04,0x30,0xa0,0xe1,0xc0,0xa0,0x32,
  0xf2,0x31,0xa1,0xe1,0xa0,0x30,0xff,0x4c,0x30,0xa6,0x31,0xff,0x07,0xff,0x02,0xa0,0xe1,0xa0,0xfe,0x30,0xa0,0xe1,0x30,0xff,
  0x46,0x30,0xa0,0xe1,0xc0,0xa1,0x33,0xa1,0xe2,0xa0,0x30,0xff,0x03,0xff,0x00,0xa0,0xe0,0xa0,0xff,0x05,0x30,0xc0,0xe0,0x30,
  0xff,0x41,0x30,0xa0,0xe0,0xc0,0x30,0xfc,0x30,0xa0,0xe1,0x30,0xff,0x01,0xfd,0x30,0xe0,0xa0,0xf5,0x0c,0xf5,0x30,0xe0,0xc0,
  0xff,0x3e,0x30,0xe1,0x30,0xff,0x03,0x30,0xa0,0xe0,0xa0,0xfe,0xfc,0xe1,0x30,0xf3,0x0f,0x03,0xf4,0xa0,0xe0,0x30,0xff,0x3b,
  0xc0,0xe0,0x30,0xff,0x07,0x30,0xc0,0xe0,0x30,0xfc,0xfa,0x30,0xe0,0x30,0xf2,0x0f,0x09,0xf2,0x30,0xe0,0xa0,0xff,0x38,0x30,
  0xe0,0xa0,0xf6,0x0b,0xf7,0x30,0xe0,0xa0,0xfb,0xf9,0x30,0xe0,0x30,0xf1,0x0f,0x0c,0xf3,0xe0,0xa0,0xff,0x36,0xe1,0xf4,0x0f,
  0x04,0xf5,0xe0,0xa0,0xfa,0xf8,0xa0,0xe0,0xf2,0x0f,0x0f,0xf2,0xe0,0xa0,0xff,0x33,0x30,0xe0,0xa0,0xf3,0x0f,0x08,0xf4,0xa0,
  0xe0,0xf9,0xf7,0xa0,0xe0,0xf2,0x0f,0x11,0xf2,0xe0,0xa0,0xff,0x31,0x30,0xe0,0x30,0xf2,0x0f,0x0c,0xf3,0xa0,0xe0,0xf8,0xf6,
  0x30,0xe0,0xf1,0x0f,0x15,0xf1,0xe0,0x30,0xff,0x30,0xe0,0x30,0xf2,0x0f,0x0e,0xf3,0xa0,0xc0,0xf7,0xf5,0x30,0xe0,0xf1,0x0f,
  0x17,0xf0,0x30,0xe0,0xff,0x2f,0xe0,0x30,0xf1,0x0f,0x12,0xf2,0xc0,0xa0,0xf6,0xf5,0xe0,0x30,0xf0,0x0f,0x19,0xf0,0xa0,0xe0,
  0xff,0x2d,0xe0,0xa0,0xf1,0x0f,0x14,0xf2,0xe0,0x30,0xf5,0xf4,0xa1,0xf0,0x0f,0x1b,0xf0,0xe0,0x30,0xff,0x2b,0xa1,0xf1,0x0f,
  0x16,0xf1,0x30,0xe0,0xf5,0xf3,0x30,0xe0,0xf1,0x0f,0x1b,0xf0,0x30,0xe0,0xff,0x2a,0x30,0xe0,0xf1,0x0f,0x18,0xf1,0xa1,0xf4,
  0xf3,0xe0,0x30,0xf0,0x0f,0x1d,0xf0,0xa1,0xff,0x29,0xe0,0x30,0xf0,0x0f,0x1a,0xf1,0xe0,0x30,0xf3,0xf2,0x30,0xe0,0xf0,0x0f,
  0x1f,0xf0,0xe0,0xff,0x28,0xa0,0xc0,0xf0,0x0f,0x1c,0xf0,0x30,0xe0,0xf3,0xf2,0xe0,0x30,0x0f,0x20,0xf0,0xa1,0xff,0x27,0xe0,
  0x30,0x0f,0x1e,0xf0,0xe0,0x30,0xf2,0xf1,0x30,0xe0,0xf0,0x0f,0x21,0x30,0xe0,0xff,0x26,0x30,0xc0,0xf0,0x0f,0x1e,0xf0,0x30,
  0xc0,0xf2,0xf1,0xa0,0x30,0x0f,0x23,0xe0,0x30,0xff,0x25,0xe0,0x30,0x0f,0x20,0xf0,0xe0,0xf2,0xf1,0xe0,0xf0,0x0f,0x23,0xa1,
  0xff,0x24,0x30,0xe0,0x0f,0x21,0xf0,0xa1,0xf1,0xf0,0x30,0xe0,0x0f,0x24,0xf0,0xe0,0xff,0x24,0xa1,0x0f,0x22,0x30,0xe0,0xf1,
  0xf0,0xa0,0x30,0x0f,0x25,0xe0,0xff,0x24,0xe0,0x0f,0x24,0xe0,0xf1,0xf0,0xe0,0x30,0x0f,0x25,0xc0,0x30,0xff,0x22,0x30,0xe0,
  0x0f,0x24,0xa0,0x30,0xf0,0xf0,0xe0,0x0f,0x26,0xa1,0xff,0x22,0x30,0xa0,0x0f,0x24,0x30,0xa0,0xf0,0x30,0xe0,0x0f,0x26,0x30,
  0xc0,0xff,0x22,0xa0,0x30,0x0f,0x24,0x30,0xe0,0xf0,0x30,0xa0,0x0f,0x26,0x30,0xe0,0xff,0x22,0xe0,0x30,0x0f,0x25,0xe0,0xf0,
  0x30,0xa0,0x0f,0x27,0xe0,0xff,0x22,0xe0,0x0f,0x26,0xe0,0x30,0xa1,0x0f,0x27,0xe0,0xff,0x22,0xe0,0x0f,0x26,0xe0,0x30,0xa0,
  0xf0,0x0f,0x27,0xe0,0xff,0x22,0xe0,0x0f,0x26,0xc0,0x30,0xa1,0x0f,0x27,0xe0,0xff,0x23,0x0f,0x26,0xa0,0x30,0xa1,0x0f,0x27,
  0xff,0x22,0x30,0xe0,0x0f,0x26,0xa1,0x30,0xa0,0x0f,0x27,0xff,0x24,0x0f,0x26,0xa1,0x30,0xc0,0x0f,0x27,0xff,0x24,0x0f,0x26,
  0xa1,0x30,0xf0,0xef,0x07,0xf0,0xc0,0xa4,0x35,0x0f,0x03,0xff,0x24,0x0f,0x26,0xe0,0xa0,0xf1,0x60,0xff,0x03,0x20,0xff,0x03,
  0xe3,0xa2,0x32,0x03,0x30,0xff,0x22,0x30,0xf0,0xa4,0xe5,0xab,0x36,0x0f,0x08,0xf0,0xa0,0xf1,0x60,0xfc,0x40,0xf4,0x60,0xff,
  0x06,0x70,0x91,0xe8,0xff,0x22,0x30,0xf0,0x60,0x22,0xf0,0x92,0x70,0xf0,0x70,0x40,0x26,0x60,0xff,0x02,0xe1,0xa2,0x33,0x06,
  0xf0,0xa0,0xf0,0xc0,0x60,0xff,0x1f,0x60,0xf3,0x20,0x90,0xff,0x22,0x30,0xff,0x03,0x40,0xff,0x03,0x90,0x80,0x92,0xe8,0xa0,
  0x30,0xf1,0xff,0x28,0x20,0xff,0x22,0x30,0xf4,0x10,0xf7,0x70,0xff,0x10,0x40,0xf2,0x22,0x70,0xf0,0xa0,0xff,0x28,0x60,0xe0,
  0xff,0x51,0x40,0xf7,0xa0,0x5e,0x14,0x68,0x14,0x7d,0x14,0x95,0x14,0xae,0x14,0xc4,0x14,0xda,0x14,0xf1,0x14,0x05,0x15,0x1a,
  0x15,0x2f,0x15,0x43,0x15,0x57,0x15,0x6b,0x15,0x7d,0x15,0x90,0x15,0xa3,0x15,0xb6,0x15,0xc7,0x15,0xda,0x15,0xea,0x15,0xf9,
  0x15,0x08,0x16,0x15,0x16,0x25,0x16,0x33,0x16,0x42,0x16,0x50,0x16,0x5c,0x16,0x67,0x16,0x73,0x16,0x7d,0x16,0x87,0x16,0x90,
  0x16,0x99,0x16,0xa9,0x16,0xc1,0x16,0xe2,0x16,0xfa,0x16,0x0c,0x17,0xff,0x08,0xe0,0xa1,0x35,0xa0,0xc0,0xff,0x72,0xff,0x02,
  0xe0,0xf1,0xa0,0x30,0x0d,0x30,0xf1,0xe0,0xff,0x49,0xa0,0xe1,0xf4,0xe3,0xa0,0x30,0xff,0x05,0xff,0x00,0xe0,0xf0,0xa0,0x30,
  0x0f,0x04,0xa0,0xf0,0xe0,0x30,0xff,0x43,0xc0,0xf1,0xe0,0xa0,0x30,0x07,0x30,0xa0,0xf0,0xe0,0xc0,0x30,0xff,0x02,0xfd,0xa0,
  0xf0,0xa0,0x0f,0x09,0xa0,0xff,0x41,0xa0,0xf1,0xa0,0x30,0x0f,0x00,0x30,0xf0,0xe0,0xa0,0xff,0x00,0xfb,0x30,0xf1,0x30,0x0f,
  0x0c,0xe0,0xff,0x3d,0xa0,0xf1,0x30,0x0f,0x06,0xa0,0xe0,0xa0,0xfd,0xfa,0xa0,0xf0,0x30,0x0f,0x0f,0xa0,0xff,0x3b,0xe0,0xf0,
  0x30,0x0f,0x0a,0xe1,0x30,0xfb,0xf9,0xa0,0xf0,0x30,0x0f,0x11,0x30,0xff,0x38,0xa0,0xf0,0xa0,0x0f,0x0d,0x30,0xe0,0x30,0xfa,
  0xf8,0xc0,0xf0,0x0f,0x14,0x30,0xff,0x36,0xc0,0xf0,0x30,0x0f,0x10,0xe0,0xa0,0xf9,0xf7,0xa0,0xf0,0x0f,0x16,0x30,0xff,0x34,
  0xe1,0x0f,0x13,0xe0,0xa0,0xf8,0xf6,0xa0,0xf0,0x0f,0x18,0x30,0xff,0x32,0xe0,0xa0,0x0f,0x15,0xc0,0xa0,0xf7,0xf5,0x30,0xf0,
  0x0f,0x1a,0xa0,0xff,0x30,0xe0,0xa0,0x0f,0x17,0xe0,0xa0,0xf6,0xf5,0xe0,0x30,0x0f,0x1b,0xe0,0xff,0x2e,0xe1,0x0f,0x19,0xe0,
  0x30,0xf5,0xf4,0xe0,0xa0,0x0f,0x1d,0xf0,0x30,0xff,0x2b,0xa0,0xf0,0x0f,0x1a,0x30,0xe0,0xf5,0xf3,0x30,0xe0,0x0f,0x1e,0xa0,
  0xe0,0xff,0x2a,0x30,0xf0,0x0f,0x1c,0xa0,0xe0,0xf4,0xf3,0xe0,0x30,0x0f,0x1f,0xff,0x2b,0xe0,0x30,0x0f,0x1d,0xe0,0x30,0xf3,
  0xf2,0xa0,0xc0,0x0f,0x20,0x30,0xff,0x29,0xa0,0xe0,0x0f,0x1e,0x30,0xe0,0xf3,0xf2,0xe0,0x30,0x0f,0x21,0xff,0x29,0xe0,0x0f,
  0x20,0xf0,0xa0,0xf2,0xf1,0x30,0xe0,0x0f,0x22,0xa0,0xe0,0xff,0x26,0xa1,0x0f,0x21,0xe0,0xf2,0xf1,0xe0,0x30,0x0f,0x23,0xff,
  0x27,0xe0,0x0f,0x22,0xc0,0x30,0xf1,0xf1,0xe0,0x0f,0x24,0xe0,0xa0,0xff,0x24,0xa0,0xc0,0x0f,0x22,0x30,0xe0,0xf1,0xf0,0xa0,
  0xf0,0x0f,0x24,0x30,0xe0,0xff,0x24,0xe0,0x30,0x0f,0x23,0xe0,0x30,0xf0,0xf0,0xe0,0x30,0x0f,0x25,0xff,0x26,0x0f,0x24,0xa1,
  0xf0,0xf0,0xe0,0x0f,0x26,0xf0,0x00,0xff,0x22,0xa1,0x0f,0x24,0x30,0xe0,0xf0,0xf0,0xe0,0x0f,0x26,0xf0,0xa0,0xff,0x22,0xe0,
  0x30,0x0f,0x25,0xe0,0xf0,0x30,0xc0,0x0f,0x26,0xa0,0xc0,0xff,0x22,0xe0,0x0f,0x26,0xe0,0x30,0xa1,0x0f,0x26,0x30,0xe0,0xff,
  0x23,0x0f,0x26,0xa1,0xa0,0x30,0x0f,0x26,0x30,0xff,0x22,0x30,0xe0,0x0f,0x26,0x30,0xa0,0xa0,0x30,0x0f,0x26,0x30,0xff,0x22,
  0xa1,0x0f,0x26,0x30,0xe0,0xc0,0x30,0x0f,0x27,0xff,0x22,0xc0,0xa0,0x0f,0x27,0xe0,0xe0,0x30,0x0f,0x27,0xff,0x22,0xe0,0xa0,
  0x0f,0x27,0xe0,0xc0,0x30,0x0f,0x27,0xff,0x22,0xe0,0x30,0x0f,0x27,0xe0,0xa0,0x30,0x0f,0x26,0x30,0xff,0x22,0xe0,0x30,0x0f,
  0x27,0xe0,0xa1,0x0f,0x26,0x30,0xff,0x22,0xe0,0x30,0x0f,0x27,0xe0,0xa1,0x0f,0x26,0x30,0xff,0x22,0xe0,0xa0,0x0f,0x27,0xe0,
  0x30,0xe0,0x30,0x0f,0x25,0xa0,0xe0,0xff,0x21,0xc0,0xa0,0x0f,0x27,0xe0,0xf0,0xa0,0xf0,0x30,0x0f,0x24,0xa0,0xff,0x22,0xa0,
  0xe0,0x0f,0x26,0x30,0xe0,0xf2,0xe0,0x30,0x0f,0x22,0x30,0xff,0x25,0xa0,0x0f,0x25,0x30,0xa0,0xf0,0x30,0xf1,0xe0,0xa0,0x0f,
  0x20,0xa0,0xe0,0xff,0x25,0x90,0xa0,0x0f,0x24,0xa1,0xf2,0x20,0xf0,0x90,0xa0,0x0f,0x1e,0xa0,0xe0,0x40,0xc0,0xff,0x24,0x20,
  0x80,0xa0,0x0f,0x22,0xa0,0xf1,0xf2,0x80,0xf1,0x60,0xe0,0x30,0x0f,0x1a,0x30,0xe0,0x60,0xf1,0x30,0xff,0x23,0xe0,0x60,0xf0,
  0x60,0xe0,0x0f,0x20,0xa0,0xf2,0xf3,0x10,0xf1,0x20,0xe0,0xa0,0x0f,0x18,0xa0,0xe0,0x20,0xf2,0x00,0xff,0x23,0xa0,0xf2,0x20,
  0xe0,0x30,0x0f,0x1c,0x30,0xe0,0x60,0xf2,0xf3,0x20,0xf3,0x60,0xe0,0xa0,0x0f,0x14,0x30,0xe0,0x60,0xff,0x2b,0x10,0xf1,0x20,
  0xe0,0xa0,0x0f,0x1a,0xa0,0xe0,0x20,0xf3,0xfa,0x80,0xe0,0x30,0x0f,0x10,0xa0,0xe0,0x80,0xff,0x2d,0x30,0xf3,0x60,0xe0,0x30,
  0x0f,0x16,0x30,0xe0,0x80,0xf1,0x90,0xf2,0xfb,0x60,0xe1,0xa0,0x0f,0x0c,0xa0,0xe0,0x90,0x20,0xff,0x34,0x20,0xe1,0x30,0x0f,
  0x13,0xa0,0xe0,0x20,0xf6,0xfc,0x40,0x90,0xe2,0x30,0x0f,0x06,0xa0,0xe2,0xff,0x38,0x20,0x90,0xe1,0x30,0x0f,0x0e,0x30,0xa0,
  0xe0,0x20,0xf3,0x60,0xf3,0xfd,0x40,0xf1,0x70,0xe2,0xa0,0x31,0x0b,0x31,0xa0,0xe2,0xff,0x3e,0x90,0xe1,0xa0,0x0f,0x0a,0x30,
  0xe1,0x20,0xfa,0xfe,0x41,0xf3,0x90,0xe5,0xa3,0xe5,0x90,0xff,0x40,0x60,0xf2,0xe2,0xa0,0x0f,0x04,0x30,0xe1,0x60,0x20,0xfc,
  0xff,0x00,0x60,0xf9,0x70,0x80,0x92,0x70,0xff,0x48,0x70,0xf2,0x70,0xe3,0xa0,0x31,0x07,0x31,0xa1,0xe2,0x70,0xff,0x00,0xff,
  0x6a,0x70,0xf5,0x70,0x90,0xeb,0x91,0xf0,0x70,0xff,0x02,0xff,0x62,0x10,0xff,0x22,0xff,0x61,0xe0,0x80,0xff,0x0c,0x70,0xff,
  0x05,0xff,0x61,0x30,0xf0,0x30,0xff,0x21,0xff,0x64,0x20,0xff,0x20,0xff,0x63,0xa0,0xf0,0x20,0xff,0x1f,0xff,0x64,0xa0,0xf0,
  0x20,0xff,0x1e,0xff,0x65,0xa0,0xf0,0x30,0xff,0x1d,0xff,0x68,0x70,0x10,0xff,0x1b,0xff,0x67,0x30,0xff,0x1d,0x65,0x17,0x6e,
  0x17,0x82,0x17,0x9e,0x17,0xb3,0x17,0xc5,0x17,0xd6,0x17,0xe8,0x17,0xf8,0x17,0x06,0x18,0x15,0x18,0x24,0x18,0x32,0x18,0x42,
  0x18,0x52,0x18,0x60,0x18,0x6f,0x18,0x7c,0x18,0x8a,0x18,0x97,0x18,0xa6,0x18,0xb6,0x18,0xc1,0x18,0xcf,0x18,0xdd,0x18,0xea,
  0x18,0xf4,0x18,0x01,0x19,0x0d,0x19,0x18,0x19,0x23,0x19,0x2e,0x19,0x3a,0x19,0x45,0x19,0x50,0x19,0x5e,0x19,0x6d,0x19,0x7a,
  0x19,0x8a,0x19,0x9e,0x19,0xb6,0x19,0xd0,0x19,0xe8,0x19,0x00,0x1a,0x15,0x1a,0x2d,0x1a,0x43,0x1a,0x58,0x1a,0x6f,0x1a,0x7b,
  0x1a,0x80,0x1a,0x89,0x1a,0x90,0x1a,0x95,0x1a,0x9c,0x1a,0xa3,0x1a,0xaa,0x1a,0xb0,0x1a,0xff,0x06,0x30,0xa0,0xe0,0xf7,0xe2,
  0xa0,0x30,0xff,0x6f,0xff,0x03,0x30,0xc0,0xf1,0xe0,0xa0,0x30,0x07,0x31,0xa0,0xf0,0xe0,0xa0,0x30,0xff,0x4e,0x31,0xff,0x0c,
  0xff,0x02,0xe0,0xf0,0xa0,0x30,0x0f,0x00,0x30,0xa0,0xe1,0x30,0xff,0x45,0x30,0xa0,0xe2,0xf5,0xe2,0xa0,0x30,0xff,0x05,0xff,
  0x00,0xe0,0xf0,0xa0,0x0f,0x06,0x30,0xe1,0xff,0x41,0x30,0xa0,0xe0,0xf0,0xa0,0x31,0x08,0x30,0xa0,0xf0,0xe0,0xa0,0x30,0xff,
  0x02,0xfd,0xc0,0xf0,0xa0,0x0f,0x0a,0xa0,0xe0,0xa0,0xff,0x3d,0x30,0xe0,0xf0,0xa0,0x30,0x0f,0x01,0xa0,0xf0,0xe0,0x30,0xff,
  0x00,0xfb,0x30,0xf0,0xe0,0x0f,0x0e,0xf0,0xe0,0xff,0x3a,0x30,0xe0,0xf0,0x30,0x0f,0x06,0x30,0xf0,0xe0,0xfe,0xfa,0xa0,0xf0,
  0x30,0x0f,0x10,0xa0,0xe0,0xff,0x38,0xa0,0xe0,0x30,0x0f,0x0a,0xa0,0xe0,0xa0,0xfc,0xf9,0xa0,0xf0,0x30,0x0f,0x12,0x30,0xe0,
  0x30,0xff,0x34,0x30,0xe0,0xa0,0x0f,0x0e,0xf0,0xc0,0xfb,0xf8,0xa0,0xf0,0x0f,0x15,0x30,0xe0,0xff,0x33,0xa0,0xe0,0x30,0x0f,
  0x10,0xa0,0xe0,0xfa,0xf7,0xa0,0xf0,0x0f,0x17,0x30,0xe0,0xff,0x31,0xa0,0xe0,0x0f,0x13,0xa0,0xe0,0xf9,0xf6,0x30,0xf0,0x0f,
  0x19,0xa0,0xe0,0xff,0x2f,0xe0,0xf0,0x0f,0x15,0x30,0xe0,0xf8,0xf5,0x30,0xe0,0x30,0x0f,0x1a,0xf0,0xa0,0xff,0x2d,0xa0,0xc0,
  0x0f,0x17,0xa0,0xe0,0xf7,0xf5,0xe0,0x30,0x0f,0x1c,0xe0,0x30,0xff,0x2b,0xa0,0xe0,0x0f,0x19,0xa0,0xc0,0xf6,0xf4,0xa0,0xe0,
  0x0f,0x1d,0x30,0xe0,0xff,0x2a,0x30,0xe0,0x0f,0x1b,0xf0,0x30,0xf5,0xf3,0x30,0xe0,0x0f,0x1f,0xe0,0x30,0xff,0x29,0xe0,0x30,
  0x0f,0x1c,0xf6,0xf3,0xe0,0x30,0x0f,0x1f,0x30,0xe0,0xff,0x28,0xc0,0xf0,0x0f,0x1d,0xa0,0xe0,0xf4,0xf2,0x30,0xf0,0x0f,0x21,
  0xf0,0x30,0xff,0x26,0x30,0xe0,0x0f,0x1f,0xf0,0x30,0xf3,0xf2,0xe0,0xa0,0x0f,0x21,0x30,0xe0,0xff,0x26,0xe0,0x30,0x0f,0x1f,
  0x30,0xe0,0xf3,0xf2,0xe0,0x0f,0x23,0xe0,0x30,0xff,0x24,0x30,0xe0,0x0f,0x21,0xf4,0xf1,0xa1,0x0f,0x23,0xa1,0xff,0x24,0xe0,
  0x30,0x0f,0x21,0x30,0xe0,0xf2,0xf1,0xe0,0x30,0x0f,0x23,0x30,0xe0,0xff,0x23,0x30,0xe0,0x0f,0x23,0xf3,0xf1,0xe0,0x0f,0x25,
  0xe0,0xff,0x23,0xa0,0x30,0x0f,0x23,0xa0,0xf2,0xf0,0x30,0xa0,0x0f,0x25,0xa0,0x30,0xff,0x22,0xe0,0x0f,0x24,0x30,0xf2,0xf0,
  0xc0,0x30,0x0f,0x25,0x30,0xa0,0xff,0x21,0x30,0xe0,0x0f,0x25,0xf2,0xf0,0xe0,0x30,0x0f,0x25,0x30,0xe0,0xff,0x21,0xa0,0xf0,
  0x0f,0x25,0xf0,0xa0,0xf0,0xf0,0xe0,0x0f,0x27,0xe0,0xff,0x21,0xe0,0x30,0x0f,0x25,0xa0,0xe0,0xf0,0xf0,0xe0,0x0f,0x27,0xe0,
  0xff,0x21,0xe0,0x0f,0x26,0x30,0xf1,0x30,0xf0,0x0f,0x27,0xf0,0x30,0xff,0x20,0xe0,0x0f,0x27,0xf1,0x30,0xf0,0x0f,0x27,0xf0,
  0x30,0xff,0x1f,0x30,0xe0,0x0f,0x27,0xf1,0x30,0xf0,0x0f,0x27,0xe0,0x30,0xff,0x1f,0x30,0xa0,0x0f,0x27,0xf1,0x30,0xe0,0x0f,
  0x27,0xc0,0x30,0xff,0x1f,0x30,0xa0,0x0f,0x27,0xf1,0x30,0xf0,0x0f,0x27,0xc0,0x30,0xff,0x1f,0xa0,0xf0,0x0f,0x27,0xf1,0xf1,
  0x0f,0x27,0xf0,0x30,0xff,0x1f,0xa0,0xf0,0x0f,0x27,0xf1,0xf1,0x0f,0x27,0xf0,0x30,0xff,0x1f,0x30,0xf0,0x0f,0x27,0xf1,0xf0,
  0xe0,0x0f,0x27,0xe0,0xff,0x20,0x30,0xe0,0x0f,0x27,0xf1,0xf0,0xe0,0x30,0x0f,0x25,0x30,0xe0,0xff,0x21,0xe0,0x0f,0x27,0xf0,
  0x00,0xf0,0xe0,0x30,0x0f,0x25,0x30,0xa0,0xff,0x21,0xe0,0x0f,0x26,0x30,0xf1,0xf0,0xa1,0x0f,0x25,0xa0,0x30,0xff,0x21,0xe0,
  0x0f,0x26,0x30,0xf1,0xf0,0x30,0xf0,0x0f,0x25,0xf0,0x30,0xff,0x21,0xe0,0x30,0x0f,0x25,0xa0,0xf1,0xf1,0xe0,0x0f,0x25,0xe0,
  0xff,0x22,0xa0,0xf0,0x0f,0x25,0xf2,0xf1,0xc0,0x30,0x0f,0x23,0xa1,0xff,0x22,0x30,0xc0,0x0f,0x25,0xf2,0xf1,0x30,0xf0,0x0f,
  0x23,0xf0,0x30,0xff,0x23,0xe0,0x0f,0x24,0x30,0xf2,0xf2,0xe0,0x30,0x0f,0x21,0x30,0xe0,0xff,0x24,0xe0,0x30,0x0f,0x23,0xa0,
  0xe0,0xf1,0xf2,0xa1,0x0f,0x21,0xa1,0xff,0x24,0x30,0xa0,0x0f,0x23,0xf3,0xf3,0xe0,0x0f,0x20,0x30,0xe0,0xff,0x26,0xe0,0x0f,
  0x22,0x30,0xf3,0xf3,0xa1,0x0f,0x1f,0xf0,0xa0,0xff,0x26,0xa0,0xf0,0x0f,0x21,0xf4,0xf4,0xe0,0x30,0x0f,0x1d,0x30,0xe0,0xff,
  0x28,0xe0,0x0f,0x20,0x30,0xf4,0xf4,0x30,0xf0,0x0f,0x1d,0xe0,0x30,0xff,0x28,0xa0,0xf0,0x0f,0x1f,0xf5,0xf5,0xe0,0xa0,0x0f,
  0x1b,0xc0,0xa0,0xff,0x2a,0xe0,0x0f,0x1e,0xa0,0xf5,0xf6,0xe0,0x30,0x0f,0x19,0xa0,0xe0,0xff,0x2b,0xa0,0xe0,0x0f,0x1c,0x30,
  0xf6,0xf6,0x30,0xe0,0x30,0x0f,0x17,0x30,0xe0,0xff,0x2d,0xe0,0xa0,0x0f,0x1b,0xf0,0xc0,0xf5,0xf7,0x30,0xe0,0x30,0x0f,0x15,
  0x30,0xe0,0x30,0xff,0x2e,0xe0,0x30,0x0f,0x19,0xc0,0xf7,0xf8,0x30,0xe0,0x30,0x0f,0x13,0x30,0xe0,0x30,0xff,0x2f,0x30,0xe0,
  0x0f,0x18,0xa0,0xf0,0x00,0xf6,0xf9,0x30,0xe0,0x30,0x0f,0x11,0xa0,0xe0,0x30,0xff,0x31,0x30,0xe0,0x0f,0x16,0xa0,0xf9,0xfa,
  0x30,0xe0,0xa0,0x0f,0x0f,0xe1,0xff,0x34,0x30,0xe0,0x0f,0x14,0xa0,0xfa,0xfc,0xe0,0xf0,0x30,0x0f,0x0b,0x30,0xf0,0xa0,0xff,
  0x36,0x30,0xe0,0x30,0x0f,0x11,0xc0,0xfb,0xfd,0xa0,0xe0,0xa0,0x0f,0x08,0x30,0xe1,0x30,0xff,0x38,0x30,0xe0,0xa0,0x0f,0x0e,
  0x30,0xfd,0xff,0x00,0xa0,0xe0,0xa0,0x0f,0x04,0x30,0xe1,0xa0,0xff,0x3c,0xe0,0xf0,0x30,0x0f,0x0b,0xa0,0xf0,0xe0,0xfc,0xff,
  0x02,0xa0,0xe0,0xf0,0xa0,0x0d,0x30,0xa0,0xf0,0xe0,0xa0,0xff,0x3f,0x30,0xe0,0xa0,0x0f,0x08,0x30,0xf1,0xa0,0xfd,0xff,0x04,
  0x30,0xe1,0xf0,0xe0,0xa0,0x35,0xa1,0xe0,0xf0,0xe0,0xa0,0x30,0xff,0x43,0xa0,0xe0,0xa0,0x0f,0x04,0x30,0xff,0x03,0xff,0x08,
  0x30,0xa0,0xe6,0xa0,0x30,0xff,0x49,0xa0,0xe0,0xf0,0xa0,0x30,0x0c,0x30,0xe0,0xff,0x05,0xff,0x6e,0x30,0xe1,0xf0,0xe0,0xa1,
  0x34,0xa0,0xf3,0xe0,0xff,0x05,0xff,0x72,0xa1,0xe6,0xa1,0x30,0xff,0x07,0x29,0x1b,0x34,0x1b,0x48,0x1b,0x5f,0x1b,0x79,0x1b,
  0x91,0x1b,0xa5,0x1b,0xb8,0x1b,0xcb,0x1b,0xdc,0x1b,0xec,0x1b,0xfc,0x1b,0x0d,0x1c,0x1d,0x1c,0x2d,0x1c,0x3b,0x1c,0x4b,0x1c,
  0x5b,0x1c,0x6b,0x1c,0x78,0x1c,0x86,0x1c,0x94,0x1c,0xa1,0x1c,0xaf,0x1c,0xbd,0x1c,0xcd,0x1c,0xdb,0x1c,0xe7,0x1c,0xf3,0x1c,
  0x00,0x1d,0x0d,0x1d,0x1a,0x1d,0x27,0x1d,0x33,0x1d,0x3f,0x1d,0x3f,0x1d,0x4b,0x1d,0x59,0x1d,0x67,0x1d,0x74,0x1d,0x83,0x1d,
  0x8f,0x1d,0x9c,0x1d,0xaa,0x1d,0xba,0x1d,0xc6,0x1d,0xd3,0x1d,0xe0,0x1d,0xee,0x1d,0xfc,0x1d,0x0a,0x1e,0x19,0x1e,0x2a,0x1e,
  0x3b,0x1e,0x4e,0x1e,0x5f,0x1e,0x6e,0x1e,0x80,0x1e,0x92,0x1e,0xa7,0x1e,0xbe,0x1e,0xd6,0x1e,0xe9,0x1e,0xf6,0x1e,0xf2,0xe7,
  0xa1,0x60,0x31,0xff,0xa6,0xf1,0xa0,0xee,0xa0,0x60,0x30,0xff,0xa1,0xf1,0xa0,0xef,0x04,0xa0,0x30,0xfb,0x0f,0x03,0xff,0x45,
  0x0e,0xff,0x1a,0xf1,0x30,0xef,0x08,0x60,0xf4,0x0f,0x0b,0xff,0x3b,0x0f,0x0a,0xfd,0x32,0xa1,0xea,0xa1,0x60,0x31,0xf1,0xf2,
  0x30,0x60,0xa1,0xef,0x07,0x60,0x0f,0x10,0xff,0x35,0x0f,0x11,0xf4,0x31,0xa0,0xef,0x08,0xf0,0xf9,0x30,0x60,0xa0,0xef,0x00,
  0xf2,0xa0,0x30,0x0f,0x10,0xff,0x2f,0x0f,0x15,0x30,0x60,0xef,0x0d,0xa0,0xfe,0x30,0xa0,0xe8,0xf8,0x60,0x0f,0x10,0xff,0x2a,
  0x0e,0x33,0x0f,0x02,0x30,0xa0,0xf3,0xef,0x0c,0xa0,0xff,0x02,0x30,0x60,0xe3,0xfc,0xa0,0x0f,0x10,0xff,0x27,0x0d,0x34,0x0f,
  0x01,0x60,0xf8,0xef,0x0a,0x30,0xff,0x06,0x60,0xff,0x00,0xa0,0x0f,0x10,0xff,0x24,0x0c,0x35,0x0e,0x30,0xa0,0xfc,0xea,0xa0,
  0x61,0x38,0xf1,0xff,0x04,0x03,0x30,0xa0,0xfe,0xa0,0x0d,0x32,0x0d,0xff,0x23,0x0a,0x35,0x0e,0x30,0xe0,0xff,0x01,0xe2,0xa0,
  0x31,0xff,0x01,0xff,0x02,0x08,0x30,0xfb,0xe1,0xf0,0x60,0x0c,0x34,0x0a,0xff,0x22,0x0a,0x35,0x0d,0x30,0xe0,0xff,0x02,0xa0,
  0x30,0x01,0xff,0x04,0xff,0x01,0x0b,0x30,0xf2,0xeb,0x30,0xf0,0x0b,0x33,0x0a,0xff,0x21,0x09,0x35,0x0c,0x30,0xa0,0xe5,0xfa,
  0x30,0x06,0xff,0x03,0xff,0x00,0x0e,0xf0,0xed,0xa0,0xf4,0x07,0x34,0x08,0xff,0x21,0x08,0x35,0x06,0xf5,0xa0,0xec,0xf2,0xa0,
  0x30,0x0a,0xff,0x01,0xfd,0x0d,0xf4,0x30,0xed,0x30,0xf5,0x05,0x34,0x07,0xff,0x21,0x07,0x35,0x03,0xf7,0x30,0xef,0x00,0xf0,
  0x0e,0xff,0x00,0xfc,0x0c,0xf8,0xa0,0xec,0xa0,0xf7,0x03,0x34,0x06,0xff,0x22,0x06,0x34,0x01,0xf9,0xa0,0xee,0x30,0xf3,0x0d,
  0xfe,0xfb,0x0b,0xfb,0x30,0xed,0x30,0xf7,0x02,0x34,0x04,0xff,0x23,0x05,0x34,0xfa,0x30,0xee,0x30,0xf8,0x0b,0xfd,0xfa,0x0a,
  0xff,0x00,0x30,0xec,0x60,0xf8,0x00,0x35,0x03,0xff,0x24,0x04,0x33,0xfa,0xa0,0xed,0x30,0xfc,0x0b,0xfb,0xf9,0x09,0xff,0x03,
  0x30,0xec,0xa0,0xf8,0x00,0x34,0x02,0xff,0x27,0x01,0x30,0xf0,0x31,0xfa,0xed,0xa0,0xff,0x01,0x0a,0xfa,0xf8,0x09,0xff,0x06,
  0x60,0xec,0x30,0xf9,0x33,0xff,0x2b,0x32,0xf9,0x30,0xed,0x30,0xfd,0x35,0x09,0xf9,0xf8,0x08,0xff,0x08,0x30,0xec,0x30,0xf8,
  0x33,0xff,0x2b,0x31,0xf9,0x30,0xec,0xa0,0xff,0x07,0x09,0xf8,0xf7,0x07,0xff,0x02,0x33,0xf5,0xec,0x30,0xf8,0x32,0xff,0x36,
  0x60,0xec,0x60,0xff,0x0a,0x08,0xf7,0xf6,0x07,0xff,0x04,0x33,0xf5,0xa0,0xeb,0x30,0xff,0x40,0xa0,0xec,0x30,0xff,0x0c,0x07,
  0xf7,0xf5,0x07,0xff,0x06,0x01,0x32,0x04,0xa0,0xeb,0x60,0xff,0x3e,0xa0,0xec,0xff,0x0f,0x07,0xf6,0xf5,0x06,0xff,0x04,0x05,
  0x32,0x04,0x60,0xf2,0xe8,0x60,0xff,0x3c,0xa0,0xec,0xf5,0x30,0xff,0x0a,0x07,0xf5,0xf4,0x06,0xff,0x02,0x0a,0x31,0x04,0x30,
  0xe1,0xf1,0xe7,0x30,0xff,0x3a,0xa0,0xe8,0xf2,0xa0,0x04,0xff,0x0f,0x05,0xf5,0xf4,0x05,0xff,0x01,0x0d,0x30,0x05,0x30,0xe3,
  0xf0,0xe6,0x30,0xff,0x38,0xa0,0xe4,0xf2,0xe3,0xa0,0x09,0xff,0x0c,0x04,0xf5,0xf4,0x04,0xff,0x01,0x0f,0x07,0x30,0xe4,0xf0,
  0xe5,0x30,0xff,0x36,0xa0,0xe2,0xf2,0xe5,0xa0,0x0c,0xff,0x0b,0x03,0xf5,0xf4,0x03,0xfb,0x3a,0x0f,0x03,0x30,0xe4,0xf1,0xe4,
  0x30,0xff,0x34,0x60,0xe1,0xf1,0xe7,0xa0,0x0f,0x00,0x33,0xff,0x0f,0xf5,0x01,0xff,0x01,0x3b,0x0e,0x60,0xe4,0xf1,0xe4,0xff,
  0x33,0x30,0xe1,0xf0,0xe9,0x0c,0x39,0xff,0x0d,0xff,0x07,0x06,0x39,0x0c,0xa0,0xe5,0xf0,0xe4,0xff,0x31,0x30,0xe0,0xf1,0xe9,
  0x0a,0x38,0xf0,0x31,0xff,0x0e,0xff,0x06,0x0b,0x37,0x0b,0xe6,0xf0,0xe3,0xa0,0xff,0x30,0xe0,0xf0,0xea,0x09,0x37,0x04,0xff,
  0x0f,0xff,0x05,0x0f,0x00,0x36,0x0a,0xe6,0xf0,0xe3,0x60,0xff,0x2e,0xe0,0xf0,0xea,0x30,0x07,0x36,0x08,0xff,0x0e,0xff,0x05,
  0x0f,0x03,0x34,0x09,0x30,0xe6,0xf0,0xe3,0x30,0xff,0x2c,0x60,0xf0,0xea,0x30,0x07,0x34,0x0c,0xff,0x0d,0xff,0x04,0x0f,0x06,
  0x34,0x08,0x30,0xe5,0xf1,0xe3,0xff,0x2b,0x30,0xf0,0xea,0xa0,0x07,0x33,0x0f,0x00,0xff,0x0c,0xf5,0x30,0xa0,0x20,0x1b,0xf0,
  0x20,0x60,0x30,0x21,0x0f,0x01,0x33,0x08,0xa0,0xe5,0xf0,0xe3,0xa0,0xff,0x29,0x00,0xec,0x07,0x31,0x0f,0x04,0xf1,0x26,0xff,
  0x02,0xf5,0xe0,0x90,0x1c,0x40,0x75,0x40,0x30,0x20,0x0d,0x33,0x08,0xe6,0xf0,0xe3,0x30,0xff,0x27,0x00,0xa0,0xeb,0x30,0x06,
  0x31,0x0f,0x00,0x20,0x30,0x60,0x40,0x75,0x60,0x18,0x21,0xf9,0xf4,0x30,0xe0,0x1b,0x20,0x40,0x7a,0x60,0x20,0x0c,0x32,0x07,
  0x30,0xe5,0xf0,0xe4,0xff,0x27,0x30,0xeb,0x60,0x06,0x30,0x0d,0x30,0x80,0x91,0x80,0x79,0x40,0x1b,0x60,0x30,0xf5,0xf4,0xe0,
  0x30,0x1a,0x20,0x79,0x80,0x91,0xe2,0x80,0x30,0x0a,0x32,0x07,0xa0,0xe5,0xf0,0xe3,0xa0,0xff,0x25,0x00,0xf0,0xeb,0x06,0x30,
  0x0b,0x30,0x90,0xe6,0x90,0x78,0x40,0x1a,0x20,0xe0,0x30,0xf4,0xf3,0xa0,0xe0,0x1a,0x20,0x78,0x90,0xe8,0x90,0x30,0x0a,0x30,
  0x08,0xe6,0xf0,0xe3,0x30,0xff,0x23,0x00,0xa0,0xeb,0x30,0x05,0x30,0x0a,0x60,0xeb,0x90,0x77,0x60,0x1a,0x90,0xa0,0xf4,0xf3,
  0xe0,0x20,0x1a,0x40,0x71,0x60,0x20,0xf1,0x21,0x90,0xeb,0x90,0x30,0x09,0x30,0x07,0x30,0xe5,0xf0,0xe4,0xff,0x23,0x30,0xf0,
  0xea,0xa0,0x0f,0x01,0x60,0xef,0x00,0x80,0x76,0x20,0x19,0x20,0xe0,0xf4,0xf2,0xa0,0xe0,0x1a,0x40,0x70,0x40,0x20,0xf5,0x10,
  0x90,0xec,0x60,0x09,0x30,0x07,0xeb,0x60,0xff,0x21,0x00,0xa0,0xeb,0x0f,0x00,0x30,0xef,0x03,0x90,0x76,0x1a,0xe0,0xa0,0xf3,
  0xf2,0xe0,0x30,0x19,0x20,0x71,0x20,0xf5,0x12,0xe9,0xf4,0x30,0x0f,0x01,0x30,0xe5,0xf0,0xe4,0xff,0x21,0x00,0xeb,0x60,0x0e,
  0x80,0xef,0x04,0xf0,0x90,0x75,0x40,0x19,0x20,0xe0,0xf3,0xf1,0x30,0xe0,0x19,0x20,0x71,0x20,0xf5,0x13,0x20,0xe7,0xf6,0x60,
  0x0f,0x01,0xa0,0xe4,0xf0,0xe4,0xa0,0xff,0x20,0x00,0xeb,0x0d,0x30,0xf1,0xef,0x05,0xf0,0x80,0x75,0x20,0x19,0xe0,0x30,0xf2,
  0xf1,0xa0,0x90,0x19,0x60,0x70,0xf0,0x10,0xf5,0x13,0xf0,0xe8,0xf6,0x90,0x0f,0x00,0x30,0xeb,0x30,0xff,0x1e,0x01,0xea,0x30,
  0x0c,0x21,0xf3,0xef,0x03,0xf0,0xe0,0x75,0x40,0x19,0x90,0xa0,0xf2,0xf1,0xe0,0x20,0x18,0x20,0x71,0x40,0xf5,0x13,0xf1,0x70,
  0xe8,0xf7,0x0f,0x00,0xa0,0xe4,0xf0,0xe4,0xa0,0xff,0x1e,0x01,0xea,0x0c,0x20,0x11,0x20,0xf3,0xef,0x03,0xf0,0x90,0x71,0x41,
  0x71,0x20,0x18,0x30,0xe0,0xf2,0xf0,0x30,0xe0,0x19,0x60,0x71,0x40,0xf5,0x13,0xf1,0x40,0xe8,0xf8,0x0f,0x00,0xe4,0xf0,0xe5,
  0x30,0xff,0x1c,0x02,0x30,0xe8,0x30,0x0b,0x20,0x13,0xf4,0xef,0x02,0xf0,0xe0,0x80,0x43,0x70,0x60,0x18,0x20,0xe0,0xf2,0xf0,
  0xa0,0xe0,0x19,0x71,0x41,0xf4,0x13,0xf2,0x90,0xe9,0xf8,0x0e,0xa0,0xe3,0xf0,0xe5,0xa0,0xff,0x1c,0x03,0xa0,0xe6,0xa0,0x0b,
  0x15,0x60,0xf3,0xef,0x02,0xf0,0xe0,0x90,0x43,0x71,0x19,0xe0,0x30,0xf1,0xf0,0xc0,0x60,0x18,0x20,0x71,0x41,0x20,0xf3,0x13,
  0xf2,0xea,0xf9,0x0d,0x30,0xeb,0xff,0x1a,0x30,0xf0,0x04,0x30,0xe4,0x30,0x0b,0x16,0x20,0xf4,0xef,0x04,0x43,0x71,0x20,0x18,
  0xe0,0xa0,0xf1,0xf0,0xe0,0x20,0x18,0x20,0x71,0x41,0x60,0xf3,0x13,0xf1,0x60,0xea,0xfa,0x0d,0xeb,0xff,0x1a,0x30,0xf0,0x06,
  0x32,0x0c,0x17,0x20,0xf5,0xef,0x01,0xf0,0xe0,0x43,0x71,0x20,0x18,0x60,0xa0,0xf1,0xf0,0xe0,0x20,0x18,0x40,0x71,0x42,0x20,
  0xf2,0x13,0xf0,0x20,0xeb,0xfa,0x40,0x0c,0x30,0xe3,0xf0,0xe4,0xa0,0xff,0x1a,0x31,0x0f,0x06,0xf0,0x17,0x30,0xf5,0xef,0x01,
  0xf0,0xe0,0x43,0x71,0x60,0x18,0x30,0xe0,0xf1,0xf0,0xe0,0x19,0x72,0x42,0x90,0x70,0x20,0x14,0x60,0xeb,0xfc,0x20,0x0c,0xe3,
  0xf0,0xe4,0x30,0xff,0x1c,0x30,0x0f,0x04,0x20,0xf0,0x17,0x90,0xf5,0xef,0x01,0xf0,0xe0,0x90,0x42,0x71,0x40,0x18,0x20,0xe0,
  0xf1,0x30,0xe0,0x18,0x20,0x72,0x42,0xe2,0x80,0x61,0xf0,0xed,0xfc,0x40,0x0c,0x30,0xe2,0xf0,0xe4,0xff,0x1c,0x00,0x32,0x0f,
  0x01,0x20,0xf1,0x16,0x20,0xf7,0xef,0x00,0xf0,0xe0,0x90,0x42,0x72,0x18,0x20,0xe0,0xf1,0x30,0xe0,0x18,0x20,0x72,0x42,0xef,
  0x04,0xfd,0x70,0x40,0x0c,0x60,0xe1,0xf0,0xe3,0xff,0x1d,0x02,0x31,0x0e,0x30,0x40,0x20,0x16,0x20,0xf8,0xef,0x00,0xf0,0xe1,
  0x42,0x72,0x18,0x20,0xe0,0xf1,0x30,0xe0,0x18,0x20,0x72,0x42,0xef,0x03,0xfe,0x90,0x70,0x30,0x0c,0x30,0xa0,0xf0,0xe1,0x30,
  0xff,0x1e,0x0f,0x04,0x42,0x20,0x14,0x60,0xf9,0xef,0x00,0xf0,0xe1,0x42,0x72,0x18,0x20,0xe0,0xf1,0x30,0xe0,0x18,0x20,0x72,
  0x42,0xef,0x02,0xff,0x00,0x70,0x41,0x30,0x0e,0xff,0x21,0x0f,0x03,0x30,0x43,0x70,0xf0,0x80,0xfc,0xef,0x00,0xf0,0xe1,0x42,
  0x72,0x18,0x20,0xe0,0xf1,0x30,0xe0,0x18,0x20,0x72,0x42,0xeb,0xff,0x06,0x42,0xf0,0x0e,0xff,0x21,0x0f,0x03,0x70,0x44,0xfe,
  0xef,0x00,0xf0,0xe0,0x90,0x42,0x72,0x18,0x20,0xe0,0xf1,0x30,0xe0,0x18,0x20,0x72,0x42,0xec,0xff,0x05,0x42,0xf0,0x30,0x0d,
  0xff,0x21,0x0f,0x02,0x20,0x70,0x44,0xfe,0xef,0x00,0xf0,0xe0,0x90,0x42,0x71,0x40,0x18,0x20,0xe0,0xf1,0x30,0xe0,0x19,0x72,
  0x42,0xec,0xff,0x05,0x42,0xf1,0x0d,0xff,0x21,0x0f,0x01,0x21,0x70,0x44,0xfe,0xef,0x00,0xf0,0xe0,0x42,0x72,0x60,0x18,0x60,
  0xe0,0xf1,0xf0,0xe0,0x20,0x18,0x40,0x71,0x42,0x90,0xeb,0xff,0x04,0x90,0x41,0xf2,0x20,0x0c,0xff,0x21,0x0f,0x01,0x11,0x71,
  0x43,0x90,0xfc,0xef,0x01,0xf0,0xe0,0x42,0x72,0x20,0x18,0x70,0xa0,0xf1,0xf0,0xe0,0x20,0x18,0x60,0x72,0x42,0xec,0xff,0x03,
  0x42,0xf1,0x70,0x60,0x0c,0xff,0x21,0x0f,0x00,0x20,0x11,0x40,0x70,0x44,0xfc,0xef,0x01,0xf0,0x90,0x42,0x72,0x20,0x18,0xe0,
  0xa0,0xf1,0xf0,0xe0,0x60,0x18,0x20,0x72,0x42,0xec,0xff,0x03,0x41,0xf2,0x70,0x21,0x0a,0xff,0x23,0x0e,0x12,0x20,0x71,0x43,
  0xfc,0xef,0x01,0xf0,0x42,0x72,0x40,0x19,0xe0,0x30,0xf1,0xf0,0xa0,0x90,0x19,0x72,0x42,0x80,0xec,0xff,0x01,0x90,0x41,0xf1,
  0x71,0x20,0x10,0x0a,0xff,0x23,0x0d,0x20,0x12,0x20,0x71,0x43,0x70,0xfa,0xef,0x02,0x90,0x42,0x72,0x20,0x18,0x20,0xe0,0xf2,
  0xf0,0x30,0xe0,0x19,0x40,0x72,0x42,0xec,0xff,0x01,0x41,0xf2,0x70,0xf0,0x11,0x0a,0xff,0x23,0x0d,0x14,0x40,0x71,0x43,0xfa,
  0xef,0x01,0xf0,0x42,0x73,0x19,0x60,0xe0,0xf2,0xf1,0xe0,0x20,0x18,0x20,0x72,0x42,0x70,0xec,0xfe,0x70,0x40,0xf2,0x71,0x20,
  0x12,0x09,0xff,0x23,0x0c,0x20,0x14,0x20,0x71,0x44,0xf8,0xef,0x02,0x80,0x42,0x72,0x60,0x19,0xe0,0xa0,0xf2,0xf1,0xe0,0x60,
  0x19,0x40,0x72,0x42,0x90,0xe0,0x93,0xe7,0xfc,0x90,0x40,0xf3,0x70,0xf0,0x13,0x08,0xff,0x25,0x0b,0x16,0x40,0x71,0x44,0xf6,
  0x90,0x80,0x70,0x67,0x80,0x91,0xe3,0x90,0x42,0x73,0x20,0x18,0x20,0xe0,0x30,0xf2,0xf1,0xa0,0xe0,0x18,0x21,0xf0,0x0f,0x01,
  0x30,0x61,0xfb,0x40,0xf3,0x71,0x20,0x13,0x20,0x07,0xff,0x25,0x0a,0x20,0x16,0x20,0x72,0x43,0x70,0x90,0x60,0x30,0x0f,0x04,
  0x32,0x61,0x72,0x60,0x19,0x60,0xe0,0xf3,0xf2,0xe0,0x20,0x11,0x21,0xf7,0x0f,0x06,0x30,0x60,0x90,0xf3,0xe0,0xf4,0x71,0xf0,
  0x14,0xf0,0x06,0xff,0x26,0x0a,0x18,0x60,0x71,0x40,0x60,0x30,0x0f,0x0c,0xf3,0x21,0x19,0xe0,0xa0,0xf3,0xf2,0x30,0xfc,0x0f,
  0x0a,0x30,0x70,0x90,0xf4,0x72,0x20,0x13,0xf1,0x06,0xff,0x27,0x09,0x19,0x30,0x20,0x0f,0x0e,0xf8,0x20,0x15,0x20,0xe0,0xf4,
  0xff,0x02,0x0f,0x0d,0x60,0xf1,0x72,0x20,0x13,0xf2,0x20,0x04,0xff,0x28,0x08,0x20,0x17,0x20,0x0f,0x11,0xfb,0x20,0x12,0xe0,
  0xa0,0xf4,0xff,0x02,0x0f,0x0f,0x20,0x60,0x70,0x60,0x13,0xf3,0x10,0x04,0xff,0x29,0x07,0x60,0x15,0x20,0x0d,0x36,0x0c,0xff,
  0x00,0x20,0xe0,0xf5,0xff,0x03,0x0c,0x35,0x0c,0x20,0x13,0xf5,0x03,0xff,0x2a,0x07,0xe0,0xf0,0x12,0x20,0x0b,0x3f,0x00,0x07,
  0xff,0x08,0xff,0x04,0x06,0x3e,0x0a,0x20,0x10,0xf6,0x02,0xff,0x2c,0x06,0xa0,0xe0,0x10,0x20,0x0a,0x3f,0x05,0x04,0xff,0x09,
  0xff,0x04,0x04,0x3f,0x04,0x09,0x20,0xf5,0x20,0x01,0xff,0x2c,0x07,0xa0,0x0a,0x3f,0x09,0x02,0xff,0x09,0xff,0x05,0x01,0x3f,
  0x08,0x09,0xf3,0x10,0x80,0x00,0xff,0x2e,0x0f,0x01,0x33,0x0f,0x04,0x34,0xff,0x0a,0xff,0x06,0x0f,0x04,0x36,0x08,0x20,0xf0,
  0x10,0xf0,0xc0,0xff,0x30,0x0d,0x31,0x0f,0x0c,0xf0,0x30,0xff,0x09,0xff,0x07,0x0f,0x07,0x34,0x07,0x20,0x60,0xe0,0xff,0x31,
  0x0b,0x30,0x0f,0x0f,0xff,0x0b,0xff,0x08,0x0f,0x09,0x32,0x07,0x31,0xff,0x32,0x0f,0x1a,0xff,0x0c,0xff,0x09,0x0f,0x0b,0x30,
  0x06,0xff,0x35,0x0f,0x18,0xff,0x0d,0xff,0x0a,0x0f,0x0c,0x30,0x03,0xff,0x37,0x0f,0x16,0xff,0x0e,0xff,0x0c,0x0f,0x0d,0xff,
  0x3a,0x0f,0x14,0xff,0x0f,0xff,0x0e,0x0f,0x09,0xff,0x3e,0x0f,0x10,0xff,0x11,0xff,0x0f,0x0f,0x07,0xff,0x40,0x0f,0x0e,0xff,
  0x12,0xff,0x12,0x0f,0x01,0xff,0x45,0x0f,0x0a,0xff,0x14,0xff,0x16,0x08,0xff,0x4b,0x0f,0x06,0xff,0x16,0xff,0x7c,0x0f,0x02,
  0xff,0x18,0xff,0x80,0x09,0xff,0x1c,0x7e,0x1f,0x85,0x1f,0x8d,0x1f,0x9b,0x1f,0xaf,0x1f,0xc2,0x1f,0xd6,0x1f,0xea,0x1f,0xfe,
  0x1f,0x13,0x20,0x2b,0x20,0x44,0x20,0x5c,0x20,0x74,0x20,0x8b,0x20,0xa1,0x20,0xb6,0x20,0xcc,0x20,0xe4,0x20,0xf8,0x20,0x0c,
  0x21,0x1f,0x21,0x31,0x21,0x43,0x21,0x58,0x21,0x6f,0x21,0x87,0x21,0x9e,0x21,0xb5,0x21,0xc9,0x21,0xde,0x21,0xf1,0x21,0x06,
  0x22,0x1c,0x22,0x32,0x22,0x51,0x22,0x74,0x22,0x96,0x22,0xbc,0x22,0xdf,0x22,0x06,0x23,0x28,0x23,0x4b,0x23,0x70,0x23,0x95,
  0x23,0xbe,0x23,0xe7,0x23,0x0e,0x24,0x33,0x24,0x58,0x24,0x81,0x24,0xa9,0x24,0xd1,0x24,0xf6,0x24,0x1b,0x25,0x3d,0x25,0x5b,
  0x25,0x7c,0x25,0x9a,0x25,0xbe,0x25,0xe2,0x25,0x03,0x26,0x28,0x26,0x49,0x26,0x6d,0x26,0x98,0x26,0xc0,0x26,0xe4,0x26,0x00,
  0x27,0x1a,0x27,0x34,0x27,0x4a,0x27,0x60,0x27,0x74,0x27,0x88,0x27,0x9d,0x27,0xae,0x27,0xbb,0x27,0xc7,0x27,0xd3,0x27,0xdd,
  0x27,0xe7,0x27,0xf1,0x27,0xfb,0x27,0x04,0x28,0x0a,0x28,0xff,0x40,0x0c,0xff,0xb5,0xff,0x3d,0x0f,0x03,0xff,0xb2,0xff,0x3a,
  0x0f,0x09,0xff,0x48,0x0b,0xff,0x4b,0xff,0x38,0x0f,0x0c,0xff,0x43,0x0f,0x04,0xff,0x47,0xff,0x37,0x0f,0x0f,0xff,0x3f,0x0f,
  0x08,0xff,0x45,0xff,0x36,0x0f,0x11,0xff,0x3c,0x0f,0x0c,0xff,0x43,0xff,0x34,0x0f,0x15,0xff,0x39,0x0f,0x0e,0xff,0x42,0xff,
  0x33,0x0f,0x17,0xff,0x36,0x0f,0x12,0xff,0x40,0xff,0x32,0x0f,0x19,0xff,0x34,0x0f,0x14,0xff,0x3f,0xff,0x31,0x0f,0x1b,0xff,
  0x32,0x0f,0x16,0xff,0x3e,0xff,0x31,0x0f,0x1b,0xff,0x31,0x0f,0x18,0xff,0x3d,0xff,0x30,0x0f,0x1d,0xff,0x2f,0x0f,0x1a,0xff,
  0x3c,0xff,0x2f,0x0f,0x1f,0xff,0x2d,0x0f,0x1c,0xff,0x3b,0xff,0x2e,0x0f,0x20,0xff,0x2c,0x0f,0x1e,0xff,0x3a,0xff,0x2e,0x0f,
  0x21,0xff,0x2b,0x0f,0x1e,0xff,0x3a,0xff,0x2d,0x0f,0x23,0xff,0x29,0x0f,0x20,0xff,0x39,0xff,0x2d,0x0f,0x23,0xff,0x28,0x0f,
  0x21,0xff,0x39,0xff,0x2c,0x0f,0x25,0xff,0x27,0x0f,0x22,0xff,0x38,0xff,0x2c,0x0f,0x25,0xff,0x26,0x0f,0x24,0xff,0x37,0xff,
  0x2b,0x0f,0x27,0xff,0x25,0x0f,0x24,0xff,0x37,0xff,0x2b,0x0f,0x27,0xff,0x24,0x0f,0x26,0xff,0x36,0xff,0x2b,0x0f,0x27,0xff,
  0x24,0x0f,0x04,0x31,0x60,0xa2,0xe2,0xa2,0x60,0x31,0x0f,0x03,0xff,0x36,0xff,0x2a,0x0f,0x29,0xff,0x22,0x0f,0x01,0x30,0xa0,
  0xe3,0xfc,0xe1,0xa0,0x30,0x0e,0xff,0x36,0xff,0x2a,0x0f,0x29,0xff,0x22,0x0d,0x30,0xa0,0xe7,0xfb,0xe5,0x60,0x30,0x0b,0xff,
  0x35,0xff,0x2a,0x0f,0x15,0x38,0x0a,0xff,0x22,0x0a,0x30,0xa0,0xea,0xfc,0xe7,0x30,0x09,0xff,0x35,0xff,0x2a,0x0f,0x0f,0x31,
  0xa0,0xe0,0xf4,0xe8,0xa0,0x60,0x30,0x04,0xff,0x22,0x08,0x30,0xed,0xfd,0xe8,0x30,0x07,0xff,0x35,0xff,0x2a,0x0f,0x0c,0x30,
  0xa0,0xf9,0xec,0xa0,0x30,0x01,0xff,0x22,0x06,0x30,0xef,0x00,0xa0,0x32,0x05,0x32,0xa1,0xe9,0x30,0x05,0xff,0x35,0xff,0x2a,
  0x0f,0x09,0x30,0xa0,0xfc,0xee,0x60,0x00,0xff,0x21,0x06,0xed,0x60,0x30,0x0f,0x02,0x31,0xa0,0xe7,0x30,0x03,0xff,0x35,0xff,
  0x2a,0x0f,0x07,0x30,0xe0,0xff,0x00,0xee,0x00,0xff,0x21,0x05,0xa0,0xea,0x60,0x0f,0x0a,0x30,0xa0,0xe5,0xa0,0x03,0xff,0x34,
  0xff,0x2a,0x0f,0x05,0x60,0xe1,0xff,0x01,0xee,0x30,0xff,0x21,0x05,0xe9,0x30,0x0f,0x0f,0xa0,0xe5,0x30,0x01,0xff,0x34,0xff,
  0x2a,0x0f,0x03,0x30,0xe2,0xf7,0xe0,0xa0,0x60,0x32,0x02,0x33,0xa1,0xe9,0x00,0xff,0x21,0x05,0xe7,0x30,0x0f,0x13,0xa0,0xe4,
  0x30,0x00,0xff,0x34,0xff,0x2a,0x0f,0x01,0x30,0xe3,0xf4,0xe0,0x60,0x30,0x0f,0x02,0x30,0xa0,0xe4,0x30,0x00,0xff,0x21,0x05,
  0xa0,0xe4,0x60,0x0f,0x17,0xa0,0xe2,0xf0,0x60,0xff,0x34,0xff,0x2a,0x0f,0x00,0x60,0xf7,0x30,0x0f,0x09,0x31,0x60,0x30,0x01,
  0xff,0x21,0x06,0xa0,0xe1,0xa0,0x0f,0x1a,0x30,0xe1,0xf0,0xe0,0xa0,0xff,0x33,0xff,0x2a,0x0e,0xa0,0xe0,0xf4,0xa0,0x30,0x0f,
  0x11,0xff,0x21,0x0f,0x27,0xa0,0xf0,0xe1,0xa0,0xff,0x32,0xff,0x2a,0x0c,0x30,0xe2,0xf2,0xa0,0x30,0x0f,0x13,0xff,0x21,0x0f,
  0x28,0x30,0xe2,0xa0,0xff,0x31,0xff,0x2a,0x0b,0x30,0xe3,0xf1,0x30,0x0f,0x15,0xff,0x21,0x0f,0x29,0xf0,0xe2,0xa0,0xff,0x30,
  0xff,0x2a,0x0a,0x30,0xe4,0x60,0x0f,0x17,0xff,0x21,0x0f,0x29,0xf0,0x30,0x50,0xe1,0x60,0xff,0x2f,0xff,0x2b,0x08,0x30,0xe4,
  0x30,0x0f,0x17,0xff,0x23,0x0f,0x28,0xf1,0x22,0x40,0xff,0x2f,0xff,0x2b,0x07,0x30,0xe3,0xa0,0x0f,0x19,0xff,0x23,0x0f,0x28,
  0xf2,0x28,0xff,0x29,0xff,0x2b,0x06,0x30,0xe3,0x60,0x0f,0x1a,0xff,0x23,0x0f,0x28,0xf2,0x2f,0x03,0xff,0x1f,0xff,0x2c,0x04,
  0x30,0xe3,0x30,0x0f,0x1b,0xff,0x23,0x0f,0x28,0xf3,0x2f,0x05,0xfd,0x20,0xff,0x0d,0xff,0x2c,0x04,0xe3,0x30,0x0f,0x1b,0xff,
  0x25,0x0f,0x26,0xf5,0x2f,0x06,0xfb,0x2f,0x00,0xfd,0xff,0x2c,0x03,0xa0,0xe2,0x30,0x0f,0x1c,0xff,0x25,0x0f,0x26,0xf5,0x2f,
  0x07,0xfb,0x2f,0x04,0xf8,0xff,0x2d,0x01,0x30,0xe2,0x60,0x0f,0x1c,0xff,0x26,0x0f,0x26,0xf6,0x2f,0x07,0xfc,0x2f,0x05,0xf5,
  0xff,0x2d,0x01,0xe2,0xa0,0x0f,0x1d,0xff,0x27,0x0f,0x24,0xf7,0x2f,0x08,0xfc,0x2f,0x07,0xf2,0xff,0x2e,0xa0,0xe2,0x0f,0x1d,
  0xff,0x28,0x0f,0x18,0x34,0x06,0xf8,0x2f,0x08,0xfc,0x2f,0x07,0xf1,0xff,0x2d,0x30,0xe0,0xf0,0xe0,0x30,0x0f,0x1d,0xff,0x29,
  0x0f,0x19,0x37,0x00,0xf9,0x2f,0x09,0xfd,0x2f,0x06,0xf0,0xff,0x2d,0xa0,0xe0,0xf0,0x30,0x0f,0x1d,0xff,0x2a,0x0f,0x1e,0x34,
  0xf9,0x2f,0x08,0xfe,0x2f,0x05,0xf0,0xff,0x04,0x2a,0xff,0x0d,0x30,0x50,0x22,0x0f,0x1c,0xff,0x2c,0x0f,0x20,0x32,0xf8,0x2f,
  0x09,0xfe,0x2f,0x05,0xfb,0x2f,0x02,0xff,0x0a,0x27,0x0f,0x1d,0xff,0x2c,0x0f,0x20,0xf1,0x30,0xf8,0x2f,0x09,0xff,0x00,0x2f,
  0x04,0xf7,0x2f,0x04,0xff,0x02,0x2f,0x01,0xf1,0x0f,0x1b,0xff,0x2e,0x0f,0x1e,0xfd,0x2f,0x08,0xff,0x01,0x2f,0x03,0xf4,0x2f,
  0x06,0xff,0x00,0x2f,0x04,0xf2,0x0f,0x19,0xff,0x30,0x0f,0x1c,0xfe,0x2f,0x08,0xff,0x02,0x2f,0x02,0xf2,0x2f,0x07,0xfe,0x2f,
  0x05,0xf4,0x08,0x34,0x0f,0x09,0xff,0x31,0x0f,0x1c,0xfe,0x2f,0x09,0xff,0x01,0x2f,0x02,0xf1,0x2f,0x06,0xfe,0x2f,0x07,0xf5,
  0x05,0x33,0x0f,0x0b,0xff,0x33,0x0f,0x1a,0xff,0x01,0x2f,0x08,0xff,0x02,0x2f,0x01,0xf0,0x2f,0x06,0xfe,0x2f,0x07,0xf7,0x02,
  0x32,0x0f,0x0d,0xff,0x35,0x0f,0x18,0xff,0x02,0x2f,0x08,0xff,0x03,0x2f,0x00,0xf0,0x2f,0x05,0xfe,0x2f,0x08,0xf9,0x31,0x0f,
  0x0e,0xff,0x37,0x0f,0x16,0xff,0x03,0x2f,0x07,0xff,0x05,0x2d,0xf0,0x2f,0x05,0xfe,0x2f,0x08,0xf8,0x32,0x0f,0x0d,0xff,0x3a,
  0x0f,0x14,0xff,0x05,0x2f,0x06,0xff,0x06,0x2c,0xf0,0x2f,0x04,0xff,0x00,0x2f,0x08,0xf8,0x31,0xf2,0x0f,0x09,0xff,0x3e,0x0f,
  0x10,0xff,0x07,0x2f,0x06,0xff,0x07,0x29,0xf2,0x2f,0x03,0xff,0x00,0x2f,0x08,0x01,0xfd,0x0f,0x07,0xff,0x40,0x0f,0x0e,0xff,
  0x09,0x2f,0x05,0xff,0x09,0x26,0xf3,0x2f,0x02,0xff,0x00,0x2f,0x09,0x02,0xff,0x00,0x0f,0x01,0xff,0x45,0x0f,0x0a,0xff,0x0c,
  0x2f,0x03,0xff,0x15,0x2f,0x02,0xff,0x00,0x2f,0x09,0xf1,0x00,0xff,0x04,0x08,0xff,0x4b,0x0f,0x06,0xff,0x0f,0x2f,0x01,0xff,
  0x16,0x2f,0x01,0xff,0x01,0x2f,0x08,0xff,0x6e,0x0f,0x02,0xff,0x12,0x2e,0xff,0x17,0xf0,0x2e,0xff,0x02,0x2f,0x08,0xff,0x72,
  0x09,0xff,0x18,0x2b,0xff,0x18,0xf0,0x2d,0xff,0x02,0x2f,0x09,0xff,0xa6,0x28,0xff,0x19,0xf1,0x2b,0xff,0x03,0x2f,0x08,0xff,
  0xab,0x20,0xff,0x1d,0xf3,0x28,0xff,0x04,0x2f,0x08,0xff,0xd9,0xf5,0x23,0xff,0x07,0x2f,0x08,0xff,0xd9,0xff,0x12,0x2f,0x06,
  0xff,0xda,0xff,0x12,0x2f,0x05,0xff,0xdb,0xff,0x13,0x2f,0x03,0xff,0xdc,0xff,0x13,0x2f,0x02,0xff,0xdd,0xff,0x14,0x2f,0x00,
  0xff,0xc6,0x20,0xff,0x07,0xff,0x15,0x2d,0xff,0xc7,0x21,0xff,0x06,0xff,0x16,0x2a,0xff,0xc9,0x23,0xff,0x04,0xff,0x18,0x25,
  0xff,0xcd,0x23,0xff,0x03,0xff,0xfb,0x24,0xff,0x02,0xff,0xfb,0x25,0xff,0x01,0xff,0xfb,0x27,0xfe,0xbb,0x28,0xc0,0x28,0xc6,
  0x28,0xcf,0x28,0xd9,0x28,0xe3,0x28,0xed,0x28,0xf7,0x28,0x01,0x29,0x0b,0x29,0x15,0x29,0x1f,0x29,0x29,0x29,0x33,0x29,0x3d,
  0x29,0x47,0x29,0x51,0x29,0x5b,0x29,0x65,0x29,0x65,0x29,0x6f,0x29,0x79,0x29,0x83,0x29,0x96,0x29,0xa8,0x29,0xb9,0x29,0xcb,
  0x29,0xe3,0x29,0xfe,0x29,0x17,0x2a,0x30,0x2a,0x47,0x2a,0x64,0x2a,0x83,0x2a,0x9f,0x2a,0xb3,0x2a,0xc6,0x2a,0xd8,0x2a,0xeb,
  0x2a,0xfc,0x2a,0x0c,0x2b,0x1d,0x2b,0x30,0x2b,0x42,0x2b,0x55,0x2b,0x68,0x2b,0x7a,0x2b,0x8d,0x2b,0xa3,0x2b,0xb7,0x2b,0xcc,
  0x2b,0xe1,0x2b,0xf6,0x2b,0x0b,0x2c,0x21,0x2c,0x38,0x2c,0x4f,0x2c,0x65,0x2c,0x7a,0x2c,0x91,0x2c,0xa7,0x2c,0xbc,0x2c,0xd1,
  0x2c,0xe0,0x2c,0xee,0x2c,0xf9,0x2c,0x04,0x2d,0x0c,0x2d,0x14,0x2d,0x14,0x2d,0x1a,0x2d,0x20,0x2d,0x26,0x2d,0x2c,0x2d,0x35,
  0x2d,0x3d,0x2d,0x45,0x2d,0x4d,0x2d,0x52,0x2d,0x57,0x2d,0xff,0x17,0x31,0xa1,0xea,0xa0,0xff,0x4b,0x60,0xe2,0xa2,0x60,0x31,
  0xff,0x1d,0xff,0x13,0x30,0x60,0xef,0x03,0x30,0xff,0x47,0x30,0xec,0xa0,0x31,0xff,0x18,0xff,0x10,0x30,0xa0,0xef,0x07,0xff,
  0x46,0x30,0xef,0x02,0xa0,0x30,0xff,0x15,0xff,0x0d,0x30,0xa0,0xef,0x0a,0xa0,0xff,0x45,0xef,0x07,0x30,0xff,0x12,0xff,0x0b,
  0x30,0xa0,0xef,0x0d,0xff,0x45,0xef,0x09,0xa0,0x30,0xff,0x0f,0xff,0x09,0x30,0xa0,0xef,0x0f,0xff,0x44,0x30,0xef,0x0c,0x30,
  0xff,0x0d,0xff,0x08,0xa0,0xef,0x11,0xff,0x44,0x30,0xef,0x0e,0x30,0xff,0x0b,0xff,0x06,0x30,0xef,0x12,0xa0,0xff,0x45,0xef,
  0x10,0x30,0xff,0x09,0xff,0x05,0xef,0x14,0x30,0xff,0x45,0xa0,0xef,0x10,0xa0,0xff,0x08,0xff,0x03,0x30,0xef,0x14,0x60,0xff,
  0x47,0xef,0x12,0x30,0xff,0x06,0xff,0x02,0xa0,0xef,0x07,0xa4,0xe7,0x30,0xff,0x49,0xa0,0xef,0x11,0xa0,0xff,0x05,0xff,0x01,
  0xa0,0xef,0x01,0xa0,0x60,0x31,0xfb,0x32,0xff,0x4d,0x30,0x60,0x35,0x60,0xa1,0xef,0x07,0x30,0xff,0x03,0xff,0x00,0xef,0x00,
  0xa0,0x30,0xff,0x6f,0x30,0x60,0xa0,0xef,0x02,0x30,0xff,0x02,0xfd,0x30,0xed,0xa0,0x30,0xff,0x76,0x30,0xa0,0xef,0x00,0x30,
  0xff,0x01,0xfd,0xec,0x60,0xff,0x7c,0x30,0xa0,0xed,0xa0,0xff,0x00,0xfc,0xeb,0xa0,0xfe,0x0f,0x03,0xff,0x45,0x0e,0xfa,0xa0,
  0xec,0xa0,0xfe,0xfb,0xea,0xa0,0xfc,0x0f,0x0b,0xff,0x3b,0x0f,0x0a,0xf7,0xa0,0xeb,0xa0,0xfd,0xfa,0xa0,0xe9,0x30,0xfa,0x0f,
  0x11,0xff,0x35,0x0f,0x11,0xf5,0xa0,0xea,0xa0,0xfc,0xf9,0x60,0xe9,0xf9,0x0f,0x17,0xff,0x2f,0x0f,0x17,0xf3,0x30,0xea,0xa0,
  0xfb,0xf8,0x30,0xe8,0xa0,0xf8,0x0f,0x1b,0xff,0x2a,0x0f,0x1c,0xf3,0xa0,0xe9,0x30,0xfa,0xf8,0xe8,0x60,0xf7,0x0f,0x1f,0xff,
  0x27,0x0f,0x1f,0xf2,0x30,0xe9,0x30,0xf9,0xf7,0xa0,0xe7,0x30,0xf6,0x0f,0x23,0xff,0x24,0x0f,0x22,0xf2,0xe9,0xf9,0xf6,0x30,
  0xe7,0x30,0xf6,0x0f,0x25,0xff,0x23,0x0f,0x24,0xf1,0xa0,0xe8,0xf8,0xf6,0xe7,0x60,0xf5,0x0f,0x27,0xff,0x22,0x0f,0x27,0xf0,
  0xa0,0xe7,0x60,0xf7,0xf5,0xa0,0xe6,0xa0,0xf5,0x0f,0x03,0xfa,0x0f,0x0b,0xff,0x21,0x0f,0x28,0xf0,0xa0,0xe7,0x30,0xf6,0xf5,
  0xe6,0xa0,0xf5,0x0f,0x00,0xff,0x04,0x0f,0x06,0xff,0x21,0x0f,0x06,0xff,0x01,0x0f,0x03,0xa0,0xe7,0xf6,0xf4,0xa0,0xe6,0xf4,
  0x0d,0xff,0x0b,0x0f,0x03,0xff,0x21,0x0f,0x02,0xff,0x09,0x0f,0x00,0xa0,0xe6,0x30,0xf5,0xf4,0xe6,0x30,0xf3,0x0c,0xff,0x10,
  0x0f,0x00,0xff,0x22,0x0d,0xff,0x0f,0x0d,0xa0,0xe6,0xf5,0xf3,0xa0,0xe5,0xa0,0xf3,0x0b,0xff,0x14,0x0c,0xff,0x23,0x0a,0xff,
  0x15,0x0b,0xe6,0xa0,0xf4,0xf3,0xe6,0xf3,0x0a,0xff,0x18,0x0a,0xff,0x24,0x07,0xff,0x19,0x09,0x30,0xe6,0x30,0xf3,0xf2,0x30,
  0xe5,0x30,0xf2,0x09,0xff,0x1b,0x08,0xff,0x27,0x03,0xff,0x1d,0x08,0x30,0xe5,0xa0,0xf3,0xf2,0xe5,0xa0,0xf2,0x09,0xff,0x1e,
  0x04,0xff,0x5c,0x07,0xa0,0xe5,0xf3,0xf1,0x30,0xe5,0x30,0xf2,0x08,0xff,0x91,0x07,0xf0,0xe4,0xa0,0xf2,0xf1,0xa0,0xe4,0xa0,
  0xf2,0x07,0xff,0x95,0x05,0x30,0xf0,0xe4,0xf2,0xf1,0xe5,0xf2,0x07,0xff,0x97,0x05,0xa0,0xf0,0xe3,0x30,0xf1,0xf1,0xe4,0xa0,
  0xf1,0x07,0xff,0x99,0x05,0xf0,0xe4,0xf1,0xf0,0x30,0xe4,0x30,0xf1,0x06,0xff,0x9b,0x04,0xa0,0xf0,0xe3,0x30,0xf0,0xf0,0xa0,
  0xe4,0xf1,0x06,0xff,0x9e,0x03,0xf1,0xe2,0xa0,0xf0,0xf0,0xe4,0x30,0xf1,0x05,0xff,0xa0,0x02,0xa0,0xf0,0xe3,0xf0,0xf0,0xe4,
  0xf2,0x04,0xff,0xa2,0x02,0xe4,0xf0,0x30,0xe4,0xf2,0x03,0xff,0xa6,0xa0,0xe3,0x30,0x30,0xe3,0xa0,0xf3,0x01,0xff,0xa7,0x30,
  0xe3,0xa0,0x60,0xe3,0x30,0xff,0xae,0xe4,0x30,0xe3,0xff,0xaf,0x30,0xe2,0x60,0xf0,0xa0,0xe1,0x30,0xff,0xb0,0x30,0xa0,0x30,
  0xf0,0xfb,0x2d,0x0a,0x2e,0x19,0x2e,0x28,0x2e,0x36,0x2e,0x44,0x2e,0x52,0x2e,0x5f,0x2e,0x6c,0x2e,0x79,0x2e,0x86,0x2e,0x96,
  0x2e,0xac,0x2e,0xbc,0x2e,0xca,0x2e,0xd5,0x2e,0xe3,0x2e,0xf2,0x2e,0x02,0x2f,0x11,0x2f,0x21,0x2f,0x30,0x2f,0x3e,0x2f,0x4d,
  0x2f,0x5c,0x2f,0x6f,0x2f,0x84,0x2f,0x99,0x2f,0xab,0x2f,0xbd,0x2f,0xce,0x2f,0xe1,0x2f,0xef,0x2f,0xfc,0x2f,0x09,0x30,0x15,
  0x30,0x20,0x30,0x2e,0x30,0x3a,0x30,0x46,0x30,0x4f,0x30,0x58,0x30,0x62,0x30,0x68,0x30,0x6f,0x30,0xff,0x11,0x0f,0x03,0xff,
  0x45,0x0e,0xff,0x1a,0xff,0x0d,0x0f,0x0b,0xf5,0x32,0xff,0x32,0x0f,0x0a,0xff,0x15,0xff,0x0a,0x0f,0x11,0xf0,0x30,0xe4,0x60,
  0xff,0x2e,0x30,0x0f,0x0f,0xff,0x11,0xff,0x07,0x0f,0x14,0xa0,0xe6,0xa0,0xff,0x29,0x00,0xf4,0xa0,0x30,0x0f,0x0f,0xff,0x0e,
  0xff,0x05,0x0f,0x15,0xf4,0xe4,0x60,0xff,0x25,0x02,0xf7,0x30,0x0f,0x10,0xff,0x0c,0xff,0x03,0x0f,0x15,0x30,0xf7,0xe3,0xff,
  0x24,0x02,0xa0,0xf8,0x60,0x0f,0x11,0xff,0x0a,0xff,0x01,0x0f,0x02,0x30,0x0f,0x03,0xa0,0xf9,0xe2,0x30,0xff,0x1f,0x30,0xf1,
  0x03,0xfa,0xa0,0x0f,0x12,0xff,0x08,0xff,0x00,0x0f,0x02,0x30,0x0f,0x03,0xa0,0xfc,0xe0,0x30,0xff,0x22,0x02,0x30,0xfb,0xa0,
  0x0f,0x13,0xff,0x06,0xfd,0x0f,0x03,0x31,0x0f,0x01,0x30,0xfe,0xe0,0x30,0xff,0x21,0x03,0x60,0xfd,0x0f,0x14,0xff,0x04,0xfc,
  0x0f,0x03,0x31,0xf8,0x07,0xa0,0xff,0x01,0x00,0xff,0x21,0x03,0x30,0xfe,0x30,0x0f,0x13,0xff,0x03,0xfb,0x0f,0x00,0xf1,0x32,
  0xfe,0x00,0x30,0xff,0x02,0x30,0x00,0xff,0x21,0x04,0xfd,0xe1,0xff,0x02,0x0f,0x03,0xff,0x01,0xf9,0x0d,0xf4,0x32,0xff,0x00,
  0xa0,0xe3,0xfd,0x30,0x01,0xff,0x1f,0x30,0xf0,0x04,0x60,0xf9,0xe5,0xa0,0xff,0x04,0x0f,0x00,0xff,0x00,0xf8,0x0c,0xf4,0x32,
  0xff,0x00,0x30,0xe7,0xfa,0x30,0x02,0xff,0x1f,0x30,0xf1,0x04,0xa0,0xf5,0xea,0xff,0x00,0x30,0xf4,0x0d,0xfe,0xf7,0x0b,0xff,
  0x08,0x30,0xeb,0xf6,0x60,0x03,0xff,0x20,0x30,0xf1,0x05,0x30,0xf2,0xed,0x30,0xfe,0x31,0xf5,0x0b,0xfd,0xf6,0x0a,0xff,0x09,
  0xa0,0xee,0xf2,0xa0,0x05,0xff,0x21,0x30,0xf1,0x05,0x30,0xef,0x01,0x60,0xff,0x01,0x30,0xf5,0x0b,0xfb,0xf5,0x09,0xff,0x09,
  0x60,0xef,0x03,0x30,0x05,0xff,0x22,0x31,0xf2,0x03,0xf1,0xa0,0xef,0x01,0xff,0x09,0x0a,0xfa,0xf4,0x09,0xf3,0x30,0xff,0x03,
  0x30,0xef,0x03,0xa0,0xf0,0x04,0xff,0x25,0x30,0xf9,0x30,0xef,0x01,0x30,0xff,0x09,0x09,0xf9,0xf4,0x08,0xf2,0x30,0xff,0x03,
  0x30,0xef,0x03,0xa0,0xff,0x3a,0xa0,0xef,0x00,0xa0,0xff,0x09,0x09,0xf8,0xf3,0x07,0xf0,0x33,0xff,0x02,0x60,0xef,0x03,0xa0,
  0x30,0xff,0x3c,0x30,0xef,0x01,0x30,0xff,0x09,0x08,0xf7,0xf2,0x05,0x36,0xff,0x01,0x60,0xef,0x03,0xa0,0x30,0xff,0x40,0xa0,
  0xef,0x00,0xa0,0xff,0x04,0x31,0xf2,0x07,0xf7,0xf1,0x07,0xff,0x04,0x30,0xa0,0xe1,0xf8,0xe8,0x30,0xff,0x43,0x30,0xef,0x01,
  0x30,0xff,0x04,0x32,0xf0,0x07,0xf6,0xf1,0x06,0xff,0x03,0xa0,0xe0,0xf2,0xea,0xf2,0xe1,0xa0,0x30,0xff,0x47,0xa0,0xef,0x01,
  0x30,0xff,0x03,0x33,0xf0,0x06,0xf5,0xf0,0x06,0xff,0x01,0x30,0xa0,0xe0,0xf1,0xef,0x01,0xf1,0xa0,0x00,0xff,0x48,0xa0,0xe1,
  0xf5,0xe8,0xa0,0xff,0x03,0x3b,0xf4,0xf0,0x05,0xfe,0x30,0xa0,0xe1,0xf0,0xef,0x02,0x20,0xf2,0xe0,0xf0,0xa0,0xff,0x49,0x80,
  0xe7,0xf2,0xe5,0x60,0xff,0x03,0x37,0x00,0xf5,0xf0,0x04,0xfc,0x30,0xa0,0xe2,0xf0,0xef,0x01,0x60,0x20,0xff,0x53,0x20,0xe8,
  0xf2,0xe4,0x30,0xff,0x02,0x34,0x02,0xf5,0xf0,0x03,0xf9,0x31,0xa0,0xe3,0xf1,0xee,0x90,0x20,0xff,0x58,0x60,0xe9,0xf1,0xe4,
  0x30,0xff,0x0e,0xf1,0x01,0xf7,0x30,0xa0,0xe6,0xf1,0xed,0x60,0x20,0xff,0x5c,0x60,0xe9,0xf0,0xe5,0x30,0xff,0x0c,0xf5,0x31,
  0xa1,0xe9,0xf0,0xeb,0x90,0x30,0x20,0xff,0x60,0x20,0x70,0xe8,0xf1,0xe4,0xa0,0x30,0xff,0x0a,0xf1,0x30,0xa0,0xee,0xf0,0xe9,
  0x60,0x20,0xff,0x66,0x20,0x60,0xe8,0xf0,0xe5,0xa0,0x30,0xff,0x08,0xf0,0xef,0x01,0xf0,0xe6,0x70,0x30,0x20,0xff,0x6b,0x20,
  0x60,0xe7,0xf0,0xe7,0x30,0xff,0x06,0x30,0xef,0x00,0xf0,0xe2,0x90,0x60,0x21,0xff,0x72,0x60,0xe6,0xf0,0xe8,0x60,0xff,0x04,
  0xf0,0xee,0xf1,0x21,0xff,0x79,0x20,0xe5,0xf0,0xe9,0xa0,0x30,0xff,0x01,0xf0,0x60,0xe5,0xa2,0x60,0x31,0xff,0x81,0x20,0x60,
  0xe3,0xf0,0xeb,0x60,0xfe,0xff,0x92,0x20,0xe2,0xf0,0xec,0xa0,0x30,0xfb,0xfd,0xe0,0xff,0x85,0x20,0x40,0xe0,0xf0,0xee,0xa0,
  0x30,0xf8,0xff,0x96,0x20,0xf0,0xef,0x02,0xa0,0x30,0xf5,0xff,0x97,0x60,0xf1,0x30,0xa0,0xef,0x01,0xa0,0x30,0xf2,0xff,0x9d,
  0x30,0xa0,0xef,0x01,0x30,0xf0,0xff,0x9a,0x00,0xf4,0x30,0x60,0xa0,0xed,0xf0,0xff,0xa4,0x30,0xa0,0xea,0x30,0xff,0xa8,0x31,
  0xa0,0xe4,0xa0,0xf0,0xff,0xad,0x32,0xf1,0xd3,0x30,0xdc,0x30,0xe8,0x30,0xf7,0x30,0x08,0x31,0x18,0x31,0x29,0x31,0x3f,0x31,
  0x54,0x31,0x67,0x31,0x7b,0x31,0x92,0x31,0xac,0x31,0xc5,0x31,0xdc,0x31,0xf4,0x31,0x0a,0x32,0x22,0x32,0x36,0x32,0x4b,0x32,
  0x61,0x32,0x77,0x32,0x8f,0x32,0xa7,0x32,0xc1,0x32,0xd8,0x32,0xeb,0x32,0xfe,0x32,0x12,0x33,0x25,0x33,0x37,0x33,0x48,0x33,
  0x56,0x33,0x65,0x33,0x6e,0x33,0x7a,0x33,0x83,0x33,0x8e,0x33,0x96,0x33,0x9f,0x33,0xa5,0x33,0xac,0x33,0xff,0xf4,0x28,0xf7,
  0xff,0x00,0x20,0xff,0xe4,0x28,0xf6,0xfe,0x21,0xff,0xe4,0x29,0xf5,0xfc,0x23,0xff,0xe4,0x2a,0xf4,0xfb,0x24,0xff,0xe4,0x2b,
  0xf3,0xfa,0x24,0xff,0xe5,0x2c,0xf2,0xf8,0x26,0xff,0xe5,0x2d,0xf1,0xf7,0x27,0xff,0xe5,0x2e,0xf0,0xf6,0x28,0xff,0xe5,0x2e,
  0xf0,0xf5,0x29,0xff,0xe5,0x2e,0xf0,0xf4,0x2a,0xff,0xe5,0x2f,0x00,0xf3,0x2b,0xff,0xe5,0x2f,0x00,0xf2,0x2b,0xff,0xe6,0x2f,
  0x00,0xf1,0x2c,0xff,0xe6,0x2f,0x00,0xf0,0x2d,0xff,0xe6,0x2f,0x00,0xf0,0x2d,0xff,0xe6,0x2e,0xf0,0x2e,0xff,0xe7,0x2d,0xf0,
  0x2e,0xff,0xe8,0x2c,0xf0,0x2e,0xff,0xe9,0x2a,0xf1,0x2e,0xff,0xea,0x28,0xf2,0x2e,0xff,0xec,0x25,0xf3,0x2e,0xff,0xf6,0xf0,
  0x2c,0xff,0xf7,0xf0,0x2b,0xff,0xf8,0xf1,0x29,0xff,0xf9,0xf2,0x27,0xff,0xfa,0xf5,0x21,0xff,0xfd,0x04,0x34,0x08,0x34,0x0f,
  0x34,0x15,0x34,0x1b,0x34,0x21,0x34,0x27,0x34,0x2d,0x34,0x33,0x34,0x39,0x34,0x3f,0x34,0x45,0x34,0x4b,0x34,0x51,0x34,0x57,
  0x34,0x5d,0x34,0x63,0x34,0x68,0x34,0x6d,0x34,0x72,0x34,0x77,0x34,0x7c,0x34,0x7c,0x34,0x7c,0x34,0x7f,0x34,0x83,0x34,0x87,
  0x34,0x8b,0x34,0x8f,0x34,0xff,0x27,0x32,0x65,0x32,0xff,0x0e,0xff,0x24,0x30,0x60,0x4f,0x00,0x61,0x35,0xf8,0x35,0x62,0x30,
  0xff,0x21,0x30,0x60,0x4f,0x1b,0x71,0x30,0xff,0x1f,0x30,0x60,0x4f,0x1c,0x72,0x30,0xff,0x0b,0x30,0x60,0x44,0x60,0x31,0xf7,
  0x30,0x60,0x4f,0x1c,0x74,0x30,0xff,0x09,0x60,0x4a,0x60,0x30,0xf4,0x30,0x4f,0x1c,0x76,0x60,0xff,0x07,0x60,0x4e,0x60,0x30,
  0xf1,0x60,0x4f,0x1b,0x81,0x76,0x60,0xff,0x05,0x30,0x4f,0x03,0x60,0x4f,0x1b,0x80,0xc1,0x80,0x76,0x60,0xff,0x03,0x30,0x4f,
  0x2f,0xa0,0xc3,0x80,0x76,0x60,0xff,0x00,0x30,0x60,0x4f,0x2e,0x61,0xc5,0x80,0x76,0x60,0xfc,0x30,0x60,0x4f,0x2f,0x21,0x60,
  0xc6,0x77,0x60,0xf6,0x32,0x60,0x4f,0x30,0x21,0x10,0x20,0xc8,0x77,0x60,0x60,0x4f,0x36,0x30,0x20,0x12,0x20,0xa0,0xc8,0xa0,
  0x77,0x60,0x30,0x4f,0x1e,0x60,0x20,0x11,0x23,0x60,0x47,0x60,0x23,0x15,0x30,0xca,0x80,0x77,0x60,0x30,0x70,0x4f,0x1b,0x20,
  0x1f,0x0b,0x20,0xcc,0x80,0x77,0x30,0x30,0x71,0x4f,0x0d,0xf2,0x27,0x1f,0x0c,0x20,0xa0,0xcd,0x78,0x30,0xf0,0x72,0x4f,0x0a,
  0xf1,0x60,0x20,0x1f,0x13,0x20,0xa0,0xce,0xa0,0x78,0x30,0xf0,0x73,0x4f,0x07,0xf0,0x60,0x20,0x1f,0x14,0x30,0xb0,0xcf,0x01,
  0x80,0x78,0xf0,0xf0,0x60,0x74,0x4f,0x03,0x21,0x1f,0x14,0x20,0x60,0xcf,0x04,0x80,0x78,0xf0,0xf0,0x30,0x75,0xa0,0x80,0x70,
  0x49,0x60,0x21,0x1f,0x15,0x20,0x30,0xa0,0xcf,0x05,0xa0,0x78,0x60,0xf0,0xf0,0x30,0x75,0x80,0xc3,0xa0,0x60,0x21,0x1f,0x19,
  0x20,0x30,0xa0,0xcf,0x08,0x80,0x78,0x60,0xf0,0xf1,0x75,0x80,0xc7,0x60,0x20,0x1f,0x13,0x21,0x60,0xcf,0x0c,0x79,0x30,0xf0,
  0xf1,0x60,0x75,0x80,0xc9,0xb0,0x60,0x30,0x21,0x1f,0x08,0x21,0x30,0xa0,0xcf,0x0f,0x80,0x79,0xf1,0xf1,0x30,0x75,0x80,0xcf,
  0x00,0xa0,0x60,0x31,0x2d,0x31,0xa0,0xb0,0xcf,0x14,0x79,0x40,0xf1,0xf2,0x76,0x80,0xcf,0x38,0x80,0x74,0xf0,0x73,0x60,0xf1,
  0xf0,0x01,0x60,0x75,0x80,0xcf,0x38,0x71,0xf3,0x74,0x30,0xf1,0xf2,0x30,0x76,0x80,0xcf,0x36,0x80,0xf5,0x74,0xf2,0xf3,0x70,
  0xf0,0x75,0xa0,0xcf,0x34,0xa0,0xf4,0x75,0x30,0xf2,0xf3,0x60,0x71,0xf2,0x71,0x80,0xcf,0x34,0x80,0xf3,0x76,0xf3,0xf4,0x72,
  0xf4,0x80,0xcf,0x32,0x80,0xf3,0x76,0x60,0xf3,0xf4,0x60,0x73,0xf3,0x80,0xcf,0x13,0xb9,0xcf,0x03,0x80,0xf3,0x77,0x30,0xf3,
  0xf4,0x30,0x74,0xf3,0xa0,0xcf,0x0e,0xb1,0xdd,0xb1,0xcd,0xa0,0xf3,0x77,0x40,0xf4,0xf5,0x60,0x75,0xf1,0x80,0xcf,0x0c,0xb0,
  0xdf,0x05,0xb0,0xca,0x80,0xf2,0x78,0x30,0xf4,0xf5,0x30,0x76,0xf1,0x80,0xcf,0x09,0xb0,0xdf,0x09,0xb0,0xc7,0x80,0xf2,0x78,
  0x40,0xf5,0xf6,0x60,0x77,0xf0,0x80,0xcf,0x06,0xb0,0xdf,0x02,0x01,0x24,0x16,0x22,0xf3,0x79,0x30,0xf5,0xf7,0x40,0x77,0xf0,
  0x80,0xcf,0x04,0xdb,0x30,0x00,0x21,0x1f,0x03,0x20,0xf2,0x7a,0x60,0xf6,0xf7,0x30,0x78,0xf1,0xa0,0xcf,0x00,0xb0,0xd7,0x30,
  0x21,0x1f,0x08,0x20,0xf2,0x7b,0x30,0xf6,0xf8,0x60,0x79,0xf0,0x80,0xcd,0xb0,0xd4,0x00,0x20,0x1f,0x0c,0x20,0xf2,0x7b,0x60,
  0xf7,0xf9,0x40,0x79,0xf0,0x80,0xcb,0xb0,0xd2,0x00,0x20,0x1f,0x0e,0x40,0xf1,0x7c,0x40,0xf8,0xf9,0x30,0x7b,0x81,0xc8,0xd0,
  0x30,0x20,0x1f,0x10,0x20,0x40,0xf1,0x7d,0x30,0xf8,0xfa,0x30,0x7b,0xf0,0x80,0xc5,0x60,0x20,0x1f,0x12,0x60,0xf1,0x7e,0x30,
  0xf9,0xfb,0x60,0x7b,0xf1,0x80,0xc0,0xa0,0x20,0x1f,0x13,0x20,0xf2,0x7e,0x60,0xfa,0xfc,0x60,0x7c,0xf1,0x60,0x20,0x1f,0x11,
  0x20,0xf1,0x7f,0x01,0x40,0xfb,0xfd,0x60,0x7d,0xf1,0x40,0x20,0x1f,0x0c,0x20,0x60,0xf1,0x7f,0x02,0x40,0xfc,0xfe,0x60,0x7f,
  0x00,0xf1,0x60,0x20,0x1f,0x06,0x21,0x40,0xf0,0x7f,0x05,0x30,0xfc,0xff,0x00,0x60,0x7f,0x04,0x40,0x22,0x1c,0x21,0x40,0x7f,
  0x09,0x30,0xfd,0xff,0x01,0x60,0x7f,0x08,0x42,0x64,0x41,0x7f,0x0d,0x30,0xfe,0xff,0x02,0x60,0x7f,0x2d,0x30,0xff,0x00,0xff,
  0x03,0x30,0x7f,0x2a,0x40,0xff,0x02,0xff,0x04,0x30,0x40,0x7f,0x27,0x60,0xff,0x03,0xff,0x06,0x60,0x7f,0x25,0x30,0xff,0x04,
  0xff,0x07,0x30,0x7f,0x22,0x40,0x30,0xff,0x05,0xff,0x09,0x60,0x7f,0x1f,0x60,0xff,0x07,0xff,0x0a,0x30,0x60,0x7f,0x1b,0x60,
  0x30,0xff,0x08,0xff,0x0c,0x30,0x60,0x7f,0x17,0x40,0x30,0xff,0x0a,0xff,0x0e,0x30,0x60,0x7f,0x13,0x60,0x30,0xff,0x0c,0xff,
  0x11,0x30,0x40,0x7f,0x0e,0x60,0x30,0xff,0x0e,0xff,0x13,0x31,0x40,0x7f,0x08,0x60,0x30,0xff,0x11,0xff,0x17,0x31,0x60,0x7f,
  0x00,0x60,0x31,0xff,0x14,0xff,0x1c,0x3b,0xff,0x19,0xcd,0x34,0xd4,0x34,0xe0,0x34,0xe8,0x34,0xf0,0x34,0xfe,0x34,0x0a,0x35,
  0x17,0x35,0x24,0x35,0x2e,0x35,0x39,0x35,0x43,0x35,0x4e,0x35,0x5a,0x35,0x6b,0x35,0x77,0x35,0x84,0x35,0x93,0x35,0xa3,0x35,
  0xb2,0x35,0xc6,0x35,0xd9,0x35,0xe8,0x35,0xfb,0x35,0x0d,0x36,0x18,0x36,0x24,0x36,0x2e,0x36,0x3a,0x36,0x46,0x36,0x51,0x36,
  0x60,0x36,0x70,0x36,0x81,0x36,0x92,0x36,0xa4,0x36,0xb6,0x36,0xc8,0x36,0xd9,0x36,0xea,0x36,0xfa,0x36,0x09,0x37,0x18,0x37,
  0x26,0x37,0x35,0x37,0x45,0x37,0x53,0x37,0x5f,0x37,0x67,0x37,0x6f,0x37,0x78,0x37,0x80,0x37,0x89,0x37,0x91,0x37,0x9b,0x37,
  0xa5,0x37,0xaf,0x37,0xb9,0x37,0xc3,0x37,0xcd,0x37,0xff,0x2d,0x34,0xff,0x18,0xff,0x2a,0x30,0x48,0x60,0x31,0xff,0x13,0xff,
  0x27,0x30,0x60,0x4e,0x60,0x31,0xff,0x0d,0x31,0xff,0x15,0x31,0x60,0x44,0x61,0x30,0xf4,0x30,0x60,0x4f,0x06,0x60,0x31,0xff,
  0x05,0x30,0x60,0x41,0x30,0xff,0x12,0x30,0x60,0x4c,0x60,0x30,0xf0,0x30,0x4f,0x0d,0x60,0x33,0xf6,0x33,0x60,0x44,0x70,0xf0,
  0xff,0x0f,0x30,0x60,0x4f,0x36,0x70,0x60,0xf0,0xff,0x0c,0x31,0x4f,0x38,0x71,0x30,0xf0,0xff,0x0a,0x30,0x60,0x49,0xf6,0x4c,
  0xf5,0x4f,0x15,0x72,0xf1,0xff,0x08,0x30,0x4a,0xfb,0x46,0xfb,0x4f,0x11,0x72,0x60,0xf1,0xff,0x06,0x60,0x4a,0xff,0x00,0x42,
  0xff,0x00,0x4f,0x0e,0x73,0x30,0xf1,0xff,0x03,0x30,0x60,0x4a,0xff,0x03,0x40,0xff,0x03,0x4f,0x0a,0x75,0xf2,0xff,0x00,0x31,
  0x4b,0xff,0x1b,0x4f,0x07,0x75,0x30,0xf2,0xfa,0x32,0x60,0x4c,0xff,0x1f,0x4f,0x03,0x77,0xf3,0x30,0x41,0x64,0x4f,0x02,0xff,
  0x24,0x4e,0x77,0x30,0xf3,0xf0,0x30,0x70,0x4f,0x05,0xff,0x2a,0x48,0x79,0xf4,0xf1,0x30,0x70,0x4f,0x01,0xff,0x34,0x7a,0x30,
  0xf4,0xf2,0x30,0x71,0x4a,0xff,0x35,0x78,0xf0,0x72,0x60,0xf5,0xf4,0x40,0x71,0x40,0xff,0x46,0x73,0xf6,0xf5,0x60,0x73,0x40,
  0xff,0x43,0x72,0x30,0xf6,0xf6,0x60,0x72,0xf0,0x71,0x40,0xff,0x3e,0x73,0x60,0xf7,0xf7,0x30,0x73,0xf2,0x70,0xff,0x3b,0x73,
  0x40,0xf8,0xf9,0x40,0x72,0xff,0x3d,0x73,0x40,0xf9,0xfa,0x60,0x73,0xff,0x3a,0x74,0xfa,0xfb,0x30,0x73,0xff,0x38,0x74,0x30,
  0xfa,0xfd,0x60,0x73,0xff,0x35,0x73,0x40,0xfc,0xfe,0x30,0x40,0x72,0xff,0x33,0x73,0x40,0xfd,0xff,0x01,0x60,0x73,0xff,0x30,
  0x73,0x60,0xfe,0xff,0x03,0x60,0x72,0xff,0x2d,0x74,0x30,0xff,0x00,0xff,0x04,0x30,0x60,0x71,0xff,0x2b,0x73,0x60,0xff,0x02,
  0xff,0x06,0x30,0x60,0x71,0xff,0x28,0x73,0x30,0xff,0x03,0xff,0x08,0x30,0x60,0x70,0xff,0x25,0x73,0x30,0xff,0x05,0xff,0x0a,
  0x30,0x60,0x70,0xff,0x22,0x72,0x30,0xff,0x07,0xff,0x0d,0x30,0x60,0xff,0x1e,0x71,0x40,0x30,0xff,0x09,0xff,0x0e,0x01,0x30,
  0x60,0xff,0x1a,0x70,0x60,0x30,0xff,0x0b,0xff,0x10,0x02,0x30,0x60,0xff,0x14,0x60,0xf0,0x30,0xff,0x0e,0xff,0x12,0x03,0x31,
  0x61,0xff,0x0a,0x40,0x60,0x31,0x00,0xff,0x11,0xff,0x14,0x07,0x32,0x61,0x41,0xf7,0x40,0x62,0x32,0x03,0xff,0x14,0xff,0x18,
  0x0a,0xf0,0x0e,0xff,0x17,0x4a,0x38,0x4f,0x38,0x57,0x38,0x61,0x38,0x75,0x38,0x88,0x38,0x91,0x38,0x99,0x38,0xa5,0x38,0xb1,
  0x38,0xbf,0x38,0xcd,0x38,0xd8,0x38,0xe2,0x38,0xed,0x38,0xf7,0x38,0x01,0x39,0x0c,0x39,0x14,0x39,0x1d,0x39,0x28,0x39,0x32,
  0x39,0x3a,0x39,0x41,0x39,0x49,0x39,0x51,0x39,0x5a,0x39,0x63,0x39,0x6d,0x39,0x78,0x39,0x83,0x39,0x8e,0x39,0x99,0x39,0xa4,
  0x39,0xb0,0x39,0xbc,0x39,0xc9,0x39,0xd6,0x39,0xff,0x2b,0x31,0x60,0x44,0x60,0x31,0xff,0x14,0xff,0x29,0x30,0x4c,0x60,0x30,
  0xff,0x11,0xff,0x27,0x30,0x4f,0x02,0x60,0x30,0xff,0x0e,0xff,0x12,0x31,0x60,0x44,0x61,0x30,0xf7,0x30,0x4f,0x07,0x31,0xff,
  0x0b,0xff,0x10,0x30,0x4c,0x60,0x30,0xf3,0x60,0x4f,0x0a,0x60,0x30,0xff,0x09,0xff,0x0e,0x60,0x4f,0x01,0x60,0x30,0xf0,0x60,
  0x4f,0x0e,0x60,0x30,0xff,0x06,0xff,0x0c,0x30,0x4f,0x27,0x60,0x30,0xff,0x04,0xff,0x0b,0x60,0x4f,0x2b,0x30,0xff,0x02,0xff,
  0x09,0x30,0x4f,0x2f,0x30,0xff,0x00,0xff,0x08,0x60,0x4f,0x32,0x30,0xfd,0xff,0x07,0x60,0x4f,0x35,0x30,0xfb,0xff,0x05,0x30,
  0x4f,0x38,0x60,0xfa,0xff,0x04,0x30,0x4f,0x3b,0x30,0xf8,0xff,0x03,0x30,0x4f,0x15,0x27,0x61,0x4f,0x0e,0x60,0xf7,0xff,0x02,
  0x30,0x4f,0x08,0x60,0x20,0x60,0x46,0x60,0x20,0x1f,0x01,0x23,0x60,0x4f,0x06,0x30,0xf5,0xff,0x01,0x30,0x4f,0x05,0x60,0x20,
  0x1f,0x17,0x22,0x60,0x4f,0x00,0x60,0xf4,0xff,0x00,0x30,0x4f,0x03,0x21,0x1f,0x20,0x20,0x30,0x60,0x80,0x70,0x49,0x60,0xf3,
  0xfe,0x30,0x4e,0xf1,0x20,0x1f,0x22,0x20,0x30,0xc6,0xa0,0x80,0x70,0x46,0x30,0xf1,0xfe,0x4d,0xf0,0x20,0x1f,0x23,0x20,0xa0,
  0xcc,0xa0,0x70,0x44,0x30,0xf0,0xfd,0x60,0x4b,0x21,0x1f,0x22,0x20,0x60,0xcf,0x00,0x80,0x74,0x41,0x30,0xfc,0x60,0x49,0xf0,
  0x20,0x1f,0x22,0x20,0x60,0xcf,0x02,0x80,0x78,0xfb,0x30,0x48,0x20,0x1f,0x21,0x20,0x30,0xa0,0xcf,0x04,0x80,0x78,0x60,0xfb,
  0x47,0x20,0x1f,0x1f,0x20,0xf0,0xa0,0xcf,0x07,0x80,0x79,0x30,0xfa,0x60,0x44,0x80,0xa0,0x60,0x30,0x21,0x1f,0x18,0x20,0x30,
  0x60,0xa0,0xcf,0x0a,0xa0,0x7a,0xf0,0xf9,0x30,0x43,0x80,0xc7,0xa0,0x31,0x21,0x1f,0x0b,0x21,0x31,0xa0,0xcf,0x0f,0xa0,0x7a,
  0x60,0xf0,0xf9,0x42,0x80,0xcf,0x02,0xa0,0x61,0x33,0x26,0x33,0x61,0xa0,0xcf,0x16,0xa0,0x7b,0x30,0xf0,0xf3,0x04,0xf2,0xcf,
  0x3e,0x80,0x7b,0x60,0xf1,0x07,0x30,0xf0,0x71,0x80,0xcf,0x3c,0x80,0x7c,0x30,0xf1,0xf1,0x05,0x60,0x73,0x80,0xa0,0xcf,0x39,
  0x80,0x7c,0x60,0xf2,0xf2,0x04,0x30,0x75,0x80,0xcf,0x37,0x80,0x7d,0x30,0xf2,0xf4,0x03,0xf0,0x75,0x80,0xcf,0x34,0xa0,0x80,
  0x7d,0x60,0xf3,0xf5,0x02,0x30,0xf3,0x73,0x80,0xcf,0x18,0xa2,0x62,0x32,0x63,0xa2,0xc8,0x80,0x7f,0x00,0xf4,0xf7,0x01,0x60,
  0xf7,0x80,0xcf,0x0c,0xb0,0xa0,0x31,0x22,0x1f,0x07,0x22,0x30,0x60,0x80,0x7f,0x00,0x30,0xf4,0xf8,0x01,0xf9,0x80,0xcf,0x04,
  0xb0,0x60,0x30,0x21,0x1f,0x12,0x60,0x7f,0x01,0x40,0xf5,0xfa,0x30,0xf9,0x81,0xcd,0x60,0x30,0x20,0x1f,0x16,0x20,0xf0,0x7f,
  0x02,0x30,0xf5,0xfb,0x60,0xfa,0x81,0xc7,0x60,0x21,0x1f,0x18,0x20,0x40,0xf0,0x7f,0x02,0x30,0xf6,0xfc,0x40,0x70,0xfa,0x81,
  0xc1,0xa0,0x30,0x20,0x1f,0x1a,0x20,0x40,0xf1,0x7f,0x02,0x60,0xf7,0xfd,0x71,0xfc,0x60,0x20,0x1f,0x19,0x21,0xf2,0x7f,0x03,
  0x40,0xf8,0xfd,0x30,0x71,0xfd,0x40,0x20,0x1f,0x15,0x20,0x40,0xf3,0x7f,0x04,0x30,0xf8,0xfe,0x30,0x72,0xfe,0x40,0x21,0x1f,
  0x0d,0x21,0x40,0xf5,0x7f,0x04,0x30,0xf9,0xff,0x00,0x30,0x72,0xff,0x02,0x40,0x21,0x1f,0x05,0x21,0x60,0xf7,0x7f,0x05,0x30,
  0xfa,0xff,0x01,0x60,0x73,0xff,0x05,0x40,0x60,0x2c,0x30,0x41,0xfa,0x7f,0x05,0x30,0xfb,0xff,0x02,0x30,0x73,0xff,0x1f,0x7f,
  0x06,0x30,0xfc,0xff,0x03,0x30,0x73,0xff,0x1d,0x7f,0x06,0x30,0xfd,0xff,0x04,0x30,0x74,0xff,0x18,0x7f,0x08,0x30,0xfe,0xff,
  0x05,0x30,0x40,0x74,0xff,0x14,0x7f,0x08,0x40,0xff,0x01,0xff,0x07,0x60,0x76,0xff,0x0e,0x7f,0x0a,0x60,0xff,0x02,0xff,0x08,
  0x30,0x7f,0x2d,0x30,0xff,0x03,0xff,0x09,0x30,0x40,0x7f,0x29,0x60,0x30,0xff,0x04,0xff,0x0b,0x30,0x7f,0x27,0x30,0xff,0x06,
  0xff,0x0d,0x60,0x7f,0x23,0x60,0xff,0x08,0xff,0x0e,0x30,0x60,0x7f,0x1f,0x60,0x30,0xff,0x09,0xff,0x10,0x30,0x60,0x7f,0x1b,
  0x60,0x30,0xff,0x0b,0xff,0x13,0x30,0x7f,0x17,0x60,0xff,0x0e,0xff,0x15,0x30,0x60,0x7f,0x11,0x60,0x30,0xff,0x10,0xff,0x18,
  0x30,0x60,0x40,0x7f,0x09,0x40,0x60,0x30,0xff,0x13,0xff,0x1c,0x31,0x60,0x40,0x7e,0x40,0x60,0x31,0xff,0x17,0xff,0x22,0x3a,
  0xff,0x1d,0x29,0x3a,0x32,0x3a,0x3a,0x3a,0x43,0x3a,0x51,0x3a,0x5f,0x3a,0x6e,0x3a,0x77,0x3a,0x7f,0x3a,0x87,0x3a,0x8e,0x3a,
  0x95,0x3a,0x9c,0x3a,0xa3,0x3a,0xae,0x3a,0xc1,0x3a,0xd0,0x3a,0xe0,0x3a,0xf0,0x3a,0xfe,0x3a,0x0c,0x3b,0x19,0x3b,0x27,0x3b,
  0x34,0x3b,0x47,0x3b,0x5a,0x3b,0x6c,0x3b,0x75,0x3b,0x80,0x3b,0x8c,0x3b,0x97,0x3b,0xa3,0x3b,0xb5,0x3b,0xca,0x3b,0xdb,0x3b,
  0xeb,0x3b,0xfb,0x3b,0x0d,0x3c,0x1a,0x3c,0x29,0x3c,0x38,0x3c,0x49,0x3c,0x59,0x3c,0x63,0x3c,0x6d,0x3c,0x77,0x3c,0x83,0x3c,
  0x8e,0x3c,0x96,0x3c,0xa0,0x3c,0xa8,0x3c,0xb0,0x3c,0xba,0x3c,0xc4,0x3c,0xcc,0x3c,0xd6,0x3c,0xe2,0x3c,0xed,0x3c,0xff,0x2e,
  0x34,0xff,0x15,0xff,0x29,0x30,0x60,0x49,0x60,0x31,0xff,0x10,0xff,0x26,0x30,0x60,0x4f,0x01,0x60,0x31,0xff,0x0c,0xff,0x10,
  0x31,0x64,0x31,0xfa,0x30,0x4f,0x08,0x31,0xff,0x09,0xff,0x0d,0x30,0x60,0x4a,0x60,0x30,0xf5,0x30,0x4f,0x0c,0x60,0x30,0xff,
  0x07,0xff,0x0b,0x30,0x4f,0x00,0x60,0x30,0xf2,0x60,0x4f,0x10,0x30,0xff,0x05,0xff,0x09,0x30,0x4f,0x04,0x60,0x30,0x4f,0x14,
  0x30,0xff,0x03,0xff,0x07,0x30,0x60,0x4f,0x2d,0x60,0xff,0x01,0xff,0x06,0x30,0x4f,0x31,0x60,0x30,0xfd,0xff,0x04,0x30,0x4f,
  0x36,0x60,0x30,0xfa,0xff,0x03,0x60,0x4f,0x3a,0x60,0x30,0xf7,0xff,0x01,0x30,0x4e,0xf6,0x4c,0xf5,0x4f,0x17,0x60,0x31,0xf2,
  0xff,0x00,0x60,0x4d,0xfb,0x46,0xfb,0x4f,0x18,0x60,0x30,0xfd,0x30,0x4d,0xff,0x00,0x42,0xff,0x00,0x4f,0x15,0x71,0x60,0xfc,
  0x60,0x4c,0xff,0x03,0x40,0xf5,0x20,0x11,0x21,0xf7,0x4f,0x0f,0x75,0x30,0xfa,0x30,0x4c,0xfd,0x60,0x12,0x27,0x18,0x21,0x60,
  0xf4,0x4f,0x06,0x70,0x82,0x78,0xf0,0xf9,0x60,0x4b,0xfe,0x20,0x1f,0x0a,0x24,0xf0,0x4a,0x63,0xa1,0xc4,0x80,0x77,0x40,0xf0,
  0xf7,0x30,0x4b,0xfe,0x60,0x1f,0x1d,0x20,0xa0,0xc7,0x80,0x78,0x60,0xf0,0xf5,0x30,0x4b,0xff,0x00,0x20,0x1f,0x1c,0xf0,0xc9,
  0x80,0x79,0x30,0xf0,0xf4,0x60,0x49,0xff,0x01,0x20,0x1f,0x1b,0x20,0xa0,0xca,0x80,0x7a,0xf1,0xf2,0x30,0x47,0xff,0x02,0x60,
  0x20,0x1f,0x1a,0x20,0x60,0xcc,0x80,0xf0,0x79,0x60,0xf1,0xf0,0x30,0x60,0x40,0xff,0x08,0x21,0x1f,0x18,0x21,0xa0,0xce,0x80,
  0xf0,0x7a,0x30,0xf1,0x30,0x60,0x44,0xff,0x02,0x21,0x1f,0x18,0x20,0x30,0xb0,0xcf,0x00,0xa0,0x80,0xf1,0x79,0x60,0xf2,0xf0,
  0x73,0x41,0xf0,0x41,0xf8,0x60,0x22,0x1f,0x17,0x21,0x30,0xa0,0xcf,0x03,0x80,0xf1,0x7b,0x30,0xf2,0xf0,0x30,0x75,0x80,0xa0,
  0xc5,0xa0,0x60,0x30,0x21,0x1f,0x14,0x21,0x30,0xa0,0xcf,0x07,0x80,0xf1,0x7c,0xf3,0xf1,0x76,0xf0,0x80,0xca,0xa0,0x60,0x31,
  0x22,0x1f,0x03,0x23,0x30,0xf0,0xa0,0xcf,0x0c,0x80,0xf1,0x7c,0x30,0xf3,0xf1,0x60,0x77,0x80,0xcf,0x04,0xb0,0xaa,0xb0,0xcf,
  0x14,0x80,0xf2,0x7d,0xf4,0xf2,0x78,0xf0,0x80,0xcf,0x10,0xa0,0x60,0x32,0x2f,0x01,0x32,0x60,0xa0,0xc6,0x80,0xf2,0x7d,0x30,
  0xf4,0xf2,0x30,0x79,0x81,0xcf,0x06,0xa0,0x60,0x30,0x21,0x1f,0x10,0x22,0x60,0xf3,0x7d,0x40,0xf5,0xf3,0x60,0x79,0xf0,0x80,
  0xa0,0xce,0xa0,0x30,0x21,0x1f,0x17,0x20,0x40,0xf3,0x7e,0x30,0xf5,0xf3,0x30,0x7b,0xf0,0x80,0xa0,0xc8,0x60,0x21,0x1f,0x1a,
  0x20,0x40,0xf4,0x7e,0x60,0xf6,0xf4,0x60,0x7b,0xf1,0x81,0xc1,0xb0,0x30,0x21,0x1f,0x1c,0x20,0x40,0xf4,0x7f,0x01,0x30,0xf6,
  0xf5,0x40,0x7b,0xf3,0x60,0x20,0x1f,0x1d,0x20,0x40,0xf5,0x7f,0x01,0x30,0xf7,0xf5,0x30,0x7d,0xf3,0x40,0x20,0x1f,0x18,0x21,
  0x40,0xf6,0x7f,0x01,0x60,0xf8,0xf6,0x30,0x7d,0xf5,0x40,0x21,0x1f,0x11,0x21,0x40,0xf7,0x7f,0x03,0xf9,0xf7,0x60,0x7e,0xf6,
  0x40,0x60,0x21,0x1f,0x0a,0x20,0x60,0x40,0xf9,0x7f,0x03,0x30,0xf9,0xf8,0x60,0x7e,0xfa,0x40,0x22,0x1e,0x22,0x40,0xfc,0x7f,
  0x04,0x60,0xfa,0xf9,0x40,0x7e,0xff,0x01,0x41,0x64,0x41,0xff,0x03,0x7f,0x04,0x60,0xfb,0xf9,0x30,0x7f,0x01,0xff,0x18,0x7f,
  0x06,0x60,0xfc,0xfa,0x30,0x7f,0x02,0xff,0x14,0x7f,0x07,0x40,0xfd,0xfb,0x30,0x7f,0x04,0xff,0x0e,0x7f,0x09,0x40,0xfe,0xfc,
  0x30,0x7f,0x39,0x40,0xff,0x00,0xfd,0x30,0x40,0x7f,0x36,0x40,0xff,0x01,0xff,0x00,0x60,0x7f,0x34,0x60,0xff,0x02,0xff,0x01,
  0x60,0x7f,0x32,0x60,0xff,0x03,0xff,0x02,0x30,0x7f,0x30,0x30,0xff,0x04,0xff,0x03,0x30,0x40,0x7f,0x2c,0x40,0x30,0xff,0x05,
  0xff,0x05,0x60,0x7f,0x2a,0x60,0xff,0x07,0xff,0x06,0x30,0x60,0x7f,0x26,0x40,0x30,0xff,0x08,0xff,0x08,0x30,0x7f,0x24,0x30,
  0xff,0x0a,0xff,0x0a,0x30,0x7f,0x20,0x60,0xff,0x0c,0xff,0x0c,0x30,0x7f,0x1c,0x60,0xff,0x0e,0xff,0x0e,0x30,0x60,0x7f,0x17,
  0x30,0xff,0x10,0xff,0x10,0x30,0x60,0x40,0x7f,0x11,0x60,0x30,0xff,0x12,0xff,0x13,0x31,0x40,0x7f,0x0b,0x60,0x30,0xff,0x15,
  0xff,0x17,0x31,0x60,0x7f,0x02,0x40,0x60,0x31,0xff,0x18,0xff,0x1c,0x34,0x64,0x33,0xff,0x1e,0x66,0x3d,0x6b,0x3d,0x74,0x3d,
  0x7e,0x3d,0x8a,0x3d,0x99,0x3d,0xa7,0x3d,0xb3,0x3d,0xbc,0x3d,0xc4,0x3d,0xcc,0x3d,0xd4,0x3d,0xe0,0x3d,0xeb,0x3d,0xf7,0x3d,
  0x06,0x3e,0x17,0x3e,0x28,0x3e,0x36,0x3e,0x44,0x3e,0x52,0x3e,0x63,0x3e,0x74,0x3e,0x87,0x3e,0x9b,0x3e,0xb0,0x3e,0xc6,0x3e,
  0xd5,0x3e,0xe9,0x3e,0xfb,0x3e,0x0d,0x3f,0x1e,0x3f,0x30,0x3f,0x3f,0x3f,0x4e,0x3f,0x5c,0x3f,0x6d,0x3f,0x7b,0x3f,0x89,0x3f,
  0x93,0x3f,0x9d,0x3f,0xa7,0x3f,0xae,0x3f,0xb6,0x3f,0xbe,0x3f,0xc6,0x3f,0xce,0x3f,0xd8,0x3f,0xe0,0x3f,0xea,0x3f,0xf2,0x3f,
  0xfa,0x3f,0x02,0x40,0x0b,0x40,0x16,0x40,0x20,0x40,0x2b,0x40,0xff,0x16,0x30,0xff,0x08,0x31,0x62,0x32,0xff,0x14,0xff,0x11,
  0x30,0x60,0x46,0x60,0x31,0xfe,0x30,0x4a,0x60,0x30,0xff,0x11,0xff,0x0e,0x30,0x60,0x4c,0x60,0x30,0xfa,0x60,0x4f,0x00,0x30,
  0xff,0x0f,0xff,0x0c,0x30,0x4f,0x02,0x60,0x30,0xf6,0x30,0x4f,0x04,0x60,0xff,0x0d,0xff,0x0a,0x30,0x4f,0x06,0x30,0xf4,0x60,
  0x4f,0x07,0x30,0xff,0x0b,0xff,0x09,0x60,0x4f,0x08,0x60,0xf2,0x60,0x4f,0x09,0x60,0x30,0xff,0x09,0xff,0x07,0x30,0x4f,0x0b,
  0x60,0xf0,0x60,0x4f,0x0c,0x30,0xff,0x08,0xff,0x06,0x60,0x4f,0x2d,0x30,0xff,0x06,0xff,0x04,0x30,0x4f,0x30,0x60,0x30,0xff,
  0x04,0xff,0x02,0x30,0x60,0x4f,0x33,0x60,0xff,0x03,0xff,0x01,0x30,0x4f,0x00,0xf6,0x4c,0xf5,0x4f,0x0d,0x60,0x30,0xff,0x00,
  0xfe,0x30,0x4f,0x00,0xfb,0x46,0xfb,0x4f,0x0c,0x60,0x30,0xfd,0xfd,0x60,0x4e,0xff,0x00,0x42,0xff,0x00,0x4f,0x0d,0x31,0xfa,
  0xfb,0x30,0x4e,0xff,0x03,0x40,0xff,0x03,0x4f,0x0e,0x31,0xf7,0xf9,0x30,0x4e,0xff,0x1b,0x4f,0x0f,0x60,0x31,0xf3,0xf7,0x30,
  0x4e,0xff,0x1f,0x4f,0x12,0x60,0x30,0xf5,0x30,0x4e,0xff,0x24,0x4f,0x0e,0x71,0xf0,0xf3,0x30,0x4e,0xff,0x2a,0x4f,0x08,0x72,
  0x30,0xf0,0xf0,0x30,0x60,0x4d,0xff,0x35,0x42,0xf2,0x46,0x75,0xf1,0x30,0x61,0x49,0xff,0x3e,0x40,0xf0,0x41,0x78,0x30,0xf1,
  0xf0,0x30,0x77,0xff,0x0d,0x61,0x23,0x12,0x20,0xf6,0x21,0x11,0x22,0xff,0x08,0x43,0x7b,0x60,0xf2,0xf1,0x30,0x7a,0xf8,0x70,
  0xf0,0x27,0x1f,0x11,0x22,0x30,0x60,0xfa,0x60,0x24,0x40,0xf1,0x7b,0xf3,0xf2,0x30,0x72,0xf0,0x73,0xfa,0x71,0xf0,0x20,0x1f,
  0x2b,0x20,0xf1,0x7c,0x30,0xf3,0xf3,0x30,0x73,0xf2,0x70,0xf9,0x73,0xf0,0x20,0x1f,0x27,0x20,0x40,0xf1,0x7c,0x60,0xf4,0xf4,
  0x30,0x73,0xfd,0x74,0xf0,0x20,0x1f,0x23,0x20,0x60,0xf2,0x7c,0x40,0xf5,0xf5,0x30,0x40,0x73,0xfe,0x73,0x40,0x20,0x1f,0x1f,
  0x20,0x40,0xf3,0x7d,0x30,0xf5,0xf7,0x60,0x73,0xff,0x04,0x40,0x21,0x1f,0x19,0x20,0x60,0xf5,0x7d,0x30,0xf6,0xf8,0x60,0x74,
  0xff,0x05,0x40,0x60,0x20,0x1f,0x11,0x21,0x60,0x40,0xf7,0x7d,0x30,0xf7,0xf9,0x60,0x74,0xff,0x08,0x41,0x23,0x1f,0x02,0x23,
  0x30,0x41,0xfb,0x7d,0x30,0xf8,0xfa,0x30,0x75,0xff,0x12,0x47,0xff,0x06,0x7d,0x30,0xf9,0xfc,0x60,0x74,0xff,0x2d,0x7e,0x30,
  0xfa,0xfd,0x30,0x74,0xff,0x2b,0x7e,0x30,0xfb,0xfe,0x30,0x60,0x74,0xff,0x28,0x7d,0x40,0xfd,0xff,0x01,0x30,0x74,0xff,0x25,
  0x7e,0x60,0xfe,0xff,0x03,0x60,0x74,0xff,0x22,0x7e,0x30,0xff,0x00,0xff,0x04,0x30,0x40,0x73,0xff,0x1f,0x7e,0x60,0xff,0x02,
  0xff,0x06,0x30,0x40,0x72,0xff,0x1d,0x7d,0x40,0x30,0xff,0x03,0xff,0x08,0x30,0x40,0x72,0xff,0x18,0x7f,0x00,0x30,0xff,0x05,
  0xff,0x0a,0x30,0x60,0x72,0xff,0x14,0x7e,0x40,0x30,0xff,0x07,0xff,0x0c,0x30,0x60,0x73,0xff,0x0e,0x7f,0x00,0x60,0x30,0xff,
  0x09,0xff,0x0f,0x30,0x60,0x7f,0x1c,0x40,0x30,0xff,0x0c,0xff,0x12,0x30,0x60,0x7f,0x16,0x40,0x31,0xff,0x0e,0xff,0x15,0x31,
  0x60,0x7f,0x0e,0x40,0x60,0x30,0xff,0x12,0xff,0x19,0x31,0x61,0x40,0x7f,0x02,0x40,0x61,0x31,0xff,0x16,0xff,0x20,0x3d,0xff,
  0x1d,0xa4,0x40,0xae,0x40,0xbc,0x40,0xca,0x40,0xd8,0x40,0xe5,0x40,0xf3,0x40,0x00,0x41,0x08,0x41,0x11,0x41,0x1a,0x41,0x28,
  0x41,0x34,0x41,0x40,0x41,0x4c,0x41,0x56,0x41,0x5f,0x41,0x68,0x41,0x72,0x41,0x7d,0x41,0x88,0x41,0x9b,0x41,0xae,0x41,0xbe,
  0x41,0xcf,0x41,0xde,0x41,0xee,0x41,0xfd,0x41,0x0e,0x42,0x1e,0x42,0x29,0x42,0x31,0x42,0x39,0x42,0x42,0x42,0x4b,0x42,0x55,
  0x42,0x60,0x42,0x6c,0x42,0x78,0x42,0x84,0x42,0x91,0x42,0x9b,0x42,0xa5,0x42,0xb0,0x42,0xbc,0x42,0xff,0x29,0x31,0x61,0x47,
  0x60,0x32,0xff,0x10,0xff,0x26,0x30,0x60,0x4f,0x02,0x60,0x31,0xff,0x0c,0xff,0x24,0x30,0x4f,0x0a,0x60,0x31,0xff,0x07,0xff,
  0x0c,0x30,0x61,0x44,0x60,0x30,0xfb,0x30,0x4f,0x11,0x60,0x31,0xff,0x02,0xff,0x0a,0x30,0x4b,0x60,0x30,0xf6,0x30,0x4f,0x17,
  0x60,0x31,0xfd,0xff,0x07,0x30,0x60,0x4f,0x00,0x60,0x30,0xf2,0x30,0x60,0x4f,0x1c,0x60,0x31,0xf9,0xff,0x06,0x60,0x4f,0x04,
  0x30,0xf0,0x30,0x4f,0x23,0x60,0x30,0xf5,0xff,0x04,0x60,0x4f,0x40,0x60,0x30,0xf1,0xff,0x02,0x60,0x4f,0x44,0x61,0xff,0x00,
  0x30,0x4f,0x44,0x60,0x40,0x70,0x60,0xfd,0x30,0x4f,0x44,0x60,0x73,0x60,0xfb,0x30,0x4f,0x04,0xf6,0x4c,0xf5,0x4f,0x15,0x81,
  0x75,0x60,0xf9,0x30,0x60,0x4f,0x03,0xfb,0x46,0xfb,0x4f,0x0e,0x80,0xa0,0xc0,0xa0,0x77,0x60,0xf7,0x30,0x60,0x4f,0x03,0xff,
  0x00,0x42,0xf2,0x60,0x28,0x30,0x61,0x4f,0x03,0x84,0xa0,0xc5,0x80,0x77,0x60,0xf6,0x60,0x4f,0x03,0xff,0x03,0x40,0xf1,0x21,
  0x1f,0x0c,0x20,0xa0,0xcd,0x80,0x77,0x60,0xf4,0x30,0x4f,0x03,0xfb,0x60,0x20,0x60,0xf3,0x60,0x22,0x1f,0x0d,0x30,0xa0,0xcf,
  0x00,0x80,0x77,0x60,0xf2,0x30,0x4f,0x03,0xfa,0x21,0x1f,0x16,0x20,0x30,0xcf,0x03,0x78,0x60,0xf0,0x30,0x4f,0x03,0xf7,0x60,
  0x21,0x1f,0x18,0x30,0xa0,0xcf,0x04,0x80,0x78,0x30,0x30,0x4f,0x02,0xf3,0x60,0x22,0x1f,0x1a,0x20,0xa0,0xcf,0x07,0x80,0x78,
  0x30,0xf0,0x77,0x80,0xc1,0xa4,0xc0,0x60,0x30,0x20,0x1f,0x1c,0x20,0x30,0xa0,0xcf,0x0a,0x79,0x30,0xf0,0x78,0xcb,0x60,0x30,
  0x20,0x1f,0x14,0x20,0x30,0x60,0xcf,0x0d,0x80,0x79,0xf0,0xf0,0x60,0x77,0x80,0xce,0xa0,0x31,0x21,0x1f,0x08,0x21,0x31,0xa0,
  0xcf,0x11,0x80,0x79,0xf0,0xf0,0x60,0x77,0x80,0xcf,0x05,0xa1,0x60,0x31,0x2c,0x01,0xd4,0xb0,0xcf,0x12,0xa0,0x79,0x60,0xf0,
  0xf0,0x30,0x73,0xf0,0x73,0xa0,0xcf,0x11,0xb0,0xdc,0xb0,0xcf,0x10,0x80,0x79,0x30,0xf0,0xf1,0x75,0xf2,0x80,0xcf,0x10,0xb0,
  0xde,0xb0,0xcf,0x0e,0xa0,0x7a,0x30,0xf0,0xf1,0x40,0x75,0xf2,0xa0,0xcf,0x0e,0xb0,0xdf,0x02,0xb0,0xcf,0x0c,0x80,0x7a,0xf1,
  0xf1,0x60,0x77,0xf0,0x80,0xcf,0x0d,0xb0,0xdf,0x04,0xb0,0xcf,0x0a,0xa0,0x7a,0x60,0xf1,0xf1,0x30,0x78,0xf0,0x80,0xcf,0x0c,
  0xdf,0x07,0xcf,0x09,0x80,0x7a,0x30,0xf1,0xf2,0x79,0x80,0xcf,0x0b,0xb0,0xdf,0x08,0xb0,0xcf,0x06,0x80,0x7b,0xf2,0xf2,0x60,
  0x79,0x80,0xcf,0x0a,0xdf,0x0a,0xb0,0xcf,0x05,0x7b,0x60,0xf2,0xf2,0x30,0x7a,0x80,0xcf,0x08,0xb0,0xdf,0x0c,0xb0,0xcf,0x02,
  0x80,0x7b,0x30,0xf2,0xf3,0x40,0x7a,0xcf,0x07,0xb0,0xdf,0x0e,0xb0,0xcf,0x00,0x80,0x7c,0xf3,0xf3,0x30,0x7a,0x80,0xcf,0x06,
  0xdf,0x11,0xcd,0xa0,0x7c,0x60,0xf3,0xf4,0x7b,0x80,0xcf,0x04,0xb0,0xdf,0x12,0xb0,0xcb,0x80,0x7c,0x30,0xf3,0xf4,0x60,0x7b,
  0x80,0xcf,0x03,0xb0,0xdf,0x13,0xb0,0xc9,0x80,0x7c,0x60,0xf4,0xf5,0x7c,0x80,0xcf,0x02,0xdf,0x16,0xc7,0x80,0x7d,0x30,0xf4,
  0xf5,0x60,0x7c,0x80,0xcf,0x00,0xb0,0xdf,0x17,0xb0,0xc4,0x80,0x7d,0x60,0xf5,0xf6,0x7d,0x80,0xce,0xdf,0x19,0xb0,0xc2,0x80,
  0x7e,0x30,0xf5,0xf6,0x30,0x7d,0x80,0xcc,0xb0,0xdf,0x1b,0xc0,0x80,0x7e,0x60,0xf6,0xf7,0x60,0x7d,0x80,0xcb,0xdf,0x05,0x01,
  0x22,0x1f,0x01,0x20,0x7f,0x00,0x40,0xf7,0xf7,0x30,0x7e,0x80,0xa0,0xc9,0xdd,0x00,0x21,0x1f,0x09,0x20,0x7f,0x01,0x30,0xf7,
  0xf8,0x60,0x7f,0x00,0x80,0xc7,0xb0,0xd8,0x00,0x20,0x1f,0x0e,0x40,0x7f,0x01,0x60,0xf8,0xf9,0x60,0x7f,0x00,0x80,0xa0,0xc5,
  0xd4,0x30,0x00,0x20,0x1f,0x10,0x20,0x7f,0x02,0x40,0xf9,0xfa,0x7f,0x02,0x80,0xc4,0xd1,0x00,0x20,0x1f,0x12,0x20,0x40,0x7f,
  0x03,0x30,0xf9,0xfa,0x30,0x7f,0x03,0x80,0xc0,0xa0,0x20,0x1f,0x14,0x20,0x40,0x7f,0x04,0x30,0xfa,0xfb,0x60,0x7f,0x04,0x21,
  0x1f,0x12,0x20,0x40,0x7f,0x05,0x60,0xfb,0xfc,0x60,0x7f,0x05,0x40,0x20,0x1f,0x0e,0x20,0x40,0x7f,0x06,0x60,0xfc,0xfd,0x60,
  0x7f,0x07,0x60,0x20,0x1f,0x08,0x20,0x40,0x7f,0x08,0x60,0xfd,0xfe,0x60,0x7f,0x09,0x40,0x30,0x21,0x1d,0x21,0x60,0x40,0x7f,
  0x0a,0x40,0xfe,0xff,0x00,0x60,0x7f,0x0e,0x40,0x61,0x22,0x62,0x40,0x7f,0x0f,0x40,0xff,0x00,0xff,0x01,0x60,0x7f,0x35,0x60,
  0xff,0x01,0xff,0x02,0x60,0x7f,0x33,0x60,0xff,0x02,0xff,0x03,0x30,0x7f,0x31,0x60,0xff,0x03,0xff,0x04,0x30,0x40,0x7f,0x2e,
  0x30,0xff,0x04,0xff,0x06,0x60,0x7f,0x2b,0x40,0x30,0xff,0x05,0xff,0x07,0x30,0x7f,0x29,0x60,0xff,0x07,0xff,0x09,0x60,0x7f,
  0x25,0x40,0x30,0xff,0x08,0xff,0x0a,0x30,0x40,0x7f,0x22,0x30,0xff,0x0a,0xff,0x0c,0x30,0x40,0x7f,0x1e,0x60,0xff,0x0c,0xff,
  0x0e,0x30,0x40,0x7f,0x1a,0x60,0xff,0x0e,0xff,0x10,0x30,0x60,0x7f,0x15,0x40,0x30,0xff,0x10,0xff,0x13,0x30,0x40,0x7f,0x10,
  0x60,0x30,0xff,0x12,0xff,0x15,0x31,0x60,0x7f,0x09,0x60,0x31,0xff,0x15,0xff,0x19,0x31,0x61,0x7e,0x61,0x31,0xff,0x19,0xff,
  0x1f,0x3a,0xff,0x1f,0x1b,0x43,0x24,0x43,0x2e,0x43,0x37,0x43,0x46,0x43,0x53,0x43,0x63,0x43,0x70,0x43,0x78,0x43,0x7e,0x43,
  0x87,0x43,0x8e,0x43,0x9a,0x43,0xaa,0x43,0xbf,0x43,0xd0,0x43,0xe4,0x43,0xf2,0x43,0x02,0x44,0x11,0x44,0x23,0x44,0x33,0x44,
  0x45,0x44,0x58,0x44,0x69,0x44,0x78,0x44,0x88,0x44,0x99,0x44,0xa8,0x44,0xb6,0x44,0xc4,0x44,0xd4,0x44,0xe2,0x44,0xef,0x44,
  0xfd,0x44,0x0c,0x45,0x18,0x45,0x27,0x45,0x33,0x45,0x40,0x45,0x50,0x45,0x60,0x45,0x71,0x45,0x83,0x45,0x93,0x45,0xa3,0x45,
  0xb0,0x45,0xbe,0x45,0xcc,0x45,0xdb,0x45,0xea,0x45,0xf2,0x45,0xfa,0x45,0x02,0x46,0x0b,0x46,0x14,0x46,0x1c,0x46,0x25,0x46,
  0x2e,0x46,0x37,0x46,0x40,0x46,0x4a,0x46,0x54,0x46,0x5e,0x46,0x67,0x46,0xff,0x2a,0x30,0x61,0x41,0x61,0x30,0xff,0x10,0xff,
  0x27,0x30,0x60,0x49,0x60,0x30,0xff,0x0d,0xff,0x26,0x60,0x4e,0x30,0xff,0x0b,0xff,0x16,0x33,0xf9,0x30,0x4f,0x02,0x60,0x30,
  0xff,0x09,0xff,0x13,0x30,0x60,0x45,0x60,0x30,0xf5,0x30,0x4f,0x05,0x60,0xff,0x08,0xff,0x12,0x30,0x49,0x60,0x30,0xf2,0x30,
  0x4f,0x08,0x30,0xff,0x06,0xff,0x11,0x60,0x4c,0x30,0xf0,0x30,0x4f,0x0a,0x60,0x30,0xff,0x04,0xff,0x10,0x60,0x4e,0x60,0x4f,
  0x0d,0x30,0xff,0x03,0xff,0x0f,0x60,0x4f,0x20,0x30,0xff,0x01,0xff,0x0e,0x60,0x4f,0x22,0x30,0xff,0x00,0xff,0x0d,0x60,0x4f,
  0x24,0x60,0xfe,0xff,0x0c,0x60,0x4f,0x27,0x30,0xfc,0xff,0x0b,0x60,0x4f,0x29,0x60,0xfb,0xff,0x0a,0x60,0x4f,0x0c,0x20,0x1c,
  0x22,0x60,0x4c,0x60,0xfa,0xff,0x09,0x30,0x4f,0x0c,0x20,0x1f,0x05,0x21,0x49,0x30,0xf8,0xff,0x08,0x30,0x4d,0x60,0x21,0x10,
  0x20,0x48,0x20,0x1f,0x0a,0x20,0x60,0x46,0x30,0xf7,0xff,0x07,0x30,0x4b,0x20,0x17,0x21,0x60,0x40,0x60,0x21,0x1f,0x0c,0x20,
  0x60,0xc0,0xa0,0x80,0x44,0x60,0xf6,0xff,0x07,0x49,0x30,0x1f,0x1b,0x20,0x30,0xc6,0xa0,0x80,0x43,0xf5,0xff,0x06,0x60,0x47,
  0x20,0x1f,0x1a,0x20,0x60,0xcc,0x80,0x42,0x30,0xf3,0xff,0x05,0x30,0x46,0x20,0x1f,0x18,0x21,0x60,0xcf,0x02,0x80,0x41,0x30,
  0xf2,0xff,0x04,0x30,0x45,0x60,0x1f,0x16,0x21,0x30,0xb0,0xcf,0x06,0x70,0x41,0x30,0xf1,0xff,0x04,0x45,0x20,0x1f,0x13,0x20,
  0x30,0x60,0xcf,0x0a,0x80,0x72,0x60,0x30,0xf0,0xff,0x03,0x60,0x43,0xf0,0x21,0x1f,0x0c,0x21,0x31,0xa0,0xcf,0x0f,0x80,0x74,
  0x60,0xff,0x02,0x30,0x43,0x80,0xc4,0xa1,0x60,0x32,0x2b,0x32,0x60,0xa1,0xcf,0x16,0x80,0x74,0x60,0xff,0x01,0x30,0x42,0xf0,
  0xcf,0x34,0xa0,0x75,0x60,0xff,0x01,0x41,0xf0,0x80,0xcf,0x35,0x80,0x75,0x30,0xfe,0x00,0x30,0xf1,0x80,0xcf,0x36,0x76,0x30,
  0xfb,0x02,0x30,0xf1,0x80,0xcf,0x36,0xa0,0x76,0xf0,0xf3,0x0a,0x60,0xf0,0xa0,0xcf,0x37,0x80,0x75,0x40,0xf0,0x0d,0x30,0xf0,
  0xa0,0xcf,0x38,0x76,0x60,0xf0,0xf1,0x0b,0xf0,0x80,0xcf,0x38,0x80,0x76,0x30,0xf0,0xf2,0x09,0x61,0x70,0xcf,0x38,0x77,0xf1,
  0xf4,0x07,0x60,0x71,0x80,0xcf,0x36,0x80,0x76,0x40,0xf1,0xf5,0x06,0x30,0x71,0x80,0xcf,0x35,0xa0,0x77,0x30,0xf1,0xf7,0x05,
  0xf2,0x80,0xcf,0x34,0x80,0x77,0x30,0xf1,0xf8,0x04,0x60,0xf1,0x80,0xcf,0x33,0x80,0x77,0x40,0xf2,0xfa,0x02,0x30,0xf2,0x80,
  0xcf,0x32,0x78,0x30,0xf2,0xfb,0x02,0x40,0xf1,0x80,0xcf,0x31,0x80,0x78,0xf3,0xfc,0x01,0x30,0xf2,0x80,0xcf,0x2f,0x80,0x78,
  0x60,0xf3,0xfe,0x00,0x40,0xf2,0xa0,0xcf,0x2d,0x80,0x79,0x30,0xf3,0xff,0x04,0x80,0xcf,0x2d,0x79,0x40,0xf4,0xff,0x01,0x40,
  0x70,0xf1,0x80,0xcf,0x2b,0x80,0x79,0x30,0xf4,0xff,0x01,0x30,0x71,0xf1,0x80,0xcf,0x16,0xb2,0xcf,0x00,0x80,0x7a,0xf5,0xff,
  0x02,0x60,0x72,0xf0,0x80,0xcf,0x0e,0xb2,0xda,0xb2,0xc7,0x80,0x7a,0x30,0xf5,0xff,0x03,0x73,0xf0,0x80,0xcf,0x0a,0xb0,0xdf,
  0x04,0xb1,0xc3,0x80,0x7a,0x40,0xf6,0xff,0x03,0x30,0x73,0xf0,0x80,0xcf,0x07,0xb0,0xdf,0x09,0xb0,0xc0,0x80,0x7b,0x30,0xf6,
  0xff,0x04,0x60,0x74,0x80,0xcf,0x04,0xb0,0xdf,0x0c,0x80,0x7b,0x60,0xf7,0xff,0x05,0x75,0x80,0xcf,0x01,0xb0,0xdf,0x0c,0x60,
  0x7d,0x30,0xf7,0xff,0x05,0x30,0x75,0x80,0xa0,0xcc,0xb0,0xdf,0x0d,0x60,0x7d,0x30,0xf8,0xff,0x06,0x60,0x76,0x80,0xca,0xb0,
  0xdf,0x0c,0x60,0x80,0x7d,0x40,0xf9,0xff,0x07,0x60,0x76,0x81,0xc7,0xdf,0x0d,0x80,0x7f,0x00,0x30,0xf9,0xff,0x08,0x40,0x77,
  0x81,0xc4,0xdf,0x0c,0x60,0x7f,0x01,0x30,0xfa,0xff,0x08,0x30,0x79,0x81,0xc1,0xdf,0x0b,0x60,0x7f,0x02,0x60,0xfb,0xff,0x09,
  0x30,0x7b,0x80,0x60,0xdf,0x07,0x60,0x80,0x7f,0x03,0x60,0xfc,0xff,0x0a,0x30,0x7d,0x81,0x60,0xa0,0xdc,0xa0,0x61,0x80,0x7f,
  0x05,0x40,0xfd,0xff,0x0b,0x30,0x7f,0x04,0x86,0x7f,0x0b,0x40,0xfe,0xff,0x0c,0x30,0x40,0x7f,0x23,0x40,0xff,0x00,0xff,0x0e,
  0x40,0x7f,0x21,0x40,0xff,0x01,0xff,0x0f,0x60,0x7f,0x1f,0x60,0xff,0x02,0xff,0x10,0x30,0x7f,0x1d,0x60,0xff,0x03,0xff,0x11,
  0x30,0x40,0x7f,0x1a,0x30,0xff,0x04,0xff,0x13,0x30,0x7f,0x17,0x60,0xff,0x06,0xff,0x14,0x30,0x60,0x7f,0x14,0x30,0xff,0x07,
  0xff,0x16,0x30,0x60,0x7f,0x10,0x60,0xff,0x09,0xff,0x18,0x30,0x60,0x7f,0x0c,0x60,0xff,0x0b,0xff,0x1b,0x30,0x40,0x7f,0x06,
  0x60,0x30,0xff,0x0d,0xff,0x1d,0x31,0x60,0x7f,0x00,0x60,0x30,0xff,0x10,0xff,0x22,0x31,0x67,0x32,0xff,0x13,0xee,0x46,0xf7,
  0x46,0x00,0x47,0x07,0x47,0x12,0x47,0x20,0x47,0x2d,0x47,0x3a,0x47,0x44,0x47,0x4c,0x47,0x54,0x47,0x5b,0x47,0x62,0x47,0x69,
  0x47,0x75,0x47,0x81,0x47,0x92,0x47,0xa7,0x47,0xb4,0x47,0xc2,0x47,0xd1,0x47,0xe1,0x47,0xf1,0x47,0x01,0x48,0x13,0x48,0x1d,
  0x48,0x27,0x48,0x30,0x48,0x3a,0x48,0x45,0x48,0x4e,0x48,0x58,0x48,0x60,0x48,0x6b,0x48,0x76,0x48,0x80,0x48,0x8b,0x48,0x95,
  0x48,0x9f,0x48,0xaa,0x48,0xb5,0x48,0xbd,0x48,0xc9,0x48,0xd7,0x48,0xe7,0x48,0xf7,0x48,0x08,0x49,0x16,0x49,0x23,0x49,0x31,
  0x49,0x3f,0x49,0x4c,0x49,0x59,0x49,0x66,0x49,0x74,0x49,0x83,0x49,0x8d,0x49,0x96,0x49,0x9e,0x49,0xa6,0x49,0xae,0x49,0xb7,
  0x49,0xbf,0x49,0xc8,0x49,0xd1,0x49,0xda,0x49,0xe4,0x49,0xee,0x49,0xff,0x32,0x31,0x65,0x31,0xff,0x0b,0xff,0x2f,0x30,0x60,
  0x4b,0x60,0x30,0xff,0x08,0xff,0x2e,0x60,0x4f,0x00,0x60,0x30,0xff,0x06,0xff,0x2d,0x4f,0x04,0x60,0xff,0x05,0xff,0x1b,0x35,
  0xf9,0x30,0x4f,0x07,0x30,0xff,0x03,0xff,0x18,0x30,0x60,0x48,0x31,0xf5,0x4f,0x09,0x30,0xff,0x02,0xff,0x16,0x30,0x4d,0x60,
  0x30,0xf2,0x60,0x4f,0x0a,0x30,0xff,0x01,0xff,0x14,0x30,0x4f,0x02,0x60,0xf0,0x30,0x4f,0x0c,0x60,0xff,0x00,0xff,0x13,0x60,
  0x4f,0x23,0x60,0xfe,0xff,0x12,0x60,0x4f,0x25,0x60,0xfd,0xff,0x11,0x60,0x4f,0x0e,0x20,0x10,0x22,0x4f,0x05,0x30,0xfb,0xff,
  0x10,0x60,0x4f,0x0d,0x20,0x17,0x20,0x4f,0x03,0x30,0xfa,0xff,0x0f,0x30,0x4f,0x01,0x20,0x60,0x48,0x20,0x1b,0x20,0x60,0x4f,
  0x01,0x30,0xf9,0xff,0x0e,0x30,0x4f,0x00,0x60,0x20,0x13,0x24,0x1f,0x01,0x20,0x4f,0x01,0x30,0xf8,0xff,0x0e,0x60,0x4e,0x20,
  0x1f,0x0c,0x20,0x30,0x60,0x4f,0x00,0x30,0xf7,0xff,0x0d,0x30,0x4e,0x20,0x1f,0x0a,0x20,0x30,0xa4,0x4f,0x00,0x30,0xf6,0xff,
  0x0d,0x4e,0x1f,0x09,0x21,0xa8,0x60,0x4e,0x30,0xf5,0xff,0x0c,0x60,0x41,0xf6,0x43,0x60,0x1f,0x07,0x21,0xac,0x60,0x4e,0x30,
  0xf4,0xff,0x0c,0x40,0xfb,0x60,0x1f,0x04,0x21,0x30,0xaf,0x02,0x4e,0x30,0xf3,0xff,0x09,0x01,0x60,0xfb,0x60,0x1f,0x00,0x21,
  0x31,0xaf,0x07,0x4e,0x30,0xf2,0xff,0x08,0x01,0x30,0xfc,0x20,0x16,0x24,0x31,0xaf,0x0e,0x4e,0x30,0xf1,0xff,0x06,0x03,0xfc,
  0xaf,0x1f,0x4e,0x30,0xf0,0xff,0x04,0x04,0x30,0xfb,0x30,0xaf,0x20,0x4c,0x61,0x30,0xff,0x02,0x06,0xfb,0x60,0xaf,0x21,0x60,
  0x49,0x73,0xf0,0xfe,0x08,0x30,0xfa,0x60,0xaf,0x23,0x60,0x43,0x60,0x40,0x75,0x60,0xf0,0xfb,0x0b,0xfb,0xaf,0x25,0xf0,0x40,
  0x79,0x30,0xf0,0xf3,0x0f,0x03,0x60,0xfa,0x60,0xaf,0x22,0x81,0xf0,0x7b,0xf1,0x0f,0x07,0xfb,0xaf,0x0a,0xd4,0xaf,0x02,0x80,
  0xf2,0x7b,0x60,0xf1,0xf1,0x0f,0x04,0x60,0xfa,0x60,0xaf,0x04,0xdf,0x01,0xa8,0x81,0xf4,0x7b,0x30,0xf1,0xf2,0x0f,0x02,0x30,
  0xfb,0xaf,0x02,0xdf,0x08,0xa2,0x80,0xf5,0x7d,0xf2,0xf4,0x0f,0x00,0x60,0xfa,0x60,0xae,0xdf,0x0c,0x80,0xf6,0x7d,0x60,0xf2,
  0xf5,0x0e,0xfb,0xad,0xdf,0x0b,0xa0,0x80,0xf7,0x7e,0x30,0xf2,0xf7,0x0b,0x60,0x41,0xf6,0x41,0x80,0xab,0xdf,0x0b,0xa0,0x80,
  0xf8,0x7e,0x60,0xf3,0xf8,0x0a,0x42,0xf6,0x41,0xab,0xdf,0x0b,0x80,0xf9,0x7f,0x00,0x30,0xf3,0xfa,0x07,0x60,0x42,0xf6,0x41,
  0xa9,0xdf,0x0b,0x60,0xfa,0x7f,0x00,0x60,0xf4,0xfb,0x06,0x42,0xf7,0x60,0x80,0xa8,0xdf,0x0a,0x60,0xfb,0x7f,0x01,0x30,0xf4,
  0xfc,0x05,0xff,0x02,0x82,0x63,0xa0,0xdf,0x04,0xa0,0x80,0xfb,0x7f,0x01,0x60,0xf5,0xfe,0x03,0x30,0xff,0x0c,0x81,0x62,0xda,
  0x60,0xfb,0x7f,0x03,0xf6,0xff,0x00,0x03,0x60,0xff,0x13,0x80,0x61,0xd2,0x60,0x80,0xfb,0x7f,0x03,0x30,0xf6,0xff,0x02,0x02,
  0xff,0x26,0x7f,0x03,0x60,0xf7,0xff,0x03,0x01,0x30,0xff,0x23,0x7f,0x05,0xf8,0xff,0x04,0x01,0x30,0xff,0x21,0x7f,0x05,0x30,
  0xf8,0xff,0x06,0x00,0x60,0xff,0x1e,0x7f,0x06,0x30,0xf9,0xff,0x07,0x00,0x60,0xff,0x1c,0x7f,0x06,0x60,0xfa,0xff,0x32,0x7f,
  0x08,0x60,0xfb,0xff,0x0a,0x60,0x70,0xff,0x14,0x7f,0x09,0x60,0xfc,0xff,0x0b,0x60,0x72,0xff,0x0e,0x7f,0x0b,0x60,0xfd,0xff,
  0x0c,0x60,0x7f,0x2a,0x60,0xfe,0xff,0x0d,0x30,0x7f,0x28,0x60,0xff,0x00,0xff,0x0e,0x30,0x7f,0x26,0x30,0xff,0x01,0xff,0x10,
  0x60,0x7f,0x22,0x40,0x30,0xff,0x02,0xff,0x11,0x30,0x7f,0x20,0x60,0xff,0x04,0xff,0x13,0x60,0x7f,0x1c,0x40,0x30,0xff,0x05,
  0xff,0x14,0x30,0x40,0x7f,0x19,0x30,0xff,0x07,0xff,0x16,0x30,0x40,0x7f,0x15,0x30,0xff,0x09,0xff,0x18,0x30,0x60,0x7f,0x10,
  0x60,0x30,0xff,0x0b,0xff,0x1b,0x30,0x40,0x7f,0x0a,0x40,0x30,0xff,0x0e,0xff,0x1d,0x31,0x60,0x7f,0x03,0x40,0x60,0x30,0xff,
  0x11,0xff,0x22,0x31,0x62,0x40,0x71,0x41,0x62,0x32,0xff,0x15,0x7d,0x4a,0x84,0x4a,0x8d,0x4a,0x96,0x4a,0x9d,0x4a,0xa7,0x4a,
  0xb3,0x4a,0xc0,0x4a,0xcd,0x4a,0xd4,0x4a,0xdb,0x4a,0xe7,0x4a,0xf3,0x4a,0x03,0x4b,0x13,0x4b,0x21,0x4b,0x2f,0x4b,0x3a,0x4b,
  0x49,0x4b,0x57,0x4b,0x66,0x4b,0x74,0x4b,0x7d,0x4b,0x88,0x4b,0x93,0x4b,0xa1,0x4b,0xab,0x4b,0xb7,0x4b,0xc4,0x4b,0xd4,0x4b,
  0xe2,0x4b,0xf0,0x4b,0xfc,0x4b,0x0c,0x4c,0x1a,0x4c,0x29,0x4c,0x38,0x4c,0x48,0x4c,0x55,0x4c,0x65,0x4c,0x6e,0x4c,0x77,0x4c,
  0x81,0x4c,0x8b,0x4c,0x95,0x4c,0x9b,0x4c,0xa5,0x4c,0xaf,0x4c,0xb6,0x4c,0xbe,0x4c,0xc6,0x4c,0xcf,0x4c,0xd7,0x4c,0xe0,0x4c,
  0xe9,0x4c,0xf2,0x4c,0xfc,0x4c,0x06,0x4d,0x11,0x4d,0xff,0x2d,0x38,0xff,0x14,0xff,0x29,0x30,0x60,0x4d,0x60,0x31,0xff,0x0e,
  0xff,0x26,0x30,0x60,0x4f,0x05,0x61,0x31,0xff,0x09,0xff,0x0f,0x36,0xfd,0x30,0x4f,0x0d,0x60,0x31,0xff,0x05,0xff,0x0c,0x30,
  0x60,0x48,0x31,0xf8,0x30,0x4f,0x14,0x60,0x31,0xff,0x00,0xff,0x0a,0x30,0x4d,0x60,0x30,0xf4,0x30,0x60,0x4f,0x19,0x60,0x31,
  0xfb,0xff,0x08,0x60,0x4f,0x02,0x60,0xf2,0x30,0x4f,0x1f,0x60,0x31,0xf7,0xff,0x06,0x30,0x4f,0x06,0x30,0x60,0x4f,0x24,0x60,
  0x31,0xf3,0xff,0x04,0x30,0x4f,0x42,0x60,0x30,0xf0,0xff,0x02,0x30,0x4f,0x44,0x60,0x70,0x30,0xff,0x00,0x30,0x4f,0x45,0x72,
  0xf0,0xfd,0x30,0x60,0x4f,0x43,0x75,0xf0,0xfb,0x30,0x60,0x4f,0x40,0x70,0x80,0x40,0x76,0x40,0xf0,0xfa,0x60,0x4f,0x3d,0x70,
  0x81,0xa0,0xc1,0x80,0x77,0x60,0xf0,0xf8,0x30,0x4f,0x19,0x60,0x20,0x19,0x2f,0x02,0x30,0x60,0xa1,0xc8,0xa0,0x78,0x30,0xf0,
  0xf6,0x30,0x4f,0x07,0xf6,0x49,0x60,0x20,0x1f,0x0d,0x20,0xa0,0xcc,0x80,0x78,0x30,0xf0,0xf4,0x30,0x4f,0x07,0xf7,0x21,0x10,
  0x25,0x1f,0x0f,0x30,0xce,0xa0,0x79,0xf1,0xf2,0x30,0x60,0x4f,0x06,0xf6,0x60,0x20,0x1f,0x16,0x20,0x60,0xcf,0x01,0x80,0x78,
  0x60,0xf1,0xf1,0x60,0x4f,0x06,0xf4,0x60,0x21,0x1f,0x16,0x20,0x30,0xcf,0x03,0x80,0x79,0x30,0xf1,0xf1,0x72,0x4f,0x02,0xf1,
  0x60,0x22,0x1f,0x17,0x20,0x30,0xb0,0xcf,0x05,0x80,0x79,0xf2,0xf1,0x60,0x78,0x80,0xa0,0x82,0xa3,0x60,0x30,0x20,0x1f,0x18,
  0x20,0x30,0xa0,0xcf,0x08,0x80,0x79,0x60,0xf2,0xf1,0x30,0x78,0x80,0xcb,0xa0,0x30,0x21,0x1f,0x0e,0x21,0x30,0xa0,0xc2,0xb3,
  0xcf,0x04,0xa0,0x7a,0x30,0xf2,0xf2,0x79,0x80,0xcf,0x00,0xa0,0x60,0x30,0x22,0x1f,0x00,0x22,0x30,0x60,0xa0,0xc5,0xb0,0xd5,
  0xb1,0xcf,0x01,0x80,0x7a,0xf3,0xf2,0x60,0x79,0xa0,0xcf,0x08,0xb0,0xa8,0xcc,0xb0,0xd9,0xb0,0xce,0x80,0x7a,0x60,0xf3,0xf3,
  0x79,0x80,0xcf,0x1e,0xb0,0xdc,0xcc,0x80,0x7b,0x30,0xf3,0x03,0x60,0x79,0x80,0xcf,0x1c,0xb0,0xde,0xb0,0xc9,0x80,0x7b,0x40,
  0xf4,0xf1,0x01,0x30,0x75,0xf1,0x72,0x80,0xcf,0x19,0xb0,0xdf,0x02,0xb0,0xc7,0xa0,0xf0,0x7b,0x30,0xf4,0xf2,0x01,0x60,0x72,
  0xf4,0x72,0x80,0xcf,0x17,0xb0,0xdf,0x04,0xc6,0xa0,0x7c,0x40,0xf5,0xf4,0x30,0xf2,0x70,0xf4,0x72,0x80,0xcf,0x13,0xb0,0xdf,
  0x08,0xc4,0xa0,0x7d,0x30,0xf5,0xf5,0x60,0xf8,0x72,0x80,0xcf,0x01,0xb1,0xd4,0xb7,0xdf,0x0b,0xb0,0xc2,0xa0,0x7d,0x60,0xf6,
  0xf6,0x71,0xfa,0x80,0xce,0xb0,0xdf,0x1b,0xb0,0xc0,0x80,0x7e,0x30,0xf6,0xf6,0x60,0x71,0xfa,0x80,0xcd,0xdf,0x0f,0x32,0x05,
  0x32,0xd1,0x80,0x7e,0x60,0xf7,0xf7,0x40,0x72,0xfa,0x80,0xca,0xb0,0xdf,0x04,0x30,0x00,0x22,0x1f,0x03,0x40,0x7f,0x00,0xf8,
  0xf7,0x30,0x73,0xfa,0x80,0xc9,0xde,0x00,0x21,0x1f,0x09,0x20,0xf0,0x7f,0x00,0x30,0xf8,0xf8,0x60,0x74,0xf9,0x81,0xc7,0xd9,
  0x00,0x20,0x1f,0x0e,0x40,0xf0,0x7f,0x00,0x60,0xf9,0xf9,0x60,0x74,0xfa,0x80,0xc6,0xd5,0x00,0x20,0x1f,0x10,0x20,0xf0,0x7f,
  0x01,0x40,0xfa,0xfa,0x40,0x74,0xfb,0x80,0xc4,0xd1,0x00,0x20,0x1f,0x12,0x20,0x40,0xf0,0x7f,0x02,0x30,0xfa,0xfa,0x30,0x76,
  0xfb,0x80,0xc0,0xb0,0x30,0x20,0x1f,0x13,0x20,0x40,0xf1,0x7f,0x02,0x30,0xfb,0xfb,0x30,0x76,0xfc,0x40,0x20,0x1f,0x12,0x20,
  0x40,0xf1,0x7f,0x03,0x60,0xfc,0xfc,0x30,0x77,0xfd,0x60,0x20,0x1f,0x0c,0x20,0x40,0xf3,0x7f,0x03,0x60,0xfd,0xfd,0x30,0x77,
  0xff,0x00,0x60,0x21,0x1f,0x04,0x21,0x40,0xf4,0x7f,0x04,0x60,0xfe,0xfe,0x60,0x77,0xff,0x03,0x40,0x60,0x23,0x15,0x23,0x60,
  0x40,0xf7,0x7f,0x04,0x60,0xff,0x00,0xff,0x00,0x30,0x78,0xff,0x18,0x7f,0x06,0x60,0xff,0x01,0xff,0x01,0x30,0x79,0xff,0x14,
  0x7f,0x07,0x60,0xff,0x02,0xff,0x02,0x30,0x7b,0xff,0x0e,0x7f,0x09,0x30,0xff,0x03,0xff,0x04,0x40,0x7f,0x30,0x30,0xff,0x04,
  0xff,0x05,0x60,0x7f,0x2d,0x60,0xff,0x06,0xff,0x06,0x30,0x7f,0x2b,0x30,0xff,0x07,0xff,0x08,0x60,0x7f,0x27,0x60,0x30,0xff,
  0x08,0xff,0x09,0x30,0x40,0x7f,0x24,0x30,0xff,0x0a,0xff,0x0b,0x30,0x40,0x7f,0x20,0x60,0xff,0x0c,0xff,0x0d,0x30,0x7f,0x1d,
  0x60,0xff,0x0e,0xff,0x0f,0x30,0x40,0x7f,0x18,0x30,0xff,0x10,0xff,0x11,0x30,0x60,0x7f,0x13,0x60,0x30,0xff,0x12,0xff,0x14,
  0x30,0x60,0x7f,0x0d,0x60,0x30,0xff,0x15,0xff,0x17,0x31,0x60,0x7f,0x05,0x60,0x31,0xff,0x18,0xff,0x1c,0x32,0x62,0x41,0x70,
  0x41,0x62,0x32,0xff,0x1d,0x92,0x4d,0x97,0x4d,0xa0,0x4d,0xaa,0x4d,0xb5,0x4d,0xc3,0x4d,0xd1,0x4d,0xde,0x4d,0xea,0x4d,0xf2,
  0x4d,0xfa,0x4d,0x01,0x4e,0x08,0x4e,0x13,0x4e,0x1f,0x4e,0x30,0x4e,0x41,0x4e,0x50,0x4e,0x62,0x4e,0x73,0x4e,0x84,0x4e,0x99,
  0x4e,0xae,0x4e,0xc6,0x4e,0xd7,0x4e,0xe3,0x4e,0xf1,0x4e,0x04,0x4f,0x15,0x4f,0x26,0x4f,0x38,0x4f,0x46,0x4f,0x56,0x4f,0x68,
  0x4f,0x79,0x4f,0x8a,0x4f,0x9b,0x4f,0xad,0x4f,0xbf,0x4f,0xce,0x4f,0xdd,0x4f,0xed,0x4f,0xff,0x4f,0x0a,0x50,0x15,0x50,0x20,
  0x50,0x28,0x50,0x30,0x50,0x38,0x50,0x41,0x50,0x4a,0x50,0x53,0x50,0x5b,0x50,0x64,0x50,0x6e,0x50,0x78,0x50,0x82,0x50,0xff,
  0x32,0x30,0xff,0x11,0xff,0x2c,0x31,0x60,0x46,0x60,0x31,0xff,0x0b,0xff,0x2a,0x30,0x60,0x4d,0x30,0xff,0x09,0xff,0x29,0x60,
  0x4f,0x02,0x30,0xff,0x07,0xff,0x13,0x31,0x65,0x31,0xfa,0x4f,0x06,0x30,0xff,0x05,0xff,0x11,0x30,0x4b,0x31,0xf6,0x4f,0x08,
  0x60,0xff,0x04,0xff,0x0f,0x60,0x4f,0x00,0x60,0xf4,0x4f,0x0a,0x60,0xff,0x03,0xff,0x0d,0x30,0x4f,0x04,0x30,0xf1,0x60,0x4f,
  0x0b,0x60,0xff,0x02,0xff,0x0c,0x60,0x4f,0x06,0x60,0x30,0x4f,0x0d,0x60,0xff,0x01,0xff,0x0a,0x30,0x4f,0x29,0xff,0x00,0xff,
  0x09,0x30,0x4f,0x2b,0xfe,0xff,0x09,0x4f,0x12,0x60,0x10,0x21,0x60,0x4f,0x06,0xfd,0xff,0x08,0x60,0x4f,0x11,0x20,0x15,0x21,
  0x4f,0x04,0xfc,0xff,0x07,0x60,0x4f,0x03,0x20,0x10,0x21,0x47,0x21,0x1a,0x21,0x4f,0x02,0xfb,0xff,0x06,0x30,0x4f,0x03,0x17,
  0x21,0x1f,0x04,0x20,0x4f,0x00,0xfa,0xff,0x06,0x4f,0x02,0x20,0x1f,0x11,0x21,0x4d,0xf9,0xff,0x05,0x30,0x4f,0x01,0x20,0x1f,
  0x10,0x22,0x32,0x4c,0xf8,0xff,0x04,0x30,0x49,0xf6,0x20,0x1f,0x08,0x22,0x31,0xaa,0x61,0x49,0x60,0xf7,0xff,0x04,0x60,0x47,
  0xf6,0x60,0x1f,0x01,0x22,0x31,0xaf,0x07,0x60,0x48,0x60,0xf6,0xff,0x03,0x30,0x46,0xf7,0x20,0x19,0x21,0x32,0xaf,0x11,0x60,
  0x47,0x60,0xf5,0xff,0x03,0x45,0xf8,0x20,0x11,0x23,0x31,0xaf,0x1b,0x60,0x46,0x60,0xf4,0xff,0x02,0x60,0x43,0xf9,0x30,0xaf,
  0x25,0x61,0x45,0x60,0xf3,0xff,0x01,0x30,0x42,0xf9,0x60,0xaf,0x29,0x60,0x45,0x60,0xf2,0xff,0x01,0x41,0xfa,0xaf,0x2d,0x60,
  0x44,0x30,0xf1,0xfe,0x00,0xfc,0xaf,0x30,0x60,0x43,0x30,0xf0,0xfb,0x02,0x30,0xfa,0x80,0xaf,0x32,0x60,0x43,0x30,0xf3,0x0a,
  0x60,0xf9,0x60,0xaf,0x35,0x71,0x40,0x60,0x0d,0x30,0xf9,0xaf,0x36,0x80,0x72,0x60,0xf1,0x0b,0xf9,0xaf,0x36,0x80,0x73,0x30,
  0xf2,0x09,0x60,0xf7,0x80,0xaf,0x36,0x80,0x74,0xf0,0xf4,0x07,0xf7,0x60,0xaf,0x37,0x80,0x73,0x60,0xf0,0xf5,0x05,0x60,0x40,
  0xf0,0x42,0xf1,0xaf,0x38,0x80,0x74,0xf1,0xf7,0x02,0x30,0x46,0xaf,0x38,0x80,0x74,0x60,0xf1,0xf8,0x01,0x60,0x44,0x80,0xaf,
  0x38,0x80,0x75,0x30,0xf1,0xf9,0x30,0x44,0x60,0xaf,0x38,0x80,0x75,0x60,0xf2,0xf9,0x44,0xaf,0x39,0x80,0x76,0x30,0xf2,0xf8,
  0x30,0x60,0x40,0x72,0xaf,0x38,0x80,0x76,0x60,0xf3,0xf9,0x60,0x74,0x80,0xaf,0x17,0xd8,0xaf,0x05,0x80,0x77,0x30,0xf3,0xfa,
  0x40,0x74,0x80,0xaf,0x11,0xdf,0x03,0xae,0x80,0x77,0x60,0xf4,0xfa,0x30,0x75,0x80,0xaf,0x0d,0xdf,0x09,0xaa,0x80,0x78,0xf5,
  0xfb,0x30,0x76,0x80,0xaf,0x08,0xdf,0x0f,0xa5,0x80,0x79,0x30,0xf5,0xfc,0x60,0x76,0x80,0xaf,0x05,0xdf,0x13,0xa2,0x80,0x79,
  0x60,0xf6,0xfd,0x40,0x77,0x80,0xaf,0x01,0xdf,0x16,0x60,0x7a,0x40,0xf7,0xfd,0x30,0x78,0x80,0xae,0xdf,0x15,0xa0,0x80,0x7b,
  0x30,0xf7,0xfe,0x30,0x79,0x80,0xaa,0xdf,0x16,0x80,0x7c,0x30,0xf8,0xff,0x00,0x30,0x7a,0x80,0xa7,0xdf,0x15,0x60,0x7d,0x30,
  0xf9,0xff,0x01,0x30,0x7b,0x81,0xa3,0xdf,0x13,0xa0,0x80,0x7e,0x60,0xfa,0xff,0x02,0x30,0x7d,0x80,0xa0,0xdf,0x12,0x60,0x80,
  0x7f,0x00,0x60,0xfb,0xff,0x03,0x30,0x7e,0x80,0x61,0xdf,0x0c,0x60,0x80,0x7f,0x02,0x60,0xfc,0xff,0x04,0x30,0x7f,0x02,0x80,
  0x61,0xdf,0x04,0x61,0x80,0x7f,0x04,0x60,0xfd,0xff,0x05,0x30,0x7f,0x06,0x81,0x64,0xa1,0x64,0x81,0x7f,0x08,0x30,0xfe,0xff,
  0x07,0x60,0x7f,0x2b,0x30,0xff,0x00,0xff,0x08,0x60,0x7f,0x28,0x40,0x30,0xff,0x01,0xff,0x09,0x30,0x7f,0x26,0x60,0xff,0x03,
  0xff,0x0b,0x60,0x7f,0x23,0x30,0xff,0x04,0xff,0x0c,0x30,0x7f,0x20,0x60,0xff,0x06,0xff,0x0e,0x60,0x7f,0x1d,0x30,0xff,0x07,
  0xff,0x0f,0x30,0x60,0x7f,0x19,0x30,0xff,0x09,0xff,0x11,0x30,0x60,0x7f,0x15,0x60,0xff,0x0b,0xff,0x14,0x30,0x7f,0x10,0x40,
  0x30,0xff,0x0d,0xff,0x16,0x30,0x60,0x7f,0x0b,0x60,0x30,0xff,0x0f,0xff,0x19,0x30,0x60,0x40,0x7f,0x03,0x40,0x60,0x30,0xff,
  0x12,0xff,0x1d,0x31,0x61,0x40,0x76,0x40,0x61,0x31,0xff,0x16,0xff,0x50,0x04,0x51,0x0d,0x51,0x15,0x51,0x1d,0x51,0x28,0x51,
  0x33,0x51,0x3f,0x51,0x4c,0x51,0x58,0x51,0x5f,0x51,0x65,0x51,0x70,0x51,0x7b,0x51,0x8a,0x51,0x97,0x51,0xa1,0x51,0xad,0x51,
  0xbc,0x51,0xcc,0x51,0xdb,0x51,0xe9,0x51,0xf5,0x51,0x01,0x52,0x0b,0x52,0x14,0x52,0x1e,0x52,0x28,0x52,0x30,0x52,0x38,0x52,
  0x42,0x52,0x4c,0x52,0x58,0x52,0x62,0x52,0x6d,0x52,0x77,0x52,0x7f,0x52,0x8a,0x52,0x97,0x52,0xa4,0x52,0xb0,0x52,0xbd,0x52,
  0xca,0x52,0xd6,0x52,0xe2,0x52,0xed,0x52,0xf9,0x52,0x06,0x53,0x14,0x53,0x22,0x53,0x31,0x53,0x3f,0x53,0x47,0x53,0x50,0x53,
  0x58,0x53,0x60,0x53,0x68,0x53,0x70,0x53,0x79,0x53,0x82,0x53,0x8b,0x53,0x95,0x53,0xa1,0x53,0xff,0x3e,0x32,0x62,0x31,0xff,
  0x17,0xff,0x39,0x31,0x60,0x4a,0x30,0xff,0x15,0xff,0x37,0x30,0x4f,0x01,0x30,0xff,0x13,0xff,0x35,0x30,0x4f,0x04,0x60,0xff,
  0x12,0xff,0x33,0x30,0x4f,0x08,0x30,0xff,0x10,0xff,0x32,0x60,0x4f,0x0a,0x60,0xff,0x0f,0xff,0x30,0x30,0x4f,0x0d,0x60,0xff,
  0x0e,0xff,0x2f,0x60,0x4f,0x10,0x30,0xff,0x0c,0xff,0x2d,0x30,0x4f,0x13,0x30,0xff,0x0b,0xff,0x2c,0x60,0x4f,0x15,0x30,0xff,
  0x0a,0xff,0x2a,0x30,0x4f,0x18,0x30,0xff,0x09,0xff,0x29,0x30,0x4f,0x1a,0x30,0xff,0x08,0xff,0x27,0x30,0x60,0x4f,0x1c,0x30,
  0xff,0x07,0xff,0x26,0x30,0x4f,0x1f,0x30,0xff,0x06,0xff,0x0f,0x31,0x64,0x32,0xfb,0x60,0x4f,0x21,0x30,0xff,0x05,0xff,0x0c,
  0x30,0x60,0x4b,0x60,0x30,0xf6,0x30,0x4f,0x24,0xff,0x05,0xff,0x09,0x30,0x60,0x4f,0x01,0x60,0x30,0xf3,0x60,0x4f,0x26,0xff,
  0x04,0xff,0x08,0x60,0x4f,0x05,0x60,0x31,0x4f,0x28,0x60,0xff,0x03,0xff,0x06,0x30,0x4f,0x43,0x60,0xff,0x02,0xff,0x05,0x30,
  0x4f,0x45,0x30,0xff,0x01,0xff,0x04,0x60,0x4f,0x47,0x30,0xff,0x00,0xff,0x03,0x60,0x4d,0xf6,0x4c,0xf5,0x49,0x30,0x2b,0x60,
  0x4f,0x09,0xff,0x00,0xff,0x02,0x4d,0xfb,0x46,0xfb,0x41,0x30,0x21,0x1f,0x01,0x21,0x60,0x4f,0x05,0x60,0xfe,0xff,0x01,0x4c,
  0xff,0x00,0x42,0xfc,0x21,0x1f,0x09,0x20,0x4f,0x04,0x60,0xfd,0xff,0x00,0x4b,0xff,0x03,0x40,0xfa,0x20,0x1f,0x0f,0x21,0x4f,
  0x02,0x30,0xfc,0xfe,0x4a,0xff,0x0e,0x60,0x20,0x1f,0x14,0x20,0x4f,0x01,0x30,0xfb,0xfd,0x49,0xff,0x0e,0x20,0x1f,0x18,0xa0,
  0x80,0x4e,0x60,0xfb,0xfc,0x60,0x47,0xfb,0x62,0xfc,0x60,0x21,0x1f,0x19,0xa0,0xc2,0x80,0x4d,0x60,0xfa,0xfb,0x30,0x46,0xf6,
  0x60,0x21,0x1b,0x25,0x1f,0x1c,0x20,0xb0,0xc5,0x80,0x4c,0x30,0xf9,0xfa,0x30,0x44,0xf6,0x21,0x1f,0x31,0x20,0xc9,0x80,0x4b,
  0xf9,0xf6,0x03,0x41,0xf7,0x60,0x20,0x1f,0x33,0x30,0xcb,0xa0,0x70,0x49,0x60,0xf8,0xf2,0x06,0x60,0xf7,0x60,0x20,0x1f,0x33,
  0x20,0xa0,0xce,0x80,0x49,0x30,0xf7,0xf4,0x03,0x30,0xf7,0x20,0x1f,0x34,0x30,0xcf,0x03,0x80,0x48,0xf7,0xf5,0x02,0x41,0xf4,
  0x60,0x1f,0x33,0x20,0x30,0xcf,0x06,0xa0,0x70,0x46,0x60,0xf6,0xf7,0x30,0x42,0xf0,0x41,0x80,0x20,0x1f,0x30,0x20,0x30,0xa0,
  0xcf,0x0a,0x80,0x46,0x30,0xf5,0xf7,0x45,0xa0,0xc1,0x20,0x1f,0x2b,0x20,0x30,0x60,0xcf,0x10,0x70,0x45,0xf5,0xf6,0x30,0x44,
  0xa0,0xc3,0x20,0x1f,0x25,0x20,0x30,0x61,0x35,0xa0,0xcf,0x0e,0x80,0x44,0x60,0xf4,0xf6,0x44,0xa0,0xc5,0x20,0x1f,0x1e,0x22,
  0x30,0x22,0x1a,0x20,0x30,0xcf,0x0c,0xa0,0x70,0x43,0x30,0xf3,0xf5,0x30,0x43,0xa0,0xc7,0x30,0x1f,0x17,0x25,0x1f,0x05,0x20,
  0xa0,0xcf,0x0b,0x80,0x42,0x60,0xf3,0xf5,0x43,0x80,0xc9,0xa0,0x20,0x1f,0x10,0x24,0x1f,0x0d,0x20,0xa0,0xcf,0x0a,0xa0,0x42,
  0x30,0xf2,0xf4,0x30,0x42,0x80,0xcc,0x30,0x1f,0x09,0x25,0x1f,0x14,0x20,0xcf,0x0b,0x80,0x41,0xf2,0xf4,0x60,0x42,0xce,0xb0,
  0x30,0x1f,0x02,0x24,0x1f,0x1c,0x60,0xcd,0xa7,0xc3,0x80,0x40,0x60,0xf1,0xf3,0x30,0x42,0xa0,0xcf,0x02,0x30,0x20,0x18,0x25,
  0x1f,0x1b,0x24,0x30,0x60,0x40,0x82,0x7f,0x08,0x40,0x30,0xf0,0xf3,0x30,0x41,0x80,0xcf,0x06,0xb0,0x63,0xa0,0x60,0x30,0x20,
  0x1f,0x17,0x23,0x60,0x40,0x7f,0x17,0x60,0xf0,0xf3,0x42,0xcf,0x0b,0x30,0x20,0x1f,0x13,0x22,0x60,0x40,0x7f,0x20,0x30,0xf2,
  0x30,0x41,0x80,0xcf,0x09,0x60,0x1f,0x10,0x22,0x41,0xf4,0x7f,0x20,0x60,0x30,0xf2,0x30,0x41,0xcf,0x09,0x20,0x1f,0x0c,0x21,
  0x60,0x40,0xf8,0x7f,0x1f,0x60,0x30,0xf2,0xf2,0x41,0xa0,0xcf,0x08,0x20,0x1f,0x08,0x21,0x60,0x40,0xfc,0x7f,0x1d,0x40,0x30,
  0xf5,0xf2,0x41,0xcf,0x08,0x20,0x1f,0x05,0x21,0x40,0xfe,0x7f,0x1d,0x40,0x60,0x30,0xf7,0xf1,0x30,0x40,0xa0,0xcf,0x07,0x20,
  0x1f,0x02,0x20,0x60,0x40,0xff,0x01,0x7f,0x1d,0x60,0x30,0xfa,0xf1,0x60,0x40,0xcf,0x07,0x30,0x1e,0x20,0x60,0x40,0xff,0x02,
  0x7f,0x1d,0x60,0x30,0xfd,0xf1,0x40,0x80,0xcf,0x06,0x60,0x1b,0x21,0x40,0x7f,0x30,0x60,0x30,0xff,0x01,0xf0,0x30,0x40,0xcf,
  0x07,0x19,0x20,0x60,0x7f,0x30,0x40,0x60,0x30,0xff,0x04,0xf0,0x30,0x60,0xcf,0x06,0x30,0x15,0x21,0x40,0x7f,0x30,0x60,0x31,
  0xff,0x07,0xf0,0x60,0xa0,0xcf,0x05,0xa0,0x13,0x21,0x40,0x7f,0x30,0x60,0x30,0xff,0x0b,0xf0,0x60,0xcf,0x06,0x20,0x10,0x21,
  0x40,0x7f,0x2f,0x40,0x60,0x30,0xff,0x0e,0xf0,0x60,0xcf,0x05,0xa0,0x20,0x40,0x7f,0x2f,0x60,0x30,0xff,0x12,0xf0,0x60,0xcf,
  0x03,0x81,0x7f,0x2e,0x60,0x31,0xff,0x15,0x30,0xa0,0xcf,0x00,0xa0,0x80,0x7f,0x2d,0x60,0x31,0xff,0x19,0x30,0xce,0x81,0x7f,
  0x2a,0x40,0x60,0x31,0xff,0x1d,0x30,0xcb,0xa0,0x80,0x7f,0x29,0x61,0x30,0xff,0x22,0x30,0xc9,0x81,0x7f,0x26,0x61,0x31,0xff,
  0x26,0xa0,0xc6,0xa0,0x80,0x7f,0x24,0x61,0x31,0xff,0x2b,0xa0,0xc4,0x81,0x7f,0x20,0x61,0x31,0xff,0x31,0xc3,0x80,0x7f,0x1c,
  0x40,0x61,0x31,0xff,0x37,0xc1,0x80,0x7f,0x17,0x40,0x61,0x32,0xff,0x3d,0x80,0x7f,0x10,0x40,0x61,0x33,0xff,0x45,0x7f,0x04,
  0x40,0x63,0x34,0xff,0x4f,0x3e,0xff,0x5e,0x2a,0x54,0x31,0x54,0x39,0x54,0x41,0x54,0x49,0x54,0x51,0x54,0x59,0x54,0x61,0x54,
  0x69,0x54,0x71,0x54,0x79,0x54,0x81,0x54,0x89,0x54,0x92,0x54,0x9a,0x54,0xa6,0x54,0xb3,0x54,0xc1,0x54,0xcd,0x54,0xd5,0x54,
  0xdd,0x54,0xe5,0x54,0xf4,0x54,0x05,0x55,0x14,0x55,0x23,0x55,0x30,0x55,0x3c,0x55,0x4c,0x55,0x5d,0x55,0x69,0x55,0x78,0x55,
  0x87,0x55,0x94,0x55,0xa4,0x55,0xb6,0x55,0xc5,0x55,0xd8,0x55,0xec,0x55,0xff,0x55,0x12,0x56,0x23,0x56,0x36,0x56,0x4c,0x56,
  0x61,0x56,0x6f,0x56,0x7f,0x56,0x90,0x56,0xa1,0x56,0xb1,0x56,0xc4,0x56,0xd5,0x56,0xe4,0x56,0xf3,0x56,0x02,0x57,0x11,0x57,
  0x20,0x57,0x2d,0x57,0x38,0x57,0x44,0x57,0x4e,0x57,0x58,0x57,0x61,0x57,0x6b,0x57,0x74,0x57,0x7d,0x57,0x86,0x57,0x8e,0x57,
  0x95,0x57,0xff,0x39,0x35,0xff,0x09,0xff,0x33,0x31,0x60,0x4a,0x61,0x30,0xff,0x04,0xff,0x30,0x30,0x60,0x4f,0x03,0x60,0x30,
  0xff,0x01,0xff,0x2d,0x30,0x60,0x4f,0x09,0x30,0xfe,0xff,0x2b,0x30,0x4f,0x0d,0x60,0x30,0xfc,0xff,0x29,0x30,0x4f,0x11,0x30,
  0xfb,0xff,0x27,0x30,0x4f,0x14,0x60,0xfa,0xff,0x25,0x30,0x4f,0x17,0x60,0xf9,0xff,0x24,0x60,0x4f,0x19,0x60,0xf8,0xff,0x22,
  0x30,0x4f,0x1c,0x60,0xf7,0xff,0x21,0x30,0x4f,0x1e,0x30,0xf6,0xff,0x08,0x31,0x62,0x41,0x61,0x32,0xfb,0x60,0x4f,0x07,0x22,
  0x18,0x21,0x4a,0x30,0xf5,0xff,0x04,0x31,0x4e,0x60,0x30,0xf7,0x60,0x4f,0x04,0x21,0x1f,0x02,0x20,0x60,0x47,0xf5,0xff,0x02,
  0x30,0x60,0x4f,0x04,0x30,0xf4,0x60,0x4f,0x03,0x20,0x1f,0x06,0x20,0xc0,0x80,0x45,0x30,0xf4,0xff,0x00,0x30,0x4f,0x09,0x30,
  0xf1,0x60,0x4f,0x01,0x60,0x20,0x1f,0x08,0x30,0xc2,0x80,0x44,0xf4,0xfd,0x30,0x60,0x4f,0x0c,0x60,0x4f,0x01,0x20,0x1f,0x0a,
  0xa0,0xc3,0xa0,0x43,0x60,0xf3,0xfc,0x30,0x4f,0x1e,0x20,0x1f,0x0c,0xc6,0x70,0x42,0xf3,0xfb,0x60,0x4f,0x1e,0x20,0x1f,0x0c,
  0x20,0xc7,0x70,0x41,0x30,0xf2,0xf9,0x30,0x4f,0x1f,0x20,0x1f,0x0d,0x30,0xc8,0x70,0x41,0xf2,0xf8,0x30,0x4f,0x1f,0x1f,0x0f,
  0xb0,0xc9,0x41,0x30,0xf1,0xf7,0x30,0x4f,0x1f,0x1f,0x0f,0x20,0xca,0xa0,0x40,0x30,0xf1,0xf6,0x30,0x4f,0x1f,0x1f,0x10,0xa0,
  0xcb,0x90,0x70,0xf1,0xf6,0x4f,0x1f,0x20,0x1f,0x0f,0x20,0xcc,0x71,0xf1,0xf5,0x60,0x4f,0x01,0x60,0x4f,0x0c,0x1f,0x11,0xa0,
  0xcc,0x71,0x30,0xf0,0xf4,0x30,0x47,0x21,0x1f,0x03,0x22,0x4c,0x20,0x1f,0x11,0x30,0xcc,0x80,0x71,0x30,0xf0,0xf4,0x45,0x60,
  0x20,0x1f,0x0a,0x20,0x60,0x46,0x60,0x20,0x1f,0x12,0x20,0xcd,0x80,0x71,0x60,0xf0,0xf3,0x60,0x44,0x20,0x1f,0x10,0x23,0x1f,
  0x14,0x20,0xce,0x80,0x71,0x60,0xf0,0xf2,0x30,0x44,0xc0,0x60,0x1f,0x37,0x20,0xb0,0xce,0x73,0xf0,0xf2,0x60,0x43,0xc2,0x20,
  0x1f,0x35,0x20,0xcf,0x00,0x80,0x73,0xf0,0xf2,0x43,0xa0,0xc2,0x60,0x1f,0x33,0x20,0xa0,0xcf,0x01,0x80,0x73,0xf0,0xf1,0x30,
  0x42,0x80,0xc4,0x20,0x1f,0x30,0x20,0xa0,0xcf,0x03,0x74,0xf0,0xf1,0x60,0x42,0xc5,0xa0,0x1f,0x2c,0x21,0x60,0xcf,0x05,0x80,
  0x74,0x30,0xf1,0x42,0xa0,0xc6,0x60,0x1f,0x27,0x21,0x30,0xa0,0xcf,0x08,0x80,0x74,0x30,0xf1,0x42,0xc8,0x30,0x1f,0x22,0x21,
  0x60,0xa0,0xcf,0x0c,0x75,0x30,0xf0,0x30,0x41,0x80,0xc9,0x20,0x1f,0x1c,0x21,0x60,0xa0,0xcf,0x10,0x80,0x75,0x30,0xf0,0x30,
  0x41,0xcb,0x30,0x1f,0x15,0x21,0x30,0x60,0xb0,0xcf,0x15,0x80,0x75,0x30,0x00,0x30,0xf0,0x70,0xcc,0xa0,0x20,0x1f,0x0c,0x22,
  0x30,0x60,0xb0,0xcf,0x1b,0x76,0xf0,0xf0,0x30,0x40,0x80,0xce,0x30,0x20,0x1f,0x03,0x22,0x30,0x60,0xa0,0xcf,0x21,0x80,0x76,
  0xf0,0xf1,0x40,0xa0,0xcf,0x01,0xa0,0x30,0x23,0x11,0x24,0x32,0x60,0xa0,0xcf,0x28,0x77,0xf0,0xf1,0x80,0xcf,0x4b,0x80,0x77,
  0xf0,0xf1,0x81,0xcf,0x4a,0x80,0x76,0x60,0xf0,0xf1,0x60,0x70,0x80,0xcf,0x48,0x80,0x77,0x60,0xf0,0xf1,0x30,0x71,0xa0,0xcf,
  0x47,0x80,0x77,0x30,0xf0,0xf2,0x71,0x80,0xcf,0x46,0x80,0x78,0x30,0xf0,0xf2,0x72,0x80,0xcf,0x45,0x80,0x78,0xf1,0xf2,0x30,
  0x72,0x80,0xcf,0x43,0x80,0x78,0x40,0xf1,0xf2,0x30,0x73,0xa0,0xcf,0x41,0xa0,0x79,0x60,0xf1,0xf3,0x40,0x72,0x80,0xcf,0x41,
  0x80,0x79,0x30,0xf1,0xf3,0x30,0x73,0x80,0xcf,0x3f,0x80,0x7a,0xf2,0xf4,0x74,0x80,0xcf,0x3d,0xa0,0x7a,0x60,0xf2,0xf4,0x60,
  0x74,0x80,0xcf,0x3c,0x80,0x7a,0x30,0xf2,0xf5,0x75,0x80,0xcf,0x3a,0x80,0x7b,0xf3,0xf5,0x60,0x75,0x80,0xcf,0x38,0x80,0x7b,
  0x60,0xf3,0xf6,0x76,0x80,0xcf,0x28,0xb4,0xd1,0xb5,0xc0,0x80,0x7c,0x30,0xf3,0xf6,0x60,0x76,0x80,0xcf,0x22,0xb1,0xdf,0x01,
  0x7c,0x60,0xf4,0xf7,0x77,0x80,0xcf,0x1e,0xb0,0xdf,0x04,0x80,0x7c,0x30,0xf4,0xf7,0x30,0x77,0x80,0xa0,0xcf,0x19,0xb1,0xdf,
  0x05,0x80,0x7c,0x60,0xf5,0xf8,0x60,0x78,0x80,0xcf,0x10,0xb2,0xdf,0x0a,0xa0,0x80,0x7d,0x30,0xf5,0xf9,0x79,0x80,0xcf,0x0a,
  0xb1,0xdf,0x0f,0x60,0x7e,0x60,0xf6,0xf9,0x30,0x7a,0x80,0xcf,0x04,0xb1,0xdf,0x12,0x60,0x7f,0x00,0xf7,0xfa,0x60,0x7a,0x80,
  0xcf,0x00,0xb1,0xdf,0x14,0x80,0x7f,0x00,0x30,0xf7,0xfb,0x40,0x7b,0x80,0xca,0xb1,0xdf,0x15,0xa0,0x80,0x7f,0x00,0x60,0xf8,
  0xfc,0x7d,0x80,0xc6,0xb0,0xdf,0x17,0x80,0x7f,0x02,0x30,0xf8,0xfc,0x30,0x7e,0x80,0xc2,0xb0,0xdf,0x17,0x60,0x80,0x7f,0x02,
  0x30,0xf9,0xfd,0x30,0x7f,0x00,0x80,0xa0,0xdf,0x16,0x60,0x80,0x7f,0x03,0x60,0xfa,0xfe,0x30,0x7f,0x01,0x80,0x60,0xdf,0x11,
  0xa0,0x81,0x7f,0x04,0x60,0xfb,0xff,0x00,0x30,0x7f,0x03,0x81,0x60,0xdf,0x0a,0xa0,0x81,0x7f,0x06,0x40,0xfc,0xff,0x01,0x30,
  0x7f,0x06,0x81,0x60,0xdf,0x02,0xa1,0x81,0x7f,0x09,0xfd,0xff,0x02,0x30,0x7f,0x0a,0x84,0xa4,0x84,0x7f,0x0d,0x30,0xfd,0xff,
  0x03,0x30,0x7f,0x33,0x40,0x30,0xfe,0xff,0x05,0x60,0x7f,0x30,0x40,0xff,0x01,0xff,0x06,0x60,0x7f,0x2e,0x60,0xff,0x02,0xff,
  0x07,0x30,0x7f,0x2c,0x60,0xff,0x03,0xff,0x09,0x60,0x7f,0x29,0x30,0xff,0x04,0xff,0x0a,0x30,0x40,0x7f,0x25,0x60,0xff,0x06,
  0xff,0x0c,0x30,0x7f,0x23,0x30,0xff,0x07,0xff,0x0e,0x30,0x40,0x7f,0x1e,0x60,0xff,0x09,0xff,0x10,0x30,0x60,0x7f,0x1a,0x60,
  0xff,0x0b,0xff,0x13,0x30,0x40,0x7f,0x15,0x60,0xff,0x0d,0xff,0x15,0x31,0x60,0x7f,0x0f,0x60,0x30,0xff,0x0f,0xff,0x19,0x31,
  0x60,0x7f,0x07,0x40,0x60,0x30,0xff,0x12,0xff,0x1d,0x32,0x61,0x7b,0x61,0x31,0xff,0x16,0xff,0x27,0x31,0xff,0x1f,0x22,0x58,
  0x27,0x58,0x30,0x58,0x3a,0x58,0x42,0x58,0x4a,0x58,0x51,0x58,0x58,0x58,0x5f,0x58,0x66,0x58,0x6d,0x58,0x74,0x58,0x85,0x58,
  0x96,0x58,0xaa,0x58,0xbd,0x58,0xce,0x58,0xd9,0x58,0xe6,0x58,0xf2,0x58,0xfd,0x58,0x09,0x59,0x14,0x59,0x1e,0x59,0x2c,0x59,
  0x3d,0x59,0x50,0x59,0x5f,0x59,0x6b,0x59,0x78,0x59,0x86,0x59,0x94,0x59,0xa2,0x59,0xb1,0x59,0xbe,0x59,0xce,0x59,0xde,0x59,
  0xef,0x59,0x01,0x5a,0x12,0x5a,0x19,0x5a,0x21,0x5a,0x2b,0x5a,0x35,0x5a,0x3e,0x5a,0x46,0x5a,0x50,0x5a,0x5a,0x5a,0x64,0x5a,
  0x6d,0x5a,0x76,0x5a,0x80,0x5a,0x88,0x5a,0x92,0x5a,0x9f,0x5a,0xab,0x5a,0xb7,0x5a,0xc5,0x5a,0xd3,0x5a,0xdf,0x5a,0xec,0x5a,
  0xfa,0x5a,0x08,0x5b,0x14,0x5b,0x22,0x5b,0x30,0x5b,0x3e,0x5b,0x4d,0x5b,0x5b,0x5b,0x67,0x5b,0x6f,0x5b,0x77,0x5b,0x7f,0x5b,
  0x87,0x5b,0x8f,0x5b,0x98,0x5b,0xa0,0x5b,0xa9,0x5b,0xb2,0x5b,0xbb,0x5b,0xc5,0x5b,0xd0,0x5b,0xd9,0x5b,0xff,0x26,0x31,0x62,
  0x31,0xff,0x11,0xff,0x0e,0x08,0xfb,0x30,0x60,0x49,0x30,0xff,0x0e,0xff,0x0b,0x0a,0xfa,0x60,0x4e,0x30,0xff,0x0c,0xff,0x0c,
  0x02,0xf0,0x30,0x62,0x31,0xf8,0x30,0x4f,0x03,0x30,0xff,0x0a,0xff,0x0d,0x30,0x60,0x47,0x30,0xf4,0x30,0x4f,0x07,0x30,0xff,
  0x08,0xff,0x0c,0x30,0x4a,0x60,0xf2,0x60,0x4f,0x09,0x60,0xff,0x07,0xff,0x0b,0x60,0x4d,0x30,0x4f,0x0d,0x30,0xff,0x05,0xff,
  0x0a,0x60,0x4f,0x1e,0x60,0xff,0x04,0xff,0x09,0x30,0x4f,0x21,0x30,0xff,0x02,0xff,0x08,0x30,0x4f,0x23,0x30,0xff,0x01,0xff,
  0x08,0x4f,0x0e,0x60,0x30,0x25,0x60,0x4d,0x30,0xff,0x00,0xff,0x07,0x60,0x4f,0x09,0x60,0x21,0x1c,0x21,0x60,0x49,0x60,0xfe,
  0xff,0x06,0x60,0x4f,0x09,0x60,0x1f,0x04,0x21,0x47,0x60,0xfd,0xff,0x05,0x30,0x4f,0x09,0x60,0x1f,0x07,0x20,0x60,0x70,0x45,
  0x60,0xfc,0xff,0x05,0x4b,0x22,0x10,0x20,0x60,0x46,0x20,0x1f,0x06,0x20,0x60,0xc2,0xa0,0x70,0x44,0x60,0xfb,0xff,0x04,0x60,
  0x48,0x20,0x18,0x24,0x1f,0x05,0x20,0x30,0xc7,0x80,0x44,0x60,0xfa,0xff,0x03,0x30,0x47,0x20,0x1f,0x12,0x20,0x30,0xb0,0xcb,
  0x80,0x43,0x60,0xf9,0xff,0x03,0x60,0x45,0x20,0x1f,0x11,0x20,0x30,0xcf,0x01,0x80,0x43,0x60,0xf8,0xff,0x02,0x30,0x45,0x1f,
  0x0f,0x20,0x30,0xa0,0xcf,0x05,0xa0,0x43,0x30,0xf7,0xff,0x02,0x60,0x43,0x60,0x1f,0x0b,0x21,0x30,0xa0,0xcf,0x0b,0x43,0x30,
  0xf6,0xff,0x01,0x30,0x43,0x30,0x1f,0x06,0x21,0x30,0x60,0xa0,0xcf,0x11,0x43,0xf6,0xff,0x01,0x60,0x43,0x31,0x2d,0x30,0xf0,
  0x60,0xa1,0xcf,0x19,0x42,0x60,0xf5,0xff,0x01,0x42,0x70,0xcf,0x30,0x42,0x30,0xf4,0xff,0x00,0x30,0x42,0xcf,0x31,0xa0,0x42,
  0xf4,0xff,0x00,0x42,0x80,0xcf,0x32,0x80,0x41,0x60,0xf3,0xfe,0x30,0x42,0xcf,0x34,0x80,0x41,0x30,0xf2,0xfe,0x30,0x41,0x80,
  0xcf,0x35,0x41,0x60,0xf2,0xfe,0x60,0x41,0xcf,0x36,0xa0,0x41,0x30,0xf1,0xfe,0x41,0x80,0xcf,0x37,0x80,0x41,0xf1,0xfb,0x01,
  0x30,0xf1,0xcf,0x39,0x41,0x30,0xf0,0xf3,0x09,0x30,0xf1,0xcf,0x39,0x80,0x41,0xf0,0x0d,0x60,0xf0,0x80,0xcf,0x39,0xa0,0x80,
  0x40,0x30,0xf1,0x0b,0xf1,0x80,0xcf,0x39,0x80,0x71,0x60,0xf2,0x0a,0xf1,0xa0,0xcf,0x39,0x72,0x30,0xf4,0x07,0x30,0xf1,0xcf,
  0x39,0x80,0x72,0x30,0xf5,0x06,0x30,0xf0,0x40,0xcf,0x38,0xa0,0x73,0x30,0xf7,0x04,0x30,0x41,0xcf,0x38,0x80,0x73,0xf0,0xf8,
  0x03,0x30,0x40,0xf0,0xcf,0x37,0x80,0x73,0x40,0xf0,0xfa,0x01,0x60,0x40,0x80,0xcf,0x37,0x80,0x73,0x60,0xf0,0xfb,0x00,0x60,
  0x40,0x80,0xcf,0x36,0x80,0x74,0x30,0xf0,0xfc,0x60,0xf1,0xcf,0x35,0xa0,0x75,0x30,0xf0,0xfc,0x60,0x41,0xcf,0x35,0x80,0x75,
  0xf1,0xfc,0x60,0x41,0xcf,0x34,0x80,0x75,0x60,0xf1,0xfc,0x60,0x40,0x80,0xa0,0xcf,0x32,0xa0,0x76,0x30,0xf1,0xfc,0x30,0x80,
  0x70,0x80,0xcf,0x32,0x80,0x76,0x30,0xf1,0xfd,0x72,0xcf,0x31,0x80,0x76,0x40,0xf2,0xfd,0x60,0x71,0x80,0xcf,0x2f,0x80,0x77,
  0x60,0xf2,0xfd,0x30,0x72,0xa0,0xcf,0x2d,0x80,0x78,0x30,0xf2,0xfe,0x60,0x71,0x80,0xcf,0x2c,0xa0,0x78,0x40,0xf3,0xfe,0x30,
  0x72,0x80,0xcf,0x2b,0x80,0x78,0x30,0xf3,0xff,0x00,0x60,0x72,0xcf,0x2a,0x80,0x79,0xf4,0xff,0x00,0x30,0x72,0x80,0xcf,0x28,
  0x80,0x79,0x60,0xf4,0xff,0x01,0x60,0x72,0x80,0xcf,0x26,0x80,0x7a,0xf5,0xff,0x02,0x73,0x80,0xcf,0x11,0xb2,0xd6,0xb2,0xc5,
  0x80,0x7a,0x60,0xf5,0xff,0x02,0x30,0x73,0x80,0xcf,0x0c,0xb1,0xdf,0x01,0xb1,0xc0,0x80,0x7b,0x30,0xf5,0xff,0x03,0x60,0x73,
  0x80,0xcf,0x09,0xb0,0xdf,0x06,0x80,0x7b,0x60,0xf6,0xff,0x04,0x74,0x80,0xcf,0x06,0xb0,0xdf,0x07,0x80,0x7c,0xf7,0xff,0x04,
  0x30,0x74,0x80,0xcf,0x03,0xb0,0xdf,0x08,0x80,0x7c,0x30,0xf7,0xff,0x05,0x30,0x74,0x80,0xa0,0xce,0xb0,0xdf,0x08,0x60,0x80,
  0x7c,0x60,0xf8,0xff,0x06,0x60,0x75,0x80,0xcc,0xb0,0xdf,0x08,0x60,0x7e,0xf9,0xff,0x07,0x40,0x75,0x81,0xc9,0xb0,0xdf,0x07,
  0x60,0x80,0x7e,0x30,0xf9,0xff,0x08,0x77,0x81,0xc6,0xdf,0x07,0x60,0x80,0x7f,0x00,0x60,0xfa,0xff,0x08,0x30,0x78,0x81,0xc3,
  0xdf,0x06,0x60,0x80,0x7f,0x01,0x40,0xfb,0xff,0x09,0x30,0x7a,0x81,0xa0,0xdf,0x03,0x60,0x80,0x7f,0x04,0xfc,0xff,0x0a,0x30,
  0x7d,0x80,0x62,0xa0,0xd5,0xa0,0x62,0x80,0x7f,0x07,0x30,0xfc,0xff,0x0b,0x30,0x7f,0x23,0x30,0xfd,0xff,0x0d,0x40,0x7f,0x20,
  0x30,0xfe,0xff,0x0e,0x60,0x7f,0x1e,0x30,0xff,0x00,0xff,0x0f,0x30,0x7f,0x1b,0x40,0xff,0x02,0xff,0x10,0x30,0x40,0x7f,0x18,
  0x60,0xff,0x03,0xff,0x12,0x60,0x7f,0x16,0x30,0xff,0x04,0xff,0x14,0x60,0x7f,0x12,0x60,0xff,0x06,0xff,0x15,0x30,0x60,0x7f,
  0x0e,0x60,0x30,0xff,0x07,0xff,0x17,0x30,0x60,0x7f,0x0a,0x60,0x30,0xff,0x09,0xff,0x1a,0x30,0x60,0x7f,0x05,0x60,0x30,0xff,
  0x0b,0xff,0x1d,0x30,0x60,0x40,0x7c,0x60,0x31,0xff,0x0e,0xff,0x21,0x39,0xff,0x13,0x84,0x5c,0x8b,0x5c,0x95,0x5c,0x9e,0x5c,
  0xac,0x5c,0xb9,0x5c,0xc5,0x5c,0xcf,0x5c,0xd7,0x5c,0xdf,0x5c,0xe7,0x5c,0xf3,0x5c,0x00,0x5d,0x0c,0x5d,0x1a,0x5d,0x2d,0x5d,
  0x3d,0x5d,0x4c,0x5d,0x5b,0x5d,0x6a,0x5d,0x79,0x5d,0x88,0x5d,0x97,0x5d,0xa0,0x5d,0xa9,0x5d,0xb3,0x5d,0xbc,0x5d,0xc5,0x5d,
  0xce,0x5d,0xd6,0x5d,0xdf,0x5d,0xe8,0x5d,0xf2,0x5d,0xfb,0x5d,0x03,0x5e,0x0c,0x5e,0x16,0x5e,0x1f,0x5e,0x2a,0x5e,0x35,0x5e,
  0x40,0x5e,0x49,0x5e,0x51,0x5e,0x5a,0x5e,0x65,0x5e,0x70,0x5e,0x78,0x5e,0x82,0x5e,0x8c,0x5e,0x96,0x5e,0xa0,0x5e,0xa9,0x5e,
  0xb4,0x5e,0xbe,0x5e,0xcc,0x5e,0xdc,0x5e,0xea,0x5e,0xf6,0x5e,0x04,0x5f,0x13,0x5f,0x1f,0x5f,0x2d,0x5f,0x3a,0x5f,0x48,0x5f,
  0x55,0x5f,0x64,0x5f,0x6b,0x5f,0x72,0x5f,0x7a,0x5f,0x82,0x5f,0x8b,0x5f,0x93,0x5f,0x9b,0x5f,0xa5,0x5f,0xaf,0x5f,0xb9,0x5f,
  0xc3,0x5f,0xff,0x30,0x30,0xff,0x1b,0xff,0x29,0x31,0x60,0x49,0x61,0x31,0xff,0x12,0xff,0x26,0x30,0x60,0x4f,0x03,0x60,0x30,
  0xff,0x0f,0xff,0x23,0x30,0x60,0x4f,0x09,0x60,0x30,0xff,0x0c,0xff,0x22,0x60,0x4f,0x0d,0x60,0x30,0xff,0x0a,0xff,0x20,0x30,
  0x4f,0x11,0x60,0xff,0x09,0xff,0x0e,0x35,0xfa,0x60,0x4f,0x14,0x30,0xff,0x07,0xff,0x0a,0x31,0x49,0x60,0x30,0xf4,0x30,0x4f,
  0x17,0x60,0x30,0xff,0x05,0xff,0x08,0x30,0x60,0x44,0xf6,0x42,0x30,0xf1,0x30,0x45,0xf5,0x4f,0x0e,0x30,0xff,0x04,0xff,0x07,
  0x60,0x44,0xfb,0x41,0x30,0x43,0xfb,0x4f,0x0c,0x60,0xff,0x03,0xff,0x05,0x30,0x44,0xff,0x00,0x42,0xff,0x00,0x4f,0x0b,0x60,
  0xff,0x02,0xff,0x04,0x30,0x43,0xff,0x03,0x40,0xff,0x03,0x4f,0x0a,0x60,0xff,0x01,0xff,0x03,0x60,0x42,0xff,0x1b,0x4f,0x0a,
  0xff,0x00,0xff,0x02,0x60,0x41,0xff,0x19,0x7c,0x4f,0x02,0xfe,0xff,0x01,0x60,0x40,0xff,0x1d,0x7d,0x4f,0x00,0x30,0xfc,0xfe,
  0x00,0xff,0x23,0x7d,0x4d,0xfc,0xfb,0x02,0x60,0xff,0x26,0x7c,0x42,0xf2,0x46,0xfb,0xf3,0x09,0x30,0xff,0x2b,0x7a,0xf2,0x40,
  0xf0,0x45,0x60,0xfa,0x0c,0x30,0xff,0x39,0x40,0xf0,0x47,0x60,0xf9,0xf1,0x0a,0xff,0x3b,0x70,0x48,0x30,0xf8,0xf2,0x08,0x60,
  0xff,0x39,0x73,0x48,0x30,0xf7,0xf4,0x05,0x30,0xff,0x39,0x76,0x47,0xf7,0xf5,0x04,0x42,0xff,0x36,0x79,0x45,0x60,0xf6,0xf7,
  0x01,0x30,0x42,0xff,0x35,0x7b,0x45,0x60,0xf5,0xf8,0x00,0x44,0xff,0x33,0x7e,0x44,0x30,0xf4,0xf8,0x30,0x43,0xff,0x33,0x7f,
  0x01,0x44,0xf4,0xf8,0x43,0xff,0x12,0x40,0x67,0x41,0xff,0x06,0x7f,0x04,0x42,0x60,0xf3,0xf7,0x30,0x42,0x72,0xff,0x09,0x40,
  0x60,0x31,0x0f,0x01,0x34,0x62,0xf9,0x7f,0x06,0x42,0x30,0xf2,0xf7,0x60,0x42,0x73,0xff,0x04,0x40,0x60,0x30,0x0f,0x11,0x33,
  0x61,0x40,0x7f,0x07,0x42,0xf2,0xf6,0x30,0x42,0x75,0xff,0x01,0x60,0x30,0x0f,0x19,0xf4,0x32,0x61,0x40,0x7f,0x00,0x40,0x60,
  0xf1,0xf6,0x30,0x41,0x78,0xfb,0x60,0x30,0x0f,0x1b,0xfd,0x32,0x61,0x40,0x78,0x40,0x30,0xf0,0xf6,0x42,0x79,0xf8,0x60,0x30,
  0x0f,0x1c,0xff,0x07,0x32,0x61,0x72,0x60,0xf0,0xf5,0x30,0x41,0x7c,0xf4,0x30,0x0f,0x1d,0xff,0x10,0x32,0xf5,0x30,0x41,0x7d,
  0xf1,0x60,0x0f,0x1e,0xff,0x14,0xf5,0x41,0x7e,0x60,0x0f,0x1e,0xff,0x16,0xf5,0x41,0x7c,0x40,0x30,0xf1,0x0f,0x1b,0xff,0x18,
  0xf4,0x30,0x40,0x7c,0x30,0xf5,0x0f,0x05,0x39,0x07,0xff,0x1a,0xf4,0x60,0x40,0x7a,0x40,0x30,0xf8,0x0f,0x01,0x3d,0x02,0xff,
  0x1d,0xf4,0x40,0x7a,0x60,0xfe,0x0a,0x30,0xf0,0x3b,0xf1,0x31,0xff,0x1e,0xf4,0x60,0x79,0x30,0xff,0x0a,0x3f,0x05,0xff,0x1c,
  0xf3,0x30,0x40,0x77,0x40,0x30,0xff,0x0a,0x3f,0x02,0xff,0x20,0xf3,0x30,0x77,0x60,0xff,0x4e,0xf3,0x60,0x76,0x60,0xff,0x4f,
  0xf3,0x60,0x75,0x30,0xff,0x50,0xf3,0x40,0x74,0x30,0xff,0x51,0xf3,0x74,0x30,0xff,0x52,0xf2,0x30,0x73,0x30,0xff,0x53,0xf2,
  0x30,0x72,0x30,0xff,0x54,0xf2,0x60,0x71,0x30,0xff,0x55,0xf2,0x60,0x70,0x30,0xff,0x56,0xf2,0x60,0x30,0xff,0x57,0x62,0x60,
  0x67,0x60,0x70,0x60,0x7a,0x60,0x84,0x60,0x8d,0x60,0x95,0x60,0x9f,0x60,0xad,0x60,0xbe,0x60,0xcc,0x60,0xda,0x60,0xe8,0x60,
  0xf2,0x60,0xfc,0x60,0x07,0x61,0x0e,0x61,0x18,0x61,0x24,0x61,0x2d,0x61,0x35,0x61,0x3e,0x61,0x46,0x61,0x4f,0x61,0x59,0x61,
  0x62,0x61,0x6b,0x61,0x79,0x61,0x8c,0x61,0x9e,0x61,0xb1,0x61,0xc2,0x61,0xd1,0x61,0xdc,0x61,0xe6,0x61,0xee,0x61,0xf8,0x61,
  0x04,0x62,0x11,0x62,0x1e,0x62,0x28,0x62,0x34,0x62,0x3a,0x62,0x40,0x62,0x46,0x62,0x4c,0x62,0x51,0x62,0x57,0x62,0x5d,0x62,
  0x63,0x62,0x69,0x62,
};

static const ColorFace CESIA_FACE = {
  CESIA_FACE_BLOB, CESIA_FACE_LUT, 0xeb8d, 142,
  { 0, 0, 320, 240, 2908, 0 },
  {
    { 0, 0, 0, 0, 0, 0 },  // OPEN
    { 77, 58, 165, 39, 4266, 0 },  // B2
    { 76, 61, 165, 41, 5132, 0 },  // B3
    { 76, 58, 165, 40, 5909, 0 },  // B4
    { 76, 63, 165, 58, 6837, 0 },  // B5
    { 76, 62, 165, 64, 7934, 0 },  // B6
    { 63, 40, 198, 86, 10255, 0 },  // T_ENOJADA
    { 19, 62, 290, 80, 11611, 0 },  // T_FELIZ
    { 59, 27, 201, 45, 12409, 0 },  // T_SORPRESA
    { 67, 42, 194, 42, 13232, 0 },  // T_TRISTE
    { 76, 61, 165, 41, 5132, 0 },  // T_FRUSTRADO
  },
  {
    { 0, 0, 0, 0, 0, 0 },  // OPEN
    { 0, 0, 0, 0, 0, 0 },  // B2
    { 0, 0, 0, 0, 0, 0 },  // B3
    { 0, 0, 0, 0, 0, 0 },  // B4
    { 0, 0, 0, 0, 0, 0 },  // B5
    { 0, 0, 0, 0, 0, 0 },  // B6
    { 0, 0, 0, 0, 0, 0 },  // T_ENOJADA (X_ENOJADA)
    { 26, 142, 277, 29, 13459, 0 },  // T_FELIZ (X_FELIZ)
    { 0, 0, 0, 0, 0, 0 },  // T_SORPRESA (X_SORPRESA)
    { 0, 0, 0, 0, 0, 0 },  // T_TRISTE (X_TRISTE)
    { 0, 0, 0, 0, 0, 0 },  // T_FRUSTRADO
  },
  {
    { 0, 0, 0, 0, 0, 0 },  // REST
    { 118, 161, 97, 60, 14290, 0 },  // V_AEI
    { 112, 169, 106, 38, 14813, 0 },  // V_BMP
    { 119, 159, 106, 58, 15602, 0 },  // V_CDG
    { 117, 165, 104, 57, 16434, 0 },  // V_CHJ
    { 116, 166, 107, 45, 17089, 0 },  // V_F
    { 117, 165, 105, 65, 18028, 0 },  // V_L
    { 119, 157, 98, 68, 18933, 0 },  // V_O
    { 119, 159, 103, 59, 19740, 0 },  // V_QW
    { 119, 161, 106, 57, 20621, 0 },  // V_R
    { 119, 159, 100, 63, 21420, 0 },  // V_U
    { 116, 155, 125, 69, 22424, 0 },  // M_ENOJADA
    { 119, 150, 104, 83, 23518, 0 },  // M_FELIZ
    { 119, 155, 94, 77, 24520, 0 },  // M_SORPRESA
    { 119, 168, 108, 51, 25198, 0 },  // M_TRISTE
  },
};
