/*
  Cara de Cori a color: GENERADO por tools/make_face_sprites.py
  desde los SVG de assets/img/cori/. No editar a mano: volver a correr la
  herramienta. Formato y capas: ver face_sprite.h.

  split = 140 (filas < split: ojos/cejas; >= split: boca)
  blob = 21187 bytes, parpadeo = Cara 1 + 2, 3, 4, 5, 6
*/

#pragma once

#include "face_sprite.h"

// RGB565 con el byte swap ya hecho (listo para SPI); el 15 no se usa (transparente).
static const uint16_t CORI_FACE_LUT[16] = { 0x7056, 0xffff, 0x7df7, 0x1c8f, 0x515e, 0xd2f4, 0x8deb, 0xae7c, 0x0bcb, 0x2681, 0x09a0, 0x0358, 0xe521, 0xc318, 0x6108, 0x0000 };

static const uint8_t CORI_FACE_BLOB[21187] = {
  0x0f,0xff,0x0f,0x21,0x0f,0x5f,0x75,0x0f,0xbb,0x0f,0x57,0x70,0xc2,0xdc,0xc2,0x70,0x0f,0x39,0x70,0xc3,0xda,0xc3,0x70,0x0f,
  0x56,0x0f,0x54,0xc1,0xdf,0x08,0xc1,0x0f,0x30,0x70,0xc1,0xdf,0x08,0xc1,0x70,0x0f,0x52,0x0f,0x51,0xc1,0xdf,0x0e,0xc1,0x0f,
  0x29,0x70,0xc0,0xdf,0x11,0xc1,0x0f,0x4f,0x0f,0x4e,0x70,0xc0,0xdf,0x14,0xc1,0x0f,0x23,0xc1,0xdf,0x17,0xc0,0x70,0x0f,0x4c,
  0x0f,0x4c,0x70,0xc0,0xdf,0x19,0xc0,0x0f,0x1e,0x70,0xc0,0xdf,0x1c,0xc0,0x70,0x0f,0x4a,0x0f,0x4a,0x70,0xc0,0xdf,0x1d,0x0f,
  0x1c,0x70,0xdf,0x20,0xc0,0x70,0x0f,0x48,0x0f,0x49,0xc0,0xdf,0x01,0xc6,0xdf,0x07,0xc0,0x0f,0x1b,0xdf,0x0c,0xc4,0xdf,0x02,
  0xc0,0x0f,0x47,0x0f,0x47,0x70,0xc0,0xdb,0xc1,0x70,0x0c,0x70,0xc1,0xdf,0x02,0x0f,0x1a,0x70,0xdf,0x04,0xc1,0x71,0x0c,0x70,
  0xc2,0xdb,0xc0,0x0f,0x45,0x0f,0x46,0xc0,0xda,0xc0,0x70,0x0f,0x05,0x70,0xc1,0xdd,0x0f,0x1a,0x70,0xdf,0x00,0xc0,0x70,0x0f,
  0x08,0x70,0xc0,0xd9,0xc0,0x0f,0x44,0x0f,0x45,0xc0,0xd8,0xc0,0x70,0x0f,0x0c,0xc0,0xdb,0x0f,0x1b,0xdb,0xc1,0x0f,0x0f,0x70,
  0xc0,0xd8,0x70,0x0f,0x42,0x0f,0x44,0xc0,0xd7,0xc0,0x0f,0x11,0x70,0xc0,0xd7,0xc0,0x0f,0x1b,0xc0,0xd7,0xc1,0x0f,0x14,0x70,
  0xc0,0xd7,0xc0,0x0f,0x41,0x0f,0x42,0x70,0xd7,0xc0,0x0f,0x16,0xc0,0xd4,0xc0,0x0f,0x1d,0xc0,0xd4,0xc0,0x0f,0x1a,0xc0,0xd6,
  0xc0,0x0f,0x40,0x0f,0x42,0xd6,0xc0,0x0f,0x1a,0xc2,0x70,0x0f,0x1f,0xc3,0x0f,0x1d,0x70,0xd6,0xc0,0x0f,0x3f,0x0f,0x41,0xd6,
  0xc0,0x0f,0x81,0xc0,0xd5,0xc0,0x0f,0x3e,0x0f,0x40,0xd5,0xc0,0x0f,0x84,0x70,0xd5,0x70,0x0f,0x3d,0x0f,0x3f,0xc0,0xd4,0xc0,
  0x0f,0x86,0x70,0xd5,0x0f,0x3d,0x0f,0x3e,0xc0,0xd4,0xc0,0x0f,0x89,0xc0,0xd4,0x0f,0x3c,0x0f,0x3d,0xc0,0xd4,0xc0,0x0f,0x8b,
  0xc0,0xd3,0xc0,0x0f,0x3b,0x0f,0x3d,0xd4,0xc0,0x0f,0x8d,0xc0,0xd3,0xc0,0x0f,0x3a,0x0f,0x3c,0xc0,0xd3,0xc0,0x0f,0x8f,0xd4,
  0x0f,0x3a,0x0f,0x3b,0xc0,0xd3,0xc0,0x0f,0x90,0x70,0xd3,0xc0,0x0f,0x39,0x0f,0x3b,0xd3,0xc0,0x0f,0x92,0xc0,0xd3,0x70,0x0f,
  0x38,0x0f,0x3a,0xc0,0xd3,0x0f,0x94,0xc0,0xd2,0xc0,0x0f,0x38,0x0f,0x3a,0xd3,0xc0,0x0f,0x95,0xc0,0xd2,0xc0,0x0f,0x37,0x0f,
  0x39,0xc0,0xd2,0xc0,0x0f,0x96,0x70,0xd3,0x0f,0x37,0x0f,0x39,0xd3,0x0f,0x0c,0xc2,0xd0,0xe4,0xd0,0xc1,0x70,0x0f,0x6f,0xc0,
  0xd2,0xc0,0x0f,0x36,0x0f,0x38,0xc0,0xd2,0xc0,0x0f,0x09,0xc0,0xd0,0xe0,0xd0,0xc0,0x71,0x50,0x31,0x50,0x72,0xc0,0xe1,0xc0,
  0x70,0x0f,0x40,0xc1,0xd0,0xe6,0xd0,0xc1,0x0f,0x10,0xd2,0xc0,0x0f,0x36,0x0f,0x38,0xd3,0x0f,0x07,0x70,0xd0,0xe0,0xc0,0x70,
  0x20,0x1b,0x20,0x71,0xe1,0xc0,0x0f,0x3b,0xc0,0xd0,0xe0,0xd0,0x71,0x50,0x30,0x23,0x50,0x71,0xd0,0xe1,0xc0,0x0f,0x0d,0xc0,
  0xd1,0xc0,0x0f,0x36,0x0f,0x38,0xd2,0xc0,0x0f,0x05,0x70,0xd0,0xe0,0x70,0x20,0x1f,0x02,0x20,0x70,0xd0,0xe0,0xc0,0x0f,0x37,
  0xc0,0xe0,0xc0,0x70,0x20,0x1c,0x20,0x70,0xc0,0xe0,0xc0,0x70,0x0f,0x54,0x0f,0x38,0xc0,0xd0,0xc0,0x0f,0x05,0xc0,0xe0,0x70,
  0x20,0x1f,0x06,0x20,0x70,0xe0,0xd0,0x0f,0x34,0xc0,0xe0,0xc0,0x30,0x1f,0x03,0x20,0x70,0xe0,0xc0,0x0f,0x53,0x0f,0x4f,0xd1,
  0x30,0x1f,0x0a,0x20,0xc0,0xe0,0xc0,0x0f,0x30,0xc0,0xe0,0xc0,0x20,0x1f,0x07,0x20,0xc0,0xe0,0xc0,0x0f,0x51,0x0f,0x4d,0x70,
  0xe0,0x70,0x20,0x1f,0x0d,0x70,0xe0,0xc0,0x0f,0x2e,0xc0,0xe0,0x70,0x1f,0x0b,0x50,0xd1,0x0f,0x50,0x0f,0x4c,0xc0,0xe0,0x70,
  0x1f,0x10,0x20,0xd0,0xc0,0x0f,0x2c,0xd0,0xc0,0x20,0x1f,0x0d,0x20,0xc0,0xe0,0x70,0x0f,0x4e,0x0f,0x4b,0xc0,0xe0,0x70,0x1f,
  0x12,0x20,0xd0,0xc0,0x0f,0x2a,0xe0,0xc0,0x20,0x1f,0x10,0x70,0xe0,0x70,0x0f,0x4d,0x0f,0x4a,0xc0,0xe0,0x70,0x1f,0x14,0x20,
  0xd0,0xc0,0x0f,0x28,0xe0,0x70,0x1f,0x13,0x70,0xe0,0x70,0x0f,0x4c,0x0f,0x49,0x70,0xe0,0x70,0x1f,0x02,0x22,0x1f,0x01,0x20,
  0xd0,0xc0,0x0f,0x26,0xe0,0x70,0x1c,0x22,0x52,0x22,0x1e,0x70,0xe0,0x70,0x0f,0x4b,0x0f,0x49,0xe0,0x70,0x1c,0x21,0x51,0x65,
  0x52,0x20,0x1c,0x30,0xe0,0x70,0x0f,0x24,0xd0,0xc0,0x1a,0x20,0x50,0x69,0x51,0x20,0x1c,0x70,0xe0,0x0f,0x4b,0x0f,0x48,0xc1,
  0x1b,0x20,0x50,0x6d,0x50,0x20,0x1b,0x70,0xe0,0x0f,0x23,0xc1,0x20,0x17,0x20,0x50,0x6f,0x00,0x50,0x20,0x1b,0xc0,0xd0,0x0f,
  0x4a,0x0f,0x47,0xc0,0xe0,0x20,0x19,0x20,0x50,0x6f,0x03,0x50,0x1a,0xc1,0x0f,0x21,0xc0,0xe0,0x20,0x17,0x50,0x6f,0x04,0x50,
  0x20,0x19,0x20,0xd0,0xc0,0x0f,0x49,0x0f,0x47,0xe0,0x70,0x19,0x50,0x6f,0x06,0x50,0x20,0x18,0x20,0xe0,0x70,0x0f,0x20,0xe0,
  0x70,0x16,0x20,0x50,0x6f,0x07,0x50,0x19,0x50,0xe0,0x0f,0x49,0x0f,0x46,0xc0,0xd0,0x20,0x17,0x20,0x50,0x6f,0x09,0x20,0x18,
  0x70,0xd0,0x0f,0x1f,0xc1,0x16,0x20,0x6f,0x0a,0x50,0x20,0x18,0xc1,0x0f,0x48,0x0f,0x46,0xe0,0x70,0x17,0x20,0x6f,0x0c,0x50,
  0x17,0x20,0xe0,0xc0,0x0f,0x1e,0xe0,0x30,0x15,0x50,0x6f,0x0d,0x20,0x17,0x20,0xe0,0x70,0x0f,0x47,0x0f,0x45,0xc0,0xd0,0x17,
  0x20,0x6f,0x0e,0x50,0x17,0x70,0xd0,0x0f,0x1d,0xc1,0x15,0x20,0x6f,0x0f,0x20,0x17,0x70,0xd0,0x0f,0x47,0x0f,0x45,0xe0,0x70,
  0x16,0x20,0x6c,0x80,0x94,0x80,0x6b,0x20,0x16,0x20,0xe0,0x70,0x0f,0x1c,0xe0,0x30,0x14,0x20,0x6b,0x80,0x90,0xc0,0xd2,0xc0,
  0x90,0x80,0x6a,0x50,0x17,0x20,0xe0,0x70,0x0f,0x46,0x0f,0x44,0x70,0xe0,0x20,0x16,0x50,0x63,0x50,0x22,0x50,0x60,0x80,0x90,
  0xd7,0xc0,0x80,0x6a,0x20,0x16,0xc1,0x0f,0x1b,0xc1,0x14,0x20,0x63,0x50,0x20,0x12,0x20,0x50,0x90,0xd9,0xc0,0x80,0x69,0x50,
  0x17,0xc1,0x0f,0x46,0x0f,0x44,0xc1,0x16,0x50,0x62,0x50,0x15,0x20,0x70,0xda,0x90,0x80,0x68,0x50,0x16,0x70,0xe0,0x0f,0x1b,
  0xe0,0x70,0x14,0x50,0x62,0x20,0x16,0x30,0xc0,0xda,0x90,0x69,0x20,0x16,0x30,0xe0,0x0f,0x46,0x0f,0x44,0xe0,0x70,0x15,0x20,
  0x62,0x20,0x18,0x70,0xdb,0x80,0x68,0x50,0x15,0x20,0xe0,0x70,0x0f,0x19,0x70,0xe0,0x20,0x13,0x20,0x62,0x20,0x18,0x20,0xdb,
  0x90,0x68,0x50,0x17,0xd0,0xc0,0x0f,0x45,0x0f,0x44,0xe0,0x20,0x15,0x50,0x61,0x50,0x1a,0xc0,0xdb,0x80,0x68,0x20,0x15,0xc1,
  0x0f,0x19,0xc1,0x14,0x50,0x61,0x50,0x1a,0x70,0xdb,0x90,0x68,0x20,0x16,0x70,0xc0,0x0f,0x45,0x0f,0x43,0xc1,0x15,0x20,0x62,
  0x20,0x1a,0x70,0xdb,0xc0,0x68,0x50,0x15,0x70,0xd0,0x0f,0x19,0xd0,0x70,0x13,0x20,0x62,0x20,0x1a,0x20,0xdc,0x80,0x67,0x50,
  0x16,0x50,0xe0,0x0f,0x45,0x0f,0x43,0xc0,0x70,0x15,0x50,0x61,0x50,0x1b,0x20,0xdc,0x90,0x68,0x15,0x30,0xe0,0x0f,0x19,0xe0,
  0x20,0x13,0x50,0x61,0x50,0x1c,0xc0,0xdb,0xc0,0x68,0x20,0x15,0x20,0xe0,0x0f,0x45,0x0f,0x43,0xd0,0x70,0x15,0x62,0x50,0x1c,
  0xc0,0xdc,0x80,0x67,0x20,0x14,0x20,0xe0,0x0f,0x18,0x70,0xe0,0x14,0x62,0x50,0x1c,0x70,0xdc,0x80,0x67,0x50,0x16,0xc1,0x0f,
  0x44,0x0f,0x43,0xe0,0x30,0x14,0x20,0x62,0x50,0x1c,0xc0,0xdc,0x90,0x67,0x50,0x15,0xe0,0x70,0x0f,0x17,0xc1,0x13,0x20,0x62,
  0x50,0x1c,0xc0,0xdc,0xc0,0x67,0x50,0x16,0xc1,0x0f,0x44,0x0f,0x43,0xe0,0x20,0x14,0x50,0x62,0x50,0x1c,0xdd,0xc0,0x67,0x50,
  0x15,0xc1,0x0f,0x17,0xc1,0x13,0x50,0x63,0x1c,0xc0,0xdd,0x80,0x67,0x16,0x70,0xc0,0x0f,0x44,0x0f,0x43,0xe0,0x20,0x14,0x50,
  0x63,0x1b,0x30,0xde,0x80,0x67,0x15,0xc1,0x0f,0x17,0xc0,0x70,0x13,0x50,0x63,0x20,0x1a,0x30,0xde,0x80,0x67,0x20,0x15,0x70,
  0xd0,0x0f,0x44,0x0f,0x43,0xe0,0x15,0x50,0x63,0x50,0x1a,0xc0,0xde,0x80,0x67,0x20,0x14,0xc1,0x0f,0x17,0xd0,0x70,0x13,0x50,
  0x63,0x50,0x1a,0xc0,0xde,0x90,0x67,0x20,0x15,0x70,0xe0,0x0f,0x44,0x0f,0x42,0x70,0xe0,0x15,0x65,0x20,0x18,0x70,0xdf,0x00,
  0x90,0x67,0x20,0x14,0x70,0xc0,0x0f,0x17,0xd0,0x70,0x13,0x50,0x64,0x50,0x18,0x70,0xdf,0x00,0x90,0x67,0x20,0x15,0x50,0xe0,
  0x0f,0x44,0x0f,0x42,0x70,0xe0,0x15,0x62,0x53,0x20,0x16,0x70,0xdf,0x01,0x90,0x53,0x63,0x20,0x14,0xc1,0x0f,0x17,0xd0,0x70,
  0x13,0x50,0x61,0x54,0x20,0x14,0x20,0xc0,0xdf,0x01,0x90,0x54,0x62,0x50,0x15,0x30,0xe0,0x0f,0x44,0x0f,0x43,0xe0,0x20,0x14,
  0x61,0x56,0x70,0x22,0x70,0xc0,0xdf,0x02,0x70,0x54,0x62,0x20,0x14,0xc1,0x0f,0x17,0xd0,0x70,0x13,0x50,0x61,0x55,0xc0,0x72,
  0xc0,0xdf,0x03,0x90,0x55,0x61,0x20,0x15,0x30,0xe0,0x0f,0x44,0x0f,0x43,0xe0,0x20,0x14,0x61,0x56,0xdf,0x08,0x80,0x55,0x61,
  0x20,0x14,0xc1,0x0f,0x17,0xd0,0x70,0x13,0x50,0x60,0x56,0xc0,0xdf,0x07,0x70,0x55,0x61,0x20,0x15,0x50,0xe0,0x0f,0x44,0x0f,
  0x43,0xe0,0x20,0x14,0x50,0x60,0x56,0xdf,0x08,0x80,0x55,0x61,0x20,0x14,0xd0,0xc0,0x0f,0x17,0xc0,0x70,0x13,0x50,0x60,0x56,
  0xc0,0xdf,0x07,0x80,0x55,0x61,0x20,0x15,0x70,0xd0,0x0f,0x44,0x0f,0x43,0xe0,0x70,0x14,0x50,0x60,0x56,0x90,0xdf,0x07,0x56,
  0x61,0x15,0xe0,0x70,0x0f,0x17,0xc0,0x70,0x13,0x50,0x60,0x56,0x70,0xdf,0x07,0x56,0x61,0x20,0x15,0x70,0xc0,0x0f,0x44,0x0f,
  0x43,0xc0,0x70,0x14,0x50,0x60,0x56,0x80,0xdf,0x06,0x90,0x55,0x61,0x50,0x14,0x20,0xe0,0x0f,0x18,0xc1,0x13,0x20,0x61,0x56,
  0xdf,0x06,0xc0,0x56,0x60,0x50,0x16,0x70,0xc0,0x0f,0x44,0x0f,0x43,0xc1,0x14,0x20,0x60,0x57,0xdf,0x06,0x80,0x55,0x61,0x50,
  0x14,0x70,0xe0,0x0f,0x18,0xc0,0xd0,0x14,0x61,0x56,0x90,0xdf,0x05,0x80,0x56,0x60,0x50,0x16,0xc1,0x0f,0x44,0x0f,0x43,0x70,
  0xe0,0x15,0x60,0x57,0x70,0xdf,0x04,0xc0,0x56,0x61,0x20,0x14,0x70,0xc0,0x0f,0x19,0xe0,0x20,0x13,0x50,0x60,0x56,0x60,0xdf,
  0x04,0xc0,0x57,0x60,0x20,0x16,0xe0,0x70,0x0f,0x44,0x0f,0x44,0xe0,0x20,0x14,0x50,0x60,0x57,0xc0,0xdf,0x03,0x80,0x56,0x61,
  0x15,0xd0,0xc0,0x0f,0x19,0xe0,0x70,0x13,0x20,0x60,0x57,0x90,0xdf,0x03,0x57,0x61,0x16,0x30,0xe0,0x0f,0x45,0x0f,0x44,0xd0,
  0x70,0x14,0x20,0x60,0x58,0xdf,0x02,0x70,0x56,0x61,0x50,0x14,0x20,0xe0,0x0f,0x1a,0xc0,0x70,0x14,0x50,0x60,0x57,0xc0,0xdf,
  0x01,0x80,0x57,0x60,0x50,0x16,0x70,0xd0,0x0f,0x45,0x0f,0x44,0xc0,0xd0,0x15,0x59,0x80,0xdf,0x00,0x90,0x57,0x61,0x20,0x14,
  0x70,0xd0,0x0f,0x1a,0xc0,0xd0,0x14,0x20,0x60,0x58,0xc0,0xde,0x80,0x58,0x60,0x17,0xc1,0x0f,0x45,0x0f,0x45,0xe0,0x20,0x14,
  0x20,0x60,0x58,0x80,0xdd,0x90,0x58,0x60,0x50,0x15,0xd0,0xc0,0x0f,0x1b,0xe0,0x30,0x14,0x50,0x60,0x58,0x90,0xdb,0xc0,0x80,
  0x58,0x60,0x20,0x16,0x20,0xe0,0x0f,0x46,0x0f,0x45,0xc1,0x15,0x50,0x60,0x59,0x90,0xd9,0xc0,0x80,0x58,0x60,0x50,0x15,0x70,
  0xe0,0x0f,0x1c,0xc0,0x70,0x14,0x20,0x60,0x59,0x60,0xc0,0xd8,0x90,0x59,0x60,0x50,0x17,0x70,0xd0,0x0f,0x46,0x0f,0x45,0x70,
  0xe0,0x20,0x15,0x5c,0x90,0xc0,0xd4,0x90,0x80,0x59,0x61,0x20,0x15,0xc1,0x0f,0x1c,0x70,0xe0,0x20,0x14,0x50,0x60,0x5b,0x70,
  0x90,0xc1,0x91,0x80,0x5b,0x60,0x20,0x16,0x20,0xe0,0xc0,0x0f,0x46,0x0f,0x46,0xd0,0x70,0x15,0x20,0x60,0x5f,0x0d,0x61,0x50,
  0x15,0x30,0xe0,0x0f,0x1e,0xd0,0x70,0x15,0x50,0x60,0x5f,0x0d,0x60,0x20,0x17,0x70,0xe0,0x0f,0x47,0x0f,0x46,0x70,0xe0,0x20,
  0x15,0x20,0x60,0x5f,0x0b,0x61,0x50,0x16,0xc1,0x0f,0x1e,0xc0,0xe0,0x20,0x15,0x50,0x60,0x5f,0x0b,0x60,0x20,0x17,0x20,0xd0,
  0xc0,0x0f,0x47,0x0f,0x47,0xc1,0x16,0x20,0x60,0x5f,0x09,0x61,0x50,0x16,0x70,0xe0,0x0f,0x20,0xd0,0x70,0x16,0x50,0x60,0x5f,
  0x09,0x60,0x20,0x18,0x70,0xe0,0x0f,0x48,0x0f,0x48,0xe0,0x70,0x16,0x20,0x5f,0x08,0x61,0x20,0x16,0x20,0xe0,0xc0,0x0f,0x20,
  0x70,0xe0,0x30,0x16,0x50,0x60,0x5f,0x08,0x20,0x18,0x20,0xe0,0xc0,0x0f,0x48,0x0f,0x48,0xc0,0xe0,0x20,0x17,0x50,0x60,0x5f,
  0x03,0x61,0x50,0x20,0x17,0xc1,0x0f,0x22,0xc0,0xd0,0x20,0x16,0x20,0x50,0x60,0x5f,0x03,0x60,0x50,0x1a,0xc1,0x0f,0x49,0x0f,
  0x49,0xc0,0xd0,0x20,0x17,0x20,0x50,0x60,0x5e,0x62,0x50,0x18,0x70,0xe0,0x0f,0x24,0xd0,0x70,0x18,0x20,0x50,0x60,0x5e,0x60,
  0x50,0x20,0x1a,0x70,0xe0,0x0f,0x4a,0x0f,0x4a,0xd0,0xc0,0x20,0x18,0x20,0x50,0x61,0x58,0x62,0x51,0x19,0x70,0xe0,0x0f,0x26,
  0xe0,0x70,0x19,0x20,0x50,0x61,0x58,0x60,0x51,0x20,0x1b,0x70,0xe0,0x70,0x0f,0x4a,0x0f,0x4b,0xd0,0xc0,0x20,0x19,0x21,0x51,
  0x65,0x52,0x20,0x1a,0x70,0xe0,0x70,0x0f,0x26,0x70,0xe0,0x50,0x1b,0x20,0x57,0x21,0x1d,0x20,0xe0,0xc0,0x0f,0x4b,0x0f,0x4c,
  0xd0,0xc0,0x20,0x1d,0x23,0x1e,0x70,0xe0,0x70,0x0f,0x28,0xc0,0xe0,0x50,0x1f,0x13,0x30,0xe0,0xc0,0x0f,0x4c,0x0f,0x4d,0xd1,
  0x20,0x1f,0x0e,0x20,0xc0,0xe0,0x70,0x0f,0x2a,0xc0,0xe0,0x70,0x1f,0x11,0x30,0xe0,0xc0,0x0f,0x4d,0x0f,0x4e,0xc0,0xe0,0x70,
  0x1f,0x0c,0x20,0xc0,0xd0,0x0f,0x2d,0xc0,0xe0,0x70,0x1f,0x0f,0x70,0xe0,0xc0,0x0f,0x4e,0x0f,0x4f,0xc0,0xe0,0xc0,0x20,0x1f,
  0x08,0x20,0x70,0xe0,0xc0,0x0f,0x2f,0x70,0xe0,0xc0,0x20,0x1f,0x0b,0x20,0xc0,0xe0,0x70,0x0f,0x4f,0x0f,0x51,0xc0,0xe0,0x70,
  0x20,0x1f,0x05,0x70,0xd0,0xe0,0x70,0x0f,0x32,0xc0,0xe0,0x70,0x1f,0x09,0x70,0xd1,0x0f,0x51,0x0f,0x52,0x70,0xd0,0xe0,0xc0,
  0x30,0x1f,0x00,0x20,0x70,0xd0,0xe0,0xc0,0x0f,0x35,0xc0,0xe0,0xd0,0x70,0x1f,0x05,0x50,0xc0,0xe0,0xc0,0x0f,0x52,0x0f,0x54,
  0x70,0xc0,0xe0,0xd0,0x71,0x20,0x17,0x20,0x30,0x70,0xc0,0xe0,0xd0,0xc0,0x0f,0x39,0xc0,0xe0,0xd0,0x70,0x20,0x1e,0x20,0x70,
  0xd0,0xe0,0xc0,0x0f,0x54,0x0f,0x57,0xc1,0xe2,0xc5,0xe2,0xc1,0x0f,0x3e,0xc0,0xd0,0xe0,0xc0,0x71,0x20,0x16,0x20,0x50,0x70,
  0xc0,0xe0,0xd0,0xc0,0x0f,0x56,0x0f,0x5b,0x70,0xc5,0x70,0x0f,0x45,0xc1,0xe2,0xd1,0xc0,0xd1,0xe2,0xc1,0x0f,0x59,0x0f,0xbc,
  0x71,0xc2,0x71,0x0f,0x5d,0x0f,0x3c,0x49,0x0f,0xda,0x0f,0x39,0x4f,0x01,0x0f,0x81,0x49,0x0f,0x3b,0x0f,0x36,0x4f,0x06,0x0f,
  0x7c,0x4f,0x01,0x0f,0x37,0x0f,0x35,0x4f,0x08,0x0f,0x78,0x4f,0x06,0x0f,0x35,0x0f,0x33,0x4f,0x0b,0x0f,0x76,0x4f,0x08,0x0f,
  0x34,0x0f,0x32,0x4f,0x0d,0x0f,0x73,0x4f,0x0b,0x0f,0x33,0x0f,0x31,0x4f,0x0f,0x0f,0x71,0x4f,0x0d,0x0f,0x32,0x0f,0x31,0x4f,
  0x10,0x0f,0x6f,0x4f,0x10,0x0f,0x30,0x0f,0x30,0x4f,0x12,0x0f,0x6d,0x4f,0x11,0x0f,0x30,0x0f,0x30,0x4f,0x12,0x0f,0x6c,0x4f,
  0x13,0x0f,0x2f,0x0f,0x2f,0x4f,0x13,0x0f,0x6c,0x4f,0x14,0x0f,0x2e,0x0f,0x2f,0x4f,0x13,0x0f,0x6b,0x4f,0x14,0x0f,0x2f,0x0f,
  0x2f,0x4f,0x13,0x0f,0x6b,0x4f,0x15,0x0f,0x2e,0x0f,0x30,0x4f,0x11,0x0f,0x6c,0x4f,0x14,0x0f,0x2f,0x0f,0x30,0x4f,0x11,0x0f,
  0x6c,0x4f,0x15,0x0f,0x2e,0x0f,0x31,0x4f,0x0f,0x0f,0x6d,0x4f,0x13,0x0f,0x30,0x0f,0x31,0x4f,0x0f,0x0f,0x6e,0x4f,0x12,0x0f,
  0x30,0x0f,0x32,0x4f,0x0e,0x0f,0x6f,0x4f,0x10,0x0f,0x31,0x0f,0x33,0x4f,0x0b,0x0f,0x71,0x4f,0x0f,0x0f,0x32,0x0f,0x34,0x4f,
  0x09,0x0f,0x73,0x4f,0x0d,0x0f,0x33,0x0f,0x35,0x4f,0x08,0x0f,0x74,0x4f,0x0b,0x0f,0x34,0x0f,0x37,0x4f,0x04,0x0f,0x77,0x4f,
  0x09,0x0f,0x35,0x0f,0x39,0x4e,0x0f,0x7c,0x4f,0x06,0x0f,0x36,0x0f,0x3c,0x47,0x0f,0x82,0x4f,0x01,0x0f,0x39,0x0f,0xda,0x49,
  0x0f,0x3c,0x0f,0x85,0x40,0x75,0x40,0x0a,0x40,0x71,0x82,0x71,0x0f,0x80,0x0f,0x82,0x40,0x70,0x69,0x70,0x06,0x40,0x70,0x68,
  0x80,0x70,0x0f,0x7d,0x0f,0x80,0x40,0x70,0x6d,0x70,0x03,0x70,0x6d,0x70,0x40,0x0f,0x7a,0x0f,0x7f,0x70,0x6f,0x01,0x70,0x01,
  0x80,0x6f,0x01,0x70,0x40,0x0f,0x78,0x0f,0x7d,0x70,0x6f,0x04,0x70,0x80,0x6f,0x04,0x70,0x0f,0x77,0x0f,0x7b,0x70,0x6f,0x1e,
  0x40,0x0f,0x75,0x0f,0x79,0x70,0x6f,0x21,0x70,0x40,0x0f,0x73,0x0f,0x76,0x71,0x6f,0x25,0x70,0x40,0x08,0x40,0x0f,0x67,0x0f,
  0x72,0x40,0x70,0x80,0x6f,0x2b,0x75,0x81,0x70,0x0f,0x67,0x0f,0x6d,0x40,0x71,0x80,0x6f,0x35,0x81,0x70,0x0f,0x67,0x0f,0x6e,
  0x81,0x6f,0x34,0x83,0x0f,0x68,0x0f,0x6e,0x40,0x82,0x6f,0x30,0x84,0x40,0x0f,0x68,0x0f,0x6f,0x40,0x84,0x6f,0x2b,0x85,0x70,
  0x0f,0x69,0x0f,0x70,0x70,0x88,0x6f,0x23,0x88,0x40,0x0f,0x69,0x0f,0x71,0x70,0x8e,0x66,0x88,0x63,0x84,0x6f,0x00,0x8a,0x70,
  0x0f,0x6a,0x0f,0x72,0x70,0x8f,0x32,0x0f,0x6b,0x0f,0x73,0x70,0x8f,0x30,0x40,0x0f,0x6b,0x0f,0x74,0x70,0x8f,0x2e,0x70,0x0f,
  0x6c,0x0f,0x75,0x40,0x8f,0x2c,0x70,0x0f,0x6d,0x0f,0x77,0x8f,0x2a,0x70,0x0f,0x6e,0x0f,0x78,0x70,0x8f,0x27,0x70,0x0f,0x6f,
  0x0f,0x79,0x70,0x8f,0x25,0x70,0x0f,0x70,0x0f,0x7a,0x40,0x70,0x8f,0x22,0x40,0x0f,0x71,0x0f,0x7c,0x70,0x8f,0x1f,0x70,0x0f,
  0x73,0x0f,0x7e,0x70,0x8f,0x1c,0x70,0x0f,0x74,0x0f,0x7f,0x40,0x70,0x8f,0x18,0x70,0x0f,0x76,0x0f,0x81,0x40,0x70,0x8f,0x14,
  0x70,0x40,0x0f,0x77,0x0f,0x84,0x70,0x8f,0x10,0x70,0x0f,0x7a,0x0f,0x86,0x40,0x71,0x8f,0x08,0x71,0x40,0x0f,0x7c,0x0f,0x8a,
  0x72,0x8f,0x00,0x71,0x40,0x0f,0x80,0x0f,0x8f,0x41,0x77,0x41,0x0f,0x85,0x00,0x00,0x00,0x00,0x00,0x00,0x00,0x00,0x00,0x00,
  0x00,0x00,0x00,0x00,0x00,0x00,0x00,0x00,0x00,0x00,0x00,0x00,0x00,0x00,0x00,0x00,0x00,0x00,0x00,0x00,0x00,0x00,0x00,0x00,
  0x00,0x00,0x00,0x00,0x00,0x00,0x00,0x00,0x00,0x00,0x00,0x00,0x00,0x00,0x00,0x00,0x00,0x00,0x00,0x00,0x00,0x00,0x00,0x00,
  0x00,0x00,0x00,0x00,0x00,0x00,0x00,0x00,0x00,0x00,0x00,0x00,0x00,0x00,0x00,0x00,0x04,0x00,0x09,0x00,0x19,0x00,0x29,0x00,
  0x38,0x00,0x48,0x00,0x59,0x00,0x68,0x00,0x7b,0x00,0x95,0x00,0xaf,0x00,0xc5,0x00,0xdd,0x00,0xf3,0x00,0x05,0x01,0x10,0x01,
  0x1b,0x01,0x26,0x01,0x31,0x01,0x3d,0x01,0x48,0x01,0x52,0x01,0x5e,0x01,0x69,0x01,0x74,0x01,0x7f,0x01,0x8a,0x01,0x9c,0x01,
  0xbe,0x01,0xe4,0x01,0x06,0x02,0x25,0x02,0x3d,0x02,0x53,0x02,0x6a,0x02,0x80,0x02,0x95,0x02,0xb0,0x02,0xcd,0x02,0xe9,0x02,
  0x07,0x03,0x24,0x03,0x3f,0x03,0x5b,0x03,0x74,0x03,0x9a,0x03,0xc4,0x03,0xea,0x03,0x10,0x04,0x32,0x04,0x55,0x04,0x78,0x04,
  0x99,0x04,0xbb,0x04,0xda,0x04,0xfb,0x04,0x1d,0x05,0x42,0x05,0x6b,0x05,0x94,0x05,0xb7,0x05,0xdc,0x05,0xff,0x05,0x23,0x06,
  0x45,0x06,0x6a,0x06,0x8d,0x06,0xb2,0x06,0xd3,0x06,0xf8,0x06,0x1d,0x07,0x45,0x07,0x63,0x07,0x83,0x07,0xa0,0x07,0xbf,0x07,
  0xdf,0x07,0xff,0x07,0x20,0x08,0x3e,0x08,0x55,0x08,0x6b,0x08,0x81,0x08,0x9b,0x08,0xb2,0x08,0xce,0x08,0xed,0x08,0x06,0x09,
  0x16,0x09,0x00,0x00,0x00,0x00,0x00,0x00,0x00,0x00,0x00,0x00,0x00,0x00,0x00,0x00,0x00,0x00,0x1d,0x09,0x22,0x09,0x2b,0x09,
  0x35,0x09,0x3f,0x09,0x49,0x09,0x53,0x09,0x5d,0x09,0x67,0x09,0x71,0x09,0x71,0x09,0x7b,0x09,0x85,0x09,0x8f,0x09,0x99,0x09,
  0xa3,0x09,0x99,0x09,0xad,0x09,0xb7,0x09,0xc1,0x09,0xcb,0x09,0xd5,0x09,0xdf,0x09,0xe9,0x09,0xf3,0x09,0xfc,0x09,0x05,0x0a,
  0x00,0x00,0x00,0x00,0x00,0x00,0x00,0x00,0x00,0x00,0x00,0x00,0x00,0x00,0x00,0x00,0x00,0x00,0x00,0x00,0x00,0x00,0x00,0x00,
  0x0a,0x0a,0x16,0x0a,0x24,0x0a,0x31,0x0a,0x3f,0x0a,0x4b,0x0a,0x53,0x0a,0x5c,0x0a,0x67,0x0a,0x73,0x0a,0x7e,0x0a,0x86,0x0a,
  0x90,0x0a,0x9a,0x0a,0xa4,0x0a,0xb2,0x0a,0xb9,0x0a,0xc1,0x0a,0xc9,0x0a,0xd1,0x0a,0xd8,0x0a,0xe0,0x0a,0xe8,0x0a,0xf1,0x0a,
  0xf9,0x0a,0x01,0x0b,0x0a,0x0b,0x14,0x0b,0x1c,0x0b,0x26,0x0b,0x2f,0x0b,0x00,0x00,0x00,0x00,0x00,0x00,0x00,0x00,0x00,0x00,
  0x00,0x00,0x00,0x00,0x00,0x00,0x00,0x00,0x00,0x00,0x00,0x00,0x00,0x00,0x00,0x00,0x00,0x00,0x00,0x00,0x00,0x00,0x00,0x00,
  0x00,0x00,0x00,0x00,0x00,0x00,0x00,0x00,0x00,0x00,0x00,0x00,0x00,0x00,0x00,0x00,0x00,0x00,0x00,0x00,0x00,0x00,0x00,0x00,
  0x00,0x00,0x00,0x00,0x00,0x00,0x00,0x00,0x00,0x00,0x00,0x00,0x00,0x00,0xff,0x07,0x70,0xc1,0xd0,0xe1,0xd1,0xe1,0xd0,0xc1,
  0x70,0xff,0x66,0xff,0x04,0xc0,0xd1,0xc1,0x00,0xf7,0x70,0xc1,0xe0,0xc0,0x70,0xff,0x63,0xff,0x01,0x70,0xc0,0xd0,0xc0,0x00,
  0xff,0x00,0x70,0xc0,0xe0,0xc0,0xff,0x61,0xfe,0x70,0xc0,0xd0,0x70,0xff,0x06,0xc0,0xe0,0xc0,0xff,0x3d,0x70,0xc8,0x00,0xff,
  0x07,0xfd,0xc0,0xd0,0x70,0xf5,0x0c,0xf6,0xc0,0xd0,0xff,0x38,0x70,0xc0,0xe0,0xd0,0xc2,0x70,0xf1,0x72,0xc1,0xe0,0xd0,0xc0,
  0xff,0x04,0xfb,0x70,0xe0,0xc0,0xf4,0x0f,0x03,0xf4,0x70,0xe0,0xc0,0xff,0x33,0x00,0xc0,0xe0,0xc0,0x70,0x0c,0xf1,0xc0,0xd1,
  0xc0,0xff,0x01,0xfa,0xc0,0xd0,0xf3,0x0f,0x08,0xf4,0xc1,0xff,0x30,0x70,0xc0,0xd0,0xc0,0x0f,0x03,0xf0,0x00,0xc0,0xd0,0x70,
  0xfe,0xf9,0xc1,0xf2,0x0f,0x0c,0xf3,0xc1,0xff,0x2e,0xc0,0xd0,0x70,0x0f,0x08,0xf0,0xc1,0xfd,0xf8,0xc1,0xf2,0x0f,0x0e,0xf3,
  0xc1,0xff,0x2b,0xc0,0xe0,0xc0,0x0f,0x0c,0x70,0xe0,0x70,0xfb,0xf7,0xc1,0xf1,0x0f,0x12,0xf2,0xc1,0xff,0x29,0xc1,0x0f,0x0f,
  0xf0,0xd0,0xc0,0xfa,0xf6,0xc1,0xf1,0x0f,0x14,0xf2,0xd0,0x70,0xff,0x27,0xd0,0xc0,0x0f,0x11,0xf0,0xc1,0xf9,0xf5,0xc1,0xf1,
  0x0f,0x16,0xf2,0xe0,0xff,0x26,0xd0,0xc0,0x0f,0x14,0xc1,0xf8,0xf5,0xe0,0xf1,0x0f,0x18,0xf1,0x70,0xc0,0xff,0x24,0xd0,0x70,
  0x0f,0x16,0xc1,0xf7,0xf4,0xd0,0x70,0xf0,0x0f,0x1a,0xf1,0xc1,0xff,0x22,0xd0,0x70,0x0f,0x18,0xc1,0xf6,0xf3,0xc1,0xf0,0x0f,
  0x1c,0xf1,0xe0,0xff,0x21,0xc1,0x0f,0x1a,0xd0,0x70,0xf5,0xf3,0xe0,0xf1,0x0e,0x70,0xc1,0xd0,0xe3,0xd1,0xc1,0x70,0x0f,0x01,
  0xf0,0xc1,0xff,0x1f,0xc1,0x0f,0x1b,0xf0,0xd0,0xf5,0xf2,0xc1,0xf0,0x0c,0xc0,0xd1,0xc0,0x90,0x81,0xf4,0x81,0x90,0xc0,0xe0,
  0xd0,0xc0,0x0d,0xf1,0xe0,0xff,0x1f,0xd0,0x0f,0x1d,0xc1,0xf4,0xf2,0xe0,0xf0,0x0b,0xc0,0xd0,0x90,0x80,0xfe,0x80,0x90,0xd0,
  0xc0,0x70,0x0b,0xf0,0xc1,0xff,0x1d,0xd0,0x70,0x0f,0x1e,0xd0,0xf4,0xf1,0xc1,0xf0,0x08,0x70,0xc1,0x80,0xff,0x05,0x80,0xc0,
  0xd0,0x70,0x0a,0xf0,0xd0,0xff,0x1c,0xc1,0x0f,0x02,0x70,0xc7,0x70,0x0f,0x03,0x70,0xc0,0xf3,0xf1,0xc0,0x09,0xc1,0x50,0xff,
  0x09,0x80,0xc1,0x09,0xf0,0xd0,0xff,0x1c,0xe0,0x0e,0x70,0xc0,0xe0,0xd0,0xc0,0x97,0xc0,0xe0,0xd0,0xc0,0x70,0x0f,0x00,0xd0,
  0x00,0xf2,0xf1,0xe0,0xf0,0x06,0x70,0xd0,0x70,0xff,0x0d,0x70,0xd0,0xc0,0x08,0xc1,0xff,0x1a,0xc1,0x0c,0xc0,0xe0,0xc0,0x90,
  0x80,0xfb,0x80,0x90,0xc0,0xe0,0xc0,0x0d,0xc1,0xf2,0xf0,0xc1,0x06,0xc1,0x20,0xff,0x10,0xc1,0x07,0xf0,0xc0,0xff,0x1a,0xd0,
  0x0a,0x70,0xc0,0xd0,0x90,0xff,0x03,0x80,0x90,0xd0,0xc0,0x0c,0xe0,0xf2,0xf0,0xc0,0x70,0x05,0xc1,0x20,0xff,0x11,0x50,0x70,
  0xd0,0x07,0xe0,0xff,0x19,0x70,0xc0,0x09,0xc0,0xd0,0x90,0xff,0x08,0x90,0xd0,0xc0,0x0a,0xc1,0xf1,0xf0,0xe0,0x05,0xc0,0x70,
  0xff,0x15,0x70,0xd0,0x06,0xc0,0x70,0xff,0x18,0xc0,0xf0,0x07,0xc0,0xe0,0x90,0xff,0x0c,0x90,0xe0,0x70,0x09,0xd0,0xf1,0xf0,
  0xd0,0x04,0xc0,0x70,0xff,0x17,0x30,0xd0,0x05,0xc1,0xff,0x18,0xe0,0x07,0xc0,0xd0,0x80,0xff,0x0e,0x80,0xd0,0xc0,0x08,0xe0,
  0xf1,0x70,0xc0,0x03,0xc0,0x70,0xff,0x19,0x70,0xd0,0x04,0xf0,0xc0,0xff,0x17,0x00,0xc0,0x06,0xd0,0x90,0xff,0x12,0x90,0xd0,
  0x07,0xc0,0x70,0xf0,0xc1,0x02,0xc1,0xff,0x1b,0x70,0xc0,0x04,0xc0,0xff,0x17,0xc0,0xf0,0x05,0xd0,0x90,0xff,0x14,0x70,0xd0,
  0x06,0xc1,0xf0,0xc0,0xf0,0x01,0x70,0xc0,0x20,0xff,0x1c,0x70,0xc0,0x03,0xd0,0xff,0x17,0xc0,0x70,0x04,0xd0,0x80,0xff,0x16,
  0x30,0xd0,0x06,0xd0,0xf0,0xc1,0x01,0xd0,0x20,0xff,0x1d,0x20,0xc0,0x70,0x02,0xe0,0xff,0x17,0xd0,0x04,0xd0,0x80,0xff,0x18,
  0x30,0xd0,0x05,0xe0,0xf0,0xc0,0x70,0x00,0xc0,0x70,0xff,0x1f,0x20,0xd0,0x02,0xe0,0xff,0x17,0xe0,0x03,0xd0,0x70,0xff,0x1a,
  0x70,0xd0,0x04,0xd0,0xf0,0xc0,0x71,0xc0,0xff,0x21,0x70,0xc0,0x01,0xe0,0xff,0x17,0xe0,0x02,0xc0,0x70,0xff,0x1c,0x70,0xc0,
  0x03,0xd0,0x00,0xc1,0xd0,0x30,0xff,0x21,0x20,0xd0,0x01,0xe0,0xff,0x17,0xd0,0x01,0xc1,0xff,0x1e,0xc1,0x02,0xf0,0x70,0xc0,
  0xd0,0xc0,0xff,0x23,0x70,0xc0,0x00,0xe0,0xff,0x17,0xd0,0x01,0xd0,0x20,0xff,0x1e,0x20,0xd0,0x02,0xc0,0x70,0xc0,0xf0,0x50,
  0xff,0x23,0x20,0xd0,0x00,0xe0,0xff,0x17,0xc0,0x00,0xc0,0x70,0xff,0x20,0x70,0xc0,0x01,0xc0,0x70,0xc0,0xff,0x26,0x70,0xc0,
  0xd0,0xff,0x18,0x00,0xc0,0xff,0x22,0xc0,0x70,0x00,0xc0,0x70,0xff,0x27,0x20,0xe0,0xd0,0xff,0x17,0xe0,0xc0,0x50,0xff,0x22,
  0x30,0xd0,0x00,0xc0,0x70,0xff,0x28,0xe0,0xff,0x18,0xe0,0xd0,0xff,0x24,0xc0,0x70,0xc0,0x70,0xff,0x28,0xd0,0xff,0x18,0xe0,
  0x70,0xff,0x24,0x30,0xc0,0xd0,0xf0,0xff,0x51,0xd0,0xff,0x26,0xd0,0xe0,0xf0,0xff,0x88,0xc0,0xe0,0xf0,0x16,0x0d,0x23,0x0d,
  0x31,0x0d,0x40,0x0d,0x51,0x0d,0x6a,0x0d,0x83,0x0d,0x99,0x0d,0xaa,0x0d,0xbc,0x0d,0xcc,0x0d,0xdd,0x0d,0xec,0x0d,0xfc,0x0d,
  0x0c,0x0e,0x1b,0x0e,0x32,0x0e,0x4c,0x0e,0x65,0x0e,0x82,0x0e,0xa2,0x0e,0xc2,0x0e,0xde,0x0e,0xfb,0x0e,0x17,0x0f,0x31,0x0f,
  0x4c,0x0f,0x63,0x0f,0x7d,0x0f,0x95,0x0f,0xad,0x0f,0xc3,0x0f,0xd7,0x0f,0xed,0x0f,0x03,0x10,0x14,0x10,0x25,0x10,0x32,0x10,
  0x3f,0x10,0x47,0x10,0x47,0x10,0xff,0x08,0x00,0xc8,0x70,0xff,0x68,0xff,0x05,0xc0,0xd0,0xe0,0xd0,0xf0,0xc0,0x71,0x01,0x71,
  0xc0,0xf0,0xd0,0xe0,0xc0,0x70,0xff,0x42,0xc3,0xd1,0xc3,0x70,0xff,0x07,0xff,0x02,0xc0,0xd0,0xe0,0xc0,0x0e,0x70,0xc0,0xe0,
  0xc0,0xff,0x3c,0xc1,0xe0,0xd0,0xc1,0x70,0x03,0x71,0xf0,0xc0,0xd0,0xe0,0xc0,0x00,0xff,0x03,0xff,0x00,0xc0,0xe0,0xc0,0x0f,
  0x05,0xf0,0xd0,0xc0,0xff,0x37,0x70,0xc0,0xe0,0xc0,0x70,0x0e,0xf0,0xd1,0xc0,0xff,0x01,0xfd,0x70,0xe0,0xc0,0x0f,0x09,0xf0,
  0xe0,0xc0,0xff,0x33,0x70,0xd1,0x70,0x0f,0x05,0xc0,0xe0,0xc0,0xfe,0xfc,0xc0,0xd0,0x0f,0x0d,0xc0,0xd0,0xff,0x31,0xd1,0x70,
  0x0f,0x09,0xc0,0xd0,0xfd,0xfa,0x00,0xe0,0xc0,0x0f,0x0f,0x70,0xe0,0x70,0xff,0x2d,0xc0,0xe0,0x70,0x0f,0x0c,0x70,0xe0,0xc0,
  0xfb,0xf9,0x70,0xe0,0x0f,0x13,0xe0,0x70,0xff,0x2b,0xc0,0xf0,0x0f,0x10,0xc1,0xfa,0xf8,0xc0,0xd0,0x0f,0x15,0xd0,0x70,0xff,
  0x29,0xd0,0xc0,0x0f,0x12,0xc1,0xf9,0xf7,0xc0,0xd0,0x0f,0x17,0xe0,0x70,0xff,0x26,0x00,0xe0,0x70,0x0f,0x14,0xc1,0xf8,0xf6,
  0x70,0xd0,0x0f,0x19,0xe0,0xff,0x26,0xe0,0x0f,0x17,0xc1,0xf7,0xf5,0x00,0xe0,0x0f,0x1a,0x70,0xd0,0xff,0x24,0xe0,0x70,0x0f,
  0x18,0xc1,0xf6,0xf5,0xd0,0x0f,0x1c,0xc1,0xff,0x22,0xd0,0xc0,0x0f,0x1a,0xd0,0x70,0xf5,0xf4,0xc0,0xf0,0x0f,0x1d,0xe0,0x00,
  0xff,0x20,0xc0,0xf0,0x0f,0x1c,0xe0,0xf5,0xf3,0x70,0xd0,0x0f,0x1e,0x70,0xc0,0xff,0x1f,0x70,0xd0,0x0f,0x1d,0xf0,0xc0,0xf4,
  0xf3,0xd0,0x0f,0x20,0xd0,0x70,0xff,0x1e,0xd0,0x70,0x0f,0x1e,0xd0,0x00,0xf3,0xf2,0x70,0xc0,0x0f,0x21,0xd0,0xff,0x1d,0xc0,
  0xf0,0x0f,0x1f,0x70,0xc0,0xf3,0xf2,0xd0,0x0f,0x22,0xd0,0x70,0xff,0x1c,0xe0,0x0f,0x21,0xd0,0x00,0xf2,0xf1,0x70,0xd0,0x0f,
  0x22,0x70,0xc0,0xff,0x1b,0xc0,0xf0,0x0f,0x21,0x70,0xc0,0xf2,0xf1,0xc0,0x70,0x0f,0x23,0xe0,0xff,0x1b,0xe0,0x0f,0x23,0xe0,
  0xf2,0xf1,0xe0,0x0f,0x24,0xf0,0xc0,0xff,0x19,0x70,0xf0,0x0f,0x23,0xf0,0xc0,0xf1,0xf0,0x70,0xf0,0x0f,0x24,0x70,0xc0,0xff,
  0x19,0xc1,0x0f,0x24,0xd0,0xf1,0xf0,0xc0,0x70,0x0f,0x03,0x70,0xc2,0xf3,0xc3,0x0f,0x06,0xe0,0xff,0x19,0xe0,0x0f,0x25,0xe0,
  0xf1,0xf0,0xe0,0x0f,0x00,0xc1,0xe0,0xc1,0x71,0xf6,0xe3,0xf0,0xc0,0x70,0x0f,0x01,0xd0,0xff,0x18,0x70,0xf0,0x0f,0x03,0x70,
  0xc2,0xf1,0xe1,0xf0,0xc2,0x70,0x0f,0x05,0xf0,0x70,0xf0,0xf0,0xe0,0x0c,0xc1,0xd0,0x70,0x50,0x20,0xff,0x00,0xe0,0xd0,0xe0,
  0xc0,0x0e,0xc1,0xff,0x17,0xc1,0x0e,0x70,0xc0,0xd1,0xc0,0x71,0xf7,0xe3,0xc1,0x0f,0x01,0xc1,0xf0,0x00,0xd0,0x0a,0xc0,0xd0,
  0x70,0x30,0xff,0x07,0x90,0xd0,0xc0,0x70,0x0b,0xc1,0xff,0x17,0xc0,0x70,0x0b,0x70,0xc0,0xd0,0x71,0x20,0xff,0x01,0xd2,0xc0,
  0x0e,0xd0,0xf0,0xc1,0x08,0xc0,0xd0,0x70,0x20,0xff,0x0b,0x80,0xd1,0x0a,0x70,0xc0,0xff,0x17,0xd0,0x0a,0xc0,0xd0,0xc0,0x70,
  0x20,0xff,0x06,0x80,0xc0,0xe0,0xc0,0x0c,0xe0,0xf0,0xc1,0x06,0xc0,0xd0,0x90,0xff,0x10,0x80,0xd0,0xc0,0x09,0xd0,0xff,0x17,
  0xe0,0x08,0x70,0xd0,0xc0,0x20,0xff,0x0b,0x80,0x90,0xe0,0xc0,0x0a,0xe0,0xf0,0xc1,0x05,0xc1,0x80,0xff,0x13,0x90,0xd0,0x70,
  0x07,0xe0,0xff,0x17,0xe0,0x07,0xd0,0xc0,0x20,0xff,0x0f,0x80,0x90,0xd0,0x70,0x08,0xd0,0xf0,0xc0,0x70,0x03,0x70,0xd0,0x70,
  0xff,0x16,0x80,0xd0,0xc0,0x06,0xe0,0xff,0x17,0xd0,0x05,0xc0,0xd0,0x80,0xff,0x13,0x80,0xd0,0xc0,0x07,0xc0,0x70,0xc0,0x70,
  0x02,0xc1,0x20,0xff,0x19,0x90,0xc0,0x05,0xe0,0xff,0x18,0x04,0xd0,0x90,0xff,0x17,0x90,0xd0,0x06,0xc0,0x70,0xc0,0x70,0x01,
  0xc0,0x70,0xff,0x1c,0x70,0xd0,0x04,0xe0,0xff,0x16,0x70,0xc0,0x02,0x70,0xd0,0x80,0xff,0x19,0x50,0xd0,0xc0,0x04,0xc0,0x70,
  0xc1,0x00,0xd0,0x70,0xff,0x1e,0x30,0xd0,0x70,0x02,0xe0,0xff,0x18,0x01,0xc0,0xd0,0x20,0xff,0x1b,0x20,0xc1,0x03,0xc0,0x70,
  0xc1,0xd0,0x70,0xff,0x20,0x20,0xd0,0x70,0x01,0xe0,0xff,0x17,0xe0,0x00,0xc1,0x20,0xff,0x1d,0x20,0xc1,0x02,0xc0,0x70,0xc0,
  0xf0,0x70,0xff,0x22,0x20,0xd0,0x01,0xd0,0xff,0x17,0xe0,0xc1,0x20,0xff,0x20,0xc1,0x01,0xd0,0x00,0xff,0x26,0x30,0xd0,0xc1,
  0xff,0x17,0xe0,0xc0,0xff,0x23,0xc1,0x00,0xf1,0xff,0x27,0x70,0xf0,0xc0,0xff,0x17,0xd0,0xff,0x25,0xc1,0xe0,0xf0,0xff,0x29,
  0xc0,0xff,0x4d,0x20,0xd0,0xe0,0xf0,0xff,0x89,0xd0,0xf0,0x9e,0x10,0xa5,0x10,0xbe,0x10,0xda,0x10,0xf1,0x10,0x05,0x11,0x15,
  0x11,0x29,0x11,0x38,0x11,0x47,0x11,0x57,0x11,0x64,0x11,0x73,0x11,0x81,0x11,0x90,0x11,0xa0,0x11,0xaf,0x11,0xbe,0x11,0xcc,
  0x11,0xdc,0x11,0xe9,0x11,0xf8,0x11,0x06,0x12,0x19,0x12,0x3b,0x12,0x5b,0x12,0x7b,0x12,0x9a,0x12,0xb7,0x12,0xd2,0x12,0xee,
  0x12,0x05,0x13,0x20,0x13,0x38,0x13,0x4f,0x13,0x63,0x13,0x71,0x13,0x7e,0x13,0x87,0x13,0xff,0x07,0x70,0xc1,0xd0,0xe1,0xd2,
  0xe1,0xd0,0xc1,0xff,0x42,0x70,0xc1,0xd0,0xe1,0xd1,0xe2,0xc2,0xff,0x06,0xff,0x04,0x70,0xc0,0xe0,0xc1,0x70,0xf8,0x70,0xc0,
  0xd1,0xc0,0xff,0x3c,0xc1,0xe0,0xc1,0x70,0xf8,0xc1,0xd1,0xc0,0xff,0x03,0xff,0x02,0xc0,0xe0,0xc0,0x70,0xff,0x01,0xc0,0xd0,
  0xc0,0x70,0xff,0x37,0xc0,0xe0,0xc0,0x70,0xff,0x01,0xc0,0xd0,0xc0,0x00,0xff,0x00,0xff,0x00,0xc0,0xe0,0xc0,0xff,0x06,0x70,
  0xd0,0xc0,0xff,0x34,0xc0,0xd0,0xc0,0xff,0x06,0x70,0xd0,0xc0,0xfe,0xfd,0xc0,0xe0,0xc0,0xff,0x0a,0xc0,0xe0,0xc0,0xff,0x30,
  0xc0,0xe0,0xc0,0xff,0x0a,0xc0,0xe0,0xc0,0xfc,0xfc,0xc1,0xff,0x0e,0xc1,0xff,0x2e,0xd0,0xc0,0xff,0x0e,0xc1,0xfb,0xfa,0x00,
  0xe0,0x70,0xf8,0x0c,0xf9,0xc0,0xd0,0xff,0x2b,0x70,0xe0,0x70,0xff,0x10,0xc0,0xd0,0xfa,0xf9,0x70,0xe0,0x00,0xf6,0x0f,0x03,
  0xf7,0x70,0xe0,0xff,0x29,0xc0,0xd0,0xfa,0x0c,0xfa,0xc0,0xd0,0xf9,0xf8,0xc0,0xd0,0xf5,0x0f,0x08,0xf6,0x70,0xe0,0xff,0x27,
  0xc1,0xf8,0x0f,0x03,0xf8,0x70,0xd0,0xf8,0xf7,0x70,0xd0,0xf4,0x0f,0x0c,0xf5,0x70,0xd0,0xff,0x25,0xc1,0xf6,0x0f,0x09,0xf6,
  0xc0,0xd0,0xf7,0xf6,0x70,0xd0,0xf4,0x0f,0x0e,0xf5,0xc1,0xff,0x23,0x70,0xd0,0xf6,0x0f,0x0c,0xf5,0xc1,0xf6,0xf6,0xe0,0xf3,
  0x0f,0x12,0xf4,0xc1,0xff,0x21,0x00,0xe0,0xf5,0x0f,0x0f,0xf5,0xc1,0xf5,0xf5,0xc1,0xf2,0x0f,0x14,0xf4,0xd0,0x00,0xff,0x20,
  0xd0,0x70,0xf4,0x0f,0x11,0xf5,0xe0,0xf5,0xf4,0xc1,0xf2,0x0f,0x16,0xf3,0x70,0xd0,0xff,0x1f,0xc1,0xf4,0x0f,0x14,0xf3,0xc1,
  0xf4,0xf4,0xe0,0xf2,0x0f,0x18,0xf3,0xc1,0xff,0x1d,0x00,0xd0,0xf3,0x0f,0x17,0xf3,0xd0,0x70,0xf3,0xf3,0xc1,0xf1,0x0f,0x1a,
  0xf3,0xd0,0xff,0x1d,0xc0,0x70,0xf2,0x0f,0x19,0xf2,0x70,0xd0,0xf3,0xf3,0xe0,0xf1,0x0f,0x1c,0xf2,0xc1,0xff,0x1b,0x00,0xd0,
  0xf3,0x0f,0x1a,0xf2,0xc0,0x70,0xf2,0xf2,0xc1,0xf1,0x0f,0x1d,0xf1,0x00,0xd0,0xff,0x1b,0xc0,0x70,0xf2,0x0f,0x1b,0xf2,0x70,
  0xc0,0xf2,0xf2,0xe0,0xf1,0x0f,0x1e,0xf2,0xd0,0x00,0xff,0x1a,0xd0,0xf2,0x0f,0x1d,0xf2,0xe0,0xf2,0xf1,0xc1,0xf0,0x0f,0x20,
  0xf1,0xc1,0xff,0x19,0xc1,0xf1,0x0f,0x1f,0xf1,0xc1,0xf1,0xf1,0xc0,0x70,0xf0,0x0f,0x21,0xf1,0xe0,0xff,0x19,0xd0,0xf2,0x0f,
  0x20,0xf1,0xd0,0xf1,0xf1,0xe0,0xf0,0x0f,0x22,0xf1,0xd0,0xff,0x19,0xd0,0xf1,0x0f,0x21,0xf1,0xe0,0xf1,0xf0,0x70,0xc0,0xf0,
  0x0f,0x23,0xf0,0xc1,0xff,0x17,0xc1,0xf0,0x0f,0x23,0xf0,0xc0,0x70,0xf0,0xf0,0xc1,0x0f,0x24,0xf0,0x70,0xc0,0xff,0x17,0xc0,
  0x70,0xf0,0x0f,0x23,0xf0,0xc1,0xf0,0xf0,0xc0,0x70,0x0f,0x25,0xf0,0xd0,0xff,0x17,0xd0,0xf1,0x0f,0x25,0xc0,0xf0,0xf0,0xe0,
  0x0f,0x26,0xf0,0xe0,0xff,0x17,0xe0,0xf0,0x0f,0x25,0xf0,0xe0,0xf0,0xf0,0xe0,0x0f,0x26,0xf0,0xd0,0xff,0x17,0xd0,0xf0,0x0f,
  0x25,0xf0,0xe0,0xf0,0xf0,0xd0,0x0f,0x27,0xc0,0x70,0xff,0x15,0x00,0xc0,0x0f,0x27,0xd0,0xf0,0xf0,0xd0,0x0f,0x27,0xc0,0x70,
  0xff,0x15,0x70,0xc0,0x0f,0x27,0xc0,0x00,0x00,0xf0,0x0f,0x27,0xc0,0x70,0xff,0x15,0x70,0xc0,0x0f,0x27,0xc0,0x70,0xf1,0x0f,
  0x27,0xc0,0x70,0xff,0x15,0x70,0xc0,0x0f,0x27,0xc0,0x70,0xf1,0x0f,0x27,0xc0,0x70,0xff,0x16,0xd0,0x0f,0x27,0xd0,0xf0,0x70,
  0xf0,0x07,0x70,0x0f,0x1e,0xc0,0x00,0xff,0x16,0xe0,0x07,0x70,0x0f,0x1e,0xd0,0xf0,0x70,0xf0,0xe0,0xd0,0xc4,0xd2,0xc6,0xd2,
  0xe5,0xf2,0xc6,0x72,0x0f,0x00,0xd0,0xff,0x17,0xe1,0xd0,0xc3,0xd3,0xc6,0xd2,0xe5,0xf2,0xc6,0x72,0x0f,0x00,0xe0,0xf0,0x70,
  0xf0,0x20,0xf4,0x60,0xfe,0x20,0xf8,0xe6,0xd2,0xe1,0xd1,0xc3,0x71,0x02,0xe0,0xff,0x17,0xe0,0xff,0x05,0x20,0xf9,0xe5,0xd2,
  0xe2,0xd1,0xc3,0x71,0x02,0xf1,0xc0,0xd0,0xfa,0x50,0xff,0x0b,0x80,0xf3,0x83,0x72,0xc1,0xe1,0xd0,0xff,0x17,0xe0,0x50,0xf3,
  0x60,0xf3,0x50,0xf8,0x20,0xc0,0xff,0x06,0x82,0x73,0xc1,0xe0,0xd0,0xf1,0xff,0x19,0x80,0xf3,0x50,0xf8,0xc0,0xff,0x48,0x20,
  0xf5,0x70,0xf1,0xff,0x88,0x70,0xd0,0xf0,0xff,0x28,0xd0,0xff,0x4f,0x70,0xd0,0xf0,0xff,0x8b,0xff,0x83,0x50,0xf6,0xff,0x82,
  0x20,0xd0,0xf6,0xff,0x82,0xc0,0xd0,0xf6,0xff,0x81,0x70,0xf0,0x00,0xf6,0xff,0x80,0x70,0xf0,0x70,0xf7,0xff,0x7f,0x70,0xf0,
  0xc0,0xf8,0xff,0x7e,0x70,0xf0,0xc0,0xf9,0xff,0x7c,0x20,0xc0,0xf0,0x70,0xfa,0xff,0x7b,0x30,0xc0,0xd0,0x00,0xfb,0xff,0x7b,
  0xe0,0xc0,0xfd,0xff,0x7a,0xd0,0x70,0xfe,0xd9,0x13,0xee,0x13,0x06,0x14,0x20,0x14,0x35,0x14,0x49,0x14,0x56,0x14,0x69,0x14,
  0x7d,0x14,0x90,0x14,0xa3,0x14,0xb5,0x14,0xc6,0x14,0xd8,0x14,0xe9,0x14,0xfb,0x14,0x0d,0x15,0x1f,0x15,0x32,0x15,0x43,0x15,
  0x53,0x15,0x64,0x15,0x74,0x15,0x86,0x15,0x97,0x15,0xa6,0x15,0xb5,0x15,0xc4,0x15,0xd2,0x15,0xd2,0x15,0xe0,0x15,0xee,0x15,
  0xfb,0x15,0x07,0x16,0x18,0x16,0x37,0x16,0x56,0x16,0x76,0x16,0x83,0x16,0x88,0x16,0x90,0x16,0x90,0x16,0x90,0x16,0x90,0x16,
  0x90,0x16,0x90,0x16,0x90,0x16,0x90,0x16,0x90,0x16,0x90,0x16,0x90,0x16,0x90,0x16,0x90,0x16,0x90,0x16,0x92,0x16,0x96,0x16,
  0x9b,0x16,0xa0,0x16,0xa6,0x16,0xac,0x16,0xb2,0x16,0xb8,0x16,0xbf,0x16,0xc6,0x16,0xcb,0x16,0xff,0x08,0x00,0xc3,0xd2,0xc2,
  0x70,0xff,0x44,0x00,0xc3,0xd2,0xc2,0x70,0xff,0x07,0xff,0x05,0xc0,0xd0,0xe0,0xd0,0xf0,0x71,0x04,0x70,0xf0,0xc0,0xd0,0xe0,
  0xc0,0x70,0xff,0x3d,0xc1,0xe0,0xc1,0x71,0xf4,0x70,0xc1,0xd0,0xe0,0xc0,0x70,0xff,0x03,0xff,0x02,0x70,0xd0,0xe0,0xc0,0x0f,
  0x00,0xc1,0xe0,0xc0,0xff,0x38,0x70,0xc0,0xe0,0xc0,0xf0,0x0c,0xf1,0xc1,0xe0,0xc0,0xff,0x01,0xff,0x00,0x70,0xd0,0xc0,0x70,
  0x0f,0x05,0xc0,0xe0,0xc0,0xff,0x34,0x70,0xd0,0xc0,0x70,0x0f,0x03,0xf1,0xc0,0xe0,0xc0,0xfe,0xfe,0xd0,0xc0,0x0f,0x0a,0xc0,
  0xd0,0x00,0xff,0x31,0xd0,0xc0,0xf0,0x0f,0x08,0xf0,0xc0,0xd0,0x00,0xfc,0xfc,0xc0,0xe0,0x70,0x0f,0x0c,0x70,0xd0,0xc0,0xff,
  0x2e,0xc0,0xe0,0x70,0x0f,0x0c,0x70,0xd0,0xc0,0xfb,0xfb,0xd0,0xc0,0x0f,0x10,0xc1,0xff,0x2c,0xc1,0x0f,0x0f,0xf0,0xc1,0xfa,
  0xfa,0xe0,0xc0,0x0f,0x12,0xc1,0xff,0x2a,0xd0,0xc0,0x0f,0x11,0xf0,0xc1,0xf9,0xf8,0x70,0xe0,0x70,0x0f,0x14,0xc1,0xff,0x27,
  0x70,0xe0,0x70,0x0f,0x14,0xc1,0xf8,0xf8,0xe0,0x0f,0x17,0xc1,0xff,0x26,0xe0,0xf0,0x0f,0x16,0xc1,0xf7,0xf7,0xe0,0x70,0x0f,
  0x18,0xc1,0xff,0x24,0xd0,0x70,0x0f,0x18,0xc1,0xf6,0xf6,0xd0,0xc0,0x0f,0x1a,0xd0,0x70,0xff,0x22,0xd0,0xc0,0x0f,0x1a,0xd0,
  0x70,0xf5,0xf5,0xc1,0x0f,0x1c,0xe0,0xff,0x21,0xc1,0x0f,0x1b,0xf0,0xe0,0xf5,0xf4,0x70,0xe0,0x0f,0x1d,0xc1,0xff,0x1f,0x70,
  0xd0,0x0f,0x1d,0xc1,0xf4,0xf4,0xe0,0x0f,0x1f,0xd0,0x00,0xff,0x1e,0xd0,0x0f,0x1f,0xd0,0x00,0xf3,0xf3,0xc1,0x0f,0x1f,0xf0,
  0xc0,0xff,0x1d,0xc1,0x0f,0x1f,0x70,0xc0,0xf3,0xf3,0xe0,0x0f,0x21,0xd0,0x70,0xff,0x1c,0xe0,0x0f,0x21,0xc0,0x70,0xf2,0xf2,
  0xc1,0x0f,0x21,0x70,0xc0,0xff,0x1b,0xc1,0x0f,0x21,0xf0,0xc0,0xf2,0xf2,0xe0,0x0f,0x23,0xd0,0xff,0x1b,0xe0,0x0f,0x23,0xd0,
  0xf2,0xf1,0x70,0xc0,0x0f,0x23,0xc1,0xff,0x19,0x70,0xc0,0x0f,0x23,0xc1,0xf1,0xf1,0xc0,0x70,0x0f,0x24,0xd0,0xff,0x19,0xc0,
  0x70,0x0f,0x24,0xd0,0xf1,0xf1,0xe0,0x0f,0x25,0xd0,0xff,0x19,0xe0,0x0f,0x25,0xd0,0xf1,0xf0,0x70,0xc0,0x0f,0x25,0xc0,0x70,
  0xff,0x17,0x70,0xc0,0x0f,0x25,0xc1,0xf0,0xf0,0xc1,0x0f,0x25,0x70,0xc0,0xff,0x17,0xc0,0xf0,0x0f,0x25,0x70,0xc0,0xf0,0xf0,
  0xd0,0x70,0x0f,0x26,0xd0,0xff,0x17,0xc0,0x70,0x0f,0x26,0xd0,0xf0,0xf0,0xe0,0x0f,0x27,0xe0,0xff,0x17,0xd0,0x0f,0x27,0xe0,
  0xf0,0xf0,0xe0,0x0f,0x27,0xd0,0xff,0x17,0xe0,0x0f,0x27,0xd0,0xf0,0xf1,0x0f,0x27,0xc0,0x00,0xff,0x16,0xe0,0x0f,0x27,0xd0,
  0x00,0x70,0xd0,0x0f,0x27,0xc0,0x70,0xff,0x16,0xd0,0x0f,0x27,0xf0,0x70,0x70,0xd0,0x0f,0x27,0xf0,0x70,0xff,0x16,0xd0,0x0f,
  0x27,0xc0,0x70,0xc0,0xd0,0x0f,0x27,0xf0,0x70,0xff,0x16,0xc0,0x0f,0x27,0xc0,0x70,0xc0,0xd0,0x0f,0x27,0xf0,0x70,0xff,0x17,
  0x0f,0x27,0xc0,0x70,0xf1,0x0f,0x27,0xf0,0x70,0xff,0x16,0xe0,0x0f,0x27,0xc0,0x70,0xf1,0x0f,0x27,0xd0,0xff,0x17,0xe0,0x0f,
  0x27,0xd0,0xf0,0xf1,0xc0,0x0f,0x26,0xe0,0xff,0x17,0xd0,0xc0,0x0f,0x26,0xe0,0xf0,0xf1,0xc1,0x0f,0x25,0xe0,0xff,0x18,0xc1,
  0x0f,0x25,0xe0,0xf0,0xf2,0x70,0xc0,0x0f,0x23,0xd0,0xc0,0xff,0x19,0x70,0xc0,0x0f,0x23,0xd1,0xf0,0xf3,0x70,0xd0,0x0f,0x21,
  0xd0,0xff,0x1c,0x70,0xd0,0x0f,0x21,0xd1,0xf1,0xf4,0x30,0xd0,0xc0,0x0f,0x1d,0x70,0xd0,0xc0,0xff,0x1d,0x30,0xd0,0xc0,0x0f,
  0x1d,0x70,0xd0,0x50,0xf2,0xf5,0x20,0xc1,0x0f,0x1b,0xc1,0x20,0xff,0x1f,0x20,0xc1,0x0f,0x1b,0xc1,0x20,0xf3,0xf7,0x70,0xd0,
  0xc0,0x0f,0x17,0xc0,0xd0,0x70,0xff,0x23,0x70,0xe0,0xc0,0x0f,0x17,0xc0,0xd0,0x70,0xf5,0xf8,0x20,0xc0,0xd0,0x70,0x0f,0x14,
  0xd0,0xc0,0x20,0xff,0x25,0x50,0xc0,0xd0,0x70,0x0f,0x14,0xd0,0xc0,0x20,0xf6,0xfa,0x80,0xc1,0x70,0x0f,0x0f,0x70,0xc1,0x30,
  0xff,0x29,0x80,0xc1,0x70,0x0f,0x0f,0x70,0xc1,0x30,0xf8,0xfc,0x80,0xc0,0xd0,0xc0,0x0f,0x0b,0xc0,0xd0,0xc0,0x50,0xff,0x2d,
  0x80,0xc0,0xd0,0xc0,0x0f,0x0b,0xc0,0xd0,0xc0,0x50,0xfa,0xfe,0x80,0x90,0xe0,0xc0,0x70,0x0f,0x05,0xc1,0xe0,0x90,0x80,0xff,
  0x31,0x80,0x90,0xe0,0xc0,0x70,0x0f,0x05,0xc1,0xe0,0x90,0x50,0xfc,0xff,0x02,0x80,0xc0,0xe0,0xd0,0xc0,0x70,0x0c,0x70,0xc0,
  0xd1,0x90,0x80,0xff,0x37,0x80,0xc0,0xe0,0xd0,0xc0,0x70,0x0c,0x70,0xc0,0xd1,0x90,0x80,0xff,0x00,0xff,0x05,0x50,0x80,0x90,
  0xc0,0xd0,0xe0,0xd0,0xc4,0xd0,0xe1,0xc0,0x90,0x80,0x50,0xff,0x3d,0x50,0x80,0x90,0xc0,0xd0,0xe0,0xd0,0xc4,0xd0,0xe1,0xc0,
  0x90,0x80,0x50,0xff,0x03,0xff,0x0c,0x50,0x80,0x62,0xff,0x4b,0x50,0x80,0x62,0xff,0x0a,0x52,0x17,0x62,0x17,0x81,0x17,0x9a,
  0x17,0xb2,0x17,0xc6,0x17,0xda,0x17,0xe8,0x17,0xf7,0x17,0x07,0x18,0x14,0x18,0x22,0x18,0x32,0x18,0x3f,0x18,0x4d,0x18,0x5b,
  0x18,0x69,0x18,0x77,0x18,0x85,0x18,0x91,0x18,0x9f,0x18,0xad,0x18,0xb9,0x18,0xc8,0x18,0xd7,0x18,0xe5,0x18,0xf1,0x18,0xfd,
  0x18,0x09,0x19,0x16,0x19,0x23,0x19,0x30,0x19,0x3c,0x19,0xfd,0x18,0x48,0x19,0x53,0x19,0x60,0x19,0x6c,0x19,0x7b,0x19,0x89,
  0x19,0x9d,0x19,0xad,0x19,0xc1,0x19,0xd7,0x19,0xeb,0x19,0x03,0x1a,0x1d,0x1a,0x3b,0x1a,0x5d,0x1a,0xff,0x0a,0x00,0x70,0xc4,
  0x70,0x00,0xff,0x68,0xff,0x06,0xc1,0xe1,0xf0,0xc5,0xf0,0xd0,0xe0,0xd0,0xc0,0x70,0xff,0x42,0x00,0xc3,0xd0,0xc3,0x70,0xff,
  0x07,0xff,0x03,0xc0,0xd0,0xe0,0xc0,0x70,0x0c,0xc1,0xe0,0xc0,0xff,0x3d,0xc0,0xd0,0xe0,0xf0,0xc1,0x70,0x02,0x71,0xc0,0xf0,
  0xd0,0xe0,0xc0,0x70,0xff,0x03,0xff,0x01,0xc0,0xe0,0xc0,0x70,0x0f,0x03,0xf0,0xd0,0xc0,0x00,0xff,0x37,0xc0,0xe0,0xf0,0xc0,
  0x0e,0x70,0xc0,0xe0,0xc0,0xff,0x01,0xfe,0xc0,0xe0,0xc0,0x0f,0x08,0x70,0xd0,0xc0,0xff,0x34,0xc0,0xe0,0xc0,0x0f,0x05,0xc0,
  0xd0,0xc0,0xfe,0xfd,0xd1,0x0f,0x0c,0xc0,0xd0,0x00,0xff,0x30,0xc0,0xe0,0xc0,0x0f,0x09,0xc0,0xe0,0xc0,0xfc,0xfb,0xc0,0xe0,
  0xc0,0x0f,0x0f,0xd0,0xc0,0xff,0x2e,0xd1,0x0f,0x0d,0xc1,0xfb,0xfa,0xc0,0xd0,0x0f,0x12,0xc1,0xff,0x2b,0x70,0xe0,0xc0,0x0f,
  0x0f,0xc0,0xe0,0x00,0xf9,0xf9,0xc1,0x0f,0x14,0xc1,0xff,0x29,0xc0,0xe0,0x0f,0x13,0xe0,0x70,0xf8,0xf8,0xc1,0x0f,0x16,0xc1,
  0xff,0x27,0xc0,0xd0,0x0f,0x15,0xe0,0x70,0xf7,0xf7,0xc1,0x0f,0x18,0xd0,0xc0,0xff,0x25,0xc1,0x0f,0x17,0xe0,0x00,0xf6,0xf6,
  0xc0,0xd0,0x0f,0x1a,0xe0,0x00,0xff,0x23,0xc0,0xd0,0x0f,0x19,0xd0,0xf6,0xf5,0x70,0xf0,0x0f,0x1b,0xf0,0xd0,0xff,0x22,0x70,
  0xe0,0x0f,0x1a,0xc1,0xf5,0xf5,0xe0,0x70,0x0f,0x1c,0xc1,0xff,0x21,0xe0,0x0f,0x1c,0xc1,0xf4,0xf4,0xc1,0x0f,0x1e,0xd0,0xff,
  0x20,0xc1,0x0f,0x1d,0xe0,0xf4,0xf5,0x0f,0x1f,0xc1,0xff,0x1e,0xc0,0xd0,0x0f,0x1e,0xc1,0xf3,0xf3,0xd0,0x70,0x0f,0x20,0xd0,
  0x00,0xff,0x1d,0xe0,0x0f,0x20,0xd0,0x00,0xf2,0xf4,0x0f,0x21,0x70,0xc0,0xff,0x1c,0xc1,0x0f,0x20,0xf0,0xc0,0xf2,0xf2,0xc1,
  0x0f,0x22,0xe0,0xff,0x1c,0xe0,0x0f,0x22,0xd0,0xf2,0xf3,0x0f,0x23,0xc1,0xff,0x1a,0xc1,0x0f,0x22,0xc1,0xf1,0xf1,0xc1,0x0f,
  0x24,0xd0,0xff,0x1a,0xd0,0x70,0x0f,0x23,0xe0,0xf1,0xf1,0xd0,0x70,0x0f,0x24,0xd0,0xff,0x1b,0x0f,0x24,0xc0,0x70,0xf0,0xf2,
  0x0f,0x25,0xc1,0xff,0x18,0xc1,0x0f,0x24,0xf0,0xc0,0xf0,0xf0,0x70,0xc0,0x0f,0x25,0x70,0xc0,0xff,0x18,0xd0,0x70,0x0f,0x25,
  0xd0,0xf0,0xf1,0xc0,0x0f,0x26,0xd0,0xff,0x18,0xe0,0x0f,0x26,0xd0,0xf0,0xf0,0xd0,0x70,0x0f,0x26,0xe0,0xff,0x19,0x0f,0x26,
  0xc0,0x70,0xf0,0xe0,0x0f,0x27,0xd0,0xff,0x17,0xc1,0x0f,0x26,0xf0,0xc0,0xf1,0x0f,0x27,0xc0,0x70,0xff,0x17,0xc0,0x0f,0x26,
  0x70,0xc0,0xf1,0x0f,0x27,0xf0,0xc0,0xff,0x17,0x70,0x0f,0x26,0x70,0xc0,0xf1,0x0f,0x27,0xf0,0xc0,0xff,0x16,0xd0,0x70,0x0f,
  0x27,0xd0,0xf1,0x0f,0x27,0xf0,0xc0,0xff,0x17,0x70,0x0f,0x27,0xd0,0x00,0xf0,0x0f,0x27,0xf0,0xc0,0xff,0x17,0x0f,0x28,0xd0,
  0x00,0xf0,0x0f,0x27,0xf0,0xc0,0xff,0x17,0x70,0x0f,0x27,0xe0,0xf1,0x0f,0x27,0xf0,0x70,0xff,0x17,0x70,0x0f,0x27,0xd0,0xf1,
  0x0f,0x27,0xf0,0x70,0xff,0x17,0xc0,0x0f,0x27,0xc0,0xf1,0x0f,0x27,0xd0,0xff,0x17,0xd0,0xc0,0x0f,0x26,0x70,0xc0,0xf0,0xd0,
  0x70,0x0f,0x26,0xe0,0xff,0x18,0xc0,0x0f,0x26,0xc1,0xf0,0xd0,0xc0,0x0f,0x26,0xe0,0xff,0x18,0xd0,0x0f,0x26,0xf0,0xc0,0xf1,
  0xc0,0x0f,0x25,0x70,0xc0,0xff,0x17,0x70,0xe0,0x0f,0x26,0xd0,0x00,0xf2,0x0f,0x25,0xf0,0xc0,0xff,0x19,0x0f,0x26,0xe0,0xf0,
  0xf2,0x0f,0x25,0xd0,0x00,0xff,0x19,0x70,0x0f,0x25,0xd0,0xf0,0xf2,0xc0,0x0f,0x24,0xe0,0xff,0x1a,0xc0,0x0f,0x24,0xc1,0xf0,
  0xf2,0xc0,0x0f,0x23,0xc1,0xff,0x19,0x70,0xe0,0x0f,0x24,0xd0,0x70,0xf0,0xf3,0x0f,0x23,0xd0,0x70,0xff,0x1b,0x0f,0x24,0xe0,
  0xf1,0xf2,0xd0,0xc0,0x0f,0x22,0xd0,0xff,0x1c,0xc0,0x0f,0x22,0xc1,0xf1,0xf4,0x0f,0x21,0xf0,0xc0,0xff,0x1b,0x00,0xf0,0x0f,
  0x22,0xe0,0xf2,0xf4,0xc0,0x0f,0x20,0xe0,0xff,0x1e,0xc0,0x0f,0x20,0xc1,0xf2,0xf5,0x0f,0x1f,0xf0,0x70,0xff,0x1d,0x70,0xf0,
  0x0f,0x20,0xe0,0xf3,0xf4,0xd0,0xf0,0x0f,0x1d,0x70,0xd0,0xff,0x20,0xc0,0x0f,0x1e,0xc1,0xf3,0xf6,0x70,0x0f,0x1c,0xe0,0xff,
  0x20,0x00,0xf0,0x0f,0x1e,0xe0,0xf4,0xf7,0x0f,0x1b,0xd0,0xc0,0xff,0x23,0x0f,0x1c,0xd0,0x70,0xf4,0xf8,0x0f,0x19,0xc1,0xff,
  0x24,0xc0,0x0f,0x1a,0xc1,0xf5,0xf9,0x0f,0x17,0xc0,0xd0,0xff,0x26,0xc0,0x0f,0x18,0xc0,0xd0,0xf6,0xf8,0xe0,0xf0,0x0f,0x15,
  0xc0,0xd0,0xff,0x28,0x70,0x0f,0x16,0x70,0xe0,0xf7,0xf9,0xe0,0xf0,0x0f,0x13,0xc0,0xd0,0xff,0x2a,0x70,0x0f,0x14,0x70,0xe0,
  0xf8,0xfc,0x0f,0x11,0xc0,0xd0,0xff,0x2c,0x70,0x0f,0x12,0xc0,0xe0,0xf9,0xfd,0x70,0x0f,0x0d,0x70,0xe0,0xc0,0xff,0x2e,0xc0,
  0x0f,0x10,0xc0,0xe0,0xfa,0xff,0x00,0x0f,0x0b,0xc0,0xe0,0x70,0xff,0x2e,0x00,0xf0,0xd0,0x0f,0x0e,0xf0,0xc0,0xfb,0xfe,0xd0,
  0xf0,0xc0,0x0f,0x07,0xc0,0xf0,0xc0,0xff,0x34,0xc0,0x0f,0x0a,0xc0,0xe0,0xc0,0xfc,0xff,0x03,0xc0,0x0f,0x03,0xc0,0xf0,0xd0,
  0xff,0x37,0xe0,0xc0,0x0f,0x06,0xf1,0xc0,0xfe,0xff,0x03,0xd0,0xf0,0xe0,0xc0,0x70,0x0a,0x70,0xf1,0xe0,0xc0,0xff,0x3b,0xe0,
  0xc0,0x0f,0x01,0x70,0xc0,0xf0,0xd0,0xff,0x01,0xff,0x06,0xd0,0xf2,0xd0,0xf4,0xd0,0xf1,0xe0,0xc0,0x70,0xff,0x40,0xe0,0xc1,
  0x08,0x70,0xc0,0xf1,0xe0,0xff,0x04,0xff,0x10,0xc0,0xff,0x46,0xd0,0xf2,0xe4,0xf2,0xe0,0xf0,0x70,0xff,0x05,0xff,0x6f,0xc0,
  0xff,0x0b,0xcb,0x1a,0xd4,0x1a,0xe9,0x1a,0x06,0x1b,0x1f,0x1b,0x33,0x1b,0x45,0x1b,0x54,0x1b,0x65,0x1b,0x73,0x1b,0x81,0x1b,
  0x8f,0x1b,0x9e,0x1b,0xad,0x1b,0xba,0x1b,0xc6,0x1b,0xd2,0x1b,0xe1,0x1b,0xee,0x1b,0xfa,0x1b,0x05,0x1c,0x12,0x1c,0x1f,0x1c,
  0x2b,0x1c,0x3a,0x1c,0x46,0x1c,0x52,0x1c,0x5e,0x1c,0x6a,0x1c,0x76,0x1c,0x82,0x1c,0x8d,0x1c,0x98,0x1c,0xa4,0x1c,0xaf,0x1c,
  0xba,0x1c,0xc6,0x1c,0xd2,0x1c,0xdf,0x1c,0xed,0x1c,0xf8,0x1c,0x04,0x1d,0x10,0x1d,0x1e,0x1d,0x29,0x1d,0x36,0x1d,0x43,0x1d,
  0x4f,0x1d,0x5c,0x1d,0x6a,0x1d,0x77,0x1d,0x83,0x1d,0x8e,0x1d,0x9b,0x1d,0xaa,0x1d,0xb9,0x1d,0xc6,0x1d,0xd5,0x1d,0xe6,0x1d,
  0xf8,0x1d,0x09,0x1e,0x21,0x1e,0x37,0x1e,0x45,0x1e,0xff,0x17,0x06,0xff,0x75,0xff,0x10,0x0f,0x05,0xff,0x39,0x0f,0x05,0xff,
  0x10,0xff,0x0d,0x0f,0x0c,0xff,0x30,0x0f,0x0e,0xff,0x0c,0xff,0x0a,0x0f,0x13,0xff,0x28,0x0f,0x15,0xff,0x09,0xff,0x07,0x0f,
  0x18,0xff,0x23,0x0f,0x1b,0xff,0x06,0xff,0x05,0x0f,0x1c,0xff,0x1e,0x0f,0x20,0xff,0x04,0xff,0x03,0x0f,0x1f,0xff,0x1c,0x0f,
  0x23,0xff,0x02,0xff,0x02,0x0f,0x21,0xff,0x1b,0x0f,0x24,0xff,0x01,0xff,0x00,0x0f,0x01,0xfb,0x0f,0x06,0xff,0x1a,0x0f,0x09,
  0xfb,0x0f,0x02,0xfe,0xfe,0x0d,0xff,0x05,0x0f,0x01,0xff,0x1a,0x0f,0x03,0xff,0x08,0x0c,0xfd,0xf1,0xc2,0x70,0xf7,0x0b,0xff,
  0x0b,0x0d,0xff,0x1a,0x0e,0xff,0x0f,0x0b,0xfb,0xf0,0xc0,0xd4,0xc1,0x70,0xf2,0x09,0xff,0x11,0x0a,0xff,0x1b,0x0a,0xff,0x14,
  0x0a,0xfa,0xf0,0xc0,0xd8,0xc1,0x70,0x06,0xff,0x15,0x07,0xff,0x1d,0x07,0xff,0x18,0x09,0xf9,0xf1,0xc0,0xd7,0xf3,0xc1,0x01,
  0xff,0x1a,0x03,0xff,0x1f,0x03,0xff,0x1d,0x08,0xf8,0xf3,0x00,0xc1,0xd2,0xf6,0xd1,0xc0,0x70,0xff,0x7e,0x07,0xf7,0xf7,0xc1,
  0xf4,0xd6,0xc0,0x70,0xff,0x7c,0x05,0x70,0xc3,0xf3,0xf7,0x02,0xc1,0xf0,0xda,0xc0,0x70,0xff,0x78,0x00,0xc3,0xf3,0xd2,0xc0,
  0xf2,0xf6,0x06,0xc1,0xdb,0xc0,0x00,0xff,0x71,0x70,0xc1,0xd5,0xf4,0xd1,0xc0,0xf2,0xf5,0x06,0xf2,0x70,0xc0,0xdb,0xc1,0xff,
  0x6a,0x70,0xc1,0xdb,0xf3,0xd0,0xc0,0xf3,0xf4,0x06,0xf6,0x70,0xc0,0xdb,0xc0,0x00,0xff,0x64,0xc1,0xdf,0x00,0xf0,0xc0,0x70,
  0x02,0xf3,0xf4,0x05,0xfa,0xc0,0xdb,0xc0,0x70,0xff,0x5e,0x70,0xc0,0xdf,0x00,0xc1,0x00,0xf1,0x04,0xf3,0xf3,0x05,0xfd,0xc0,
  0xdc,0xc0,0xff,0x59,0xc1,0xde,0xc1,0x00,0xf5,0x05,0xf2,0xf3,0x04,0xff,0x01,0x70,0xc0,0xdb,0xc0,0x00,0xff,0x53,0x70,0xc0,
  0xde,0xc0,0x70,0xfa,0x05,0xf1,0xf2,0x04,0xff,0x04,0x70,0xc0,0xdb,0xc0,0x70,0xff,0x4e,0x70,0xc0,0xde,0xc0,0x70,0xfe,0x04,
  0xf1,0xf2,0x04,0xff,0x07,0xc0,0xdb,0xc0,0x70,0xff,0x49,0x70,0xc0,0xde,0xc0,0x70,0xff,0x03,0x04,0xf0,0xf1,0x04,0xff,0x0a,
  0xc0,0xdb,0xc0,0x70,0xff,0x45,0xc1,0xdd,0xc0,0x70,0xff,0x06,0x04,0xf0,0xf1,0x03,0xff,0x0e,0xd0,0xf0,0xd4,0xf0,0xd3,0xc0,
  0x70,0xff,0x40,0x70,0xc0,0xdd,0xc0,0x70,0xff,0x0a,0x04,0xf0,0x04,0xff,0x0a,0xc0,0xf0,0xe0,0xf0,0xc1,0xdb,0xc0,0x70,0xff,
  0x3c,0x70,0xc0,0xd1,0xf0,0xd6,0xf0,0xd2,0xc0,0x70,0xff,0x0d,0x03,0xf0,0x03,0xff,0x0d,0x20,0xf2,0x30,0xc0,0xdb,0xc0,0x00,
  0xff,0x38,0xc0,0xd0,0xf0,0xd0,0xf0,0xda,0xf1,0xd0,0xff,0x0e,0x03,0x04,0xff,0x13,0x70,0xc0,0xd8,0xf0,0xd1,0xc0,0xff,0x35,
  0xc0,0xdd,0xc0,0x70,0xf3,0xd0,0xff,0x0e,0x01,0xf0,0xf0,0x02,0xff,0x15,0x20,0x70,0xda,0xf0,0xd0,0xc0,0xff,0x31,0xc0,0xdd,
  0xc0,0x30,0xff,0x18,0xff,0x1b,0x20,0x70,0xdc,0xc0,0xff,0x2d,0xc0,0xdd,0x70,0x20,0xff,0x1a,0xff,0x1d,0x20,0xc0,0xdb,0xc0,
  0x00,0xff,0x29,0xc0,0xdd,0xc0,0x20,0xff,0x1c,0xff,0x1f,0x70,0xd8,0xf0,0xd2,0xc0,0xff,0x26,0xc0,0xd1,0xf0,0xda,0xc0,0x20,
  0xff,0x1e,0xff,0x20,0x20,0x70,0xd7,0xf0,0xd3,0x70,0xff,0x22,0x70,0xc0,0xdc,0xc0,0x20,0xff,0x20,0xff,0x22,0x50,0xc0,0xd6,
  0xf0,0xd3,0xc0,0xff,0x1f,0x70,0xc0,0xdc,0xc0,0x70,0xff,0x22,0xff,0x23,0x20,0x70,0xd6,0xf0,0xd4,0xc0,0xff,0x1c,0xc0,0xdd,
  0x70,0x20,0xf2,0x10,0xff,0x1f,0xff,0x25,0x30,0xc0,0xdb,0xc0,0xff,0x19,0xc0,0xd4,0xf0,0xd7,0x70,0x20,0xf3,0x50,0xff,0x20,
  0xff,0x26,0x20,0x70,0xdc,0xc0,0xff,0x15,0x00,0xc0,0xdc,0xc0,0x20,0xf0,0x10,0x20,0x50,0xff,0x23,0xff,0x28,0x50,0xc0,0xdb,
  0xc0,0xff,0x13,0xc0,0xdd,0x70,0xf1,0x20,0xff,0x26,0xff,0x29,0x20,0xc0,0xdc,0xc0,0xff,0x0f,0x70,0xc0,0xdc,0xc0,0x20,0xff,
  0x2a,0xff,0x2b,0x70,0xd3,0xf0,0xd7,0xc0,0xff,0x0d,0xc0,0xdc,0xc0,0x70,0xff,0x2c,0xff,0x2c,0x20,0xc0,0xdb,0xc0,0xff,0x0b,
  0xc0,0xdc,0x70,0x20,0xf1,0x20,0xff,0x2a,0xff,0x2d,0x20,0x70,0xd1,0xf0,0xd8,0xc0,0xff,0x09,0xc0,0xdb,0xc0,0x70,0xff,0x2f,
  0xff,0x2f,0x70,0xdb,0xff,0x09,0xdb,0xc0,0x20,0xff,0x30,0xff,0x30,0x30,0xda,0xff,0x08,0x00,0xda,0x70,0xf3,0x10,0xff,0x2d,
  0xff,0x32,0xd9,0xff,0x09,0xd9,0x70,0xff,0x33,0xff,0x31,0x10,0xf0,0xc0,0xd6,0xc0,0xff,0x09,0xc0,0xd6,0xc0,0xff,0x35,0xff,
  0x34,0xc0,0xd4,0xc0,0xff,0x0b,0xc0,0xd4,0xc0,0xff,0x36,0xff,0x36,0xc3,0xff,0x0d,0xc3,0xf1,0xc0,0xff,0x35,0xff,0x32,0x20,
  0xff,0x1b,0x50,0xff,0x34,0xff,0x34,0x70,0xff,0x17,0x00,0xff,0x36,0xca,0x1e,0xcf,0x1e,0xd9,0x1e,0xe3,0x1e,0xed,0x1e,0xf7,
  0x1e,0x01,0x1f,0x0b,0x1f,0x15,0x1f,0x24,0x1f,0x32,0x1f,0x41,0x1f,0x52,0x1f,0x62,0x1f,0x72,0x1f,0x7e,0x1f,0x8a,0x1f,0x99,
  0x1f,0xa8,0x1f,0xb8,0x1f,0xca,0x1f,0xdc,0x1f,0xeb,0x1f,0xfe,0x1f,0x11,0x20,0x24,0x20,0x36,0x20,0x4b,0x20,0x65,0x20,0x7d,
  0x20,0x92,0x20,0xa4,0x20,0xb2,0x20,0xc1,0x20,0xd2,0x20,0xe3,0x20,0xf4,0x20,0x06,0x21,0x18,0x21,0x2b,0x21,0x3a,0x21,0x49,
  0x21,0x58,0x21,0x68,0x21,0x78,0x21,0x83,0x21,0x90,0x21,0x99,0x21,0xa7,0x21,0xb3,0x21,0xbd,0x21,0xc5,0x21,0xff,0x4e,0x06,
  0xff,0xad,0xff,0x47,0x0f,0x05,0xff,0x39,0x0f,0x05,0xff,0x48,0xff,0x44,0x0f,0x0c,0xff,0x30,0x0f,0x0e,0xff,0x44,0xff,0x41,
  0x0f,0x13,0xff,0x28,0x0f,0x15,0xff,0x41,0xff,0x3e,0x0f,0x18,0xff,0x23,0x0f,0x1b,0xff,0x3e,0xff,0x3c,0x0f,0x1c,0xff,0x1e,
  0x0f,0x20,0xff,0x3c,0xff,0x3a,0x0f,0x1f,0xff,0x1c,0x0f,0x23,0xff,0x3a,0xff,0x39,0x0f,0x21,0xff,0x1b,0x0f,0x24,0xff,0x39,
  0xff,0x37,0x0f,0x01,0xfb,0x0f,0x06,0xff,0x1a,0x0f,0x09,0xfb,0x0f,0x02,0xff,0x37,0xff,0x36,0x0d,0xff,0x05,0x0f,0x01,0xff,
  0x1a,0x0f,0x03,0xff,0x08,0x0c,0xff,0x36,0xff,0x35,0x0b,0xff,0x0b,0x0d,0xff,0x1a,0x0e,0xff,0x0f,0x0b,0xff,0x34,0xff,0x34,
  0x09,0xff,0x11,0x0a,0xff,0x1b,0x0a,0xff,0x14,0x0a,0xff,0x33,0xff,0x32,0x09,0xff,0x15,0x07,0xff,0x1d,0x07,0xff,0x18,0x09,
  0xff,0x32,0xff,0x31,0x08,0xff,0x1a,0x03,0xff,0x1f,0x03,0xff,0x1d,0x08,0xff,0x31,0xff,0x31,0x07,0xff,0x81,0x07,0xff,0x30,
  0xff,0x30,0x06,0xff,0x14,0x70,0x00,0xff,0x25,0x70,0x00,0xff,0x27,0x07,0xff,0x2f,0xff,0x2f,0x06,0xff,0x13,0xc0,0xd3,0x70,
  0xff,0x21,0xc0,0xd3,0x70,0xff,0x26,0x07,0xff,0x2e,0xff,0x2e,0x06,0xff,0x13,0xc0,0xd5,0x70,0xff,0x1f,0xc0,0xd5,0xc0,0xff,
  0x27,0x05,0xff,0x2e,0xff,0x2d,0x06,0xff,0x12,0x70,0xd8,0xff,0x1e,0x70,0xd8,0xc0,0xff,0x26,0x05,0xff,0x2d,0xff,0x2c,0x06,
  0xff,0x12,0xc0,0xd9,0xff,0x1e,0xc0,0xd9,0xc0,0x70,0xff,0x25,0x05,0xff,0x2c,0xff,0x2c,0x05,0xff,0x11,0xc0,0xdb,0xff,0x1e,
  0xc0,0xdb,0xc0,0x00,0xff,0x24,0x04,0xff,0x2c,0xff,0x2b,0x05,0xff,0x10,0x70,0xc0,0xdc,0xff,0x1e,0x70,0xdd,0xc0,0xff,0x23,
  0x05,0xff,0x2b,0xff,0x2b,0x04,0xff,0x0f,0x70,0xc0,0xdd,0xc0,0xff,0x1f,0xc0,0xde,0xc0,0x70,0xff,0x21,0x05,0xff,0x2a,0xff,
  0x2a,0x04,0xff,0x0e,0x70,0xc0,0xde,0xc0,0xff,0x21,0xc0,0xdf,0x00,0xc1,0xff,0x20,0x04,0xff,0x2a,0xff,0x2a,0x04,0xff,0x0c,
  0x70,0xc0,0xde,0xc0,0x70,0xff,0x23,0x70,0xc0,0xdf,0x01,0xc0,0x70,0xff,0x1e,0x04,0xff,0x29,0xff,0x20,0x71,0xf6,0x04,0xff,
  0x0a,0x70,0xc0,0xdf,0x01,0xc0,0xff,0x27,0xc0,0xdf,0x03,0xc0,0x70,0xff,0x14,0x71,0xf4,0x04,0xff,0x29,0xff,0x1f,0xc0,0xd2,
  0xc0,0x70,0xf3,0x03,0xff,0x08,0x70,0xc1,0xd3,0xf0,0xd4,0xf0,0xd5,0xc0,0xff,0x2b,0xc1,0xdf,0x03,0xc1,0x70,0xff,0x0c,0x70,
  0xc1,0xd2,0x70,0xf4,0x04,0xff,0x28,0xff,0x1f,0xd6,0xc1,0x70,0x03,0xff,0x04,0x70,0xc1,0xd2,0xf0,0xd0,0xf0,0xdc,0xf0,0x00,
  0xff,0x2e,0x70,0xc0,0xdf,0x02,0xf0,0xd2,0xc2,0x70,0x02,0xfb,0x00,0x70,0xc2,0xd7,0xc0,0xf5,0x03,0xff,0x28,0xff,0x1f,0xc0,
  0xd7,0xf2,0xc2,0x71,0x00,0xf8,0x71,0xc2,0xd4,0xf0,0xdf,0x00,0xc0,0x04,0xff,0x2e,0x00,0xc0,0xdb,0xf0,0xd0,0xf0,0xda,0xf0,
  0xd0,0xc0,0xf0,0xc5,0xdf,0x00,0x00,0xf5,0x03,0xff,0x28,0xff,0x21,0xc0,0xd5,0xf2,0xdf,0x07,0xf0,0xde,0xc1,0x08,0xff,0x2f,
  0x70,0xc0,0xdf,0x1e,0xc0,0x70,0xf8,0x01,0xff,0x29,0xff,0x23,0x70,0xc0,0xd3,0xf0,0xdf,0x16,0xc0,0x70,0x0b,0xff,0x31,0x70,
  0xc0,0xdf,0x18,0xc0,0x70,0xff,0x37,0xff,0x26,0xc1,0xdf,0x07,0xf1,0xdb,0xc0,0x70,0x0f,0x01,0xff,0x30,0x02,0xc1,0xdf,0x10,
  0xc1,0x70,0xff,0x3a,0xff,0x29,0x70,0xc1,0xdf,0x0d,0xc1,0x70,0x0f,0x05,0xff,0x2e,0x07,0x70,0xc1,0xdf,0x04,0xf0,0xc2,0x70,
  0x00,0xff,0x3e,0xff,0x2d,0x70,0xc2,0xdf,0x03,0xc2,0x70,0x0f,0x0a,0xff,0x2c,0x0e,0x71,0xca,0x72,0x04,0xff,0x40,0xff,0x33,
  0x00,0x71,0xc4,0xf0,0xc2,0x71,0x0f,0x12,0xff,0x29,0x0f,0x17,0xff,0x3f,0xff,0x3a,0x0f,0x1a,0xff,0x27,0x0f,0x19,0xff,0x3e,
  0xff,0x39,0x0f,0x1c,0xff,0x26,0x0f,0x1a,0xff,0x3d,0xff,0x39,0x0f,0x1d,0xff,0x24,0x0f,0x1b,0xff,0x3d,0xff,0x38,0x0f,0x1e,
  0xff,0x23,0x0f,0x1d,0xff,0x3c,0xff,0x37,0x0f,0x20,0xff,0x21,0x0f,0x1f,0xff,0x3b,0xff,0x37,0x0f,0x21,0xff,0x20,0x0f,0x20,
  0xff,0x3a,0xff,0x36,0x0f,0x22,0xff,0x1f,0x0f,0x21,0xff,0x3a,0xff,0x36,0x0f,0x23,0xff,0x1d,0x0f,0x23,0xff,0x39,0xff,0x35,
  0x0f,0x24,0xff,0x1d,0x0f,0x23,0xff,0x39,0xff,0x35,0x0f,0x25,0xff,0x1c,0x0f,0x24,0xff,0x38,0xff,0x34,0x0f,0x26,0xff,0x1b,
  0x0f,0x25,0xff,0x38,0xff,0x34,0x0f,0x27,0xff,0x19,0x0f,0x27,0xff,0x37,0xff,0x33,0x0f,0x28,0xff,0x19,0x0f,0x0c,0x72,0x0f,
  0x08,0xff,0x37,0xff,0x33,0x0f,0x28,0xff,0x19,0x0f,0x04,0x70,0xc2,0xfa,0xc2,0x70,0x0f,0x00,0xff,0x37,0xff,0x33,0x0f,0x28,
  0xff,0x19,0x0f,0x00,0x70,0xc1,0xd4,0xfb,0xd3,0xc1,0x0d,0xff,0x36,0xff,0x33,0x0f,0x28,0xff,0x18,0x0d,0x70,0xc0,0xd8,0xfc,
  0xd6,0xc0,0x0a,0xff,0x36,0xff,0x33,0x0f,0x09,0x70,0xcb,0x71,0x0f,0x01,0xff,0x17,0x0b,0xc1,0xda,0xfc,0xd8,0xc0,0x70,0x07,
  0xff,0x36,0xff,0x33,0x0f,0x05,0xc1,0xd1,0xfd,0xd1,0xc1,0x70,0x0c,0xff,0x17,0x09,0xc0,0xdd,0xf1,0xca,0xf0,0xd9,0xc0,0x70,
  0x05,0xff,0x36,0xff,0x33,0x0f,0x01,0x70,0xc0,0xd5,0xfe,0xd4,0xc0,0x0a,0xff,0x17,0x07,0x70,0xc0,0xdc,0xc0,0x70,0x0e,0x70,
  0xc1,0xd7,0xc0,0x04,0xff,0x36,0xff,0x32,0x0f,0x00,0xc1,0xd7,0xfe,0xd5,0xc0,0x09,0xff,0x17,0x06,0xc0,0xda,0xc1,0x0f,0x07,
  0x70,0xc0,0xd6,0xc0,0x02,0xff,0x36,0xff,0x32,0x0d,0xc0,0xd9,0xff,0x00,0xd5,0xc0,0x09,0xff,0x17,0x06,0xd9,0xc0,0x70,0x0f,
  0x0c,0x70,0xc0,0xd4,0xc0,0x01,0xff,0x36,0xff,0x32,0x0b,0xc0,0xda,0xf1,0xc8,0xf5,0xd5,0xc0,0x09,0xff,0x17,0x05,0x70,0xd7,
  0xc0,0x0f,0x12,0xc0,0xd4,0x70,0xff,0x36,0xff,0x32,0x09,0x70,0xd8,0xc1,0x70,0x0e,0x70,0xc1,0xd5,0xc0,0x09,0xff,0x17,0x06,
  0xd5,0xc0,0x0f,0x16,0xc0,0xd3,0xc0,0xff,0x35,0xff,0x33,0x07,0xc0,0xd6,0xc1,0x0f,0x07,0xc1,0xd0,0xc1,0x0a,0xff,0x17,0x06,
  0xc0,0xd3,0x70,0x0f,0x18,0x70,0xc0,0xd2,0xc0,0xff,0x34,0xff,0x33,0x05,0x70,0xd6,0xc0,0x0f,0x1a,0xff,0x17,0x07,0x70,0xc1,
  0x0f,0x1c,0xc0,0xf0,0xd1,0xc0,0xff,0x33,0xff,0x33,0x04,0xc0,0xd5,0xc0,0x0f,0x1c,0xff,0x17,0x0f,0x28,0x70,0xd2,0xc0,0xff,
  0x32,0xff,0x33,0x03,0xc0,0xd4,0xc0,0x0f,0x1d,0xff,0x18,0x0f,0x29,0xf0,0xc0,0xd1,0xc0,0xff,0x31,0xff,0x33,0x02,0xc0,0xd3,
  0xc0,0x0f,0x1f,0xff,0x18,0x0f,0x29,0xf1,0xc0,0xd1,0xc0,0xff,0x30,0xff,0x33,0x01,0xd4,0xc0,0x0f,0x20,0xff,0x19,0x0f,0x28,
  0xf1,0x41,0x70,0xc1,0xff,0x2f,0xff,0x34,0xd3,0xc0,0x0f,0x22,0xff,0x19,0x0f,0x27,0xf3,0x40,0x33,0x41,0xff,0x2c,0xff,0x33,
  0xd0,0xf0,0xd1,0xc0,0x0f,0x22,0xff,0x1a,0x0f,0x27,0xf4,0x3e,0x42,0xff,0x20,0xff,0x32,0xc0,0xd1,0xf0,0xc0,0x0f,0x23,0xff,
  0x1a,0x0f,0x27,0xf4,0x40,0x3f,0x03,0x40,0xff,0x1d,0xff,0x31,0xc0,0xd2,0xc0,0x0f,0x24,0xff,0x1b,0x0f,0x25,0xf6,0x3f,0x05,
  0x40,0xfb,0x40,0x36,0x45,0xff,0x01,0xff,0x30,0xc0,0xd2,0xc0,0x0f,0x24,0xff,0x1c,0x0f,0x25,0xf6,0x40,0x3f,0x06,0x40,0xfa,
  0x40,0x3f,0x00,0x42,0xf9,0xff,0x2f,0x70,0xd2,0xc0,0xf0,0x0f,0x24,0xff,0x1c,0x0f,0x25,0xf7,0x3f,0x07,0x40,0xfb,0x3f,0x04,
  0x40,0xf6,0xff,0x2f,0xc0,0xd1,0xc0,0xf2,0x0f,0x22,0xff,0x1e,0x0f,0x23,0xf8,0x40,0x3f,0x07,0x40,0xfb,0x40,0x3f,0x05,0x40,
  0xf3,0xff,0x2e,0xc0,0xd1,0xc0,0xf3,0x0f,0x22,0xff,0x1e,0x0f,0x23,0xf9,0x3f,0x08,0x40,0xfb,0x40,0x3f,0x06,0x40,0xf1,0xff,
  0x2e,0xd2,0x70,0xf4,0x0f,0x20,0xff,0x20,0x0f,0x21,0xfa,0x40,0x3f,0x08,0xfc,0x40,0x3f,0x06,0xf1,0xff,0x2d,0xc0,0xd1,0xc0,
  0xf6,0x0f,0x1f,0xff,0x20,0x0f,0x21,0xfb,0x3f,0x08,0x40,0xfd,0x3f,0x06,0xf0,0xff,0x09,0x45,0xff,0x0d,0x70,0xd0,0xc0,0x41,
  0xf6,0x0f,0x1e,0xff,0x22,0x0f,0x1f,0xfc,0x40,0x3f,0x08,0xfe,0x3f,0x05,0x40,0xfc,0x42,0x3d,0x40,0xff,0x0b,0x42,0x32,0xf8,
  0x0f,0x1c,0xff,0x24,0x0f,0x18,0x41,0x02,0xfe,0x3f,0x08,0x40,0xfe,0x3f,0x05,0xf8,0x40,0x3f,0x02,0x40,0xff,0x03,0x45,0x38,
  0x40,0xf9,0x0f,0x1b,0xff,0x24,0x0f,0x0f,0x4e,0xfd,0x40,0x3f,0x08,0xff,0x00,0x3f,0x04,0xf4,0x41,0x3f,0x04,0x40,0xff,0x00,
  0x40,0x3f,0x02,0xfb,0x0f,0x19,0xff,0x26,0x0f,0x0c,0x4f,0x02,0xfc,0x40,0x3f,0x08,0xff,0x01,0x3f,0x03,0xf2,0x40,0x3f,0x06,
  0xfe,0x40,0x3f,0x04,0xfd,0x0f,0x17,0xff,0x28,0x0f,0x0a,0x4f,0x03,0xfd,0x3f,0x08,0xff,0x01,0x40,0x3f,0x02,0xf1,0x40,0x3f,
  0x05,0x40,0xfd,0x40,0x3f,0x05,0x40,0xfe,0x0f,0x15,0xff,0x2a,0x0f,0x07,0x4f,0x04,0xfe,0x40,0x3f,0x07,0x40,0xff,0x01,0x40,
  0x3f,0x01,0xf0,0x40,0x3f,0x05,0x40,0xfd,0x40,0x3f,0x06,0xff,0x01,0x0f,0x12,0xff,0x2d,0x0f,0x05,0x4f,0x04,0xff,0x00,0x40,
  0x3f,0x07,0xff,0x03,0x40,0x3f,0x00,0xf0,0x3f,0x05,0x40,0xfd,0x40,0x3f,0x06,0x40,0xff,0x02,0x0f,0x10,0xff,0x2f,0x0f,0x03,
  0x4f,0x04,0xff,0x02,0x3f,0x07,0xff,0x04,0x40,0x3d,0x40,0x40,0x3f,0x04,0x40,0xfd,0x40,0x3f,0x07,0xff,0x05,0x02,0x49,0x0f,
  0x00,0xff,0x32,0x0f,0x01,0x4f,0x03,0xff,0x03,0x40,0x3f,0x06,0xff,0x05,0x40,0x3b,0x40,0xf0,0x3f,0x04,0x40,0xfd,0x40,0x3f,
  0x08,0xff,0x04,0x4f,0x00,0x0b,0xff,0x35,0x0e,0x4f,0x03,0xff,0x05,0x3f,0x06,0xff,0x06,0x40,0x39,0x40,0xf1,0x3f,0x03,0x40,
  0xfe,0x3f,0x08,0x40,0xff,0x03,0x4f,0x03,0x07,0xff,0x39,0x0c,0x4f,0x02,0xff,0x06,0x40,0x3f,0x04,0x40,0xff,0x07,0x40,0x37,
  0x40,0xf2,0x3f,0x02,0x40,0xfe,0x40,0x3f,0x08,0xff,0x05,0x4f,0x03,0x04,0xff,0x3d,0x0a,0x4f,0x00,0xff,0x09,0x3f,0x04,0xff,
  0x0a,0x44,0xf5,0x3f,0x01,0x40,0xff,0x00,0x3f,0x08,0x40,0xff,0x07,0x4f,0x02,0xff,0x44,0x07,0x4d,0xff,0x0c,0x3f,0x02,0x40,
  0xff,0x15,0x3f,0x01,0xff,0x00,0x40,0x3f,0x08,0xff,0x0b,0x4f,0x00,0xff,0x47,0x03,0x4b,0xff,0x0f,0x40,0x3e,0x40,0xff,0x16,
  0x40,0x3e,0xff,0x01,0x40,0x3f,0x08,0xff,0x0f,0x4b,0xff,0x4b,0x49,0xff,0x12,0x40,0x3c,0x40,0xff,0x17,0xf0,0x3d,0xff,0x02,
  0x3f,0x08,0x40,0xff,0x76,0x44,0xff,0x19,0x40,0x39,0x40,0xff,0x18,0xf0,0x40,0x3b,0x40,0xff,0x02,0x3f,0x08,0xff,0xa7,0x41,
  0x34,0x40,0xff,0x1a,0xf1,0x40,0x39,0x40,0xff,0x03,0x3f,0x08,0xff,0xd9,0xf3,0x40,0x35,0x40,0xff,0x05,0x3f,0x07,0x40,0xff,
  0xd9,0xff,0x11,0x40,0x3f,0x06,0xff,0xda,0xff,0x11,0x40,0x3f,0x05,0x40,0xff,0xda,0xff,0x12,0x3f,0x05,0xff,0xdb,0xff,0x12,
  0x3f,0x04,0x40,0xff,0xdb,0xff,0x12,0x40,0x3f,0x02,0x40,0xff,0xdc,0xff,0x13,0x40,0x3f,0x00,0x40,0xf0,0x01,0xff,0xc1,0x41,
  0xff,0x07,0xff,0x14,0x40,0x3d,0x40,0xf0,0x02,0xff,0xc2,0x30,0x40,0xff,0x06,0xff,0x15,0x40,0x3a,0x40,0xf0,0x02,0xff,0xc4,
  0x31,0x40,0xff,0x05,0xff,0x16,0x40,0x37,0x40,0xf1,0x02,0xff,0xc5,0x40,0x32,0xff,0x04,0x35,0x22,0x3a,0x22,0x44,0x22,0x4e,
  0x22,0x58,0x22,0x62,0x22,0x6c,0x22,0x76,0x22,0x80,0x22,0x90,0x22,0xa0,0x22,0xae,0x22,0xbc,0x22,0xca,0x22,0xd8,0x22,0xe0,
  0x22,0xf0,0x22,0x02,0x23,0x14,0x23,0x25,0x23,0x37,0x23,0x49,0x23,0x5b,0x23,0x6f,0x23,0x83,0x23,0x9a,0x23,0xb4,0x23,0xd7,
  0x23,0xfd,0x23,0x23,0x24,0x3a,0x24,0x4f,0x24,0x64,0x24,0x7b,0x24,0x8e,0x24,0x9e,0x24,0xa8,0x24,0xb2,0x24,0xbc,0x24,0xc6,
  0x24,0xd0,0x24,0xda,0x24,0xe4,0x24,0xee,0x24,0xf8,0x24,0x02,0x25,0x02,0x25,0x0c,0x25,0x16,0x25,0x23,0x25,0x34,0x25,0x45,
  0x25,0x55,0x25,0x6a,0x25,0x83,0x25,0x9e,0x25,0xb7,0x25,0xd0,0x25,0xe8,0x25,0x01,0x26,0x1b,0x26,0x30,0x26,0x41,0x26,0x53,
  0x26,0x65,0x26,0x76,0x26,0x86,0x26,0x97,0x26,0xaa,0x26,0xbf,0x26,0xd5,0x26,0xea,0x26,0x01,0x27,0x17,0x27,0x2b,0x27,0x3f,
  0x27,0x57,0x27,0x6f,0x27,0x89,0x27,0xa4,0x27,0xbd,0x27,0xda,0x27,0xf7,0x27,0x13,0x28,0x32,0x28,0x4d,0x28,0x6a,0x28,0x83,
  0x28,0x9a,0x28,0xb0,0x28,0xc4,0x28,0xd5,0x28,0xe4,0x28,0xee,0x28,0xf9,0x28,0x00,0x29,0x08,0x29,0x0e,0x29,0x15,0x29,0x1d,
  0x29,0x2a,0x29,0x37,0x29,0x44,0x29,0xff,0x75,0x74,0x00,0xff,0x22,0xff,0x73,0xc0,0xd9,0xc3,0x70,0xff,0x1a,0xff,0x72,0xc0,
  0xdf,0x02,0xc1,0x70,0xff,0x15,0xff,0x71,0x70,0xdf,0x07,0xc1,0xff,0x12,0xff,0x1e,0x72,0x00,0xff,0x3f,0xc0,0xdf,0x0a,0xc1,
  0xff,0x0f,0xff,0x15,0x00,0x70,0xc2,0xda,0xc0,0xff,0x3b,0xc0,0xdf,0x0d,0xc0,0x70,0xff,0x0c,0xff,0x11,0x00,0xc1,0xdf,0x02,
  0xc0,0xff,0x3a,0x70,0xdf,0x0f,0xc1,0xff,0x0a,0xff,0x0e,0x70,0xc0,0xdf,0x07,0xc0,0xff,0x3a,0xc0,0xdf,0x11,0xc0,0xff,0x08,
  0xff,0x0c,0xc0,0xdf,0x0a,0xc0,0xff,0x3b,0xc0,0xdf,0x12,0x70,0xff,0x06,0xff,0x09,0x00,0xc0,0xdf,0x0d,0xff,0x3c,0x00,0x74,
  0xf0,0x74,0xc3,0xdf,0x03,0xc0,0xff,0x05,0xff,0x07,0x70,0xc0,0xdf,0x0e,0xc0,0xff,0x4e,0x00,0x70,0xc1,0xde,0xc0,0xff,0x03,
  0xff,0x06,0xc0,0xdf,0x10,0x70,0xff,0x53,0x70,0xc0,0xdc,0xc0,0xff,0x02,0xff,0x04,0xc0,0xdf,0x11,0x70,0xff,0x57,0x70,0xc0,
  0xdb,0x70,0xff,0x00,0xff,0x03,0xc0,0xdf,0x01,0xc0,0xf1,0x71,0x04,0x72,0xc2,0x04,0xff,0x39,0x0f,0x05,0xf8,0x70,0xc0,0xd9,
  0xc0,0xfe,0xff,0x01,0x70,0xdd,0xc1,0x70,0x0f,0x0b,0xff,0x30,0x0f,0x0e,0xf6,0x70,0xc0,0xd8,0xc0,0xfd,0xff,0x00,0xc0,0xdb,
  0xc0,0x70,0x0f,0x13,0xff,0x28,0x0f,0x15,0xf5,0x70,0xc0,0xd7,0xc0,0xfc,0xfe,0xc0,0xd9,0xc0,0x70,0x0f,0x18,0xff,0x23,0x0f,
  0x1b,0xf4,0xc0,0xd7,0xc0,0xfb,0xfd,0xc0,0xd8,0xc0,0x0f,0x1d,0xff,0x1e,0x0f,0x20,0xf4,0xc0,0xd6,0xc0,0xfa,0xfc,0xc0,0xd7,
  0xc0,0x70,0x0f,0x1f,0xff,0x1c,0x0f,0x23,0xf3,0xc0,0xd6,0xc0,0xf9,0xfb,0xc0,0xd7,0xc0,0xf0,0x0f,0x21,0xff,0x1b,0x0f,0x24,
  0xf3,0x70,0xd6,0xc0,0xf8,0xfa,0xc0,0xd6,0xc0,0xf0,0x0f,0x01,0xfb,0x0f,0x06,0xff,0x1a,0x0f,0x09,0xfb,0x0f,0x02,0xf3,0xc0,
  0xd5,0x70,0xf7,0xf9,0xc0,0xd6,0xc0,0xf0,0x0d,0xff,0x05,0x0f,0x01,0xff,0x1a,0x0f,0x03,0xff,0x08,0x0c,0xf3,0xc0,0xd4,0xc0,
  0xf7,0xf8,0xc0,0xd6,0x70,0xf0,0x0b,0xff,0x0b,0x0d,0xff,0x1a,0x0e,0xff,0x0f,0x0b,0xf2,0xc0,0xd4,0xc0,0xf6,0xf7,0x70,0xd6,
  0x70,0xf0,0x09,0xff,0x11,0x0a,0xff,0x1b,0x0a,0xff,0x14,0x0a,0xf2,0xd5,0x70,0xf5,0xf7,0xd6,0x0a,0xff,0x15,0x07,0xff,0x1d,
  0x07,0xff,0x18,0x09,0xf1,0x70,0xd4,0xc0,0xf5,0xf6,0xc0,0xd5,0x70,0x08,0xff,0x1a,0x03,0xff,0x1f,0x03,0xff,0x1d,0x08,0xf1,
  0xc0,0xd4,0xc0,0xf4,0xf5,0x70,0xd5,0x70,0xf0,0x07,0xff,0x81,0x07,0xf1,0xc0,0xd4,0xf4,0xf5,0xc0,0xd4,0xc0,0xf0,0x06,0xff,
  0x84,0x07,0xf1,0xd4,0xc0,0xf3,0xf4,0xc0,0xd4,0xc0,0xf0,0x06,0xff,0x86,0x07,0xf0,0x70,0xd3,0xc0,0xf3,0xf4,0xd4,0xc0,0xf0,
  0x06,0xff,0x89,0x05,0xf1,0xc0,0xd3,0x70,0xf2,0xf3,0xc0,0xd4,0x70,0x06,0xff,0x8b,0x05,0xf1,0xd3,0xc0,0xf2,0xf3,0xd4,0xc0,
  0x06,0xff,0x8d,0x05,0xf0,0xc0,0xd3,0xf2,0xf2,0x70,0xd4,0xf0,0x05,0xff,0x8f,0x04,0xf0,0x00,0xd3,0xc0,0xf1,0xf2,0xc0,0xd3,
  0xc0,0x05,0xff,0x90,0x05,0xf0,0xc0,0xd2,0xc0,0xf1,0xf1,0x00,0xd3,0xc0,0xf0,0x04,0xff,0x92,0x05,0x70,0xd3,0xf1,0xf1,0xc0,
  0xd3,0xc0,0x04,0xff,0x94,0x04,0xf0,0xd3,0x70,0xf0,0xf1,0xc0,0xd3,0xf0,0x04,0xff,0x95,0x04,0xc0,0xd2,0xc0,0xf0,0xf1,0xd3,
  0xc0,0x04,0xff,0x96,0x04,0x70,0xd2,0xc0,0xf0,0xf0,0x70,0xd3,0xf0,0x03,0xff,0x98,0x04,0xd3,0xf0,0xf0,0xc0,0xd2,0xc0,0x04,
  0xff,0x99,0x03,0xc0,0xd2,0xf0,0xf0,0xc0,0xd2,0xc0,0x03,0xff,0x9a,0x03,0xc0,0xd2,0x70,0xf0,0xd3,0xf0,0x03,0xff,0x9b,0x01,
  0xf0,0x70,0xd2,0xc0,0x00,0xd2,0xc0,0xf0,0x02,0xff,0xa0,0xd2,0xc0,0x70,0xd2,0xc0,0xff,0xa4,0xd2,0xc0,0xc0,0xd2,0x70,0xff,
  0xa4,0xc0,0xd1,0x70,0xc0,0xd2,0x00,0xff,0xa8,0xc0,0xd2,0xff,0xa9,0xc0,0xd1,0xc0,0xff,0xa9,0xf0,0xc1,0xff,0xaa,0x1f,0x2a,
  0x25,0x2a,0x2d,0x2a,0x36,0x2a,0x3e,0x2a,0x4a,0x2a,0x5a,0x2a,0x69,0x2a,0x78,0x2a,0x86,0x2a,0x98,0x2a,0xa8,0x2a,0xb6,0x2a,
  0xc4,0x2a,0xda,0x2a,0xec,0x2a,0xfe,0x2a,0x0e,0x2b,0x1d,0x2b,0x2d,0x2b,0x3d,0x2b,0x53,0x2b,0x69,0x2b,0x7d,0x2b,0x90,0x2b,
  0xa1,0x2b,0xb4,0x2b,0xc1,0x2b,0xce,0x2b,0xdc,0x2b,0xe9,0x2b,0xf5,0x2b,0x00,0x2c,0x0d,0x2c,0x1a,0x2c,0x26,0x2c,0x32,0x2c,
  0x3e,0x2c,0x49,0x2c,0x53,0x2c,0x5e,0x2c,0x69,0x2c,0x74,0x2c,0x7d,0x2c,0x84,0x2c,0x8c,0x2c,0x91,0x2c,0x91,0x2c,0x95,0x2c,
  0x95,0x2c,0x9a,0x2c,0xff,0x17,0x06,0xff,0x77,0xff,0x10,0x0f,0x05,0xff,0x39,0x0f,0x05,0xff,0x12,0xff,0x0d,0x0f,0x0c,0xff,
  0x30,0x0f,0x0e,0xff,0x0e,0xff,0x0a,0x0f,0x13,0xff,0x28,0x0f,0x15,0xff,0x0b,0xff,0x07,0x0f,0x18,0xff,0x23,0x0f,0x1b,0xff,
  0x08,0xff,0x05,0x0f,0x1c,0xff,0x1e,0x0f,0x20,0xff,0x06,0xff,0x03,0x0f,0x1f,0xff,0x1c,0x0f,0x23,0xff,0x04,0xff,0x02,0x0f,
  0x1a,0x70,0xc0,0xf1,0xc0,0x01,0xff,0x1b,0x0f,0x24,0xff,0x03,0xff,0x00,0x0f,0x01,0xfb,0x0d,0xc0,0xf5,0x70,0xff,0x1a,0x0f,
  0x09,0xfb,0x0f,0x02,0xff,0x01,0xfe,0x0d,0xff,0x05,0x06,0x70,0xc0,0xf6,0xc0,0xff,0x1a,0x03,0x70,0xc0,0x70,0x0b,0xff,0x08,
  0x0c,0xff,0x00,0xfd,0x0b,0xff,0x0b,0x02,0xc0,0xff,0x24,0x01,0xc0,0xf3,0xc0,0x06,0xff,0x0f,0x0b,0xfd,0xfc,0x09,0xff,0x10,
  0xc0,0xd1,0xf7,0xd0,0x00,0xff,0x1a,0xc0,0xf6,0xc0,0x01,0xff,0x14,0x0a,0xfc,0xfa,0x09,0xff,0x10,0x70,0xd5,0xf4,0xd1,0xff,
  0x1b,0xd1,0xf4,0xd1,0xc0,0xff,0x17,0x09,0xfb,0xf9,0x08,0xff,0x11,0xc0,0xdc,0xc0,0xff,0x1a,0x00,0xda,0xc0,0xff,0x17,0x08,
  0xfa,0xf9,0x07,0xff,0x10,0x70,0xdd,0xc0,0xff,0x1c,0xdb,0xc0,0x00,0xff,0x17,0x07,0xf9,0xf8,0x06,0xff,0x11,0xc0,0xdd,0x70,
  0xff,0x1d,0xdd,0xc0,0xff,0x17,0x07,0xf8,0xf7,0x06,0xff,0x10,0x70,0xdd,0xc0,0xff,0x1f,0x70,0xdd,0xc0,0x70,0xff,0x16,0x07,
  0xf7,0xf6,0x06,0xff,0x10,0xc0,0xdc,0xc0,0x70,0xff,0x21,0x70,0xde,0xc0,0xff,0x17,0x05,0xf7,0xf5,0x06,0xff,0x0f,0xc0,0xdd,
  0xc0,0xff,0x25,0xc0,0xde,0xc0,0xff,0x16,0x05,0xf6,0xf4,0x06,0xff,0x0e,0x70,0xdd,0xc0,0xff,0x29,0xc0,0xdd,0xc0,0x70,0xff,
  0x15,0x05,0xf5,0xf4,0x05,0xff,0x0d,0x00,0xc0,0xdc,0xc0,0x00,0xff,0x2b,0x70,0xc0,0xdd,0xc0,0xff,0x15,0x04,0xf5,0xf3,0x05,
  0xff,0x0d,0xc0,0xdc,0xc0,0x70,0xff,0x2f,0x70,0xc0,0xdd,0xc0,0xff,0x13,0x05,0xf4,0xf3,0x04,0xff,0x0c,0xc0,0xdd,0xc0,0xff,
  0x33,0xc0,0xde,0x70,0xff,0x12,0x05,0xf3,0xf2,0x04,0xff,0x0b,0xc0,0xdd,0xc0,0xff,0x37,0xc0,0xdd,0xc0,0x70,0xff,0x11,0x04,
  0xf3,0xf2,0x04,0xff,0x09,0x70,0xc0,0xdc,0xc0,0xff,0x3b,0xc0,0xdd,0xc0,0xff,0x11,0x04,0xf2,0xf1,0x04,0xff,0x08,0x70,0xc0,
  0xdc,0xc0,0xff,0x3f,0xc0,0xdd,0xc0,0xff,0x0f,0x04,0xf2,0xf1,0x03,0xff,0x07,0x70,0xc0,0xd5,0xf0,0xd4,0xf2,0x00,0xff,0x41,
  0xc0,0xdd,0xc0,0xff,0x0e,0x04,0xf1,0xf0,0x04,0xff,0x05,0xc0,0xd3,0xf0,0xd0,0xf0,0xd5,0xc1,0xf0,0xc0,0xd0,0xf0,0xd0,0xff,
  0x43,0xd0,0xf0,0xd6,0xf0,0xd3,0xc0,0xff,0x0d,0x03,0xf1,0xf0,0x03,0xff,0x04,0xc0,0xd2,0xf0,0xd8,0xc0,0x50,0xff,0x47,0xc0,
  0xf0,0xe0,0xc1,0xd8,0xf0,0xd3,0xc0,0xff,0x0b,0x03,0xf1,0x04,0xff,0x01,0x00,0xc0,0xd2,0xf0,0xd8,0x70,0x30,0xff,0x4a,0x50,
  0x20,0xf1,0x20,0x70,0xc0,0xdc,0xc0,0xff,0x0a,0x01,0xf2,0xf0,0x02,0xff,0x00,0x70,0xc0,0xdb,0xc0,0x70,0x20,0xff,0x52,0x20,
  0x70,0xc0,0xdc,0xc0,0xff,0x0d,0xff,0x02,0xc0,0xd4,0xf1,0xd5,0xc0,0x50,0xff,0x58,0x30,0xc0,0xdc,0xc0,0xff,0x0b,0xfe,0x70,
  0xc0,0xdb,0xc0,0x70,0x20,0xff,0x5c,0x20,0x70,0xd8,0xf1,0xd1,0xc0,0xff,0x09,0xfb,0x00,0xc0,0xdc,0x70,0x30,0xff,0x61,0x20,
  0x70,0xc0,0xdb,0xc0,0xff,0x07,0xf9,0xc1,0xdb,0x71,0x20,0xff,0x66,0x50,0xc0,0xdb,0xc0,0x70,0xff,0x04,0xf6,0xc1,0xdb,0xc0,
  0x70,0x20,0xff,0x6b,0x20,0x70,0xdb,0xc0,0x70,0xff,0x02,0xf3,0xc1,0xdb,0xc0,0xd0,0x70,0xff,0x70,0x20,0x70,0xc0,0xda,0xc1,
  0xff,0x00,0xf0,0x70,0xc0,0xda,0xc1,0x70,0xf0,0xd0,0xc0,0xff,0x74,0x20,0x70,0xdb,0xc0,0xfd,0xf0,0xd9,0xc0,0x70,0xf4,0xd0,
  0x20,0xff,0x77,0x50,0x70,0xd0,0xf0,0xd8,0xc0,0x70,0xfa,0xf0,0xd5,0xc0,0x70,0xf6,0x70,0xf0,0x30,0xff,0x7c,0xdb,0xc0,0xf8,
  0xf0,0x70,0xc1,0x70,0xff,0x8b,0x70,0xc0,0xda,0xc0,0x70,0xf5,0xff,0x93,0x00,0xc1,0xd9,0xc0,0x70,0xf2,0xff,0x96,0x70,0xc0,
  0xd9,0xc0,0x70,0xf0,0xff,0x99,0x70,0xc0,0xd8,0xc0,0xff,0x9c,0x00,0xc1,0xd5,0xff,0xa0,0xc1,0xd1,0xc0,0x04,0x2d,0x09,0x2d,
  0x13,0x2d,0x1d,0x2d,0x27,0x2d,0x31,0x2d,0x3b,0x2d,0x45,0x2d,0x54,0x2d,0x66,0x2d,0x7b,0x2d,0x8c,0x2d,0x9f,0x2d,0xb1,0x2d,
  0xc1,0x2d,0xd1,0x2d,0xe0,0x2d,0xf1,0x2d,0x02,0x2e,0x12,0x2e,0x23,0x2e,0x36,0x2e,0x48,0x2e,0x58,0x2e,0x69,0x2e,0x7a,0x2e,
  0x8b,0x2e,0x9f,0x2e,0xbb,0x2e,0xd3,0x2e,0xeb,0x2e,0xfe,0x2e,0x0e,0x2f,0x1f,0x2f,0x2e,0x2f,0x3c,0x2f,0x4b,0x2f,0x5a,0x2f,
  0x6a,0x2f,0x7b,0x2f,0x88,0x2f,0x94,0x2f,0x9c,0x2f,0xa4,0x2f,0xaa,0x2f,0xaf,0x2f,0xff,0x14,0x41,0xf4,0x02,0xff,0xc6,0x40,
  0x33,0x40,0xfb,0xff,0xf5,0x34,0x40,0xfa,0xff,0xf5,0x36,0xf9,0xff,0xf5,0x37,0xf8,0xff,0x01,0x40,0xff,0xe3,0x40,0x37,0x40,
  0xf6,0xff,0x00,0x31,0xff,0xe3,0x40,0x38,0x40,0xf5,0xfd,0x40,0x31,0x40,0xff,0xe3,0x40,0x39,0x40,0xf4,0xfc,0x40,0x32,0x40,
  0xff,0xe3,0x40,0x3a,0x40,0xf3,0xfb,0x34,0xff,0xe5,0x3b,0x40,0xf2,0xf9,0x40,0x35,0xff,0xe5,0x3c,0x40,0xf1,0xf8,0x40,0x36,
  0xff,0xe5,0x3d,0xf1,0xf7,0x40,0x36,0x40,0xff,0xe5,0x3d,0x40,0xf0,0xf6,0x38,0x40,0xff,0xe5,0x3e,0xf0,0xf5,0x39,0x40,0xff,
  0xe5,0x3e,0xf0,0xf4,0x3a,0x40,0xff,0xe5,0x3e,0x40,0xf2,0x40,0x3b,0xff,0xe6,0x3e,0x40,0xf2,0x3c,0xff,0xe6,0x3e,0x40,0xf1,
  0x3d,0xff,0xe6,0x3e,0x40,0xf0,0x40,0x3d,0xff,0xe6,0x3e,0xf0,0xf0,0x3e,0xff,0xe6,0x40,0x3d,0xf0,0xf0,0x3e,0xff,0xe7,0x3c,
  0x40,0xf0,0x40,0x3e,0xff,0xe8,0x3b,0xf1,0x40,0x3e,0xff,0xe9,0x39,0x40,0xf1,0x40,0x3e,0xff,0xea,0x40,0x36,0x40,0xf2,0x40,
  0x3e,0xff,0xed,0x42,0xf5,0x40,0x3e,0xff,0xf6,0xf0,0x3d,0x40,0xff,0xf6,0xf0,0x3d,0xff,0xf7,0xf0,0x40,0x3b,0x40,0xff,0xf7,
  0xf1,0x3a,0x40,0xff,0xf8,0xf2,0x38,0x40,0xff,0xf9,0xf3,0x40,0x33,0x41,0xff,0xfb,0x10,0x30,0x1b,0x30,0x20,0x30,0x24,0x30,
  0x28,0x30,0x31,0x30,0x3a,0x30,0x44,0x30,0x4e,0x30,0x55,0x30,0x5d,0x30,0x64,0x30,0x6d,0x30,0x74,0x30,0x7b,0x30,0x82,0x30,
  0x89,0x30,0x8f,0x30,0x95,0x30,0x9c,0x30,0xa3,0x30,0xaa,0x30,0xb0,0x30,0xb7,0x30,0xbf,0x30,0xc5,0x30,0xc9,0x30,0xce,0x30,
  0xd2,0x30,0xd8,0x30,0xdd,0x30,0xe2,0x30,0xff,0x1a,0x40,0x71,0x65,0x80,0x73,0x40,0xfb,0x41,0x72,0xf1,0xff,0x18,0x70,0x80,
  0x6f,0x0e,0x80,0x70,0xf1,0xff,0x09,0x40,0x72,0x40,0xf7,0x70,0x6f,0x10,0x81,0x70,0xf1,0xff,0x06,0x40,0x70,0x66,0x70,0x40,
  0xf2,0x40,0x6f,0x10,0x84,0xf1,0xff,0x04,0x40,0x70,0x6a,0x70,0xf0,0x70,0x6f,0x0f,0x90,0x85,0xf1,0xff,0x02,0x40,0x70,0x6f,
  0x1c,0x80,0x90,0xb1,0x85,0xf1,0xff,0x00,0x40,0x70,0x6f,0x1d,0x90,0xb2,0x90,0x85,0xf1,0xfb,0x40,0x71,0x6f,0x1d,0x51,0x90,
  0xb3,0x90,0x85,0xf1,0xf4,0x73,0x80,0x6f,0x1e,0x51,0x21,0x80,0xb5,0x90,0x85,0xf1,0xf4,0x70,0x6f,0x10,0x50,0x22,0x5b,0x21,
  0x11,0x50,0xb7,0x86,0xf1,0xf4,0x70,0x80,0x6f,0x00,0xf9,0x61,0x51,0x20,0x1f,0x02,0x50,0x90,0xb8,0x86,0xf1,0xf4,0x70,0x81,
  0x6c,0xf6,0x50,0x20,0x11,0x20,0x1f,0x05,0x50,0x90,0xb9,0x90,0x85,0x70,0xf1,0xf4,0x70,0x82,0x69,0xf5,0x51,0x20,0x1f,0x07,
  0x20,0x70,0x90,0xbb,0x90,0x85,0x70,0xf1,0xf5,0x85,0x64,0xf3,0x51,0x20,0x1f,0x09,0x50,0x80,0xbe,0x86,0x70,0xf1,0xf5,0x84,
  0xb1,0x91,0x80,0x50,0x22,0x1f,0x09,0x20,0x50,0x80,0xbf,0x01,0x90,0x86,0x40,0xf1,0xf5,0x70,0x83,0x90,0xb5,0x80,0x50,0x21,
  0x1f,0x03,0x20,0x50,0x70,0x90,0xbf,0x04,0x87,0xf2,0xf5,0x70,0x84,0xb9,0x91,0x71,0x51,0x25,0x52,0x70,0x80,0x90,0xbf,0x08,
  0x90,0x86,0x70,0xf1,0x00,0xf4,0x01,0x84,0x90,0xbf,0x23,0x87,0x70,0x02,0x06,0x70,0x84,0x90,0xbf,0x21,0x90,0x87,0x03,0xf0,
  0x05,0x70,0x85,0xbf,0x21,0x87,0x70,0x02,0xf0,0xf0,0x06,0x85,0x90,0xbf,0x1f,0x90,0x82,0xf1,0x80,0xf1,0x70,0x02,0xf0,0xf1,
  0x05,0x70,0x85,0x90,0xbf,0x0a,0x94,0xbd,0x90,0x83,0xf4,0x02,0xf1,0xf2,0x05,0xf3,0x82,0x90,0xbf,0x05,0xac,0xb8,0x90,0x82,
  0xf5,0x70,0x02,0xf1,0xf3,0x04,0x70,0xf6,0xbf,0x02,0x90,0xaf,0x01,0x90,0xb4,0x90,0x80,0xf8,0x02,0xf2,0xf4,0x04,0xf7,0xbf,
  0x00,0xaa,0x81,0x54,0x25,0x50,0xf9,0x70,0x01,0xf3,0xf5,0x03,0x40,0xf7,0x90,0xbb,0xa6,0x80,0x60,0x50,0x21,0x1c,0x20,0xfa,
  0x02,0xf3,0xf6,0x03,0x70,0xf7,0x90,0xb9,0xa3,0x80,0x50,0x21,0x1f,0x01,0x50,0xfa,0x40,0x01,0xf4,0xf7,0x03,0xf8,0x90,0xb7,
  0xa0,0x80,0x50,0x20,0x1f,0x04,0x20,0x50,0xfa,0x70,0x01,0xf5,0xf9,0x01,0x40,0xf9,0x90,0xb3,0x90,0x50,0x20,0x1f,0x06,0x20,
  0xfc,0x01,0xf6,0xfa,0x01,0x70,0xfa,0x90,0x70,0x20,0x1f,0x07,0x20,0x60,0xfc,0x40,0x00,0xf7,0xfb,0x01,0x70,0xfa,0x60,0x20,
  0x1f,0x05,0x20,0x50,0xfd,0x70,0x00,0xf8,0xfc,0x01,0x70,0xfc,0x50,0x21,0x1d,0x20,0x50,0xff,0x00,0x70,0x00,0xf9,0xfe,0x00,
  0x70,0xfe,0x60,0x51,0x26,0x51,0xff,0x10,0xff,0x3c,0xff,0x03,0x80,0xff,0x18,0x80,0x70,0xfd,0xff,0x04,0x70,0x80,0xff,0x14,
  0x81,0x40,0xfe,0xff,0x05,0x70,0x81,0xff,0x10,0x81,0x70,0xff,0x01,0xff,0x06,0x40,0x70,0x83,0xff,0x08,0x84,0x70,0xff,0x02,
  0xff,0x08,0x40,0x86,0xff,0x00,0x86,0x70,0xff,0x04,0xff,0x0a,0x40,0x70,0x8f,0x09,0x70,0xff,0x06,0xff,0x0c,0x40,0x70,0x8f,
  0x04,0x71,0xff,0x08,0xff,0x0f,0x40,0x71,0x8c,0x71,0xff,0x0b,0xff,0x14,0x41,0x74,0x40,0xff,0x10,0x28,0x31,0x34,0x31,0x3d,
  0x31,0x49,0x31,0x56,0x31,0x63,0x31,0x6e,0x31,0x79,0x31,0x84,0x31,0x90,0x31,0x9d,0x31,0xad,0x31,0xbf,0x31,0xd0,0x31,0xde,
  0x31,0xf0,0x31,0x02,0x32,0x15,0x32,0x1e,0x32,0x27,0x32,0x31,0x32,0x3f,0x32,0x4d,0x32,0x5c,0x32,0x6c,0x32,0x7a,0x32,0x8a,
  0x32,0x9b,0x32,0xac,0x32,0xbb,0x32,0xca,0x32,0xd8,0x32,0xe6,0x32,0xf0,0x32,0xf2,0x32,0xfa,0x32,0x03,0x33,0x0d,0x33,0x18,
  0x33,0x22,0x33,0x2b,0x33,0x34,0x33,0x3c,0x33,0xff,0x3e,0x40,0x70,0x80,0xff,0x21,0x71,0x81,0x73,0x40,0xff,0x01,0x40,0x70,
  0x80,0x61,0x70,0xff,0x1e,0x40,0x70,0x6b,0x80,0x74,0x42,0x73,0x80,0x64,0x80,0x70,0xff,0x1d,0x70,0x6f,0x10,0x81,0x70,0xff,
  0x12,0x72,0x81,0x71,0x40,0xf0,0x40,0x6f,0x11,0x82,0xf0,0xff,0x08,0x06,0xf0,0x70,0x6f,0x1b,0x82,0x70,0xf0,0xff,0x05,0x07,
  0x70,0x80,0xf1,0x69,0xf8,0x6f,0x07,0x83,0x70,0xf0,0xff,0x03,0x07,0x70,0xf6,0x65,0xfd,0x6f,0x03,0x84,0xf1,0xff,0x02,0x06,
  0x40,0x80,0xf8,0x63,0xff,0x01,0x6f,0x00,0x84,0x70,0xf1,0xff,0x00,0x06,0x40,0x80,0xfb,0x61,0xff,0x04,0x6b,0x86,0x40,0xf1,
  0xfd,0x06,0x40,0x70,0xff,0x16,0x67,0x87,0x70,0xf2,0xfb,0x06,0x40,0x70,0xff,0x19,0x64,0x89,0x40,0xf2,0xf8,0x06,0x40,0x70,
  0x80,0xff,0x1d,0x8b,0x70,0xf3,0xf4,0x03,0x42,0x72,0xff,0x1d,0x8f,0x00,0xf4,0x06,0x40,0x80,0xff,0x25,0x8a,0xf1,0x40,0xf4,
  0xf0,0x06,0x40,0x70,0x80,0xff,0x25,0x86,0xf2,0x70,0xf5,0xf0,0x08,0x70,0x81,0xff,0x2c,0x70,0x00,0xf5,0xf1,0x08,0x70,0x84,
  0xff,0x27,0x70,0x00,0xf6,0xf2,0x08,0x40,0x70,0x84,0xff,0x24,0x70,0x01,0xf6,0xf3,0x09,0x70,0xf4,0x80,0xff,0x21,0x40,0x01,
  0xf7,0xf4,0x0a,0x70,0xff,0x23,0x70,0x40,0x01,0xf8,0xf5,0x0b,0x70,0xff,0x20,0x70,0x03,0xf8,0xf6,0x0b,0x40,0x70,0xff,0x1c,
  0x70,0x04,0xf9,0xf7,0x0d,0x70,0xff,0x18,0x70,0x40,0x04,0xfa,0xf9,0x0d,0x71,0xff,0x13,0x70,0x06,0xfb,0xfa,0x0e,0x40,0x71,
  0xff,0x0c,0x71,0x40,0x07,0xfc,0xfb,0x0f,0x02,0x72,0xff,0x04,0x71,0x40,0x0a,0xfd,0xfc,0x0f,0x05,0x40,0x74,0xf4,0x74,0x40,
  0x0e,0xfe,0xfe,0x0f,0x21,0xff,0x01,0xff,0x01,0x0f,0x1e,0xff,0x02,0xff,0x02,0x0f,0x1b,0xff,0x04,0xff,0x04,0x0f,0x18,0xff,
  0x05,0xff,0x07,0x0f,0x12,0xff,0x08,0xff,0x09,0x0f,0x0e,0xff,0x0a,0xff,0x0d,0x0f,0x06,0xff,0x0e,0xff,0x12,0x0b,0xff,0x13,
  0x99,0x33,0x9e,0x33,0xab,0x33,0xb8,0x33,0xbf,0x33,0xcb,0x33,0xd5,0x33,0xe2,0x33,0xed,0x33,0xfb,0x33,0x08,0x34,0x12,0x34,
  0x1c,0x34,0x26,0x34,0x2f,0x34,0x38,0x34,0x43,0x34,0x4c,0x34,0x55,0x34,0x5f,0x34,0x69,0x34,0x72,0x34,0x7a,0x34,0x83,0x34,
  0x8c,0x34,0x94,0x34,0x9e,0x34,0xa8,0x34,0xb2,0x34,0xb7,0x34,0xbd,0x34,0xc3,0x34,0xc9,0x34,0xcf,0x34,0xd5,0x34,0xdb,0x34,
  0xff,0x23,0x40,0x71,0x80,0x60,0x80,0x72,0x40,0xff,0x09,0xff,0x21,0x40,0x80,0x6a,0x71,0x40,0xff,0x05,0xff,0x1f,0x40,0x70,
  0x6f,0x01,0x71,0xff,0x02,0xff,0x1e,0x40,0x6f,0x06,0x71,0xfe,0xff,0x12,0x71,0x80,0x61,0x80,0x71,0x40,0xf1,0x70,0x6f,0x0a,
  0x80,0x70,0xfb,0xff,0x0f,0x40,0x70,0x69,0x80,0x70,0x6f,0x0e,0x70,0xf9,0xff,0x0e,0x70,0x6f,0x1e,0x70,0x40,0xf6,0xff,0x0d,
  0x70,0x6f,0x21,0x70,0xf5,0xff,0x0b,0x40,0x6f,0x25,0x40,0xf3,0xff,0x0a,0x40,0x6f,0x27,0x70,0xf2,0xff,0x09,0x40,0x6f,0x07,
  0x50,0x24,0x1c,0x22,0x60,0x93,0x82,0x64,0x40,0xf0,0xff,0x08,0x40,0x6f,0x06,0x50,0x20,0x1f,0x04,0x50,0x90,0xb7,0x85,0x70,
  0xff,0x07,0x40,0x6f,0x00,0x25,0x1f,0x04,0x20,0x50,0x90,0xb8,0x90,0x85,0x70,0xff,0x07,0x6d,0x50,0x20,0x1f,0x09,0x20,0x70,
  0xba,0x90,0x86,0xf0,0xff,0x06,0x70,0x6a,0x50,0x20,0x1f,0x0a,0x50,0x80,0xbc,0x87,0xf0,0xff,0x05,0x70,0x69,0x50,0x20,0x1f,
  0x09,0x20,0x70,0x90,0xbd,0x87,0x70,0xf0,0xff,0x04,0x40,0x68,0x50,0x20,0x1f,0x08,0x20,0x50,0x90,0xbf,0x00,0x90,0x87,0x40,
  0xf0,0xff,0x04,0x80,0x61,0xf4,0x50,0x20,0x1f,0x07,0x50,0x70,0x90,0xbf,0x02,0x90,0x88,0xf1,0xff,0x03,0x70,0x60,0xf4,0x50,
  0x20,0x1f,0x04,0x20,0x50,0x70,0x90,0xbf,0x05,0x90,0x88,0x70,0xf1,0xff,0x02,0x40,0xf5,0x20,0x1f,0x00,0x21,0x50,0x70,0x91,
  0xbf,0x08,0x90,0x89,0xf2,0xff,0x00,0x01,0x80,0xf2,0x80,0x91,0x80,0x71,0x56,0x72,0x80,0x91,0xbf,0x0e,0x90,0x89,0x70,0xf2,
  0xfd,0x02,0x40,0xf2,0x90,0xbf,0x20,0x8b,0xf3,0xfb,0x04,0x80,0xf0,0x80,0xbf,0x14,0x91,0x80,0x71,0x52,0x23,0x50,0x8b,0x70,
  0xf3,0xf8,0x06,0x40,0xf0,0x80,0x90,0xbf,0x0e,0x90,0x80,0x70,0x50,0x20,0x1b,0x20,0x8c,0xf4,0xf4,0x0a,0x70,0x83,0x90,0xbf,
  0x08,0x90,0x70,0x50,0x20,0x1e,0x20,0x50,0x8c,0x70,0xf4,0x0f,0x00,0x70,0x84,0x90,0xbf,0x03,0x90,0x70,0x20,0x1f,0x03,0x50,
  0x87,0xf1,0x83,0x70,0xf5,0xf0,0x0f,0x00,0x70,0x85,0x90,0xbd,0x80,0x50,0x20,0x1f,0x04,0x20,0xf0,0x86,0xf3,0x83,0xf6,0xf0,
  0x0f,0x00,0x40,0x87,0x91,0xb7,0x80,0x50,0x20,0x1f,0x05,0x20,0xf0,0x84,0xf6,0x83,0x40,0xf6,0xf1,0x0f,0x00,0x40,0x89,0x90,
  0xb2,0x90,0x70,0x20,0x1f,0x05,0x20,0x50,0x85,0xf7,0x83,0x70,0xf7,0xf2,0x0f,0x00,0x70,0x8b,0x50,0x20,0x1f,0x04,0x20,0x50,
  0xf0,0x85,0xf9,0x82,0x70,0xf8,0xf3,0x0f,0x00,0x70,0x83,0xf0,0x80,0xf7,0x51,0x21,0x18,0x22,0x51,0x87,0xfa,0x82,0x70,0xf9,
  0xf4,0x0f,0x00,0x70,0xff,0x04,0x63,0xff,0x0a,0x81,0x70,0xfa,0xf5,0x0f,0x00,0x70,0xff,0x20,0x81,0x70,0xfb,0xf6,0x0f,0x00,
  0x40,0xff,0x1e,0x81,0x70,0xfc,0xf7,0x0f,0x01,0x70,0xff,0x1b,0x81,0x40,0xfd,0xf9,0x0f,0x00,0x70,0xff,0x19,0x80,0x70,0xff,
  0x00,0xfa,0x0f,0x00,0x40,0x70,0xff,0x16,0x80,0x40,0xff,0x01,0xfb,0x0f,0x01,0x70,0xff,0x28,0xfc,0x0f,0x02,0x70,0xff,0x10,
  0x70,0x00,0xff,0x04,0xfe,0x0f,0x02,0x40,0x70,0xff,0x0a,0x71,0x00,0xff,0x06,0xff,0x01,0x0f,0x03,0x71,0xff,0x04,0x71,0x40,
  0x01,0xff,0x07,0xff,0x02,0x0f,0x05,0x40,0x72,0xfa,0x71,0x40,0x03,0xff,0x09,0xff,0x04,0x0f,0x0a,0x43,0x09,0xff,0x0a,0xff,
  0x07,0x0f,0x12,0xff,0x0d,0xff,0x09,0x0f,0x0e,0xff,0x0f,0xff,0x0d,0x0f,0x06,0xff,0x13,0xff,0x12,0x0b,0xff,0x18,0x28,0x35,
  0x33,0x35,0x3c,0x35,0x45,0x35,0x4c,0x35,0x5b,0x35,0x66,0x35,0x6e,0x35,0x75,0x35,0x7c,0x35,0x83,0x35,0x92,0x35,0xa0,0x35,
  0xaf,0x35,0xbc,0x35,0xc9,0x35,0xd8,0x35,0xe9,0x35,0xfa,0x35,0x0d,0x36,0x1d,0x36,0x30,0x36,0x39,0x36,0x49,0x36,0x5a,0x36,
  0x6b,0x36,0x7d,0x36,0x8f,0x36,0xa2,0x36,0xb5,0x36,0xc6,0x36,0xd8,0x36,0xe4,0x36,0xed,0x36,0xf6,0x36,0xff,0x36,0x09,0x37,
  0x14,0x37,0x1a,0x37,0x24,0x37,0x2f,0x37,0x3b,0x37,0x47,0x37,0x4f,0x37,0x55,0x37,0x5b,0x37,0x61,0x37,0xff,0x22,0x40,0x76,
  0xff,0x0a,0xff,0x1f,0x40,0x70,0x6a,0x70,0x40,0xff,0x06,0xff,0x0e,0x40,0x71,0x61,0x80,0x71,0x40,0xf5,0x40,0x80,0x6f,0x00,
  0x70,0x40,0xff,0x03,0xff,0x0c,0x70,0x80,0x69,0x70,0xf1,0x40,0x70,0x6f,0x04,0x80,0x70,0xff,0x01,0xff,0x0a,0x40,0x80,0x6d,
  0x70,0x6f,0x09,0x70,0xfe,0xff,0x09,0x70,0x6f,0x1b,0x80,0x40,0xfc,0xff,0x07,0x70,0x6f,0x1f,0x80,0x70,0xfa,0xff,0x05,0x40,
  0x70,0x6f,0x23,0x71,0x40,0xf6,0xff,0x04,0x70,0x6f,0x29,0x80,0x72,0x40,0xf0,0xff,0x02,0x40,0x70,0x62,0xf9,0x69,0xf8,0x6f,
  0x0d,0x81,0x40,0xff,0x01,0x70,0x62,0xfd,0x65,0xf4,0x50,0x21,0x51,0xf3,0x6f,0x05,0x86,0xf0,0xfe,0x40,0x80,0x61,0xff,0x01,
  0x50,0x12,0x23,0x17,0x21,0x53,0x6b,0x81,0x93,0x85,0x70,0xf0,0xfd,0x70,0x61,0xff,0x02,0x20,0x1f,0x08,0x27,0x80,0xb4,0x90,
  0x86,0x70,0xf0,0xfb,0x70,0x61,0xff,0x02,0x50,0x1f,0x0e,0x20,0x50,0x90,0xb5,0x90,0x87,0x40,0xf0,0xf9,0x40,0x70,0x60,0xff,
  0x02,0x50,0x20,0x1f,0x0c,0x20,0x50,0x90,0xb7,0x90,0x88,0xf1,0xf9,0x60,0xff,0x01,0x50,0x20,0x1f,0x0c,0x20,0x70,0x90,0xb9,
  0x90,0x88,0x70,0xf1,0xf4,0x03,0x81,0xfc,0x51,0x20,0x1f,0x0b,0x20,0x50,0x80,0xbc,0x90,0x89,0xf2,0x08,0x70,0x84,0x94,0x81,
  0x50,0x20,0x1f,0x08,0x21,0x50,0x70,0x90,0xbf,0x00,0x83,0xf1,0x84,0x70,0xf2,0xf0,0x08,0x85,0x90,0xb7,0x92,0x71,0x52,0x25,
  0x53,0x71,0x91,0xbf,0x04,0x90,0x82,0xf3,0x84,0x40,0xf2,0xf0,0x08,0x70,0x86,0x90,0xbf,0x08,0x92,0x80,0x77,0x80,0x93,0xb5,
  0x90,0x81,0xf4,0x84,0x70,0xf3,0xf1,0x08,0x88,0xbe,0x91,0x70,0x51,0x21,0x1f,0x03,0x21,0x50,0x82,0xf5,0x85,0x40,0xf3,0xf2,
  0x07,0x70,0xf0,0x87,0x90,0xb7,0x90,0x80,0x50,0x21,0x1f,0x0b,0x20,0xf9,0x84,0x70,0xf4,0xf3,0x07,0x70,0xf6,0x83,0x90,0xb0,
  0x90,0x70,0x50,0x20,0x1f,0x0e,0x20,0x50,0xf9,0x85,0xf5,0xf4,0x06,0x40,0xfb,0x60,0x50,0x20,0x1f,0x0e,0x50,0x60,0xfb,0x84,
  0x40,0xf5,0xf5,0x06,0x70,0xfd,0x50,0x21,0x1f,0x08,0x20,0x50,0xfd,0x84,0x70,0xf6,0xf6,0x06,0x70,0xff,0x00,0x60,0x50,0x21,
  0x1f,0x00,0x20,0x51,0xff,0x00,0x85,0xf7,0xf7,0x06,0x70,0xff,0x04,0x60,0x52,0x24,0x53,0x60,0xff,0x03,0x85,0x40,0xf7,0xf9,
  0x05,0xff,0x24,0x85,0x40,0xf8,0xfa,0x05,0xff,0x22,0x85,0x70,0xf9,0xfb,0x04,0x40,0xff,0x20,0x85,0x70,0xfa,0xfc,0x05,0x70,
  0xff,0x1d,0x85,0x70,0xfb,0xfe,0x04,0x70,0xff,0x1a,0x86,0x40,0xfc,0xff,0x01,0x03,0x70,0xff,0x18,0x86,0x40,0xfd,0xff,0x02,
  0x03,0x40,0xff,0x15,0x86,0x70,0xff,0x00,0xff,0x04,0x03,0x70,0xff,0x11,0x87,0x70,0xff,0x01,0xff,0x07,0x01,0x40,0xff,0x0e,
  0x87,0x70,0xff,0x03,0xff,0x09,0x01,0x70,0xff,0x08,0x89,0x70,0x40,0xff,0x04,0xff,0x0f,0x80,0xff,0x00,0x8b,0x70,0x40,0xff,
  0x06,0xff,0x0f,0x40,0x70,0x8f,0x09,0x70,0xff,0x09,0xff,0x12,0x40,0x71,0x8f,0x01,0x71,0x40,0xff,0x0b,0xff,0x16,0x40,0x75,
  0x80,0x75,0x40,0xff,0x0f,0xc4,0x37,0xca,0x37,0xd3,0x37,0xe4,0x37,0xf3,0x37,0xfd,0x37,0x05,0x38,0x0d,0x38,0x16,0x38,0x1f,
  0x38,0x2b,0x38,0x3a,0x38,0x4c,0x38,0x5b,0x38,0x6b,0x38,0x7c,0x38,0x8c,0x38,0x9b,0x38,0xaf,0x38,0xc3,0x38,0xd6,0x38,0xe7,
  0x38,0xf9,0x38,0x0b,0x39,0x1a,0x39,0x28,0x39,0x38,0x39,0x47,0x39,0x4e,0x39,0x55,0x39,0x5d,0x39,0x65,0x39,0x6d,0x39,0x76,
  0x39,0x80,0x39,0x8a,0x39,0x94,0x39,0x9f,0x39,0xa9,0x39,0xb2,0x39,0xbc,0x39,0xff,0x24,0x43,0xff,0x09,0xff,0x20,0x40,0x70,
  0x66,0x80,0x70,0x40,0xff,0x05,0xff,0x1f,0x70,0x6b,0x80,0x70,0xff,0x03,0xff,0x0e,0x40,0x70,0x80,0x63,0x71,0xf5,0x40,0x6f,
  0x01,0x70,0xff,0x01,0xff,0x0c,0x70,0x6a,0x70,0xf2,0x40,0x6f,0x03,0x80,0x70,0xfe,0xff,0x0a,0x40,0x6e,0x41,0x6f,0x07,0x70,
  0x40,0xfb,0xff,0x09,0x70,0x6f,0x1b,0x80,0x70,0x40,0xf8,0xff,0x07,0x40,0x80,0x6f,0x20,0x71,0x40,0xf4,0xff,0x06,0x40,0x6f,
  0x28,0x80,0x70,0xff,0x05,0x70,0x6f,0x2a,0x70,0xff,0x04,0x70,0x6f,0x2b,0x40,0xff,0x02,0x40,0x80,0x6f,0x2b,0x70,0xf0,0xff,
  0x01,0x70,0x64,0xf9,0x69,0xf8,0x6f,0x0b,0x40,0xf0,0xff,0x00,0x70,0x63,0xfd,0x65,0xfd,0x6b,0x51,0x68,0x70,0xf1,0xfd,0x40,
  0x63,0xff,0x01,0x63,0xf7,0x50,0xf7,0x64,0x52,0x22,0x68,0x80,0x40,0xf1,0xfc,0x70,0x62,0xff,0x04,0x61,0xf0,0x50,0xf4,0x50,
  0x20,0x12,0x28,0x15,0x50,0x69,0x70,0xf2,0xfa,0x70,0x62,0xff,0x04,0x51,0x21,0x12,0x22,0x1f,0x03,0x20,0x6a,0x70,0xf3,0xf8,
  0x40,0x80,0x61,0xfe,0x53,0x21,0x1f,0x0c,0x20,0x50,0x6a,0x80,0x40,0xf3,0xf7,0x40,0x80,0x60,0xfd,0x50,0x20,0x1f,0x10,0x20,
  0x50,0xf2,0x6a,0xf5,0xf4,0x03,0x70,0xff,0x01,0x50,0x20,0x1f,0x0a,0x21,0x50,0xf8,0x66,0x70,0x00,0xf4,0x09,0x40,0x80,0xff,
  0x02,0x50,0x21,0x1f,0x01,0x21,0x51,0xff,0x03,0x70,0x01,0xf4,0xf0,0x0a,0x70,0xff,0x05,0x51,0x26,0x54,0xff,0x07,0x60,0x70,
  0x01,0xf5,0xf0,0x0b,0x70,0x80,0xff,0x26,0x60,0xf0,0x70,0x02,0xf5,0xf1,0x0b,0x40,0x80,0xff,0x23,0x61,0xf0,0x40,0x02,0xf6,
  0xf2,0x0c,0x70,0x80,0xff,0x1e,0x63,0x70,0x04,0xf6,0xf3,0x0d,0x70,0x60,0xff,0x19,0x64,0xf0,0x70,0x04,0xf7,0xf4,0x0d,0x40,
  0x70,0x65,0xff,0x10,0x65,0x70,0x05,0xf8,0xf5,0x0e,0x40,0x70,0x66,0xff,0x0a,0x66,0x70,0x40,0x06,0xf8,0xf6,0x0f,0x00,0x40,
  0x70,0xf0,0x66,0xff,0x04,0x66,0xf0,0x70,0x08,0xf9,0xf7,0x0f,0x02,0x71,0x69,0xf8,0x69,0xf0,0x70,0x40,0x09,0xfa,0xf9,0x0f,
  0x03,0x71,0xf0,0x6f,0x06,0xf0,0x70,0x40,0x0b,0xfb,0xfa,0x0f,0x05,0x40,0x72,0xf1,0x68,0xf1,0x72,0x40,0x0e,0xfc,0xfb,0x0f,
  0x0b,0x46,0x0f,0x05,0xfd,0xfc,0x0f,0x25,0xfe,0x17,0x3a,0x1c,0x3a,0x26,0x3a,0x2e,0x3a,0x3c,0x3a,0x48,0x3a,0x52,0x3a,0x5b,
  0x3a,0x64,0x3a,0x6b,0x3a,0x71,0x3a,0x77,0x3a,0x7f,0x3a,0x8a,0x3a,0x96,0x3a,0xa6,0x3a,0xb8,0x3a,0xc7,0x3a,0xd6,0x3a,0xe4,
  0x3a,0xf4,0x3a,0x04,0x3b,0x12,0x3b,0x1d,0x3b,0x28,0x3b,0x32,0x3b,0x3d,0x3b,0x48,0x3b,0x54,0x3b,0x62,0x3b,0x6e,0x3b,0x7a,
  0x3b,0x86,0x3b,0x8d,0x3b,0xb2,0x34,0xb7,0x34,0xbd,0x34,0xc3,0x34,0xc9,0x34,0xcf,0x34,0xd5,0x34,0xdb,0x34,0xff,0x2a,0x40,
  0x74,0x40,0xff,0x07,0xff,0x26,0x40,0x70,0x6a,0x80,0x71,0xff,0x02,0xff,0x16,0x40,0x73,0x40,0xf7,0x70,0x6f,0x03,0x71,0x40,
  0xfc,0xff,0x13,0x40,0x70,0x66,0x80,0x70,0xf3,0x70,0x6f,0x09,0x80,0x71,0xf8,0xff,0x11,0x40,0x80,0x6a,0x80,0x40,0xf0,0x70,
  0x6f,0x0f,0x71,0x40,0xf3,0xff,0x0f,0x40,0x80,0x6f,0x24,0x71,0x40,0xff,0x0d,0x40,0x70,0x6f,0x27,0x80,0x70,0xff,0x0b,0x40,
  0x70,0x6f,0x26,0x84,0xff,0x0a,0x70,0x6f,0x25,0x80,0x90,0x85,0xff,0x08,0x70,0x6f,0x0b,0x5f,0x04,0x60,0x82,0x92,0xb1,0x90,
  0x85,0xff,0x06,0x70,0x6f,0x0a,0x51,0x20,0x1f,0x01,0x20,0x70,0xb9,0x90,0x84,0x70,0xff,0x04,0x40,0x80,0x6f,0x03,0x50,0x21,
  0x10,0x21,0x1f,0x04,0x20,0x80,0xbb,0x85,0x70,0xff,0x03,0x70,0x62,0xf9,0x64,0x50,0x21,0x1f,0x07,0x20,0x70,0x90,0xbc,0x90,
  0x85,0x70,0xff,0x03,0x70,0x84,0x91,0x83,0xf1,0x51,0x21,0x1f,0x07,0x20,0x50,0x70,0x90,0xbf,0x00,0x90,0x85,0x70,0xff,0x02,
  0x00,0x70,0x85,0xb7,0x90,0x80,0x51,0x20,0x1f,0x00,0x21,0x50,0x80,0x90,0xbf,0x04,0x86,0x70,0xff,0x00,0x02,0x40,0x85,0xbd,
  0x91,0x80,0x75,0x50,0x60,0xf0,0x81,0xa2,0xbf,0x06,0x90,0x86,0xf0,0xfd,0x05,0x85,0x90,0xbf,0x05,0xa9,0x90,0xbf,0x04,0x87,
  0xf0,0xfb,0x07,0x82,0xf0,0x82,0xbf,0x04,0xac,0xbf,0x02,0x90,0x86,0x70,0xf0,0xf8,0x0a,0x70,0x86,0xbf,0x03,0xad,0xbf,0x01,
  0x87,0x70,0xf0,0xf4,0x0e,0x40,0x82,0xf0,0x82,0x90,0xbf,0x01,0xaf,0x01,0xbd,0x90,0x87,0xf1,0x0f,0x05,0x87,0xbf,0x00,0x90,
  0xaf,0x02,0xbc,0x87,0x70,0xf1,0xf0,0x0f,0x04,0x70,0x82,0xf0,0x83,0xbe,0xaf,0x04,0x90,0xb9,0x88,0x40,0xf1,0xf0,0x0f,0x05,
  0x87,0x90,0xbc,0xaf,0x07,0xb7,0x90,0x88,0xf2,0xf1,0x0f,0x04,0x70,0x82,0xf0,0x83,0x90,0xbb,0xaf,0x08,0xb5,0x90,0x88,0x70,
  0xf2,0xf2,0x0f,0x04,0x82,0xf1,0x83,0x90,0xb9,0x90,0xaf,0x09,0x90,0xb2,0x90,0x89,0xf3,0xf3,0x0f,0x03,0x70,0x82,0xf5,0x90,
  0xb8,0xaf,0x0c,0xb0,0x90,0x89,0x70,0xf3,0xf4,0x0f,0x03,0xf9,0x90,0xb7,0xac,0xf0,0x80,0x53,0x27,0x50,0xf0,0x89,0x70,0xf4,
  0xf5,0x0f,0x02,0x40,0xfa,0xb5,0xa7,0x80,0x51,0x20,0x1e,0x20,0x60,0x8a,0x40,0xf4,0xf6,0x0f,0x02,0x70,0xfa,0x90,0xb3,0xa2,
  0xf0,0x50,0x21,0x1f,0x03,0x50,0xf0,0x8a,0x70,0xf5,0xf7,0x0f,0x02,0xfc,0x90,0xb0,0x90,0x51,0x20,0x1f,0x05,0x20,0x60,0xf0,
  0x8a,0x70,0xf6,0xf9,0x0f,0x00,0x40,0xfd,0x20,0x1f,0x06,0x20,0x60,0xf1,0x8b,0xf7,0xfa,0x0f,0x00,0x40,0xfe,0x50,0x20,0x1f,
  0x00,0x20,0x50,0xf3,0x8b,0x40,0xf7,0xfb,0x0f,0x00,0x40,0xff,0x01,0x51,0x21,0x15,0x21,0x51,0xf5,0x8b,0x40,0xf8,0xfc,0x0f,
  0x00,0x70,0xff,0x13,0x8b,0x40,0xf9,0xfe,0x0e,0x40,0xff,0x10,0x8c,0x40,0xfa,0xff,0x01,0x0d,0x40,0xff,0x0e,0x8b,0x70,0x40,
  0xfb,0xff,0x02,0x0e,0x70,0xff,0x0a,0x8c,0x70,0xfd,0xff,0x04,0x0d,0x70,0xff,0x07,0x8d,0x40,0xfe,0xff,0x07,0x0c,0x70,0xff,
  0x03,0x8d,0x70,0xff,0x01,0xff,0x09,0x0b,0x40,0x70,0xfc,0x8f,0x00,0x70,0x40,0xff,0x02,0xff,0x0d,0x0a,0x70,0xf6,0x8f,0x02,
  0x70,0xff,0x05,0xff,0x12,0x07,0x40,0xf0,0x8f,0x03,0x70,0x40,0xff,0x07,0xff,0x1e,0x72,0x88,0x72,0xff,0x0b,0xe5,0x3b,0xec,
  0x3b,0xf5,0x3b,0x01,0x3c,0x0f,0x3c,0x1d,0x3c,0x25,0x3c,0x2d,0x3c,0x34,0x3c,0x3c,0x3c,0x49,0x3c,0x58,0x3c,0x69,0x3c,0x7a,
  0x3c,0x8e,0x3c,0xa2,0x3c,0xb5,0x3c,0xc1,0x3c,0xcf,0x3c,0xdb,0x3c,0xea,0x3c,0xf6,0x3c,0x05,0x3d,0x11,0x3d,0x21,0x3d,0x31,
  0x3d,0x40,0x3d,0x50,0x3d,0x60,0x3d,0x72,0x3d,0x83,0x3d,0x90,0x3d,0x9f,0x3d,0xae,0x3d,0xb7,0x3d,0xbf,0x3d,0xc9,0x3d,0xd2,
  0x3d,0xdb,0x3d,0xe5,0x3d,0xf1,0x3d,0xfb,0x3d,0x06,0x3e,0xff,0x21,0x71,0x82,0x71,0xff,0x07,0xff,0x1f,0x70,0x68,0x70,0x40,
  0xff,0x04,0xff,0x13,0x40,0x70,0x40,0xf6,0x40,0x80,0x6b,0x70,0x40,0xff,0x02,0xff,0x11,0x70,0x64,0x70,0x40,0xf2,0x40,0x6f,
  0x00,0x70,0xff,0x01,0xff,0x0f,0x40,0x68,0x70,0xf0,0x40,0x6f,0x03,0x40,0xfe,0xff,0x0e,0x40,0x6a,0x80,0x6f,0x05,0x70,0xfd,
  0xff,0x0d,0x40,0x6f,0x14,0x40,0xfb,0xff,0x0c,0x40,0x6f,0x16,0x70,0xfa,0xff,0x0b,0x40,0x6f,0x19,0x40,0xf8,0xff,0x0a,0x40,
  0x6f,0x05,0x57,0x6d,0x70,0xf7,0xff,0x09,0x40,0x6f,0x05,0x50,0x1a,0x21,0x51,0x67,0x70,0xf6,0xff,0x09,0x80,0x69,0x50,0x21,
  0x50,0x64,0x50,0x20,0x1f,0x01,0x21,0x50,0x64,0x80,0x40,0xf4,0xff,0x08,0x70,0x67,0x50,0x20,0x14,0x20,0x52,0x20,0x1f,0x03,
  0x20,0x50,0x90,0xb1,0x90,0x80,0x62,0x40,0xf3,0xff,0x07,0x70,0x66,0x20,0x1f,0x0d,0x20,0x50,0x90,0xb6,0x91,0x61,0x70,0xf2,
  0xff,0x06,0x40,0x64,0x50,0x20,0x1f,0x0b,0x21,0x70,0x90,0xbc,0x90,0x60,0x70,0xf1,0xff,0x06,0x64,0x20,0x1f,0x09,0x20,0x50,
  0x70,0x90,0xbf,0x01,0x90,0x81,0x70,0xf0,0xff,0x05,0x70,0x62,0x50,0x21,0x1f,0x03,0x20,0x51,0x70,0x91,0xbf,0x05,0x83,0x70,
  0xff,0x04,0x70,0x62,0x90,0xb3,0x92,0x80,0x78,0x80,0x92,0xbf,0x0b,0x90,0x84,0xff,0x03,0x40,0x61,0x80,0x90,0xbf,0x21,0x90,
  0x83,0x70,0xff,0x03,0x80,0x60,0x80,0xbf,0x23,0x84,0x70,0xff,0x02,0x70,0x60,0x80,0xbf,0x23,0x90,0x84,0x70,0xff,0x01,0x40,
  0x60,0x80,0xbf,0x24,0x85,0xf0,0xff,0x01,0x70,0x80,0xbf,0x24,0x90,0x85,0xf0,0xff,0x00,0x40,0x81,0x90,0xbf,0x23,0x85,0x70,
  0xf0,0xfd,0x02,0x82,0xbf,0x22,0x90,0x85,0x70,0xf0,0xfb,0x04,0x70,0x81,0xbf,0x22,0x86,0xf1,0xf8,0x07,0x40,0x82,0xbf,0x20,
  0x90,0x85,0x70,0xf1,0xf4,0x0c,0x82,0x90,0xbf,0x1e,0x90,0x86,0x40,0xf1,0x0f,0x02,0x70,0x82,0xbf,0x1e,0x84,0xf1,0x80,0xf2,
  0xf0,0x0f,0x02,0x82,0x90,0xbf,0x1c,0x83,0xf3,0x70,0xf2,0xf0,0x0f,0x02,0x70,0x82,0x90,0xbf,0x1a,0x90,0x81,0xf4,0x80,0xf3,
  0xf1,0x0f,0x02,0x70,0x82,0xbf,0x0a,0x94,0xb9,0x90,0x80,0xf5,0x80,0x70,0xf3,0xf2,0x0f,0x01,0x40,0x83,0xbf,0x05,0xad,0xb3,
  0x90,0xf7,0x80,0xf4,0xf3,0x0f,0x01,0x70,0x83,0xbf,0x01,0xaf,0x04,0x90,0xf7,0x80,0x70,0xf4,0xf4,0x0f,0x01,0xf4,0x90,0xbc,
  0xaf,0x05,0xf9,0x80,0xf5,0xf5,0x0f,0x00,0x40,0xf4,0x90,0xb9,0x90,0xaf,0x05,0xf9,0x80,0x40,0xf5,0xf6,0x0f,0x00,0x70,0xf5,
  0x90,0xb6,0xaf,0x05,0x80,0xf9,0x80,0x70,0xf6,0xf7,0x0f,0x00,0x70,0xf5,0x90,0xb4,0xaf,0x05,0xfa,0x81,0xf7,0xf9,0x0e,0x70,
  0xf6,0x91,0xb0,0xaf,0x04,0xfb,0x81,0x40,0xf7,0xfa,0x0e,0xfa,0xaf,0x00,0xfd,0x81,0x70,0xf8,0xfb,0x0e,0xff,0x00,0x80,0xa0,
  0x81,0xff,0x03,0x81,0x70,0xf9,0xfc,0x0e,0x70,0xff,0x14,0x81,0x70,0xfa,0xfe,0x0d,0x70,0xff,0x11,0x82,0x70,0xfb,0xff,0x01,
  0x0c,0x70,0xff,0x0f,0x82,0x70,0xfc,0xff,0x02,0x0c,0x40,0xff,0x0c,0x83,0x40,0xfd,0xff,0x04,0x0c,0x70,0xff,0x08,0x83,0x70,
  0xff,0x00,0xff,0x07,0x0a,0x40,0x70,0xff,0x04,0x83,0x70,0x40,0xff,0x01,0xff,0x09,0x0a,0x40,0x70,0xfd,0x85,0x70,0x40,0xff,
  0x03,0xff,0x0d,0x09,0x71,0xf6,0x87,0x70,0x40,0xff,0x05,0xff,0x12,0x07,0x40,0xf0,0x71,0x84,0x72,0xff,0x09,0x63,0x3e,0x6a,
  0x3e,0x72,0x3e,0x7f,0x3e,0x8c,0x3e,0x97,0x3e,0xa0,0x3e,0xa7,0x3e,0xae,0x3e,0xb5,0x3e,0xbe,0x3e,0xca,0x3e,0xdc,0x3e,0xf1,
  0x3e,0x00,0x3f,0x10,0x3f,0x20,0x3f,0x30,0x3f,0x3f,0x3f,0x4a,0x3f,0x53,0x3f,0x5d,0x3f,0x66,0x3f,0x6f,0x3f,0x79,0x3f,0x82,
  0x3f,0x8a,0x3f,0x94,0x3f,0x9e,0x3f,0xa8,0x3f,0xb3,0x3f,0xc0,0x3f,0xcf,0x3f,0xdc,0x3f,0xea,0x3f,0xf5,0x3f,0x03,0x40,0x11,
  0x40,0x1d,0x40,0x29,0x40,0x32,0x40,0x3e,0x40,0x46,0x40,0x4e,0x40,0x57,0x40,0x60,0x40,0x6a,0x40,0x76,0x40,0x81,0x40,0x8b,
  0x40,0xff,0x26,0x42,0xff,0x05,0xff,0x23,0x70,0x81,0x63,0x80,0x70,0x40,0xff,0x01,0xff,0x21,0x40,0x80,0x69,0x80,0x70,0xfe,
  0xff,0x14,0x40,0x73,0x40,0xf5,0x70,0x80,0x6c,0x80,0x40,0xfc,0xff,0x11,0x40,0x70,0x80,0x65,0x80,0x70,0x40,0xf1,0x70,0x6f,
  0x00,0x80,0x40,0xfb,0xff,0x10,0x70,0x80,0x69,0x80,0x70,0x40,0x80,0x6f,0x01,0x80,0x70,0xfa,0xff,0x0f,0x80,0x6f,0x13,0x70,
  0xf9,0xff,0x0d,0x40,0x80,0x6f,0x05,0x50,0x6e,0x70,0xf8,0xff,0x0d,0x80,0x6f,0x04,0x50,0x12,0x21,0x50,0x6b,0x70,0xf7,0xff,
  0x0c,0x70,0x6a,0x50,0x20,0x55,0x21,0x16,0x20,0x50,0x6a,0x70,0xf6,0xff,0x0b,0x40,0x6a,0x20,0x1f,0x03,0x50,0x80,0x69,0x70,
  0xf5,0xff,0x0b,0x80,0x68,0x50,0x20,0x1f,0x01,0x20,0x80,0x92,0x80,0x69,0x70,0xf4,0xff,0x0a,0x70,0x68,0x50,0x1e,0x20,0x50,
  0x80,0x97,0x69,0x70,0xf3,0xff,0x0a,0x80,0x67,0x50,0x1b,0x20,0x50,0x80,0x9c,0x69,0x70,0xf2,0xff,0x09,0x70,0x67,0x59,0x81,
  0x9f,0x03,0x69,0x70,0xf1,0xff,0x08,0x40,0x67,0x80,0x9f,0x0f,0x80,0x69,0x70,0xf0,0xff,0x08,0x80,0x66,0x80,0x9f,0x11,0x80,
  0x67,0x81,0x40,0xff,0x05,0x01,0x70,0xf7,0x9f,0x13,0x80,0x62,0x85,0x40,0xff,0x03,0x03,0x80,0xf6,0x80,0x9f,0x14,0x88,0xf0,
  0xff,0x02,0x03,0x70,0xf6,0x80,0x9f,0x01,0xa4,0x9c,0x89,0x70,0xf0,0xff,0x00,0x05,0x80,0xf6,0x80,0x9b,0xae,0x94,0x8c,0x40,
  0xf0,0xfd,0x06,0x70,0xf7,0x99,0xaf,0x04,0x8e,0x70,0xf1,0xfb,0x08,0x80,0xf6,0x80,0x97,0xaf,0x04,0x8f,0x01,0x40,0xf1,0xf8,
  0x0a,0x70,0xf7,0x97,0xaf,0x03,0x8f,0x03,0x00,0xf1,0xf4,0x0e,0x83,0xf2,0x81,0x95,0xaf,0x03,0x8f,0x04,0x40,0x00,0xf1,0x0f,
  0x04,0x70,0x82,0xf2,0x8a,0xad,0x86,0xf2,0x8a,0x70,0x01,0xf1,0xf0,0x0f,0x03,0x40,0x83,0xf1,0x8f,0x02,0xa5,0x85,0xf6,0x86,
  0xf1,0x40,0x00,0xf2,0xf0,0x0f,0x04,0x70,0x83,0xf5,0x8f,0x07,0xff,0x01,0x70,0x01,0xf2,0xf1,0x0f,0x04,0x70,0x83,0xfd,0x8b,
  0xff,0x02,0x70,0x01,0xf3,0xf2,0x0f,0x04,0x70,0x82,0xff,0x03,0x85,0xff,0x03,0x40,0x01,0xf3,0xf3,0x0f,0x04,0x82,0xff,0x1b,
  0x40,0x01,0xf4,0xf4,0x0f,0x03,0x40,0xff,0x1c,0x70,0x01,0xf5,0xf5,0x0f,0x03,0x40,0xff,0x1a,0x70,0x02,0xf5,0xf6,0x0f,0x04,
  0xff,0x18,0x40,0x02,0xf6,0xf7,0x0f,0x04,0x70,0xff,0x15,0x40,0x02,0xf7,0xf9,0x0f,0x03,0x70,0xff,0x12,0x70,0x03,0xf8,0xfa,
  0x0f,0x03,0x40,0x70,0xff,0x0f,0x40,0x03,0xf9,0xfb,0x0f,0x04,0x40,0xff,0x0c,0x70,0x04,0xfa,0xfc,0x0f,0x05,0x71,0xff,0x07,
  0x70,0x05,0xfb,0xfe,0x0f,0x05,0x40,0x70,0xff,0x02,0x70,0x40,0x05,0xfd,0xff,0x01,0x0f,0x07,0x72,0xf6,0x72,0x40,0x08,0xfe,
  0xff,0x02,0x0f,0x1b,0xff,0x01,0xff,0x04,0x0f,0x18,0xff,0x02,0xff,0x07,0x0f,0x12,0xff,0x05,0xff,0x09,0x0f,0x0e,0xff,0x07,
  0xff,0x0d,0x0f,0x06,0xff,0x0b,0xff,0x12,0x0b,0xff,0x10,0xf9,0x40,0xfe,0x40,0x08,0x41,0x10,0x41,0x1c,0x41,0x2c,0x41,0x3a,
  0x41,0x41,0x41,0x4b,0x41,0x57,0x41,0x65,0x41,0x71,0x41,0x80,0x41,0x8d,0x41,0x9a,0x41,0xa5,0x41,0xb0,0x41,0xbb,0x41,0xc6,
  0x41,0xd0,0x41,0xdd,0x41,0xe9,0x41,0xf3,0x41,0xff,0x41,0x0a,0x42,0x17,0x42,0x24,0x42,0x34,0x42,0x41,0x42,0x4d,0x42,0x5a,
  0x42,0x63,0x42,0x6c,0x42,0x75,0x42,0x7d,0x42,0x86,0x42,0x8f,0x42,0x99,0x42,0xa2,0x42,0xab,0x42,0xb6,0x42,0xc0,0x42,0xc6,
  0x42,0xcc,0x42,0xd2,0x42,0xd8,0x42,0xde,0x42,0xff,0x22,0x40,0x71,0x81,0x61,0x80,0x72,0x40,0xff,0x04,0xff,0x20,0x70,0x6d,
  0x80,0x71,0xff,0x00,0xff,0x0f,0x40,0x70,0x81,0x60,0x80,0x70,0x40,0xf5,0x40,0x70,0x6f,0x05,0x71,0x40,0xfa,0xff,0x0d,0x70,
  0x69,0x70,0xf2,0x70,0x6f,0x0b,0x80,0x70,0x40,0xf6,0xff,0x0b,0x70,0x6c,0x80,0x40,0x80,0x6f,0x10,0x80,0x71,0xf2,0xff,0x09,
  0x70,0x6f,0x27,0x70,0xff,0x07,0x40,0x6f,0x28,0x80,0x70,0xff,0x05,0x40,0x80,0x6f,0x26,0x83,0x40,0xff,0x03,0x40,0x70,0x61,
  0xf9,0x69,0xf8,0x6f,0x05,0x80,0x90,0x85,0xf0,0xff,0x01,0x40,0x70,0x61,0xfd,0x65,0xf4,0x50,0x2c,0x55,0x80,0x93,0xb2,0x90,
  0x85,0xf0,0xff,0x00,0x70,0x61,0xff,0x01,0x60,0x56,0x20,0x1f,0x02,0x50,0x90,0xb8,0x85,0x70,0xf0,0xfd,0x70,0x61,0xff,0x01,
  0x51,0x20,0x1f,0x07,0x20,0x70,0x90,0xb9,0x90,0x85,0x70,0xf0,0xfc,0x70,0x83,0xfb,0x51,0x21,0x1f,0x07,0x20,0x50,0x90,0xbc,
  0x86,0xf1,0xfb,0x00,0x40,0x85,0x95,0x81,0x50,0x20,0x1f,0x07,0x20,0x50,0x70,0x90,0xbe,0x90,0x85,0x70,0xf1,0xf8,0x04,0x86,
  0x90,0xb7,0x91,0x70,0x50,0x22,0x18,0x21,0x51,0x70,0x91,0xb1,0xa3,0x90,0xba,0x90,0x86,0x70,0xf1,0xf4,0x08,0x70,0x86,0xbf,
  0x00,0x95,0xb8,0x90,0xa6,0xb9,0x87,0xf2,0x0e,0x87,0xbf,0x0d,0xa9,0xb7,0x82,0xf1,0x82,0x70,0xf2,0xf0,0x0d,0x70,0x87,0xbf,
  0x0b,0xab,0xb5,0x81,0xf3,0x82,0x40,0xf2,0xf0,0x0e,0x88,0xbf,0x08,0xae,0xb3,0x90,0xf4,0x82,0x70,0xf3,0xf1,0x0d,0x70,0x82,
  0xf0,0x84,0xba,0xaf,0x0c,0xb1,0x80,0xf4,0x83,0x40,0xf3,0xf2,0x0d,0x83,0xf0,0x84,0xb8,0xaf,0x07,0x83,0xa2,0xf6,0x82,0x70,
  0xf4,0xf3,0x0c,0x70,0xf1,0x80,0xf1,0x83,0xf0,0x90,0xb6,0xaa,0x80,0x60,0x52,0x21,0x19,0x20,0xf6,0x83,0xf5,0xf4,0x0c,0x70,
  0xf9,0x90,0xb4,0x90,0xa5,0x80,0x51,0x20,0x1f,0x00,0x20,0x50,0xf7,0x82,0x70,0xf5,0xf5,0x0c,0xfb,0x90,0xb2,0xa2,0x80,0x50,
  0x20,0x1f,0x04,0x50,0xf8,0x82,0x70,0xf6,0xf6,0x0b,0x40,0xfc,0x91,0x80,0x20,0x1f,0x06,0x20,0x60,0xf8,0x83,0xf7,0xf7,0x0b,
  0x70,0xfd,0x50,0x20,0x1f,0x03,0x20,0x50,0xfa,0x83,0x40,0xf7,0xf9,0x0a,0x70,0xff,0x00,0x51,0x20,0x1a,0x21,0x50,0x60,0xfb,
  0x83,0x40,0xf8,0xfa,0x0a,0x70,0xff,0x03,0x60,0x56,0x60,0xff,0x00,0x83,0x40,0xf9,0xfb,0x0a,0x70,0xff,0x1a,0x83,0x40,0xfa,
  0xfc,0x0a,0x40,0xff,0x18,0x83,0x40,0xfb,0xfe,0x09,0x40,0xff,0x15,0x83,0x70,0xfd,0xff,0x01,0x09,0x70,0xff,0x12,0x83,0x70,
  0xfe,0xff,0x02,0x09,0x40,0xff,0x0f,0x83,0x70,0xff,0x01,0xff,0x04,0x09,0x70,0xff,0x0b,0x83,0x70,0x40,0xff,0x02,0xff,0x07,
  0x08,0x71,0xff,0x06,0x83,0x70,0x40,0xff,0x04,0xff,0x09,0x08,0x40,0x70,0xff,0x00,0x85,0x70,0xff,0x07,0xff,0x0d,0x07,0x40,
  0x71,0xf7,0x85,0x71,0x40,0xff,0x09,0xff,0x12,0x07,0xf1,0x76,0x40,0xff,0x0e,0x41,0x43,0x4c,0x43,0x54,0x43,0x65,0x43,0x72,
  0x43,0x7e,0x43,0x84,0x43,0x8b,0x43,0x93,0x43,0xa1,0x43,0xb2,0x43,0xc3,0x43,0xd4,0x43,0xe2,0x43,0xf5,0x43,0x0b,0x44,0x18,
  0x44,0x23,0x44,0x30,0x44,0x3c,0x44,0x4b,0x44,0x59,0x44,0x6d,0x44,0x80,0x44,0x90,0x44,0x9e,0x44,0xac,0x44,0xbb,0x44,0xc8,
  0x44,0xd0,0x44,0xd8,0x44,0xe0,0x44,0xe9,0x44,0xf3,0x44,0xfe,0x44,0x09,0x45,0x14,0x45,0x1f,0x45,0xff,0x24,0x40,0x71,0x81,
  0x71,0x40,0xff,0x03,0xff,0x22,0x70,0x80,0x67,0x80,0x70,0x40,0xff,0x00,0xff,0x13,0x40,0x73,0x40,0xf7,0x80,0x6b,0x80,0x70,
  0xfe,0xff,0x11,0x70,0x80,0x65,0x80,0x70,0x40,0xf3,0x80,0x6e,0x80,0x40,0xfc,0xff,0x0f,0x70,0x80,0x6a,0x70,0x40,0xf0,0x80,
  0x6f,0x01,0x80,0x40,0xfb,0xff,0x0d,0x40,0x80,0x6d,0x80,0x70,0x6f,0x03,0x80,0x40,0xfa,0xff,0x0c,0x40,0x80,0x6f,0x15,0x80,
  0x40,0xf9,0xff,0x0b,0x40,0x80,0x6f,0x06,0x50,0x20,0x50,0x6d,0x80,0x40,0xf8,0xff,0x0b,0x80,0x6c,0x50,0x66,0x50,0x20,0x13,
  0x20,0x51,0x6a,0x80,0x70,0xf7,0xff,0x0a,0x70,0x6b,0x50,0x12,0x21,0x50,0x21,0x19,0x20,0x50,0x69,0x80,0x70,0xf6,0xff,0x09,
  0x40,0x80,0x6a,0x50,0x1f,0x06,0x20,0x50,0x67,0x80,0x40,0xf5,0xff,0x09,0x80,0x6a,0x20,0x1d,0x21,0x51,0x81,0x95,0x81,0x65,
  0x80,0x40,0xf4,0xff,0x08,0x70,0x69,0x50,0x20,0x15,0x21,0x51,0x81,0x9f,0x01,0x81,0x64,0x80,0x40,0xf3,0xff,0x07,0x40,0x80,
  0x68,0x50,0x21,0x51,0x81,0x9f,0x0b,0x80,0x64,0x80,0x40,0xf2,0xff,0x07,0x70,0x68,0x80,0x9f,0x14,0x80,0x63,0x80,0x40,0xf1,
  0xff,0x05,0x00,0x70,0xf7,0x80,0x9f,0x18,0x80,0x62,0x80,0xf1,0xff,0x03,0x02,0x80,0xf6,0x80,0x9f,0x1a,0x80,0x62,0x80,0xf0,
  0xff,0x02,0x02,0x70,0xf5,0x80,0x9f,0x1d,0x80,0x61,0x80,0x70,0xff,0x00,0x03,0x40,0x80,0xf4,0x80,0x9f,0x20,0x81,0x70,0xfd,
  0x05,0x70,0xf4,0x80,0x9f,0x20,0x82,0xf0,0xfb,0x06,0x40,0xf4,0x80,0x9f,0x20,0x82,0x70,0xf0,0xf8,0x09,0x80,0xf2,0x80,0x9f,
  0x21,0x83,0xf1,0xf4,0x0c,0x70,0xf2,0x80,0x9f,0x21,0x83,0x70,0xf1,0x0f,0x02,0x80,0xf1,0x80,0x9f,0x21,0x82,0xf0,0x80,0x40,
  0xf1,0xf0,0x0f,0x00,0x40,0x82,0x9f,0x21,0x81,0xf1,0x80,0x70,0xf2,0xf0,0x0f,0x01,0x70,0x82,0x9f,0x08,0xab,0x9a,0x80,0xf3,
  0x80,0xf3,0xf1,0x0f,0x01,0x83,0x9f,0x04,0xaf,0x02,0x96,0xf4,0x80,0x70,0xf3,0xf2,0x0f,0x01,0x83,0x9f,0x00,0xaf,0x08,0x92,
  0xf5,0x80,0xf4,0xf3,0x0f,0x00,0x40,0x84,0x9c,0xaf,0x0a,0xf6,0x80,0x40,0xf4,0xf4,0x0f,0x00,0x70,0xf5,0x98,0xaf,0x0a,0xf7,
  0x80,0x70,0xf5,0xf5,0x0f,0x00,0x70,0xf6,0x95,0xaf,0x09,0xf9,0x70,0xf6,0xf6,0x0f,0x00,0x70,0xf7,0x92,0xaf,0x08,0xff,0x04,
  0xf7,0x0f,0x00,0x70,0xf9,0xaf,0x05,0xff,0x07,0xf9,0x0e,0x70,0xfc,0x80,0xab,0xff,0x0b,0xfa,0x0e,0x70,0xff,0x24,0xfb,0x0f,
  0x00,0x80,0xff,0x22,0xfc,0x0f,0x00,0x70,0xff,0x21,0xfe,0x0e,0x40,0x70,0xff,0x1f,0xff,0x01,0x0e,0x70,0x80,0xff,0x0b,0x70,
  0x00,0xff,0x00,0xff,0x02,0x0f,0x00,0x70,0x80,0xff,0x07,0x70,0x00,0xff,0x02,0xff,0x04,0x0f,0x00,0x40,0x70,0xff,0x02,0x71,
  0x01,0xff,0x03,0xff,0x07,0x0f,0x00,0x40,0x71,0xf9,0x72,0x01,0xff,0x06,0xff,0x09,0x0f,0x04,0x41,0x70,0x41,0x04,0xff,0x08,
  0xff,0x0d,0x0f,0x06,0xff,0x0c,0xff,0x12,0x0b,0xff,0x11,0x73,0x45,0x7c,0x45,0x86,0x45,0x91,0x45,0x9f,0x45,0xad,0x45,0xb9,
  0x45,0xc2,0x45,0xcf,0x45,0xde,0x45,0xee,0x45,0xfc,0x45,0x0b,0x46,0x1c,0x46,0x2c,0x46,0x38,0x46,0x44,0x46,0x50,0x46,0x5c,
  0x46,0x67,0x46,0x70,0x46,0x7a,0x46,0x83,0x46,0x8d,0x46,0x99,0x46,0xa5,0x46,0xb2,0x46,0xbf,0x46,0xcb,0x46,0xd7,0x46,0xe3,
  0x46,0xee,0x46,0xf8,0x46,0x01,0x47,0x09,0x47,0x0e,0x47,0x14,0x47,0x1a,0x47,0x20,0x47,0x2b,0x47,0x37,0x47,0x43,0x47,0x4e,
  0x47,0x58,0x47,0x5e,0x47,0xff,0x31,0x40,0x74,0x40,0xff,0x07,0xff,0x2e,0x40,0x70,0x67,0x70,0xff,0x06,0xff,0x2c,0x40,0x80,
  0x6b,0x70,0xff,0x04,0xff,0x2b,0x70,0x6e,0x70,0xff,0x03,0xff,0x29,0x40,0x6f,0x03,0x40,0xff,0x01,0xff,0x28,0x70,0x6f,0x05,
  0x40,0xff,0x00,0xff,0x26,0x40,0x6f,0x08,0x40,0xfe,0xff,0x25,0x70,0x6f,0x0a,0x40,0xfd,0xff,0x18,0x41,0xf8,0x40,0x80,0x6f,
  0x0c,0x40,0xfc,0xff,0x14,0x71,0x65,0x71,0xf3,0x70,0x6f,0x0f,0x40,0xfb,0xff,0x12,0x70,0x6b,0x70,0x40,0x70,0x6f,0x10,0x80,
  0xfb,0xff,0x10,0x40,0x80,0x6f,0x21,0x70,0xfa,0xff,0x0f,0x40,0x6f,0x24,0x70,0xf9,0xff,0x0e,0x70,0x6f,0x0c,0x51,0x27,0x52,
  0x6c,0x40,0xf8,0xff,0x0d,0x70,0x6f,0x0a,0x50,0x20,0x1d,0x20,0x50,0x6b,0x40,0xf7,0xff,0x0c,0x70,0x6f,0x08,0x50,0x20,0x1f,
  0x04,0x20,0x50,0x68,0x80,0xf7,0xff,0x0b,0x40,0x6f,0x06,0x51,0x20,0x1f,0x06,0x20,0x91,0x80,0x67,0x70,0xf6,0xff,0x08,0x01,
  0x40,0x67,0x51,0x21,0x13,0x25,0x1f,0x09,0x20,0x90,0xb2,0x90,0x80,0x66,0x40,0xf5,0xff,0x05,0x04,0x80,0xf4,0x50,0x20,0x1f,
  0x17,0x20,0x90,0xb5,0x90,0x66,0xf5,0xff,0x03,0x05,0x70,0xf4,0x20,0x1f,0x17,0x20,0x70,0xb9,0x80,0x64,0x70,0xf4,0xff,0x02,
  0x06,0xf3,0x50,0x1f,0x17,0x20,0x70,0xbc,0x90,0x80,0x63,0x70,0xf3,0xff,0x00,0x07,0x70,0xf2,0x90,0xb0,0x20,0x1f,0x12,0x20,
  0x50,0x70,0x90,0xbf,0x01,0x90,0x63,0xf3,0xfd,0x09,0xf2,0x90,0xb1,0x90,0x20,0x1f,0x0b,0x20,0x55,0x21,0x50,0x70,0x90,0xbf,
  0x00,0x90,0x80,0x61,0x70,0xf2,0xfb,0x0a,0x70,0xf1,0x90,0xb4,0x50,0x1f,0x04,0x21,0x53,0x20,0x1a,0x20,0x70,0xbf,0x00,0x80,
  0x61,0x40,0xf1,0xf8,0x0d,0xf1,0x80,0xb6,0x90,0x20,0x1c,0x21,0x52,0x20,0x1f,0x03,0x20,0x70,0xbe,0x90,0x60,0x80,0xf1,0xf4,
  0x0f,0x01,0x70,0xf1,0xb9,0x80,0x20,0x15,0x20,0x52,0x20,0x1f,0x08,0x22,0x50,0x96,0x85,0x91,0x81,0x70,0xf0,0x0f,0x06,0x80,
  0xf0,0x90,0xbc,0x92,0x70,0x50,0x20,0x1f,0x03,0x22,0x52,0xf0,0x82,0xf1,0x8f,0x03,0xf0,0xf0,0x0f,0x04,0x40,0xf0,0x80,0xbe,
  0x70,0x20,0x1f,0x00,0x21,0x51,0xf0,0x88,0xf3,0x8f,0x02,0x70,0x40,0xf0,0x0f,0x04,0x70,0xf0,0x90,0xbc,0x90,0x20,0x1c,0x21,
  0x51,0x8c,0xf4,0x8f,0x01,0x70,0x40,0xf1,0xf1,0x0f,0x03,0x70,0x80,0xbd,0x20,0x19,0x21,0x50,0xf0,0x8a,0xf9,0x8e,0x70,0x40,
  0xf4,0xf2,0x0f,0x02,0xf0,0x90,0xbc,0x50,0x16,0x21,0x50,0x89,0xff,0x00,0x8b,0x71,0xf7,0xf3,0x0f,0x00,0x40,0x80,0xbc,0x70,
  0x14,0x20,0x50,0x60,0xf0,0x87,0xff,0x03,0x89,0x71,0xfa,0xf4,0x0e,0x70,0x90,0xbb,0x90,0x20,0x11,0x20,0x50,0x60,0xff,0x0f,
  0x86,0x70,0x40,0xfd,0xf5,0x0d,0x70,0xbc,0x50,0x20,0x50,0xff,0x12,0x83,0x71,0x40,0xff,0x01,0xf6,0x0c,0x70,0xbb,0x90,0xff,
  0x14,0x81,0x70,0x40,0xff,0x05,0xf7,0x0b,0x70,0xb8,0x90,0xff,0x15,0x70,0x40,0xff,0x09,0xf9,0x09,0x90,0xb5,0x90,0xff,0x13,
  0x71,0x40,0x02,0xff,0x0a,0xfa,0x07,0x40,0xb4,0x90,0xff,0x10,0x72,0x06,0xff,0x0b,0xfb,0x06,0x70,0xb1,0x91,0xff,0x0c,0x73,
  0x0a,0xff,0x0c,0xfc,0x05,0x70,0x90,0xff,0x08,0x73,0x40,0x0f,0x00,0xff,0x0d,0xfe,0x03,0x70,0xfe,0x75,0x40,0x0f,0x06,0xff,
  0x0f,0xff,0x01,0x02,0x74,0x44,0x0f,0x11,0xff,0x10,0xff,0x02,0x0f,0x1b,0xff,0x12,0xff,0x04,0x0f,0x18,0xff,0x13,0xff,0x07,
  0x0f,0x12,0xff,0x16,0xff,0x09,0x0f,0x0e,0xff,0x18,0xff,0x0d,0x0f,0x06,0xff,0x1c,0xff,0x12,0x0b,0xff,0x21,0xbd,0x47,0xc4,
  0x47,0xcc,0x47,0xd4,0x47,0xdb,0x47,0xe3,0x47,0xeb,0x47,0xf2,0x47,0xf9,0x47,0x03,0x48,0x0e,0x48,0x19,0x48,0x21,0x48,0x28,
  0x48,0x33,0x48,0x40,0x48,0x4e,0x48,0x5d,0x48,0x70,0x48,0x7f,0x48,0x8e,0x48,0x9d,0x48,0xb0,0x48,0xc6,0x48,0xdb,0x48,0xef,
  0x48,0x05,0x49,0x19,0x49,0x2d,0x49,0x40,0x49,0x51,0x49,0x61,0x49,0x73,0x49,0x84,0x49,0x92,0x49,0x9e,0x49,0xa9,0x49,0xb5,
  0x49,0xc0,0x49,0xcb,0x49,0xd7,0x49,0xe1,0x49,0xea,0x49,0xf0,0x49,0xf6,0x49,0xfc,0x49,0x02,0x4a,0x08,0x4a,0xff,0x30,0x72,
  0x80,0x62,0x80,0x71,0x40,0xff,0x01,0xff,0x2c,0x40,0x70,0x80,0x6c,0x70,0x40,0xfd,0xff,0x2a,0x70,0x80,0x6f,0x02,0x80,0x40,
  0xfb,0xff,0x28,0x70,0x6f,0x07,0x70,0xfa,0xff,0x26,0x70,0x6f,0x0b,0x40,0xf8,0xff,0x24,0x40,0x80,0x6f,0x0d,0x40,0xf7,0xff,
  0x23,0x70,0x6f,0x10,0x40,0xf6,0xff,0x22,0x70,0x6f,0x12,0x40,0xf5,0xff,0x20,0x40,0x6f,0x01,0x51,0x29,0x50,0x80,0x64,0x80,
  0xf5,0xff,0x1f,0x40,0x6e,0x51,0x2c,0x50,0xb0,0x90,0x80,0x63,0x70,0xf4,0xff,0x1e,0x40,0x6d,0x50,0x2f,0x00,0x70,0xb2,0x90,
  0x80,0x62,0x40,0xf3,0xff,0x1d,0x40,0x6c,0x50,0x2f,0x02,0x70,0xb4,0x80,0x61,0x70,0xf3,0xff,0x0d,0x40,0x77,0x40,0xf5,0x80,
  0x6b,0x50,0x2f,0x03,0x70,0xb5,0x90,0x61,0x40,0xf2,0xff,0x0a,0x40,0x70,0x6b,0x70,0x40,0xf1,0x70,0x6b,0x2f,0x05,0x90,0xb6,
  0x90,0x60,0x70,0xf2,0xff,0x08,0x70,0x6f,0x02,0x70,0x6b,0x2f,0x06,0xb8,0x81,0xf2,0xff,0x06,0x40,0x6f,0x10,0x2f,0x06,0x70,
  0xb8,0x90,0x80,0x70,0xf1,0xff,0x05,0x70,0x6f,0x10,0x2f,0x07,0x90,0xb8,0x90,0x80,0x70,0xf1,0xff,0x03,0x40,0x80,0x6f,0x10,
  0x2f,0x07,0x50,0xb9,0x90,0x81,0xf1,0xff,0x02,0x40,0x6f,0x11,0x50,0x2f,0x07,0x90,0xb9,0x82,0x40,0xf0,0xff,0x01,0x40,0x6f,
  0x11,0x50,0x2f,0x07,0x50,0xba,0x82,0x70,0xf0,0xff,0x00,0x40,0x6f,0x11,0x50,0x2f,0x08,0xbb,0x82,0x70,0xf0,0xff,0x00,0x80,
  0x6f,0x10,0x2f,0x09,0xbb,0x90,0x83,0xf0,0xfe,0x70,0x6c,0x54,0x24,0x51,0x64,0x51,0x2f,0x08,0x70,0xbc,0x90,0x83,0xf0,0xfd,
  0x40,0x67,0x51,0x2f,0x1d,0x50,0x90,0xbd,0x84,0x40,0xfd,0x80,0x64,0x50,0x2f,0x1f,0x50,0x90,0xbf,0x00,0x84,0x40,0xfc,0x40,
  0x63,0x50,0x2f,0x1f,0x70,0xbf,0x02,0x90,0x84,0x70,0xfc,0x80,0x62,0x80,0x2f,0x1d,0x70,0x90,0xbf,0x04,0x90,0x84,0x70,0xfb,
  0x40,0x62,0x80,0xb0,0x90,0x2f,0x19,0x70,0x90,0xbf,0x07,0x85,0x70,0xfb,0x70,0x62,0xb2,0x50,0x2f,0x14,0x50,0x70,0x90,0xbf,
  0x0a,0x85,0x70,0xfb,0x80,0x61,0x90,0xb3,0x2f,0x11,0x70,0x90,0xbf,0x0d,0x90,0x85,0x70,0xfb,0x80,0x61,0xb5,0x2f,0x0c,0x50,
  0x70,0x90,0xbf,0x10,0x86,0x70,0xfb,0x60,0xf0,0x80,0xb5,0x90,0x50,0x2f,0x06,0x50,0x70,0x90,0xbf,0x14,0x86,0x70,0xf8,0x01,
  0x40,0xf1,0x90,0xb7,0x70,0x2f,0x01,0x50,0x70,0x90,0xbf,0x17,0x90,0x86,0x40,0xf4,0x05,0x40,0xf1,0xb9,0x90,0x50,0x29,0x50,
  0x71,0x90,0xbf,0x1b,0x87,0xf0,0x0b,0xf1,0xbc,0x90,0x74,0x90,0xbf,0x20,0x90,0x87,0xf0,0xf0,0x0a,0x81,0xbf,0x34,0x87,0x70,
  0xf0,0xf0,0x0a,0x81,0xbf,0x33,0x90,0x87,0x70,0xf0,0xf1,0x09,0x70,0x80,0x90,0xbf,0x32,0x88,0x70,0xf0,0xf2,0x09,0x81,0xbf,
  0x31,0x90,0x88,0xf1,0xf3,0x08,0x70,0xf1,0xbf,0x30,0x89,0xf1,0xf4,0x07,0x70,0xf2,0xbf,0x2e,0x89,0x70,0xf1,0xf5,0x07,0xf3,
  0xbf,0x25,0x90,0xa6,0x89,0x40,0xf1,0xf6,0x06,0x70,0xf3,0xbf,0x1f,0x90,0xaa,0x89,0x70,0xf2,0xf7,0x06,0xf4,0xbf,0x1c,0xac,
  0x8a,0x70,0xf2,0xf9,0x04,0x70,0xf4,0xbf,0x18,0x90,0xad,0x8b,0xf3,0xfa,0x04,0xf5,0x90,0xbf,0x14,0x90,0xae,0x8b,0x70,0xf3,
  0xfb,0x03,0x40,0xf5,0x90,0xbf,0x0f,0xaf,0x03,0x8c,0xf4,0xfc,0x03,0x70,0xf6,0xbf,0x0a,0x90,0xaf,0x05,0x8c,0x70,0xf4,0xfe,
  0x02,0xf7,0x90,0xbf,0x05,0x90,0xaf,0x07,0x8d,0xf5,0xff,0x01,0x00,0x40,0xf8,0xbf,0x02,0xaf,0x09,0x8d,0x40,0xf5,0xff,0x02,
  0x00,0xf9,0x90,0xbd,0xaf,0x09,0x8e,0x70,0xf6,0xff,0x04,0x70,0x80,0xf8,0x90,0xb9,0xaf,0x09,0x90,0x8e,0x70,0xf7,0xff,0x05,
  0x70,0x81,0xf9,0x90,0xb4,0xaf,0x09,0x90,0x8f,0x01,0x40,0xf7,0xff,0x06,0x70,0x84,0xf7,0x92,0xaf,0x08,0x8f,0x03,0x40,0xf8,
  0xff,0x07,0x70,0x87,0xf7,0xaf,0x03,0x90,0x8f,0x05,0x70,0xf9,0xff,0x08,0x70,0x8f,0x06,0xa5,0x91,0x8f,0x09,0x70,0xfa,0xff,
  0x09,0x70,0x8f,0x25,0x70,0xfb,0xff,0x0a,0x40,0x8f,0x23,0x40,0xfc,0xff,0x0c,0x70,0x8f,0x20,0x40,0xfd,0xff,0x0d,0x70,0x8f,
  0x1d,0x70,0xff,0x00,0xff,0x0f,0x70,0x8f,0x1a,0x40,0xff,0x01,0xff,0x10,0x40,0x70,0x8f,0x16,0x70,0xff,0x03,0xff,0x12,0x40,
  0x70,0x8f,0x12,0x70,0xff,0x05,0xff,0x15,0x71,0x8f,0x0c,0x71,0xff,0x07,0xff,0x18,0x71,0x8f,0x06,0x71,0xff,0x0a,0xff,0x1c,
  0x40,0x72,0x8a,0x72,0x40,0xff,0x0d,0xff,0x24,0x42,0xff,0x15,0x6d,0x4a,0x77,0x4a,0x80,0x4a,0x89,0x4a,0x90,0x4a,0x97,0x4a,
  0x9f,0x4a,0xa6,0x4a,0xad,0x4a,0xb9,0x4a,0xc6,0x4a,0xd4,0x4a,0xe1,0x4a,0xf2,0x4a,0x04,0x4b,0x10,0x4b,0x1d,0x4b,0x2a,0x4b,
  0x37,0x4b,0x44,0x4b,0x51,0x4b,0x5d,0x4b,0x68,0x4b,0x77,0x4b,0x82,0x4b,0x8e,0x4b,0x9a,0x4b,0xa7,0x4b,0xb5,0x4b,0xc3,0x4b,
  0xd1,0x4b,0xde,0x4b,0xee,0x4b,0xff,0x4b,0x0e,0x4c,0x19,0x4c,0x21,0x4c,0x2a,0x4c,0x34,0x4c,0x3c,0x4c,0x44,0x4c,0x4d,0x4c,
  0x57,0x4c,0x62,0x4c,0x6b,0x4c,0x75,0x4c,0x80,0x4c,0x8b,0x4c,0x97,0x4c,0xa2,0x4c,0xae,0x4c,0xb9,0x4c,0xc6,0x4c,0xd4,0x4c,
  0xe0,0x4c,0xec,0x4c,0xf7,0x4c,0xfe,0x4c,0x05,0x4d,0x0c,0x4d,0x14,0x4d,0x1c,0x4d,0x25,0x4d,0x2e,0x4d,0x36,0x4d,0x3e,0x4d,
  0x47,0x4d,0xff,0x26,0x41,0xff,0x0a,0xff,0x21,0x40,0x70,0x80,0x64,0x80,0x70,0x40,0xff,0x06,0xff,0x12,0x40,0x73,0x40,0xf6,
  0x40,0x70,0x6a,0x70,0x40,0xff,0x04,0xff,0x10,0x40,0x80,0x65,0x80,0x40,0xf2,0x40,0x80,0x6e,0x70,0xff,0x03,0xff,0x0f,0x70,
  0x69,0x70,0xf0,0x70,0x6f,0x03,0x40,0xff,0x01,0xff,0x0e,0x70,0x6f,0x12,0x70,0xff,0x00,0xff,0x0d,0x70,0x6f,0x14,0x80,0x40,
  0xfd,0xff,0x0c,0x40,0x6f,0x17,0x40,0xfc,0xff,0x0b,0x40,0x6f,0x19,0x70,0xfb,0xff,0x0b,0x80,0x6f,0x04,0x50,0x21,0x16,0x21,
  0x51,0x67,0x70,0xfa,0xff,0x0a,0x70,0x6a,0x50,0x67,0x50,0x1d,0x20,0x51,0x65,0x70,0xf9,0xff,0x09,0x40,0x67,0x50,0x21,0x11,
  0x20,0x50,0x63,0x50,0x20,0x1f,0x02,0x50,0x65,0x70,0xf8,0xff,0x09,0x65,0x50,0x20,0x18,0x21,0x1f,0x02,0x50,0x70,0x90,0xb1,
  0x90,0x80,0x63,0x40,0xf7,0xff,0x08,0x70,0x63,0x50,0x20,0x1f,0x0b,0x20,0x50,0x80,0xb7,0x80,0x63,0x40,0xf6,0xff,0x07,0x40,
  0x63,0x50,0x1f,0x09,0x20,0x50,0x80,0x90,0xbb,0x90,0x63,0x40,0xf5,0xff,0x07,0x70,0x62,0x20,0x1f,0x04,0x20,0x50,0x70,0x80,
  0x90,0xbf,0x02,0x90,0x80,0x61,0x80,0xf5,0xff,0x07,0x62,0x90,0xb0,0x92,0x80,0x7a,0x80,0x92,0xbf,0x0a,0x80,0x61,0x70,0xf4,
  0xff,0x06,0x70,0x61,0x80,0xbf,0x20,0x80,0x61,0x40,0xf3,0xff,0x06,0x61,0x80,0xbf,0x22,0x61,0x80,0xf3,0xff,0x05,0x40,0x61,
  0x90,0xbf,0x22,0x90,0x61,0x70,0xf2,0xff,0x05,0x70,0x60,0x80,0xbf,0x24,0x90,0x61,0x40,0xf1,0xff,0x05,0x61,0x90,0xbf,0x25,
  0x80,0x60,0x70,0xf1,0xff,0x04,0x40,0x60,0x80,0xbf,0x26,0x90,0x61,0x40,0xf0,0xff,0x03,0x00,0xf1,0x80,0xbf,0x27,0x80,0x60,
  0x70,0xf0,0xff,0x02,0x01,0x70,0xf0,0x90,0xbf,0x28,0x61,0xf0,0xff,0x00,0x03,0xf1,0xbf,0x29,0x90,0x60,0x70,0xfd,0x05,0xf1,
  0xbf,0x29,0x81,0x70,0xfb,0x06,0x40,0xf0,0x80,0xbf,0x28,0x90,0x81,0x70,0xf8,0x09,0x70,0xf0,0x80,0xbf,0x28,0x82,0x70,0xf4,
  0x0d,0x70,0xf0,0x80,0xbf,0x27,0x90,0x82,0x70,0x0f,0x03,0x70,0xf0,0x80,0xbf,0x27,0x83,0x40,0xf0,0x0f,0x02,0x70,0xf0,0x80,
  0xbf,0x26,0x84,0xf0,0xf0,0x0f,0x02,0x70,0x81,0xbf,0x25,0x90,0x83,0x70,0xf0,0xf1,0x0f,0x01,0x70,0x81,0x90,0xbf,0x23,0x90,
  0x84,0x70,0xf0,0xf2,0x0f,0x00,0x40,0x81,0x90,0xbf,0x23,0x85,0xf1,0xf3,0x0f,0x00,0x70,0x81,0xbf,0x22,0x85,0x70,0xf1,0xf4,
  0x0e,0x40,0xf1,0x90,0xbf,0x20,0x90,0x85,0x70,0xf1,0xf5,0x0e,0xf2,0x90,0xbf,0x1e,0x90,0x86,0xf2,0xf6,0x0d,0x70,0xf2,0xbf,
  0x1d,0x90,0x86,0x70,0xf2,0xf7,0x0d,0xf2,0x90,0xbf,0x1b,0x90,0x87,0x40,0xf2,0xf9,0x0b,0x70,0xf2,0x90,0xbf,0x19,0x90,0x87,
  0x70,0xf3,0xfa,0x0b,0x70,0xf2,0x90,0xbf,0x17,0x90,0x88,0x40,0xf3,0xfb,0x0a,0x40,0xf3,0x90,0xbf,0x04,0x90,0xab,0x90,0xb2,
  0x90,0x88,0x70,0xf4,0xfc,0x0a,0x70,0xf3,0x90,0xbf,0x00,0x90,0xaf,0x02,0x90,0x89,0x40,0xf4,0xfe,0x09,0xf4,0x90,0xbc,0x90,
  0xaf,0x03,0x8a,0x70,0xf5,0xff,0x01,0x07,0x40,0xf4,0x90,0xba,0xaf,0x04,0x8b,0xf6,0xff,0x02,0x07,0x70,0xf5,0x90,0xb6,0x90,
  0xaf,0x04,0x8b,0x40,0xf6,0xff,0x04,0x06,0x70,0xf6,0x90,0xb3,0xaf,0x04,0x8c,0x70,0xf7,0xff,0x07,0x04,0x70,0xf7,0x90,0xb0,
  0xaf,0x03,0x8d,0x70,0xf8,0xff,0x09,0x03,0x70,0xfa,0xad,0x8f,0x01,0xf9,0xff,0x0d,0x00,0xf0,0x80,0xfe,0x8f,0x08,0x40,0xf9,
  0xff,0x0f,0x70,0x8f,0x16,0x40,0xfa,0xff,0x10,0x70,0x8f,0x14,0x40,0xfb,0xff,0x11,0x40,0x8f,0x11,0x70,0xfd,0xff,0x12,0x40,
  0x70,0x8f,0x0e,0x70,0xfe,0xff,0x14,0x70,0x8f,0x0c,0x40,0xff,0x00,0xff,0x16,0x70,0x8f,0x08,0x70,0xff,0x02,0xff,0x18,0x70,
  0x8f,0x04,0x70,0xff,0x04,0xff,0x1a,0x40,0x71,0x8c,0x70,0x40,0xff,0x06,0xff,0x1e,0x40,0x77,0x40,0xff,0x0a,0xd2,0x4d,0xd7,
  0x4d,0xe2,0x4d,0xef,0x4d,0xfd,0x4d,0x09,0x4e,0x11,0x4e,0x19,0x4e,0x20,0x4e,0x27,0x4e,0x34,0x4e,0x41,0x4e,0x53,0x4e,0x65,
  0x4e,0x75,0x4e,0x85,0x4e,0x98,0x4e,0xa8,0x4e,0xb3,0x4e,0xbc,0x4e,0xc7,0x4e,0xd2,0x4e,0xdc,0x4e,0xe7,0x4e,0xf2,0x4e,0xfc,
  0x4e,0x05,0x4f,0x0c,0x4f,0x16,0x4f,0x1f,0x4f,0x29,0x4f,0x32,0x4f,0x3c,0x4f,0x47,0x4f,0x53,0x4f,0x5d,0x4f,0x67,0x4f,0x72,
  0x4f,0x7b,0x4f,0x85,0x4f,0x8f,0x4f,0x9a,0x4f,0xa5,0x4f,0xb4,0x4f,0xc2,0x4f,0xcd,0x4f,0xd8,0x4f,0xe5,0x4f,0xf1,0x4f,0xfd,
  0x4f,0x06,0x50,0x10,0x50,0x17,0x50,0x1e,0x50,0x25,0x50,0x2d,0x50,0x35,0x50,0x3d,0x50,0x45,0x50,0x4e,0x50,0xff,0x25,0x40,
  0x72,0x80,0x63,0x80,0x72,0xff,0x08,0xff,0x22,0x40,0x70,0x6e,0x80,0x70,0xff,0x05,0xff,0x20,0x40,0x70,0x6f,0x04,0x70,0x40,
  0xff,0x02,0xff,0x1f,0x70,0x6f,0x08,0x70,0xff,0x01,0xff,0x10,0x40,0x71,0x82,0x71,0x40,0xf4,0x70,0x6f,0x0b,0x40,0xfe,0xff,
  0x0e,0x40,0x80,0x69,0x70,0xf1,0x80,0x6f,0x0d,0x70,0xfd,0xff,0x0d,0x70,0x6f,0x1e,0x70,0xfc,0xff,0x0b,0x40,0x6f,0x22,0x40,
  0xfa,0xff,0x0a,0x70,0x6f,0x24,0x40,0xf9,0xff,0x09,0x70,0x6f,0x0c,0x8d,0x6b,0x40,0xf8,0xff,0x08,0x70,0x6f,0x0a,0x8f,0x03,
  0x6a,0x40,0xf7,0xff,0x07,0x40,0x6f,0x08,0x8f,0x09,0x68,0x40,0xf6,0xff,0x06,0x40,0x69,0x86,0x64,0x8f,0x0e,0x66,0x80,0xf6,
  0xff,0x05,0x00,0x80,0xf5,0x8f,0x1f,0x66,0x70,0xf5,0xff,0x03,0x01,0x70,0xf4,0x8f,0x23,0x65,0x70,0xf4,0xff,0x02,0x01,0x40,
  0xf6,0x8f,0x01,0xf4,0x8f,0x0e,0x64,0x40,0xf3,0xff,0x00,0x03,0x70,0xfb,0x89,0xf1,0x8f,0x14,0x64,0xf3,0xfd,0x04,0x40,0xfd,
  0x8f,0x21,0x62,0x70,0xf2,0xfb,0x06,0x70,0xf1,0x80,0xfb,0x8f,0x21,0x62,0x70,0xf1,0xf8,0x08,0x40,0xf1,0x80,0xfa,0x88,0x71,
  0x40,0x0a,0x41,0x75,0x8f,0x06,0x61,0x40,0xf0,0xf4,0x0c,0x70,0xf1,0x80,0xf7,0x87,0x71,0x0f,0x0b,0x40,0xf6,0x8b,0x60,0x70,
  0xf0,0x0f,0x02,0xf1,0x80,0xf7,0x85,0x71,0x0f,0x17,0x40,0x73,0x86,0x60,0x40,0xf0,0x0f,0x00,0x40,0xf0,0x81,0xf5,0x85,0x70,
  0x40,0x0f,0x18,0xf8,0x40,0x72,0x80,0x70,0xf0,0x0f,0x00,0x70,0xf0,0x80,0xf4,0x85,0x70,0x40,0x0f,0x1a,0xfe,0xf1,0x0e,0xf0,
  0x81,0xf3,0x85,0x40,0x0f,0x1b,0xff,0x00,0xf2,0x0c,0x40,0xf0,0x81,0xf2,0x84,0x70,0x0f,0x1d,0xff,0x00,0xf3,0x0b,0x70,0xf4,
  0x83,0x70,0x40,0x0f,0x1d,0xff,0x01,0xf4,0x0a,0x70,0xf7,0x70,0x0f,0x1e,0xff,0x02,0xf5,0x09,0x80,0xf6,0x40,0x0f,0x1f,0xff,
  0x02,0xf6,0x08,0xf6,0x0f,0x20,0xff,0x03,0xf7,0x07,0xf4,0x70,0x0f,0x20,0xff,0x04,0xf9,0x04,0x70,0xf3,0x70,0x0f,0x20,0xff,
  0x05,0xfa,0x03,0x70,0xf2,0x70,0x0f,0x20,0xff,0x06,0xfb,0x02,0x70,0xf1,0x70,0x0f,0x20,0xff,0x07,0xfc,0x01,0x70,0xf0,0x70,
  0x0f,0x20,0xff,0x08,0xfe,0x80,0x70,0x0f,0x1f,0xff,0x0a,0xfe,0x40,0xf0,0x0f,0x1e,0xff,0x0b,0xff,0x02,0x0f,0x1b,0xff,0x0d,
  0xff,0x04,0x0f,0x18,0xff,0x0e,0xff,0x07,0x0f,0x12,0xff,0x11,0xff,0x09,0x0f,0x0e,0xff,0x13,0xff,0x0d,0x0f,0x06,0xff,0x17,
  0xff,0x12,0x0b,0xff,0x1c,0xcd,0x50,0xd7,0x50,0xe0,0x50,0xea,0x50,0xf2,0x50,0xff,0x50,0x0b,0x51,0x12,0x51,0x19,0x51,0x20,
  0x51,0x29,0x51,0x33,0x51,0x3d,0x51,0x48,0x51,0x52,0x51,0x5c,0x51,0x69,0x51,0x74,0x51,0x7d,0x51,0x88,0x51,0x99,0x51,0xa9,
  0x51,0xb7,0x51,0xc8,0x51,0xd5,0x51,0xe0,0x51,0xec,0x51,0xf7,0x51,0x00,0x52,0x09,0x52,0x10,0x52,0x18,0x52,0x21,0x52,0x2a,
  0x52,0x33,0x52,0x3c,0x52,0x43,0x52,0x4a,0x52,0x50,0x52,0x56,0x52,0x5c,0x52,0x62,0x52,0x68,0x52,
};

static const ColorFace CORI_FACE = {
  CORI_FACE_BLOB, CORI_FACE_LUT, 0x5670, 140,
  { 0, 0, 320, 240, 2870, 0 },
  {
    { 0, 0, 0, 0, 0, 0 },  // OPEN
    { 82, 59, 155, 41, 4172, 0 },  // B2
    { 82, 62, 155, 39, 5003, 0 },  // B3
    { 82, 57, 155, 65, 5840, 0 },  // B4
    { 82, 62, 155, 49, 6761, 0 },  // B5
    { 82, 62, 155, 64, 7754, 0 },  // B6
    { 71, 37, 179, 52, 8653, 0 },  // T_ENOJADA
    { 16, 37, 290, 103, 10577, 0 },  // T_FELIZ
    { 66, 25, 189, 51, 11422, 0 },  // T_SORPRESA
    { 71, 37, 181, 46, 12212, 0 },  // T_TRISTE
    { 82, 62, 155, 39, 5003, 0 },  // T_FRUSTRADO
  },
  {
    { 0, 0, 0, 0, 0, 0 },  // OPEN
    { 0, 0, 0, 0, 0, 0 },  // B2
    { 0, 0, 0, 0, 0, 0 },  // B3
    { 0, 0, 0, 0, 0, 0 },  // B4
    { 0, 0, 0, 0, 0, 0 },  // B5
    { 0, 0, 0, 0, 0, 0 },  // B6
    { 0, 0, 0, 0, 0, 0 },  // T_ENOJADA (X_ENOJADA)
    { 22, 140, 278, 32, 12520, 0 },  // T_FELIZ (X_FELIZ)
    { 0, 0, 0, 0, 0, 0 },  // T_SORPRESA (X_SORPRESA)
    { 0, 0, 0, 0, 0, 0 },  // T_TRISTE (X_TRISTE)
    { 0, 0, 0, 0, 0, 0 },  // T_FRUSTRADO
  },
  {
    { 0, 0, 0, 0, 0, 0 },  // REST
    { 125, 164, 76, 43, 13123, 0 },  // V_AEI
    { 125, 168, 81, 36, 13536, 0 },  // V_BMP
    { 125, 157, 86, 47, 14182, 0 },  // V_CDG
    { 125, 165, 84, 41, 14789, 0 },  // V_CHJ
    { 125, 162, 81, 42, 15249, 0 },  // V_F
    { 125, 162, 88, 43, 15885, 0 },  // V_L
    { 125, 154, 79, 50, 16533, 0 },  // V_O
    { 125, 157, 78, 47, 17123, 0 },  // V_QW
    { 125, 166, 82, 38, 17703, 0 },  // V_R
    { 125, 159, 79, 45, 18275, 0 },  // V_U
    { 125, 156, 95, 48, 18957, 0 },  // M_ENOJADA
    { 125, 148, 92, 67, 19788, 0 },  // M_FELIZ
    { 125, 152, 82, 60, 20565, 0 },  // M_SORPRESA
    { 125, 161, 90, 43, 21101, 0 },  // M_TRISTE
  },
};
